

================================================================
== Vitis HLS Report for 'aes_top'
================================================================
* Date:           Sat Jul 12 15:32:21 2025

* Version:        2020.2 (Build 3064766 on Wed Nov 18 09:12:47 MST 2020)
* Project:        aes
* Solution:       solution1 (Vivado IP Flow Target)
* Product family: zynq
* Target device:  xc7z020-clg484-1


================================================================
== Performance Estimates
================================================================
+ Timing: 
    * Summary: 
    +--------+---------+----------+------------+
    |  Clock |  Target | Estimated| Uncertainty|
    +--------+---------+----------+------------+
    |ap_clk  |  2.00 ns|  3.770 ns|     0.54 ns|
    +--------+---------+----------+------------+

+ Latency: 
    * Summary: 
    +---------+---------+----------+----------+------+------+---------+
    |  Latency (cycles) |  Latency (absolute) |   Interval  | Pipeline|
    |   min   |   max   |    min   |    max   |  min |  max |   Type  |
    +---------+---------+----------+----------+------+------+---------+
    |     1093|     1093|  4.121 us|  4.121 us|  1094|  1094|     none|
    +---------+---------+----------+----------+------+------+---------+

    + Detail: 
        * Instance: 
        +-----------------------------+------------------+---------+---------+----------+----------+-----+-----+---------+
        |                             |                  |  Latency (cycles) |  Latency (absolute) |  Interval | Pipeline|
        |           Instance          |      Module      |   min   |   max   |    min   |    max   | min | max |   Type  |
        +-----------------------------+------------------+---------+---------+----------+----------+-----+-----+---------+
        |grp_aes_expandEncKey_fu_892  |aes_expandEncKey  |       34|       34|  0.128 us|  0.128 us|   32|   32|      yes|
        +-----------------------------+------------------+---------+---------+----------+----------+-----+-----+---------+

        * Loop: 
        +----------+---------+---------+----------+-----------+-----------+------+----------+
        |          |  Latency (cycles) | Iteration|  Initiation Interval  | Trip |          |
        | Loop Name|   min   |   max   |  Latency |  achieved |   target  | Count| Pipelined|
        +----------+---------+---------+----------+-----------+-----------+------+----------+
        |- ecb1    |       67|       67|         6|          2|          1|    32|       yes|
        |- ecb2    |      245|      245|        36|         35|          1|     7|       yes|
        |- cpkey   |       81|       81|         7|          5|          1|    16|       yes|
        |- ecb3    |      602|      602|        51|         46|          1|    13|       yes|
        |- sub     |       25|       25|        11|          1|          1|    16|       yes|
        |- addkey  |       22|       22|         8|          1|          1|    16|       yes|
        +----------+---------+---------+----------+-----------+-----------+------+----------+



================================================================
== Utilization Estimates
================================================================
* Summary: 
+-----------------+---------+-----+--------+-------+-----+
|       Name      | BRAM_18K| DSP |   FF   |  LUT  | URAM|
+-----------------+---------+-----+--------+-------+-----+
|DSP              |        -|    -|       -|      -|    -|
|Expression       |        -|    -|       0|   1001|    -|
|FIFO             |        -|    -|       -|      -|    -|
|Instance         |        1|    -|    2079|   1340|    -|
|Memory           |        1|    -|      16|      0|    -|
|Multiplexer      |        -|    -|       -|   1943|    -|
|Register         |        -|    -|    1380|     96|    -|
+-----------------+---------+-----+--------+-------+-----+
|Total            |        2|    0|    3475|   4380|    0|
+-----------------+---------+-----+--------+-------+-----+
|Available        |      280|  220|  106400|  53200|    0|
+-----------------+---------+-----+--------+-------+-----+
|Utilization (%)  |       ~0|    0|       3|      8|    0|
+-----------------+---------+-----+--------+-------+-----+

+ Detail: 
    * Instance: 
    +-----------------------------+-------------------+---------+----+------+------+-----+
    |           Instance          |       Module      | BRAM_18K| DSP|  FF  |  LUT | URAM|
    +-----------------------------+-------------------+---------+----+------+------+-----+
    |add_3ns_3s_3_2_1_U38         |add_3ns_3s_3_2_1   |        0|   0|    17|     7|    0|
    |add_4ns_4ns_4_2_1_U40        |add_4ns_4ns_4_2_1  |        0|   0|    22|     8|    0|
    |add_4ns_4s_4_2_1_U39         |add_4ns_4s_4_2_1   |        0|   0|    22|     8|    0|
    |add_4ns_4s_4_2_1_U41         |add_4ns_4s_4_2_1   |        0|   0|    22|     8|    0|
    |add_4ns_4s_4_2_1_U42         |add_4ns_4s_4_2_1   |        0|   0|    22|     8|    0|
    |add_6ns_6ns_6_2_1_U37        |add_6ns_6ns_6_2_1  |        0|   0|    31|    10|    0|
    |grp_aes_expandEncKey_fu_892  |aes_expandEncKey   |        1|   0|  1943|  1291|    0|
    +-----------------------------+-------------------+---------+----+------+------+-----+
    |Total                        |                   |        1|   0|  2079|  1340|    0|
    +-----------------------------+-------------------+---------+----+------+------+-----+

    * DSP: 
    N/A

    * Memory: 
    +--------+-----------------------+---------+----+----+-----+------+-----+------+-------------+
    | Memory |         Module        | BRAM_18K| FF | LUT| URAM| Words| Bits| Banks| W*Bits*Banks|
    +--------+-----------------------+---------+----+----+-----+------+-----+------+-------------+
    |sbox_U  |aes_expandEncKey_sbox  |        1|  16|   0|    0|   256|    8|     1|         2048|
    +--------+-----------------------+---------+----+----+-----+------+-----+------+-------------+
    |Total   |                       |        1|  16|   0|    0|   256|    8|     1|         2048|
    +--------+-----------------------+---------+----+----+-----+------+-----+------+-------------+

    * FIFO: 
    N/A

    * Expression: 
    +-----------------------------------------+----------+----+---+----+------------+------------+
    |              Variable Name              | Operation| DSP| FF| LUT| Bitwidth P0| Bitwidth P1|
    +-----------------------------------------+----------+----+---+----+------------+------------+
    |ap_condition_4516                        |       and|   0|  0|   2|           1|           1|
    |ap_condition_4520                        |       and|   0|  0|   2|           1|           1|
    |ap_predicate_op346_call_state55_state54  |       and|   0|  0|   2|           1|           1|
    |icmp_ln253_fu_2078_p2                    |      icmp|   0|  0|   9|           4|           1|
    |icmp_ln261_fu_2101_p2                    |      icmp|   0|  0|   9|           4|           1|
    |icmp_ln269_fu_1126_p2                    |      icmp|   0|  0|   9|           4|           1|
    |icmp_ln329_fu_1036_p2                    |      icmp|   0|  0|  10|           6|           7|
    |icmp_ln332_fu_1069_p2                    |      icmp|   0|  0|   8|           3|           1|
    |icmp_ln338_fu_1141_p2                    |      icmp|   0|  0|   9|           4|           3|
    |select_ln245_10_fu_1728_p3               |    select|   0|  0|   8|           1|           8|
    |select_ln245_11_fu_1765_p3               |    select|   0|  0|   8|           1|           8|
    |select_ln245_12_fu_1493_p3               |    select|   0|  0|   8|           1|           8|
    |select_ln245_13_fu_1529_p3               |    select|   0|  0|   8|           1|           8|
    |select_ln245_14_fu_1565_p3               |    select|   0|  0|   8|           1|           8|
    |select_ln245_15_fu_1602_p3               |    select|   0|  0|   8|           1|           8|
    |select_ln245_1_fu_1306_p3                |    select|   0|  0|   8|           1|           8|
    |select_ln245_2_fu_1343_p3                |    select|   0|  0|   8|           1|           8|
    |select_ln245_3_fu_1392_p3                |    select|   0|  0|   8|           1|           8|
    |select_ln245_4_fu_1869_p3                |    select|   0|  0|   8|           1|           8|
    |select_ln245_5_fu_1905_p3                |    select|   0|  0|   8|           1|           8|
    |select_ln245_6_fu_1801_p3                |    select|   0|  0|   8|           1|           8|
    |select_ln245_7_fu_1838_p3                |    select|   0|  0|   8|           1|           8|
    |select_ln245_8_fu_1654_p3                |    select|   0|  0|   8|           1|           8|
    |select_ln245_9_fu_1690_p3                |    select|   0|  0|   8|           1|           8|
    |select_ln245_fu_1269_p3                  |    select|   0|  0|   8|           1|           8|
    |ap_enable_pp0                            |       xor|   0|  0|   2|           1|           2|
    |ap_enable_pp1                            |       xor|   0|  0|   2|           1|           2|
    |ap_enable_pp2                            |       xor|   0|  0|   2|           1|           2|
    |ap_enable_pp3                            |       xor|   0|  0|   2|           1|           2|
    |ap_enable_pp4                            |       xor|   0|  0|   2|           1|           2|
    |ap_enable_pp5                            |       xor|   0|  0|   2|           1|           2|
    |ap_enable_reg_pp0_iter1                  |       xor|   0|  0|   2|           2|           1|
    |grp_fu_1002_p2                           |       xor|   0|  0|   8|           8|           8|
    |grp_fu_1008_p2                           |       xor|   0|  0|   8|           8|           8|
    |grp_fu_1014_p2                           |       xor|   0|  0|   8|           8|           8|
    |xor_ln245_10_fu_1722_p2                  |       xor|   0|  0|   8|           8|           5|
    |xor_ln245_11_fu_1759_p2                  |       xor|   0|  0|   8|           8|           5|
    |xor_ln245_12_fu_1487_p2                  |       xor|   0|  0|   8|           8|           5|
    |xor_ln245_13_fu_1523_p2                  |       xor|   0|  0|   8|           8|           5|
    |xor_ln245_14_fu_1559_p2                  |       xor|   0|  0|   8|           8|           5|
    |xor_ln245_15_fu_1596_p2                  |       xor|   0|  0|   8|           8|           5|
    |xor_ln245_1_fu_1300_p2                   |       xor|   0|  0|   8|           8|           5|
    |xor_ln245_2_fu_1337_p2                   |       xor|   0|  0|   8|           8|           5|
    |xor_ln245_3_fu_1386_p2                   |       xor|   0|  0|   8|           8|           5|
    |xor_ln245_4_fu_1863_p2                   |       xor|   0|  0|   8|           8|           5|
    |xor_ln245_5_fu_1899_p2                   |       xor|   0|  0|   8|           8|           5|
    |xor_ln245_6_fu_1795_p2                   |       xor|   0|  0|   8|           8|           5|
    |xor_ln245_7_fu_1832_p2                   |       xor|   0|  0|   8|           8|           5|
    |xor_ln245_8_fu_1648_p2                   |       xor|   0|  0|   8|           8|           5|
    |xor_ln245_9_fu_1684_p2                   |       xor|   0|  0|   8|           8|           5|
    |xor_ln245_fu_1263_p2                     |       xor|   0|  0|   8|           8|           5|
    |xor_ln261_10_fu_2013_p2                  |       xor|   0|  0|   8|           8|           8|
    |xor_ln261_12_fu_1995_p2                  |       xor|   0|  0|   8|           8|           8|
    |xor_ln261_13_fu_2001_p2                  |       xor|   0|  0|   8|           8|           8|
    |xor_ln261_14_fu_1989_p2                  |       xor|   0|  0|   8|           8|           8|
    |xor_ln261_15_fu_1983_p2                  |       xor|   0|  0|   8|           8|           8|
    |xor_ln261_17_fu_1932_p2                  |       xor|   0|  0|   8|           8|           8|
    |xor_ln261_18_fu_1923_p2                  |       xor|   0|  0|   8|           8|           8|
    |xor_ln261_19_fu_1949_p2                  |       xor|   0|  0|   8|           8|           8|
    |xor_ln261_1_fu_2019_p2                   |       xor|   0|  0|   8|           8|           8|
    |xor_ln261_20_fu_1953_p2                  |       xor|   0|  0|   8|           8|           8|
    |xor_ln261_21_fu_1941_p2                  |       xor|   0|  0|   8|           8|           8|
    |xor_ln261_22_fu_1928_p2                  |       xor|   0|  0|   8|           8|           8|
    |xor_ln261_23_fu_1957_p2                  |       xor|   0|  0|   8|           8|           8|
    |xor_ln261_24_fu_1961_p2                  |       xor|   0|  0|   8|           8|           8|
    |xor_ln261_25_fu_1945_p2                  |       xor|   0|  0|   8|           8|           8|
    |xor_ln261_26_fu_1937_p2                  |       xor|   0|  0|   8|           8|           8|
    |xor_ln261_27_fu_1970_p2                  |       xor|   0|  0|   8|           8|           8|
    |xor_ln261_28_fu_1974_p2                  |       xor|   0|  0|   8|           8|           8|
    |xor_ln261_29_fu_1418_p2                  |       xor|   0|  0|   8|           8|           8|
    |xor_ln261_2_fu_2025_p2                   |       xor|   0|  0|   8|           8|           8|
    |xor_ln261_30_fu_1422_p2                  |       xor|   0|  0|   8|           8|           8|
    |xor_ln261_31_fu_1452_p2                  |       xor|   0|  0|   8|           8|           8|
    |xor_ln261_32_fu_1978_p2                  |       xor|   0|  0|   8|           8|           8|
    |xor_ln261_3_fu_2031_p2                   |       xor|   0|  0|   8|           8|           8|
    |xor_ln261_4_fu_2036_p2                   |       xor|   0|  0|   8|           8|           8|
    |xor_ln261_5_fu_2041_p2                   |       xor|   0|  0|   8|           8|           8|
    |xor_ln261_6_fu_2046_p2                   |       xor|   0|  0|   8|           8|           8|
    |xor_ln261_7_fu_2052_p2                   |       xor|   0|  0|   8|           8|           8|
    |xor_ln261_8_fu_2057_p2                   |       xor|   0|  0|   8|           8|           8|
    |xor_ln261_9_fu_2062_p2                   |       xor|   0|  0|   8|           8|           8|
    |xor_ln293_10_fu_1413_p2                  |       xor|   0|  0|   8|           8|           8|
    |xor_ln293_11_fu_1431_p2                  |       xor|   0|  0|   8|           8|           8|
    |xor_ln293_1_fu_1216_p2                   |       xor|   0|  0|   8|           8|           8|
    |xor_ln293_2_fu_1227_p2                   |       xor|   0|  0|   8|           8|           8|
    |xor_ln293_3_fu_1456_p2                   |       xor|   0|  0|   8|           8|           8|
    |xor_ln293_4_fu_1615_p2                   |       xor|   0|  0|   8|           8|           8|
    |xor_ln293_5_fu_1778_p2                   |       xor|   0|  0|   8|           8|           8|
    |xor_ln293_6_fu_1409_p2                   |       xor|   0|  0|   8|           8|           8|
    |xor_ln293_7_fu_1426_p2                   |       xor|   0|  0|   8|           8|           8|
    |xor_ln293_8_fu_1460_p2                   |       xor|   0|  0|   8|           8|           8|
    |xor_ln293_9_fu_1405_p2                   |       xor|   0|  0|   8|           8|           8|
    |xor_ln294_10_fu_1662_p2                  |       xor|   0|  0|   8|           8|           8|
    |xor_ln294_11_fu_1667_p2                  |       xor|   0|  0|   8|           8|           8|
    |xor_ln294_12_fu_1465_p2                  |       xor|   0|  0|   8|           8|           8|
    |xor_ln294_13_fu_1698_p2                  |       xor|   0|  0|   8|           8|           8|
    |xor_ln294_14_fu_1703_p2                  |       xor|   0|  0|   8|           8|           8|
    |xor_ln294_15_fu_1501_p2                  |       xor|   0|  0|   8|           8|           8|
    |xor_ln294_16_fu_1506_p2                  |       xor|   0|  0|   8|           8|           8|
    |xor_ln294_17_fu_1436_p2                  |       xor|   0|  0|   8|           8|           8|
    |xor_ln294_18_fu_1537_p2                  |       xor|   0|  0|   8|           8|           8|
    |xor_ln294_19_fu_1542_p2                  |       xor|   0|  0|   8|           8|           8|
    |xor_ln294_1_fu_1282_p2                   |       xor|   0|  0|   8|           8|           8|
    |xor_ln294_2_fu_1232_p2                   |       xor|   0|  0|   8|           8|           8|
    |xor_ln294_3_fu_1314_p2                   |       xor|   0|  0|   8|           8|           8|
    |xor_ln294_4_fu_1319_p2                   |       xor|   0|  0|   8|           8|           8|
    |xor_ln294_5_fu_1877_p2                   |       xor|   0|  0|   8|           8|           8|
    |xor_ln294_6_fu_1882_p2                   |       xor|   0|  0|   8|           8|           8|
    |xor_ln294_7_fu_1620_p2                   |       xor|   0|  0|   8|           8|           8|
    |xor_ln294_8_fu_1913_p2                   |       xor|   0|  0|   8|           8|           8|
    |xor_ln294_9_fu_1918_p2                   |       xor|   0|  0|   8|           8|           8|
    |xor_ln294_fu_1277_p2                     |       xor|   0|  0|   8|           8|           8|
    |xor_ln295_11_fu_1736_p2                  |       xor|   0|  0|   8|           8|           8|
    |xor_ln295_12_fu_1741_p2                  |       xor|   0|  0|   8|           8|           8|
    |xor_ln295_13_fu_1470_p2                  |       xor|   0|  0|   8|           8|           8|
    |xor_ln295_14_fu_1773_p2                  |       xor|   0|  0|   8|           8|           8|
    |xor_ln295_15_fu_1441_p2                  |       xor|   0|  0|   8|           8|           8|
    |xor_ln295_16_fu_1573_p2                  |       xor|   0|  0|   8|           8|           8|
    |xor_ln295_17_fu_1578_p2                  |       xor|   0|  0|   8|           8|           8|
    |xor_ln295_18_fu_1447_p2                  |       xor|   0|  0|   8|           8|           8|
    |xor_ln295_19_fu_1610_p2                  |       xor|   0|  0|   8|           8|           8|
    |xor_ln295_1_fu_1351_p2                   |       xor|   0|  0|   8|           8|           8|
    |xor_ln295_2_fu_1357_p2                   |       xor|   0|  0|   8|           8|           8|
    |xor_ln295_3_fu_1363_p2                   |       xor|   0|  0|   8|           8|           8|
    |xor_ln295_4_fu_1400_p2                   |       xor|   0|  0|   8|           8|           8|
    |xor_ln295_5_fu_1625_p2                   |       xor|   0|  0|   8|           8|           8|
    |xor_ln295_6_fu_1809_p2                   |       xor|   0|  0|   8|           8|           8|
    |xor_ln295_7_fu_1814_p2                   |       xor|   0|  0|   8|           8|           8|
    |xor_ln295_8_fu_1631_p2                   |       xor|   0|  0|   8|           8|           8|
    |xor_ln295_9_fu_1846_p2                   |       xor|   0|  0|   8|           8|           8|
    |xor_ln295_fu_1238_p2                     |       xor|   0|  0|   8|           8|           8|
    |xor_ln330_fu_1055_p2                     |       xor|   0|  0|   7|           6|           7|
    +-----------------------------------------+----------+----+---+----+------------+------------+
    |Total                                    |          |   0|  0|1001|         850|         909|
    +-----------------------------------------+----------+----+---+----+------------+------------+

    * Multiplexer: 
    +-----------------------------------------+-----+-----------+-----+-----------+
    |                   Name                  | LUT | Input Size| Bits| Total Bits|
    +-----------------------------------------+-----+-----------+-----+-----------+
    |ap_NS_fsm                                |  732|        137|    1|        137|
    |ap_enable_reg_pp0_iter1                  |    9|          2|    1|          2|
    |ap_enable_reg_pp0_iter2                  |    9|          2|    1|          2|
    |ap_enable_reg_pp1_iter1                  |    9|          2|    1|          2|
    |ap_enable_reg_pp2_iter1                  |    9|          2|    1|          2|
    |ap_enable_reg_pp3_iter1                  |    9|          2|    1|          2|
    |ap_enable_reg_pp4_iter1                  |    9|          2|    1|          2|
    |ap_enable_reg_pp4_iter10                 |    9|          2|    1|          2|
    |ap_enable_reg_pp5_iter1                  |    9|          2|    1|          2|
    |ap_enable_reg_pp5_iter7                  |    9|          2|    1|          2|
    |ap_phi_mux_i_1_phi_fu_824_p4             |    9|          2|    3|          6|
    |ap_phi_mux_i_2_phi_fu_836_p4             |    9|          2|    4|          8|
    |ap_phi_mux_i_3_phi_fu_848_p4             |    9|          2|    4|          8|
    |ap_phi_mux_i_4_phi_fu_872_p4             |    9|          2|    4|          8|
    |ap_phi_mux_i_9_phi_fu_884_p4             |    9|          2|    4|          8|
    |ap_phi_mux_i_phi_fu_800_p4               |    9|          2|    6|         12|
    |ap_phi_reg_pp3_iter0_storemerge_reg_856  |    9|          2|    8|         16|
    |buf_r_address0                           |  100|         20|    4|         80|
    |buf_r_address1                           |   93|         19|    4|         76|
    |buf_r_d0                                 |  138|         31|    8|        248|
    |buf_r_d1                                 |  138|         31|    8|        248|
    |ctx_address0                             |  113|         22|    7|        154|
    |ctx_address1                             |  106|         21|    7|        147|
    |ctx_ce0                                  |   14|          3|    1|          3|
    |ctx_ce1                                  |   14|          3|    1|          3|
    |ctx_d0                                   |   20|          4|    8|         32|
    |ctx_d1                                   |   20|          4|    8|         32|
    |ctx_we0                                  |   14|          3|    1|          3|
    |ctx_we1                                  |   14|          3|    1|          3|
    |grp_aes_expandEncKey_fu_892_k            |   14|          3|    7|         21|
    |grp_aes_expandEncKey_fu_892_rc_read      |   14|          3|    8|         24|
    |i_1_reg_820                              |    9|          2|    3|          6|
    |i_2_reg_832                              |    9|          2|    4|          8|
    |i_3_reg_844                              |    9|          2|    4|          8|
    |i_4_reg_868                              |    9|          2|    4|          8|
    |i_9_reg_880                              |    9|          2|    4|          8|
    |i_reg_796                                |    9|          2|    6|         12|
    |rcon_0_reg_808                           |    9|          2|    8|         16|
    |rcon_1_fu_156                            |    9|          2|    8|         16|
    |reg_914                                  |    9|          2|    8|         16|
    |reg_920                                  |    9|          2|    8|         16|
    |reg_927                                  |    9|          2|    8|         16|
    |reg_938                                  |    9|          2|    8|         16|
    |reg_943                                  |    9|          2|    8|         16|
    |reg_949                                  |    9|          2|    8|         16|
    |reg_956                                  |    9|          2|    8|         16|
    |reg_967                                  |    9|          2|    8|         16|
    |reg_973                                  |    9|          2|    8|         16|
    |reg_983                                  |    9|          2|    8|         16|
    |sbox_address0                            |   93|         19|    8|        152|
    +-----------------------------------------+-----+-----------+-----+-----------+
    |Total                                    | 1943|        394|  245|       1689|
    +-----------------------------------------+-----+-----------+-----+-----------+

    * Register: 
    +------------------------------------------+-----+----+-----+-----------+
    |                   Name                   |  FF | LUT| Bits| Const Bits|
    +------------------------------------------+-----+----+-----+-----------+
    |add_ln269_reg_2186                        |    4|   0|    4|          0|
    |add_ln329_reg_2116                        |    6|   0|    6|          0|
    |add_ln332_reg_2151                        |    3|   0|    3|          0|
    |add_ln338_reg_3037                        |    4|   0|    4|          0|
    |ap_CS_fsm                                 |  136|   0|  136|          0|
    |ap_enable_reg_pp0_iter0                   |    1|   0|    1|          0|
    |ap_enable_reg_pp0_iter1                   |    1|   0|    1|          0|
    |ap_enable_reg_pp0_iter2                   |    1|   0|    1|          0|
    |ap_enable_reg_pp1_iter0                   |    1|   0|    1|          0|
    |ap_enable_reg_pp1_iter1                   |    1|   0|    1|          0|
    |ap_enable_reg_pp2_iter0                   |    1|   0|    1|          0|
    |ap_enable_reg_pp2_iter1                   |    1|   0|    1|          0|
    |ap_enable_reg_pp3_iter0                   |    1|   0|    1|          0|
    |ap_enable_reg_pp3_iter1                   |    1|   0|    1|          0|
    |ap_enable_reg_pp4_iter0                   |    1|   0|    1|          0|
    |ap_enable_reg_pp4_iter1                   |    1|   0|    1|          0|
    |ap_enable_reg_pp4_iter10                  |    1|   0|    1|          0|
    |ap_enable_reg_pp4_iter2                   |    1|   0|    1|          0|
    |ap_enable_reg_pp4_iter3                   |    1|   0|    1|          0|
    |ap_enable_reg_pp4_iter4                   |    1|   0|    1|          0|
    |ap_enable_reg_pp4_iter5                   |    1|   0|    1|          0|
    |ap_enable_reg_pp4_iter6                   |    1|   0|    1|          0|
    |ap_enable_reg_pp4_iter7                   |    1|   0|    1|          0|
    |ap_enable_reg_pp4_iter8                   |    1|   0|    1|          0|
    |ap_enable_reg_pp4_iter9                   |    1|   0|    1|          0|
    |ap_enable_reg_pp5_iter0                   |    1|   0|    1|          0|
    |ap_enable_reg_pp5_iter1                   |    1|   0|    1|          0|
    |ap_enable_reg_pp5_iter2                   |    1|   0|    1|          0|
    |ap_enable_reg_pp5_iter3                   |    1|   0|    1|          0|
    |ap_enable_reg_pp5_iter4                   |    1|   0|    1|          0|
    |ap_enable_reg_pp5_iter5                   |    1|   0|    1|          0|
    |ap_enable_reg_pp5_iter6                   |    1|   0|    1|          0|
    |ap_enable_reg_pp5_iter7                   |    1|   0|    1|          0|
    |ap_phi_reg_pp3_iter0_storemerge_reg_856   |    8|   0|    8|          0|
    |buf_addr_13_reg_3092                      |    4|   0|    4|          0|
    |buf_addr_15_reg_3117                      |    4|   0|    4|          0|
    |buf_addr_reg_2166                         |    4|   0|    4|          0|
    |buf_load_29_reg_2982                      |    8|   0|    8|          0|
    |buf_load_30_reg_2987                      |    8|   0|    8|          0|
    |buf_load_31_reg_2967                      |    8|   0|    8|          0|
    |buf_load_33_reg_2992                      |    8|   0|    8|          0|
    |buf_load_34_reg_2997                      |    8|   0|    8|          0|
    |buf_load_35_reg_2972                      |    8|   0|    8|          0|
    |ctx_load_21_reg_2471                      |    8|   0|    8|          0|
    |ctx_load_22_reg_2476                      |    8|   0|    8|          0|
    |ctx_load_23_reg_2481                      |    8|   0|    8|          0|
    |ctx_load_24_reg_2486                      |    8|   0|    8|          0|
    |ctx_load_25_reg_2491                      |    8|   0|    8|          0|
    |ctx_load_26_reg_2501                      |    8|   0|    8|          0|
    |ctx_load_27_reg_2506                      |    8|   0|    8|          0|
    |ctx_load_28_reg_2516                      |    8|   0|    8|          0|
    |ctx_load_29_reg_2521                      |    8|   0|    8|          0|
    |ctx_load_30_reg_2531                      |    8|   0|    8|          0|
    |ctx_load_31_reg_2536                      |    8|   0|    8|          0|
    |ctx_load_32_reg_2546                      |    8|   0|    8|          0|
    |ctx_load_33_reg_2551                      |    8|   0|    8|          0|
    |grp_aes_expandEncKey_fu_892_ap_start_reg  |    1|   0|    1|          0|
    |i_1_reg_820                               |    3|   0|    3|          0|
    |i_2_reg_832                               |    4|   0|    4|          0|
    |i_3_reg_844                               |    4|   0|    4|          0|
    |i_4_reg_868                               |    4|   0|    4|          0|
    |i_5_reg_2631                              |    8|   0|    8|          0|
    |i_9_reg_880                               |    4|   0|    4|          0|
    |i_reg_796                                 |    6|   0|    6|          0|
    |i_reg_796_pp0_iter1_reg                   |    6|   0|    6|          0|
    |icmp_ln269_reg_2182                       |    1|   0|    1|          0|
    |icmp_ln329_reg_2107                       |    1|   0|    1|          0|
    |icmp_ln332_reg_2147                       |    1|   0|    1|          0|
    |icmp_ln338_reg_2463                       |    1|   0|    1|          0|
    |icmp_ln338_reg_2463_pp3_iter1_reg         |    1|   0|    1|          0|
    |k_load_reg_2121                           |    8|   0|    8|          0|
    |or_ln269_1_reg_2177                       |    4|   0|    5|          1|
    |or_ln_reg_2127                            |    6|   0|    7|          1|
    |rcon_0_reg_808                            |    8|   0|    8|          0|
    |rcon_1_fu_156                             |    8|   0|    8|          0|
    |reg_1020                                  |    8|   0|    8|          0|
    |reg_1026                                  |    8|   0|    8|          0|
    |reg_909                                   |    8|   0|    8|          0|
    |reg_914                                   |    8|   0|    8|          0|
    |reg_920                                   |    8|   0|    8|          0|
    |reg_927                                   |    8|   0|    8|          0|
    |reg_938                                   |    8|   0|    8|          0|
    |reg_943                                   |    8|   0|    8|          0|
    |reg_949                                   |    8|   0|    8|          0|
    |reg_956                                   |    8|   0|    8|          0|
    |reg_962                                   |    8|   0|    8|          0|
    |reg_967                                   |    8|   0|    8|          0|
    |reg_973                                   |    8|   0|    8|          0|
    |reg_979                                   |    8|   0|    8|          0|
    |reg_983                                   |    8|   0|    8|          0|
    |reg_989                                   |    8|   0|    8|          0|
    |reg_994                                   |    8|   0|    8|          0|
    |reg_998                                   |    8|   0|    8|          0|
    |sbox_load_12_reg_2619                     |    8|   0|    8|          0|
    |sbox_load_3_reg_2561                      |    8|   0|    8|          0|
    |sbox_load_4_reg_2573                      |    8|   0|    8|          0|
    |sbox_load_7_reg_2590                      |    8|   0|    8|          0|
    |sbox_load_8_reg_2607                      |    8|   0|    8|          0|
    |trunc_ln269_cast13_reg_2156               |    4|   0|   64|         60|
    |trunc_ln343_reg_2467                      |    1|   0|    1|          0|
    |trunc_ln343_reg_2467_pp3_iter1_reg        |    1|   0|    1|          0|
    |xor_ln261_10_reg_3027                     |    8|   0|    8|          0|
    |xor_ln261_11_reg_3032                     |    8|   0|    8|          0|
    |xor_ln261_12_reg_3017                     |    8|   0|    8|          0|
    |xor_ln261_13_reg_3022                     |    8|   0|    8|          0|
    |xor_ln261_14_reg_3012                     |    8|   0|    8|          0|
    |xor_ln261_15_reg_3002                     |    8|   0|    8|          0|
    |xor_ln261_16_reg_3007                     |    8|   0|    8|          0|
    |xor_ln261_17_reg_2917                     |    8|   0|    8|          0|
    |xor_ln261_18_reg_2907                     |    8|   0|    8|          0|
    |xor_ln261_19_reg_2937                     |    8|   0|    8|          0|
    |xor_ln261_1_reg_3042                      |    8|   0|    8|          0|
    |xor_ln261_20_reg_2942                     |    8|   0|    8|          0|
    |xor_ln261_21_reg_2927                     |    8|   0|    8|          0|
    |xor_ln261_22_reg_2912                     |    8|   0|    8|          0|
    |xor_ln261_23_reg_2947                     |    8|   0|    8|          0|
    |xor_ln261_24_reg_2952                     |    8|   0|    8|          0|
    |xor_ln261_25_reg_2932                     |    8|   0|    8|          0|
    |xor_ln261_26_reg_2922                     |    8|   0|    8|          0|
    |xor_ln261_27_reg_2957                     |    8|   0|    8|          0|
    |xor_ln261_28_reg_2962                     |    8|   0|    8|          0|
    |xor_ln261_29_reg_2734                     |    8|   0|    8|          0|
    |xor_ln261_2_reg_3047                      |    8|   0|    8|          0|
    |xor_ln261_30_reg_2739                     |    8|   0|    8|          0|
    |xor_ln261_31_reg_2774                     |    8|   0|    8|          0|
    |xor_ln261_32_reg_2977                     |    8|   0|    8|          0|
    |xor_ln261_3_reg_3052                      |    8|   0|    8|          0|
    |xor_ln261_4_reg_3057                      |    8|   0|    8|          0|
    |xor_ln261_5_reg_3062                      |    8|   0|    8|          0|
    |xor_ln261_6_reg_3067                      |    8|   0|    8|          0|
    |xor_ln261_7_reg_3072                      |    8|   0|    8|          0|
    |xor_ln261_8_reg_3077                      |    8|   0|    8|          0|
    |xor_ln261_9_reg_3082                      |    8|   0|    8|          0|
    |xor_ln293_10_reg_2728                     |    8|   0|    8|          0|
    |xor_ln293_11_reg_2750                     |    8|   0|    8|          0|
    |xor_ln293_1_reg_2643                      |    8|   0|    8|          0|
    |xor_ln293_2_reg_2654                      |    8|   0|    8|          0|
    |xor_ln293_3_reg_2779                      |    8|   0|    8|          0|
    |xor_ln293_4_reg_2829                      |    8|   0|    8|          0|
    |xor_ln293_5_reg_2877                      |    8|   0|    8|          0|
    |xor_ln293_6_reg_2720                      |    8|   0|    8|          0|
    |xor_ln293_7_reg_2744                      |    8|   0|    8|          0|
    |xor_ln293_8_reg_2787                      |    8|   0|    8|          0|
    |xor_ln293_9_reg_2712                      |    8|   0|    8|          0|
    |xor_ln294_11_reg_2853                     |    8|   0|    8|          0|
    |xor_ln294_12_reg_2793                     |    8|   0|    8|          0|
    |xor_ln294_14_reg_2859                     |    8|   0|    8|          0|
    |xor_ln294_16_reg_2805                     |    8|   0|    8|          0|
    |xor_ln294_17_reg_2756                     |    8|   0|    8|          0|
    |xor_ln294_19_reg_2811                     |    8|   0|    8|          0|
    |xor_ln294_1_reg_2677                      |    8|   0|    8|          0|
    |xor_ln294_2_reg_2660                      |    8|   0|    8|          0|
    |xor_ln294_4_reg_2683                      |    8|   0|    8|          0|
    |xor_ln294_6_reg_2895                      |    8|   0|    8|          0|
    |xor_ln294_7_reg_2835                      |    8|   0|    8|          0|
    |xor_ln294_9_reg_2901                      |    8|   0|    8|          0|
    |xor_ln295_12_reg_2865                     |    8|   0|    8|          0|
    |xor_ln295_13_reg_2799                     |    8|   0|    8|          0|
    |xor_ln295_14_reg_2871                     |    8|   0|    8|          0|
    |xor_ln295_15_reg_2762                     |    8|   0|    8|          0|
    |xor_ln295_17_reg_2817                     |    8|   0|    8|          0|
    |xor_ln295_18_reg_2768                     |    8|   0|    8|          0|
    |xor_ln295_19_reg_2823                     |    8|   0|    8|          0|
    |xor_ln295_2_reg_2689                      |    8|   0|    8|          0|
    |xor_ln295_3_reg_2695                      |    8|   0|    8|          0|
    |xor_ln295_4_reg_2706                      |    8|   0|    8|          0|
    |xor_ln295_5_reg_2841                      |    8|   0|    8|          0|
    |xor_ln295_7_reg_2883                      |    8|   0|    8|          0|
    |xor_ln295_8_reg_2847                      |    8|   0|    8|          0|
    |xor_ln295_9_reg_2889                      |    8|   0|    8|          0|
    |xor_ln295_reg_2666                        |    8|   0|    8|          0|
    |xor_ln330_reg_2132                        |    6|   0|    6|          0|
    |buf_addr_13_reg_3092                      |   64|  32|    4|          0|
    |buf_addr_15_reg_3117                      |   64|  32|    4|          0|
    |icmp_ln329_reg_2107                       |   64|  32|    1|          0|
    +------------------------------------------+-----+----+-----+-----------+
    |Total                                     | 1380|  96| 1259|         62|
    +------------------------------------------+-----+----+-----+-----------+



================================================================
== Interface
================================================================
* Summary: 
+----------------+-----+-----+------------+--------------+--------------+
|    RTL Ports   | Dir | Bits|  Protocol  | Source Object|    C Type    |
+----------------+-----+-----+------------+--------------+--------------+
|ap_clk          |   in|    1|  ap_ctrl_hs|       aes_top|  return value|
|ap_rst          |   in|    1|  ap_ctrl_hs|       aes_top|  return value|
|ap_start        |   in|    1|  ap_ctrl_hs|       aes_top|  return value|
|ap_done         |  out|    1|  ap_ctrl_hs|       aes_top|  return value|
|ap_idle         |  out|    1|  ap_ctrl_hs|       aes_top|  return value|
|ap_ready        |  out|    1|  ap_ctrl_hs|       aes_top|  return value|
|ctx_address0    |  out|    7|   ap_memory|           ctx|         array|
|ctx_ce0         |  out|    1|   ap_memory|           ctx|         array|
|ctx_we0         |  out|    1|   ap_memory|           ctx|         array|
|ctx_d0          |  out|    8|   ap_memory|           ctx|         array|
|ctx_q0          |   in|    8|   ap_memory|           ctx|         array|
|ctx_address1    |  out|    7|   ap_memory|           ctx|         array|
|ctx_ce1         |  out|    1|   ap_memory|           ctx|         array|
|ctx_we1         |  out|    1|   ap_memory|           ctx|         array|
|ctx_d1          |  out|    8|   ap_memory|           ctx|         array|
|ctx_q1          |   in|    8|   ap_memory|           ctx|         array|
|k_address0      |  out|    5|   ap_memory|             k|         array|
|k_ce0           |  out|    1|   ap_memory|             k|         array|
|k_q0            |   in|    8|   ap_memory|             k|         array|
|buf_r_address0  |  out|    4|   ap_memory|         buf_r|         array|
|buf_r_ce0       |  out|    1|   ap_memory|         buf_r|         array|
|buf_r_we0       |  out|    1|   ap_memory|         buf_r|         array|
|buf_r_d0        |  out|    8|   ap_memory|         buf_r|         array|
|buf_r_q0        |   in|    8|   ap_memory|         buf_r|         array|
|buf_r_address1  |  out|    4|   ap_memory|         buf_r|         array|
|buf_r_ce1       |  out|    1|   ap_memory|         buf_r|         array|
|buf_r_we1       |  out|    1|   ap_memory|         buf_r|         array|
|buf_r_d1        |  out|    8|   ap_memory|         buf_r|         array|
|buf_r_q1        |   in|    8|   ap_memory|         buf_r|         array|
+----------------+-----+-----+------------+--------------+--------------+

============================================================
+ Verbose Summary: Synthesis Manager
============================================================
InlineROM: 1
ExposeGlobal: 0
============================================================
+ Verbose Summary: CDFG Model
============================================================
IsTopModel: 1
ResetActiveHigh: 1
IsCombinational: 2
IsDatapathOnly: 2
HasWiredReturn: 1
HasMFsm: 0
HasVarLatency: 1
IsPipeline: 0
IsRtlPipelined: 0
IsInstanceOverlapped: 0
IsDontTouch: 0
HasImplIP: 0
IsGatedGlobalClock: 0

+ Individual pipeline summary: 
  * Pipeline-0: initiation interval (II) = 2, depth = 6
  * Pipeline-1: initiation interval (II) = 35, depth = 36
  * Pipeline-2: initiation interval (II) = 5, depth = 7
  * Pipeline-3: initiation interval (II) = 46, depth = 51
  * Pipeline-4: initiation interval (II) = 1, depth = 11
  * Pipeline-5: initiation interval (II) = 1, depth = 8


============================================================
+ Verbose Summary: Schedule
============================================================
* Number of FSM states : 165
* Pipeline : 6
  Pipeline-0 : II = 2, D = 6, States = { 2 3 4 5 6 7 }
  Pipeline-1 : II = 35, D = 36, States = { 9 10 11 12 13 14 15 16 17 18 19 20 21 22 23 24 25 26 27 28 29 30 31 32 33 34 35 36 37 38 39 40 41 42 43 44 }
  Pipeline-2 : II = 5, D = 7, States = { 46 47 48 49 50 51 52 }
  Pipeline-3 : II = 46, D = 51, States = { 54 55 56 57 58 59 60 61 62 63 64 65 66 67 68 69 70 71 72 73 74 75 76 77 78 79 80 81 82 83 84 85 86 87 88 89 90 91 92 93 94 95 96 97 98 99 100 101 102 103 104 }
  Pipeline-4 : II = 1, D = 11, States = { 106 107 108 109 110 111 112 113 114 115 116 }
  Pipeline-5 : II = 1, D = 8, States = { 157 158 159 160 161 162 163 164 }
* Dataflow Pipeline: 0

* FSM state transitions: 
1 --> 2 
2 --> 3 
3 --> 8 4 
4 --> 5 
5 --> 6 
6 --> 7 
7 --> 2 
8 --> 9 
9 --> 45 10 
10 --> 11 
11 --> 12 
12 --> 13 
13 --> 14 
14 --> 15 
15 --> 16 
16 --> 17 
17 --> 18 
18 --> 19 
19 --> 20 
20 --> 21 
21 --> 22 
22 --> 23 
23 --> 24 
24 --> 25 
25 --> 26 
26 --> 27 
27 --> 28 
28 --> 29 
29 --> 30 
30 --> 31 
31 --> 32 
32 --> 33 
33 --> 34 
34 --> 35 
35 --> 36 
36 --> 37 
37 --> 38 
38 --> 39 
39 --> 40 
40 --> 41 
41 --> 42 
42 --> 43 
43 --> 44 
44 --> 9 
45 --> 46 
46 --> 47 
47 --> 48 
48 --> 49 
49 --> 50 
50 --> 51 
51 --> 52 
52 --> 53 46 
53 --> 54 
54 --> 105 55 
55 --> 56 
56 --> 57 
57 --> 58 
58 --> 59 
59 --> 60 
60 --> 61 
61 --> 62 
62 --> 63 
63 --> 64 
64 --> 65 
65 --> 66 
66 --> 67 
67 --> 68 
68 --> 69 
69 --> 70 
70 --> 71 
71 --> 72 
72 --> 73 
73 --> 74 
74 --> 75 
75 --> 76 
76 --> 77 
77 --> 78 
78 --> 79 
79 --> 80 
80 --> 81 
81 --> 82 
82 --> 83 
83 --> 84 
84 --> 85 
85 --> 86 
86 --> 87 
87 --> 88 
88 --> 89 
89 --> 90 
90 --> 91 
91 --> 92 
92 --> 93 
93 --> 94 
94 --> 95 
95 --> 96 
96 --> 97 
97 --> 98 
98 --> 99 
99 --> 100 
100 --> 101 
101 --> 102 
102 --> 103 
103 --> 104 
104 --> 54 
105 --> 106 
106 --> 107 
107 --> 108 
108 --> 109 
109 --> 110 
110 --> 111 
111 --> 112 
112 --> 113 
113 --> 114 
114 --> 115 
115 --> 116 
116 --> 117 106 
117 --> 118 
118 --> 119 
119 --> 120 
120 --> 121 
121 --> 122 
122 --> 123 
123 --> 124 
124 --> 125 
125 --> 126 
126 --> 127 
127 --> 128 
128 --> 129 
129 --> 130 
130 --> 131 
131 --> 132 
132 --> 133 
133 --> 134 
134 --> 135 
135 --> 136 
136 --> 137 
137 --> 138 
138 --> 139 
139 --> 140 
140 --> 141 
141 --> 142 
142 --> 143 
143 --> 144 
144 --> 145 
145 --> 146 
146 --> 147 
147 --> 148 
148 --> 149 
149 --> 150 
150 --> 151 
151 --> 152 
152 --> 153 
153 --> 154 
154 --> 155 
155 --> 156 
156 --> 157 
157 --> 158 
158 --> 159 
159 --> 160 
160 --> 161 
161 --> 162 
162 --> 163 
163 --> 164 
164 --> 165 157 
165 --> 

* FSM state operations: 

State 1 <SV = 0> <Delay = 1.46>
ST_1 : Operation 166 [1/1] (0.00ns)   --->   "%spectopmodule_ln0 = spectopmodule void @_ssdm_op_SpecTopModule, void @empty_0"   --->   Operation 166 'spectopmodule' 'spectopmodule_ln0' <Predicate = true> <Delay = 0.00>
ST_1 : Operation 167 [1/1] (0.00ns)   --->   "%specinterface_ln0 = specinterface void @_ssdm_op_SpecInterface, i8 %ctx, void @empty_6, i32 0, i32 0, void @empty, i32 4294967295, i32 0, void @empty, void @empty, void @empty, i32 0, i32 0, i32 0, i32 0, void @empty, void @empty"   --->   Operation 167 'specinterface' 'specinterface_ln0' <Predicate = true> <Delay = 0.00>
ST_1 : Operation 168 [1/1] (0.00ns)   --->   "%specbitsmap_ln0 = specbitsmap void @_ssdm_op_SpecBitsMap, i8 %ctx"   --->   Operation 168 'specbitsmap' 'specbitsmap_ln0' <Predicate = true> <Delay = 0.00>
ST_1 : Operation 169 [1/1] (0.00ns)   --->   "%specinterface_ln0 = specinterface void @_ssdm_op_SpecInterface, i8 %k, void @empty_6, i32 0, i32 0, void @empty, i32 4294967295, i32 0, void @empty, void @empty, void @empty, i32 0, i32 0, i32 0, i32 0, void @empty, void @empty"   --->   Operation 169 'specinterface' 'specinterface_ln0' <Predicate = true> <Delay = 0.00>
ST_1 : Operation 170 [1/1] (0.00ns)   --->   "%specbitsmap_ln0 = specbitsmap void @_ssdm_op_SpecBitsMap, i8 %k"   --->   Operation 170 'specbitsmap' 'specbitsmap_ln0' <Predicate = true> <Delay = 0.00>
ST_1 : Operation 171 [1/1] (0.00ns)   --->   "%specinterface_ln0 = specinterface void @_ssdm_op_SpecInterface, i8 %buf_r, void @empty_6, i32 0, i32 0, void @empty, i32 4294967295, i32 0, void @empty, void @empty, void @empty, i32 0, i32 0, i32 0, i32 0, void @empty, void @empty"   --->   Operation 171 'specinterface' 'specinterface_ln0' <Predicate = true> <Delay = 0.00>
ST_1 : Operation 172 [1/1] (0.00ns)   --->   "%specbitsmap_ln0 = specbitsmap void @_ssdm_op_SpecBitsMap, i8 %buf_r"   --->   Operation 172 'specbitsmap' 'specbitsmap_ln0' <Predicate = true> <Delay = 0.00>
ST_1 : Operation 173 [1/1] (1.46ns)   --->   "%br_ln329 = br void" [aes.cpp:329]   --->   Operation 173 'br' 'br_ln329' <Predicate = true> <Delay = 1.46>

State 2 <SV = 1> <Delay = 1.91>
ST_2 : Operation 174 [1/1] (0.00ns)   --->   "%i = phi i6 %add_ln329, void %.split27, i6 0, void" [aes.cpp:329]   --->   Operation 174 'phi' 'i' <Predicate = true> <Delay = 0.00>
ST_2 : Operation 175 [2/2] (1.91ns)   --->   "%add_ln329 = add i6 %i, i6 1" [aes.cpp:329]   --->   Operation 175 'add' 'add_ln329' <Predicate = true> <Delay = 1.91> <CoreInst = "Adder">   --->   Core 1 'Adder' <Latency = 1> <II = 1> <Delay = 1.88> <FuncUnit> <Opcode : 'add' 'sub'> <InPorts = 2> <OutPorts = 1>
ST_2 : Operation 176 [1/1] (1.42ns)   --->   "%icmp_ln329 = icmp_eq  i6 %i, i6 32" [aes.cpp:329]   --->   Operation 176 'icmp' 'icmp_ln329' <Predicate = true> <Delay = 1.42> <CoreInst = "Cmp">   --->   Core 9 'Cmp' <Latency = 0> <II = 1> <Delay = 1.30> <FuncUnit> <Opcode : 'icmp'> <InPorts = 2> <OutPorts = 1>
ST_2 : Operation 177 [1/1] (0.00ns)   --->   "%br_ln329 = br i1 %icmp_ln329, void %.split27, void %.preheader25.preheader" [aes.cpp:329]   --->   Operation 177 'br' 'br_ln329' <Predicate = true> <Delay = 0.00>
ST_2 : Operation 178 [1/1] (0.00ns)   --->   "%i_cast12 = zext i6 %i" [aes.cpp:329]   --->   Operation 178 'zext' 'i_cast12' <Predicate = (!icmp_ln329)> <Delay = 0.00>
ST_2 : Operation 179 [1/1] (0.00ns)   --->   "%k_addr = getelementptr i8 %k, i64 0, i64 %i_cast12" [aes.cpp:330]   --->   Operation 179 'getelementptr' 'k_addr' <Predicate = (!icmp_ln329)> <Delay = 0.00>
ST_2 : Operation 180 [4/4] (1.86ns)   --->   "%k_load = load i5 %k_addr" [aes.cpp:330]   --->   Operation 180 'load' 'k_load' <Predicate = (!icmp_ln329)> <Delay = 1.86> <CoreInst = "RAM">   --->   Core 82 'RAM' <Latency = 3> <II = 1> <Delay = 1.86> <Storage> <Opcode : 'load' 'store'> <Ports = 2> <Width = 8> <Depth = 32> <RAM>

State 3 <SV = 2> <Delay = 1.91>
ST_3 : Operation 181 [1/2] (1.91ns)   --->   "%add_ln329 = add i6 %i, i6 1" [aes.cpp:329]   --->   Operation 181 'add' 'add_ln329' <Predicate = true> <Delay = 1.91> <CoreInst = "Adder">   --->   Core 1 'Adder' <Latency = 1> <II = 1> <Delay = 1.88> <FuncUnit> <Opcode : 'add' 'sub'> <InPorts = 2> <OutPorts = 1>
ST_3 : Operation 182 [1/1] (0.00ns)   --->   "%specpipeline_ln0 = specpipeline void @_ssdm_op_SpecPipeline, i32 4294967295, i32 0, i32 1, i32 0, void @p_str"   --->   Operation 182 'specpipeline' 'specpipeline_ln0' <Predicate = true> <Delay = 0.00>
ST_3 : Operation 183 [1/1] (0.00ns)   --->   "%empty = speclooptripcount i32 @_ssdm_op_SpecLoopTripCount, i64 32, i64 32, i64 32"   --->   Operation 183 'speclooptripcount' 'empty' <Predicate = true> <Delay = 0.00>
ST_3 : Operation 184 [3/4] (1.86ns)   --->   "%k_load = load i5 %k_addr" [aes.cpp:330]   --->   Operation 184 'load' 'k_load' <Predicate = (!icmp_ln329)> <Delay = 1.86> <CoreInst = "RAM">   --->   Core 82 'RAM' <Latency = 3> <II = 1> <Delay = 1.86> <Storage> <Opcode : 'load' 'store'> <Ports = 2> <Width = 8> <Depth = 32> <RAM>

State 4 <SV = 3> <Delay = 1.86>
ST_4 : Operation 185 [2/4] (1.86ns)   --->   "%k_load = load i5 %k_addr" [aes.cpp:330]   --->   Operation 185 'load' 'k_load' <Predicate = (!icmp_ln329)> <Delay = 1.86> <CoreInst = "RAM">   --->   Core 82 'RAM' <Latency = 3> <II = 1> <Delay = 1.86> <Storage> <Opcode : 'load' 'store'> <Ports = 2> <Width = 8> <Depth = 32> <RAM>

State 5 <SV = 4> <Delay = 1.86>
ST_5 : Operation 186 [1/4] (1.86ns)   --->   "%k_load = load i5 %k_addr" [aes.cpp:330]   --->   Operation 186 'load' 'k_load' <Predicate = (!icmp_ln329)> <Delay = 1.86> <CoreInst = "RAM">   --->   Core 82 'RAM' <Latency = 3> <II = 1> <Delay = 1.86> <Storage> <Opcode : 'load' 'store'> <Ports = 2> <Width = 8> <Depth = 32> <RAM>
ST_5 : Operation 187 [1/1] (0.00ns)   --->   "%or_ln = bitconcatenate i7 @_ssdm_op_BitConcatenate.i7.i1.i6, i1 1, i6 %i" [aes.cpp:330]   --->   Operation 187 'bitconcatenate' 'or_ln' <Predicate = (!icmp_ln329)> <Delay = 0.00>
ST_5 : Operation 188 [1/1] (0.97ns)   --->   "%xor_ln330 = xor i6 %i, i6 32" [aes.cpp:330]   --->   Operation 188 'xor' 'xor_ln330' <Predicate = (!icmp_ln329)> <Delay = 0.97> <CoreInst = "LogicGate">   --->   Core 74 'LogicGate' <Latency = 0> <II = 1> <Delay = 0.99> <FuncUnit> <Opcode : 'and' 'or' 'xor'> <InPorts = 2> <OutPorts = 1>

State 6 <SV = 5> <Delay = 1.86>
ST_6 : Operation 189 [1/1] (0.00ns)   --->   "%zext_ln330 = zext i7 %or_ln" [aes.cpp:330]   --->   Operation 189 'zext' 'zext_ln330' <Predicate = (!icmp_ln329)> <Delay = 0.00>
ST_6 : Operation 190 [1/1] (0.00ns)   --->   "%ctx_addr = getelementptr i8 %ctx, i64 0, i64 %zext_ln330" [aes.cpp:330]   --->   Operation 190 'getelementptr' 'ctx_addr' <Predicate = (!icmp_ln329)> <Delay = 0.00>
ST_6 : Operation 191 [2/2] (1.86ns)   --->   "%store_ln330 = store i8 %k_load, i7 %ctx_addr" [aes.cpp:330]   --->   Operation 191 'store' 'store_ln330' <Predicate = (!icmp_ln329)> <Delay = 1.86> <CoreInst = "RAM">   --->   Core 82 'RAM' <Latency = 3> <II = 1> <Delay = 1.86> <Storage> <Opcode : 'load' 'store'> <Ports = 2> <Width = 8> <Depth = 96> <RAM>
ST_6 : Operation 192 [1/1] (0.00ns)   --->   "%zext_ln330_1 = zext i6 %xor_ln330" [aes.cpp:330]   --->   Operation 192 'zext' 'zext_ln330_1' <Predicate = (!icmp_ln329)> <Delay = 0.00>
ST_6 : Operation 193 [1/1] (0.00ns)   --->   "%ctx_addr_1 = getelementptr i8 %ctx, i64 0, i64 %zext_ln330_1" [aes.cpp:330]   --->   Operation 193 'getelementptr' 'ctx_addr_1' <Predicate = (!icmp_ln329)> <Delay = 0.00>
ST_6 : Operation 194 [2/2] (1.86ns)   --->   "%store_ln330 = store i8 %k_load, i7 %ctx_addr_1" [aes.cpp:330]   --->   Operation 194 'store' 'store_ln330' <Predicate = (!icmp_ln329)> <Delay = 1.86> <CoreInst = "RAM">   --->   Core 82 'RAM' <Latency = 3> <II = 1> <Delay = 1.86> <Storage> <Opcode : 'load' 'store'> <Ports = 2> <Width = 8> <Depth = 96> <RAM>

State 7 <SV = 6> <Delay = 1.86>
ST_7 : Operation 195 [1/1] (0.00ns)   --->   "%specloopname_ln327 = specloopname void @_ssdm_op_SpecLoopName, void @empty_5" [aes.cpp:327]   --->   Operation 195 'specloopname' 'specloopname_ln327' <Predicate = (!icmp_ln329)> <Delay = 0.00>
ST_7 : Operation 196 [1/2] (1.86ns)   --->   "%store_ln330 = store i8 %k_load, i7 %ctx_addr" [aes.cpp:330]   --->   Operation 196 'store' 'store_ln330' <Predicate = (!icmp_ln329)> <Delay = 1.86> <CoreInst = "RAM">   --->   Core 82 'RAM' <Latency = 3> <II = 1> <Delay = 1.86> <Storage> <Opcode : 'load' 'store'> <Ports = 2> <Width = 8> <Depth = 96> <RAM>
ST_7 : Operation 197 [1/2] (1.86ns)   --->   "%store_ln330 = store i8 %k_load, i7 %ctx_addr_1" [aes.cpp:330]   --->   Operation 197 'store' 'store_ln330' <Predicate = (!icmp_ln329)> <Delay = 1.86> <CoreInst = "RAM">   --->   Core 82 'RAM' <Latency = 3> <II = 1> <Delay = 1.86> <Storage> <Opcode : 'load' 'store'> <Ports = 2> <Width = 8> <Depth = 96> <RAM>
ST_7 : Operation 198 [1/1] (0.00ns)   --->   "%br_ln0 = br void"   --->   Operation 198 'br' 'br_ln0' <Predicate = (!icmp_ln329)> <Delay = 0.00>

State 8 <SV = 3> <Delay = 1.46>
ST_8 : Operation 199 [1/1] (1.46ns)   --->   "%br_ln0 = br void %.preheader25"   --->   Operation 199 'br' 'br_ln0' <Predicate = true> <Delay = 1.46>

State 9 <SV = 4> <Delay = 1.13>
ST_9 : Operation 200 [1/1] (0.00ns)   --->   "%rcon_0 = phi i8 %rcon, void, i8 1, void %.preheader25.preheader"   --->   Operation 200 'phi' 'rcon_0' <Predicate = true> <Delay = 0.00>
ST_9 : Operation 201 [1/1] (0.00ns)   --->   "%i_1 = phi i3 %add_ln332, void, i3 7, void %.preheader25.preheader" [aes.cpp:332]   --->   Operation 201 'phi' 'i_1' <Predicate = true> <Delay = 0.00>
ST_9 : Operation 202 [1/1] (0.00ns)   --->   "%specpipeline_ln0 = specpipeline void @_ssdm_op_SpecPipeline, i32 4294967295, i32 0, i32 1, i32 0, void @p_str"   --->   Operation 202 'specpipeline' 'specpipeline_ln0' <Predicate = true> <Delay = 0.00>
ST_9 : Operation 203 [1/1] (1.13ns)   --->   "%icmp_ln332 = icmp_eq  i3 %i_1, i3 0" [aes.cpp:332]   --->   Operation 203 'icmp' 'icmp_ln332' <Predicate = true> <Delay = 1.13> <CoreInst = "Cmp">   --->   Core 9 'Cmp' <Latency = 0> <II = 1> <Delay = 1.30> <FuncUnit> <Opcode : 'icmp'> <InPorts = 2> <OutPorts = 1>
ST_9 : Operation 204 [1/1] (0.00ns)   --->   "%empty_11 = speclooptripcount i32 @_ssdm_op_SpecLoopTripCount, i64 7, i64 7, i64 7"   --->   Operation 204 'speclooptripcount' 'empty_11' <Predicate = true> <Delay = 0.00>
ST_9 : Operation 205 [1/1] (0.00ns)   --->   "%br_ln332 = br i1 %icmp_ln332, void, void %.preheader24.preheader" [aes.cpp:332]   --->   Operation 205 'br' 'br_ln332' <Predicate = true> <Delay = 0.00>

State 10 <SV = 5> <Delay = 1.46>
ST_10 : Operation 206 [35/35] (1.46ns)   --->   "%rcon = call i8 @aes_expandEncKey, i8 %ctx, i7 64, i8 %rcon_0, i8 %sbox" [aes.cpp:333]   --->   Operation 206 'call' 'rcon' <Predicate = (!icmp_ln332)> <Delay = 1.46> <CoreType = "Generic">   --->   Core 0 '' <Latency = 0> <II = 1> <Delay = 1.00> <Generic> <Opcode : >

State 11 <SV = 6> <Delay = 1.46>
ST_11 : Operation 207 [34/35] (1.46ns)   --->   "%rcon = call i8 @aes_expandEncKey, i8 %ctx, i7 64, i8 %rcon_0, i8 %sbox" [aes.cpp:333]   --->   Operation 207 'call' 'rcon' <Predicate = (!icmp_ln332)> <Delay = 1.46> <CoreType = "Generic">   --->   Core 0 '' <Latency = 0> <II = 1> <Delay = 1.00> <Generic> <Opcode : >

State 12 <SV = 7> <Delay = 1.46>
ST_12 : Operation 208 [33/35] (1.46ns)   --->   "%rcon = call i8 @aes_expandEncKey, i8 %ctx, i7 64, i8 %rcon_0, i8 %sbox" [aes.cpp:333]   --->   Operation 208 'call' 'rcon' <Predicate = (!icmp_ln332)> <Delay = 1.46> <CoreType = "Generic">   --->   Core 0 '' <Latency = 0> <II = 1> <Delay = 1.00> <Generic> <Opcode : >

State 13 <SV = 8> <Delay = 1.46>
ST_13 : Operation 209 [32/35] (1.46ns)   --->   "%rcon = call i8 @aes_expandEncKey, i8 %ctx, i7 64, i8 %rcon_0, i8 %sbox" [aes.cpp:333]   --->   Operation 209 'call' 'rcon' <Predicate = (!icmp_ln332)> <Delay = 1.46> <CoreType = "Generic">   --->   Core 0 '' <Latency = 0> <II = 1> <Delay = 1.00> <Generic> <Opcode : >

State 14 <SV = 9> <Delay = 1.46>
ST_14 : Operation 210 [31/35] (1.46ns)   --->   "%rcon = call i8 @aes_expandEncKey, i8 %ctx, i7 64, i8 %rcon_0, i8 %sbox" [aes.cpp:333]   --->   Operation 210 'call' 'rcon' <Predicate = (!icmp_ln332)> <Delay = 1.46> <CoreType = "Generic">   --->   Core 0 '' <Latency = 0> <II = 1> <Delay = 1.00> <Generic> <Opcode : >

State 15 <SV = 10> <Delay = 1.46>
ST_15 : Operation 211 [30/35] (1.46ns)   --->   "%rcon = call i8 @aes_expandEncKey, i8 %ctx, i7 64, i8 %rcon_0, i8 %sbox" [aes.cpp:333]   --->   Operation 211 'call' 'rcon' <Predicate = (!icmp_ln332)> <Delay = 1.46> <CoreType = "Generic">   --->   Core 0 '' <Latency = 0> <II = 1> <Delay = 1.00> <Generic> <Opcode : >

State 16 <SV = 11> <Delay = 1.46>
ST_16 : Operation 212 [29/35] (1.46ns)   --->   "%rcon = call i8 @aes_expandEncKey, i8 %ctx, i7 64, i8 %rcon_0, i8 %sbox" [aes.cpp:333]   --->   Operation 212 'call' 'rcon' <Predicate = (!icmp_ln332)> <Delay = 1.46> <CoreType = "Generic">   --->   Core 0 '' <Latency = 0> <II = 1> <Delay = 1.00> <Generic> <Opcode : >

State 17 <SV = 12> <Delay = 1.46>
ST_17 : Operation 213 [28/35] (1.46ns)   --->   "%rcon = call i8 @aes_expandEncKey, i8 %ctx, i7 64, i8 %rcon_0, i8 %sbox" [aes.cpp:333]   --->   Operation 213 'call' 'rcon' <Predicate = (!icmp_ln332)> <Delay = 1.46> <CoreType = "Generic">   --->   Core 0 '' <Latency = 0> <II = 1> <Delay = 1.00> <Generic> <Opcode : >

State 18 <SV = 13> <Delay = 1.46>
ST_18 : Operation 214 [27/35] (1.46ns)   --->   "%rcon = call i8 @aes_expandEncKey, i8 %ctx, i7 64, i8 %rcon_0, i8 %sbox" [aes.cpp:333]   --->   Operation 214 'call' 'rcon' <Predicate = (!icmp_ln332)> <Delay = 1.46> <CoreType = "Generic">   --->   Core 0 '' <Latency = 0> <II = 1> <Delay = 1.00> <Generic> <Opcode : >

State 19 <SV = 14> <Delay = 1.46>
ST_19 : Operation 215 [26/35] (1.46ns)   --->   "%rcon = call i8 @aes_expandEncKey, i8 %ctx, i7 64, i8 %rcon_0, i8 %sbox" [aes.cpp:333]   --->   Operation 215 'call' 'rcon' <Predicate = (!icmp_ln332)> <Delay = 1.46> <CoreType = "Generic">   --->   Core 0 '' <Latency = 0> <II = 1> <Delay = 1.00> <Generic> <Opcode : >

State 20 <SV = 15> <Delay = 1.46>
ST_20 : Operation 216 [25/35] (1.46ns)   --->   "%rcon = call i8 @aes_expandEncKey, i8 %ctx, i7 64, i8 %rcon_0, i8 %sbox" [aes.cpp:333]   --->   Operation 216 'call' 'rcon' <Predicate = (!icmp_ln332)> <Delay = 1.46> <CoreType = "Generic">   --->   Core 0 '' <Latency = 0> <II = 1> <Delay = 1.00> <Generic> <Opcode : >

State 21 <SV = 16> <Delay = 1.46>
ST_21 : Operation 217 [24/35] (1.46ns)   --->   "%rcon = call i8 @aes_expandEncKey, i8 %ctx, i7 64, i8 %rcon_0, i8 %sbox" [aes.cpp:333]   --->   Operation 217 'call' 'rcon' <Predicate = (!icmp_ln332)> <Delay = 1.46> <CoreType = "Generic">   --->   Core 0 '' <Latency = 0> <II = 1> <Delay = 1.00> <Generic> <Opcode : >

State 22 <SV = 17> <Delay = 1.46>
ST_22 : Operation 218 [23/35] (1.46ns)   --->   "%rcon = call i8 @aes_expandEncKey, i8 %ctx, i7 64, i8 %rcon_0, i8 %sbox" [aes.cpp:333]   --->   Operation 218 'call' 'rcon' <Predicate = (!icmp_ln332)> <Delay = 1.46> <CoreType = "Generic">   --->   Core 0 '' <Latency = 0> <II = 1> <Delay = 1.00> <Generic> <Opcode : >

State 23 <SV = 18> <Delay = 1.46>
ST_23 : Operation 219 [22/35] (1.46ns)   --->   "%rcon = call i8 @aes_expandEncKey, i8 %ctx, i7 64, i8 %rcon_0, i8 %sbox" [aes.cpp:333]   --->   Operation 219 'call' 'rcon' <Predicate = (!icmp_ln332)> <Delay = 1.46> <CoreType = "Generic">   --->   Core 0 '' <Latency = 0> <II = 1> <Delay = 1.00> <Generic> <Opcode : >

State 24 <SV = 19> <Delay = 1.46>
ST_24 : Operation 220 [21/35] (1.46ns)   --->   "%rcon = call i8 @aes_expandEncKey, i8 %ctx, i7 64, i8 %rcon_0, i8 %sbox" [aes.cpp:333]   --->   Operation 220 'call' 'rcon' <Predicate = (!icmp_ln332)> <Delay = 1.46> <CoreType = "Generic">   --->   Core 0 '' <Latency = 0> <II = 1> <Delay = 1.00> <Generic> <Opcode : >

State 25 <SV = 20> <Delay = 1.46>
ST_25 : Operation 221 [20/35] (1.46ns)   --->   "%rcon = call i8 @aes_expandEncKey, i8 %ctx, i7 64, i8 %rcon_0, i8 %sbox" [aes.cpp:333]   --->   Operation 221 'call' 'rcon' <Predicate = (!icmp_ln332)> <Delay = 1.46> <CoreType = "Generic">   --->   Core 0 '' <Latency = 0> <II = 1> <Delay = 1.00> <Generic> <Opcode : >

State 26 <SV = 21> <Delay = 1.46>
ST_26 : Operation 222 [19/35] (1.46ns)   --->   "%rcon = call i8 @aes_expandEncKey, i8 %ctx, i7 64, i8 %rcon_0, i8 %sbox" [aes.cpp:333]   --->   Operation 222 'call' 'rcon' <Predicate = (!icmp_ln332)> <Delay = 1.46> <CoreType = "Generic">   --->   Core 0 '' <Latency = 0> <II = 1> <Delay = 1.00> <Generic> <Opcode : >

State 27 <SV = 22> <Delay = 1.46>
ST_27 : Operation 223 [18/35] (1.46ns)   --->   "%rcon = call i8 @aes_expandEncKey, i8 %ctx, i7 64, i8 %rcon_0, i8 %sbox" [aes.cpp:333]   --->   Operation 223 'call' 'rcon' <Predicate = (!icmp_ln332)> <Delay = 1.46> <CoreType = "Generic">   --->   Core 0 '' <Latency = 0> <II = 1> <Delay = 1.00> <Generic> <Opcode : >

State 28 <SV = 23> <Delay = 1.46>
ST_28 : Operation 224 [17/35] (1.46ns)   --->   "%rcon = call i8 @aes_expandEncKey, i8 %ctx, i7 64, i8 %rcon_0, i8 %sbox" [aes.cpp:333]   --->   Operation 224 'call' 'rcon' <Predicate = (!icmp_ln332)> <Delay = 1.46> <CoreType = "Generic">   --->   Core 0 '' <Latency = 0> <II = 1> <Delay = 1.00> <Generic> <Opcode : >

State 29 <SV = 24> <Delay = 1.46>
ST_29 : Operation 225 [16/35] (1.46ns)   --->   "%rcon = call i8 @aes_expandEncKey, i8 %ctx, i7 64, i8 %rcon_0, i8 %sbox" [aes.cpp:333]   --->   Operation 225 'call' 'rcon' <Predicate = (!icmp_ln332)> <Delay = 1.46> <CoreType = "Generic">   --->   Core 0 '' <Latency = 0> <II = 1> <Delay = 1.00> <Generic> <Opcode : >

State 30 <SV = 25> <Delay = 1.46>
ST_30 : Operation 226 [15/35] (1.46ns)   --->   "%rcon = call i8 @aes_expandEncKey, i8 %ctx, i7 64, i8 %rcon_0, i8 %sbox" [aes.cpp:333]   --->   Operation 226 'call' 'rcon' <Predicate = (!icmp_ln332)> <Delay = 1.46> <CoreType = "Generic">   --->   Core 0 '' <Latency = 0> <II = 1> <Delay = 1.00> <Generic> <Opcode : >

State 31 <SV = 26> <Delay = 1.46>
ST_31 : Operation 227 [14/35] (1.46ns)   --->   "%rcon = call i8 @aes_expandEncKey, i8 %ctx, i7 64, i8 %rcon_0, i8 %sbox" [aes.cpp:333]   --->   Operation 227 'call' 'rcon' <Predicate = (!icmp_ln332)> <Delay = 1.46> <CoreType = "Generic">   --->   Core 0 '' <Latency = 0> <II = 1> <Delay = 1.00> <Generic> <Opcode : >

State 32 <SV = 27> <Delay = 1.46>
ST_32 : Operation 228 [13/35] (1.46ns)   --->   "%rcon = call i8 @aes_expandEncKey, i8 %ctx, i7 64, i8 %rcon_0, i8 %sbox" [aes.cpp:333]   --->   Operation 228 'call' 'rcon' <Predicate = (!icmp_ln332)> <Delay = 1.46> <CoreType = "Generic">   --->   Core 0 '' <Latency = 0> <II = 1> <Delay = 1.00> <Generic> <Opcode : >

State 33 <SV = 28> <Delay = 1.46>
ST_33 : Operation 229 [12/35] (1.46ns)   --->   "%rcon = call i8 @aes_expandEncKey, i8 %ctx, i7 64, i8 %rcon_0, i8 %sbox" [aes.cpp:333]   --->   Operation 229 'call' 'rcon' <Predicate = (!icmp_ln332)> <Delay = 1.46> <CoreType = "Generic">   --->   Core 0 '' <Latency = 0> <II = 1> <Delay = 1.00> <Generic> <Opcode : >

State 34 <SV = 29> <Delay = 1.46>
ST_34 : Operation 230 [11/35] (1.46ns)   --->   "%rcon = call i8 @aes_expandEncKey, i8 %ctx, i7 64, i8 %rcon_0, i8 %sbox" [aes.cpp:333]   --->   Operation 230 'call' 'rcon' <Predicate = (!icmp_ln332)> <Delay = 1.46> <CoreType = "Generic">   --->   Core 0 '' <Latency = 0> <II = 1> <Delay = 1.00> <Generic> <Opcode : >

State 35 <SV = 30> <Delay = 1.46>
ST_35 : Operation 231 [10/35] (1.46ns)   --->   "%rcon = call i8 @aes_expandEncKey, i8 %ctx, i7 64, i8 %rcon_0, i8 %sbox" [aes.cpp:333]   --->   Operation 231 'call' 'rcon' <Predicate = (!icmp_ln332)> <Delay = 1.46> <CoreType = "Generic">   --->   Core 0 '' <Latency = 0> <II = 1> <Delay = 1.00> <Generic> <Opcode : >

State 36 <SV = 31> <Delay = 1.46>
ST_36 : Operation 232 [9/35] (1.46ns)   --->   "%rcon = call i8 @aes_expandEncKey, i8 %ctx, i7 64, i8 %rcon_0, i8 %sbox" [aes.cpp:333]   --->   Operation 232 'call' 'rcon' <Predicate = (!icmp_ln332)> <Delay = 1.46> <CoreType = "Generic">   --->   Core 0 '' <Latency = 0> <II = 1> <Delay = 1.00> <Generic> <Opcode : >

State 37 <SV = 32> <Delay = 1.46>
ST_37 : Operation 233 [8/35] (1.46ns)   --->   "%rcon = call i8 @aes_expandEncKey, i8 %ctx, i7 64, i8 %rcon_0, i8 %sbox" [aes.cpp:333]   --->   Operation 233 'call' 'rcon' <Predicate = (!icmp_ln332)> <Delay = 1.46> <CoreType = "Generic">   --->   Core 0 '' <Latency = 0> <II = 1> <Delay = 1.00> <Generic> <Opcode : >

State 38 <SV = 33> <Delay = 1.46>
ST_38 : Operation 234 [7/35] (1.46ns)   --->   "%rcon = call i8 @aes_expandEncKey, i8 %ctx, i7 64, i8 %rcon_0, i8 %sbox" [aes.cpp:333]   --->   Operation 234 'call' 'rcon' <Predicate = (!icmp_ln332)> <Delay = 1.46> <CoreType = "Generic">   --->   Core 0 '' <Latency = 0> <II = 1> <Delay = 1.00> <Generic> <Opcode : >

State 39 <SV = 34> <Delay = 1.46>
ST_39 : Operation 235 [6/35] (1.46ns)   --->   "%rcon = call i8 @aes_expandEncKey, i8 %ctx, i7 64, i8 %rcon_0, i8 %sbox" [aes.cpp:333]   --->   Operation 235 'call' 'rcon' <Predicate = (!icmp_ln332)> <Delay = 1.46> <CoreType = "Generic">   --->   Core 0 '' <Latency = 0> <II = 1> <Delay = 1.00> <Generic> <Opcode : >

State 40 <SV = 35> <Delay = 1.46>
ST_40 : Operation 236 [5/35] (1.46ns)   --->   "%rcon = call i8 @aes_expandEncKey, i8 %ctx, i7 64, i8 %rcon_0, i8 %sbox" [aes.cpp:333]   --->   Operation 236 'call' 'rcon' <Predicate = (!icmp_ln332)> <Delay = 1.46> <CoreType = "Generic">   --->   Core 0 '' <Latency = 0> <II = 1> <Delay = 1.00> <Generic> <Opcode : >

State 41 <SV = 36> <Delay = 1.46>
ST_41 : Operation 237 [4/35] (1.46ns)   --->   "%rcon = call i8 @aes_expandEncKey, i8 %ctx, i7 64, i8 %rcon_0, i8 %sbox" [aes.cpp:333]   --->   Operation 237 'call' 'rcon' <Predicate = (!icmp_ln332)> <Delay = 1.46> <CoreType = "Generic">   --->   Core 0 '' <Latency = 0> <II = 1> <Delay = 1.00> <Generic> <Opcode : >

State 42 <SV = 37> <Delay = 1.87>
ST_42 : Operation 238 [2/2] (1.87ns)   --->   "%add_ln332 = add i3 %i_1, i3 7" [aes.cpp:332]   --->   Operation 238 'add' 'add_ln332' <Predicate = (!icmp_ln332)> <Delay = 1.87> <CoreInst = "Adder">   --->   Core 1 'Adder' <Latency = 1> <II = 1> <Delay = 1.88> <FuncUnit> <Opcode : 'add' 'sub'> <InPorts = 2> <OutPorts = 1>
ST_42 : Operation 239 [3/35] (1.46ns)   --->   "%rcon = call i8 @aes_expandEncKey, i8 %ctx, i7 64, i8 %rcon_0, i8 %sbox" [aes.cpp:333]   --->   Operation 239 'call' 'rcon' <Predicate = (!icmp_ln332)> <Delay = 1.46> <CoreType = "Generic">   --->   Core 0 '' <Latency = 0> <II = 1> <Delay = 1.00> <Generic> <Opcode : >

State 43 <SV = 38> <Delay = 1.87>
ST_43 : Operation 240 [1/2] (1.87ns)   --->   "%add_ln332 = add i3 %i_1, i3 7" [aes.cpp:332]   --->   Operation 240 'add' 'add_ln332' <Predicate = (!icmp_ln332)> <Delay = 1.87> <CoreInst = "Adder">   --->   Core 1 'Adder' <Latency = 1> <II = 1> <Delay = 1.88> <FuncUnit> <Opcode : 'add' 'sub'> <InPorts = 2> <OutPorts = 1>
ST_43 : Operation 241 [2/35] (1.46ns)   --->   "%rcon = call i8 @aes_expandEncKey, i8 %ctx, i7 64, i8 %rcon_0, i8 %sbox" [aes.cpp:333]   --->   Operation 241 'call' 'rcon' <Predicate = (!icmp_ln332)> <Delay = 1.46> <CoreType = "Generic">   --->   Core 0 '' <Latency = 0> <II = 1> <Delay = 1.00> <Generic> <Opcode : >

State 44 <SV = 39> <Delay = 0.00>
ST_44 : Operation 242 [1/1] (0.00ns)   --->   "%specloopname_ln333 = specloopname void @_ssdm_op_SpecLoopName, void @empty_4" [aes.cpp:333]   --->   Operation 242 'specloopname' 'specloopname_ln333' <Predicate = (!icmp_ln332)> <Delay = 0.00>
ST_44 : Operation 243 [1/35] (0.00ns)   --->   "%rcon = call i8 @aes_expandEncKey, i8 %ctx, i7 64, i8 %rcon_0, i8 %sbox" [aes.cpp:333]   --->   Operation 243 'call' 'rcon' <Predicate = (!icmp_ln332)> <Delay = 0.00> <CoreType = "Generic">   --->   Core 0 '' <Latency = 0> <II = 1> <Delay = 1.00> <Generic> <Opcode : >
ST_44 : Operation 244 [1/1] (0.00ns)   --->   "%br_ln332 = br void %.preheader25" [aes.cpp:332]   --->   Operation 244 'br' 'br_ln332' <Predicate = (!icmp_ln332)> <Delay = 0.00>

State 45 <SV = 5> <Delay = 1.46>
ST_45 : Operation 245 [1/1] (1.46ns)   --->   "%br_ln0 = br void %.preheader24"   --->   Operation 245 'br' 'br_ln0' <Predicate = true> <Delay = 1.46>

State 46 <SV = 6> <Delay = 1.86>
ST_46 : Operation 246 [1/1] (0.00ns)   --->   "%i_2 = phi i4 %add_ln269, void %.preheader24, i4 15, void %.preheader24.preheader" [aes.cpp:269]   --->   Operation 246 'phi' 'i_2' <Predicate = true> <Delay = 0.00>
ST_46 : Operation 247 [1/1] (0.00ns)   --->   "%trunc_ln269_cast13 = zext i4 %i_2" [aes.cpp:269]   --->   Operation 247 'zext' 'trunc_ln269_cast13' <Predicate = true> <Delay = 0.00>
ST_46 : Operation 248 [1/1] (0.00ns)   --->   "%or_ln1 = bitconcatenate i6 @_ssdm_op_BitConcatenate.i6.i2.i4, i2 2, i4 %i_2" [aes.cpp:269]   --->   Operation 248 'bitconcatenate' 'or_ln1' <Predicate = true> <Delay = 0.00>
ST_46 : Operation 249 [1/1] (0.00ns)   --->   "%zext_ln269_1 = zext i6 %or_ln1" [aes.cpp:269]   --->   Operation 249 'zext' 'zext_ln269_1' <Predicate = true> <Delay = 0.00>
ST_46 : Operation 250 [1/1] (0.00ns)   --->   "%ctx_addr_2 = getelementptr i8 %ctx, i64 0, i64 %zext_ln269_1" [aes.cpp:269]   --->   Operation 250 'getelementptr' 'ctx_addr_2' <Predicate = true> <Delay = 0.00>
ST_46 : Operation 251 [4/4] (1.86ns)   --->   "%ctx_load = load i7 %ctx_addr_2" [aes.cpp:269]   --->   Operation 251 'load' 'ctx_load' <Predicate = true> <Delay = 1.86> <CoreInst = "RAM">   --->   Core 82 'RAM' <Latency = 3> <II = 1> <Delay = 1.86> <Storage> <Opcode : 'load' 'store'> <Ports = 2> <Width = 8> <Depth = 96> <RAM>
ST_46 : Operation 252 [1/1] (0.00ns)   --->   "%buf_addr = getelementptr i8 %buf_r, i64 0, i64 %trunc_ln269_cast13" [aes.cpp:269]   --->   Operation 252 'getelementptr' 'buf_addr' <Predicate = true> <Delay = 0.00>
ST_46 : Operation 253 [4/4] (1.86ns)   --->   "%buf_load = load i4 %buf_addr" [aes.cpp:269]   --->   Operation 253 'load' 'buf_load' <Predicate = true> <Delay = 1.86> <CoreInst = "RAM">   --->   Core 82 'RAM' <Latency = 3> <II = 1> <Delay = 1.86> <Storage> <Opcode : 'load' 'store'> <Ports = 2> <Width = 8> <Depth = 16> <RAM>
ST_46 : Operation 254 [1/1] (0.00ns)   --->   "%or_ln269_2 = bitconcatenate i6 @_ssdm_op_BitConcatenate.i6.i2.i4, i2 3, i4 %i_2" [aes.cpp:269]   --->   Operation 254 'bitconcatenate' 'or_ln269_2' <Predicate = true> <Delay = 0.00>
ST_46 : Operation 255 [1/1] (0.00ns)   --->   "%zext_ln269_2 = zext i6 %or_ln269_2" [aes.cpp:269]   --->   Operation 255 'zext' 'zext_ln269_2' <Predicate = true> <Delay = 0.00>
ST_46 : Operation 256 [1/1] (0.00ns)   --->   "%ctx_addr_4 = getelementptr i8 %ctx, i64 0, i64 %zext_ln269_2" [aes.cpp:269]   --->   Operation 256 'getelementptr' 'ctx_addr_4' <Predicate = true> <Delay = 0.00>
ST_46 : Operation 257 [4/4] (1.86ns)   --->   "%ctx_load_1 = load i7 %ctx_addr_4" [aes.cpp:269]   --->   Operation 257 'load' 'ctx_load_1' <Predicate = true> <Delay = 1.86> <CoreInst = "RAM">   --->   Core 82 'RAM' <Latency = 3> <II = 1> <Delay = 1.86> <Storage> <Opcode : 'load' 'store'> <Ports = 2> <Width = 8> <Depth = 96> <RAM>

State 47 <SV = 7> <Delay = 1.86>
ST_47 : Operation 258 [3/4] (1.86ns)   --->   "%ctx_load = load i7 %ctx_addr_2" [aes.cpp:269]   --->   Operation 258 'load' 'ctx_load' <Predicate = true> <Delay = 1.86> <CoreInst = "RAM">   --->   Core 82 'RAM' <Latency = 3> <II = 1> <Delay = 1.86> <Storage> <Opcode : 'load' 'store'> <Ports = 2> <Width = 8> <Depth = 96> <RAM>
ST_47 : Operation 259 [3/4] (1.86ns)   --->   "%buf_load = load i4 %buf_addr" [aes.cpp:269]   --->   Operation 259 'load' 'buf_load' <Predicate = true> <Delay = 1.86> <CoreInst = "RAM">   --->   Core 82 'RAM' <Latency = 3> <II = 1> <Delay = 1.86> <Storage> <Opcode : 'load' 'store'> <Ports = 2> <Width = 8> <Depth = 16> <RAM>
ST_47 : Operation 260 [3/4] (1.86ns)   --->   "%ctx_load_1 = load i7 %ctx_addr_4" [aes.cpp:269]   --->   Operation 260 'load' 'ctx_load_1' <Predicate = true> <Delay = 1.86> <CoreInst = "RAM">   --->   Core 82 'RAM' <Latency = 3> <II = 1> <Delay = 1.86> <Storage> <Opcode : 'load' 'store'> <Ports = 2> <Width = 8> <Depth = 96> <RAM>

State 48 <SV = 8> <Delay = 1.86>
ST_48 : Operation 261 [2/4] (1.86ns)   --->   "%ctx_load = load i7 %ctx_addr_2" [aes.cpp:269]   --->   Operation 261 'load' 'ctx_load' <Predicate = true> <Delay = 1.86> <CoreInst = "RAM">   --->   Core 82 'RAM' <Latency = 3> <II = 1> <Delay = 1.86> <Storage> <Opcode : 'load' 'store'> <Ports = 2> <Width = 8> <Depth = 96> <RAM>
ST_48 : Operation 262 [2/4] (1.86ns)   --->   "%buf_load = load i4 %buf_addr" [aes.cpp:269]   --->   Operation 262 'load' 'buf_load' <Predicate = true> <Delay = 1.86> <CoreInst = "RAM">   --->   Core 82 'RAM' <Latency = 3> <II = 1> <Delay = 1.86> <Storage> <Opcode : 'load' 'store'> <Ports = 2> <Width = 8> <Depth = 16> <RAM>
ST_48 : Operation 263 [2/4] (1.86ns)   --->   "%ctx_load_1 = load i7 %ctx_addr_4" [aes.cpp:269]   --->   Operation 263 'load' 'ctx_load_1' <Predicate = true> <Delay = 1.86> <CoreInst = "RAM">   --->   Core 82 'RAM' <Latency = 3> <II = 1> <Delay = 1.86> <Storage> <Opcode : 'load' 'store'> <Ports = 2> <Width = 8> <Depth = 96> <RAM>

State 49 <SV = 9> <Delay = 1.88>
ST_49 : Operation 264 [2/2] (1.88ns)   --->   "%add_ln269 = add i4 %i_2, i4 15" [aes.cpp:269]   --->   Operation 264 'add' 'add_ln269' <Predicate = true> <Delay = 1.88> <CoreInst = "Adder">   --->   Core 1 'Adder' <Latency = 1> <II = 1> <Delay = 1.88> <FuncUnit> <Opcode : 'add' 'sub'> <InPorts = 2> <OutPorts = 1>
ST_49 : Operation 265 [1/4] (1.86ns)   --->   "%ctx_load = load i7 %ctx_addr_2" [aes.cpp:269]   --->   Operation 265 'load' 'ctx_load' <Predicate = true> <Delay = 1.86> <CoreInst = "RAM">   --->   Core 82 'RAM' <Latency = 3> <II = 1> <Delay = 1.86> <Storage> <Opcode : 'load' 'store'> <Ports = 2> <Width = 8> <Depth = 96> <RAM>
ST_49 : Operation 266 [1/4] (1.86ns)   --->   "%buf_load = load i4 %buf_addr" [aes.cpp:269]   --->   Operation 266 'load' 'buf_load' <Predicate = true> <Delay = 1.86> <CoreInst = "RAM">   --->   Core 82 'RAM' <Latency = 3> <II = 1> <Delay = 1.86> <Storage> <Opcode : 'load' 'store'> <Ports = 2> <Width = 8> <Depth = 16> <RAM>
ST_49 : Operation 267 [1/1] (0.00ns)   --->   "%or_ln269_1 = bitconcatenate i5 @_ssdm_op_BitConcatenate.i5.i1.i4, i1 1, i4 %i_2" [aes.cpp:269]   --->   Operation 267 'bitconcatenate' 'or_ln269_1' <Predicate = true> <Delay = 0.00>
ST_49 : Operation 268 [1/4] (1.86ns)   --->   "%ctx_load_1 = load i7 %ctx_addr_4" [aes.cpp:269]   --->   Operation 268 'load' 'ctx_load_1' <Predicate = true> <Delay = 1.86> <CoreInst = "RAM">   --->   Core 82 'RAM' <Latency = 3> <II = 1> <Delay = 1.86> <Storage> <Opcode : 'load' 'store'> <Ports = 2> <Width = 8> <Depth = 96> <RAM>
ST_49 : Operation 269 [1/1] (1.30ns)   --->   "%icmp_ln269 = icmp_eq  i4 %i_2, i4 0" [aes.cpp:269]   --->   Operation 269 'icmp' 'icmp_ln269' <Predicate = true> <Delay = 1.30> <CoreInst = "Cmp">   --->   Core 9 'Cmp' <Latency = 0> <II = 1> <Delay = 1.30> <FuncUnit> <Opcode : 'icmp'> <InPorts = 2> <OutPorts = 1>
ST_49 : Operation 270 [1/1] (0.00ns)   --->   "%br_ln269 = br i1 %icmp_ln269, void %.preheader24, void %_Z19aes_addRoundKey_cpyPhS_S_.exit" [aes.cpp:269]   --->   Operation 270 'br' 'br_ln269' <Predicate = true> <Delay = 0.00>

State 50 <SV = 10> <Delay = 1.88>
ST_50 : Operation 271 [1/2] (1.88ns)   --->   "%add_ln269 = add i4 %i_2, i4 15" [aes.cpp:269]   --->   Operation 271 'add' 'add_ln269' <Predicate = true> <Delay = 1.88> <CoreInst = "Adder">   --->   Core 1 'Adder' <Latency = 1> <II = 1> <Delay = 1.88> <FuncUnit> <Opcode : 'add' 'sub'> <InPorts = 2> <OutPorts = 1>
ST_50 : Operation 272 [1/1] (0.00ns)   --->   "%ctx_addr_3 = getelementptr i8 %ctx, i64 0, i64 %trunc_ln269_cast13" [aes.cpp:269]   --->   Operation 272 'getelementptr' 'ctx_addr_3' <Predicate = true> <Delay = 0.00>
ST_50 : Operation 273 [2/2] (1.86ns)   --->   "%store_ln269 = store i8 %ctx_load, i7 %ctx_addr_3" [aes.cpp:269]   --->   Operation 273 'store' 'store_ln269' <Predicate = true> <Delay = 1.86> <CoreInst = "RAM">   --->   Core 82 'RAM' <Latency = 3> <II = 1> <Delay = 1.86> <Storage> <Opcode : 'load' 'store'> <Ports = 2> <Width = 8> <Depth = 96> <RAM>
ST_50 : Operation 274 [1/1] (0.99ns)   --->   "%xor_ln269 = xor i8 %buf_load, i8 %ctx_load" [aes.cpp:269]   --->   Operation 274 'xor' 'xor_ln269' <Predicate = true> <Delay = 0.99> <CoreInst = "LogicGate">   --->   Core 74 'LogicGate' <Latency = 0> <II = 1> <Delay = 0.99> <FuncUnit> <Opcode : 'and' 'or' 'xor'> <InPorts = 2> <OutPorts = 1>
ST_50 : Operation 275 [1/1] (0.00ns)   --->   "%zext_ln269 = zext i5 %or_ln269_1" [aes.cpp:269]   --->   Operation 275 'zext' 'zext_ln269' <Predicate = true> <Delay = 0.00>
ST_50 : Operation 276 [1/1] (0.00ns)   --->   "%ctx_addr_5 = getelementptr i8 %ctx, i64 0, i64 %zext_ln269" [aes.cpp:269]   --->   Operation 276 'getelementptr' 'ctx_addr_5' <Predicate = true> <Delay = 0.00>
ST_50 : Operation 277 [2/2] (1.86ns)   --->   "%store_ln269 = store i8 %ctx_load_1, i7 %ctx_addr_5" [aes.cpp:269]   --->   Operation 277 'store' 'store_ln269' <Predicate = true> <Delay = 1.86> <CoreInst = "RAM">   --->   Core 82 'RAM' <Latency = 3> <II = 1> <Delay = 1.86> <Storage> <Opcode : 'load' 'store'> <Ports = 2> <Width = 8> <Depth = 96> <RAM>

State 51 <SV = 11> <Delay = 1.86>
ST_51 : Operation 278 [1/2] (1.86ns)   --->   "%store_ln269 = store i8 %ctx_load, i7 %ctx_addr_3" [aes.cpp:269]   --->   Operation 278 'store' 'store_ln269' <Predicate = true> <Delay = 1.86> <CoreInst = "RAM">   --->   Core 82 'RAM' <Latency = 3> <II = 1> <Delay = 1.86> <Storage> <Opcode : 'load' 'store'> <Ports = 2> <Width = 8> <Depth = 96> <RAM>
ST_51 : Operation 279 [2/2] (1.86ns)   --->   "%store_ln269 = store i8 %xor_ln269, i4 %buf_addr" [aes.cpp:269]   --->   Operation 279 'store' 'store_ln269' <Predicate = true> <Delay = 1.86> <CoreInst = "RAM">   --->   Core 82 'RAM' <Latency = 3> <II = 1> <Delay = 1.86> <Storage> <Opcode : 'load' 'store'> <Ports = 2> <Width = 8> <Depth = 16> <RAM>
ST_51 : Operation 280 [1/2] (1.86ns)   --->   "%store_ln269 = store i8 %ctx_load_1, i7 %ctx_addr_5" [aes.cpp:269]   --->   Operation 280 'store' 'store_ln269' <Predicate = true> <Delay = 1.86> <CoreInst = "RAM">   --->   Core 82 'RAM' <Latency = 3> <II = 1> <Delay = 1.86> <Storage> <Opcode : 'load' 'store'> <Ports = 2> <Width = 8> <Depth = 96> <RAM>

State 52 <SV = 12> <Delay = 1.86>
ST_52 : Operation 281 [1/1] (0.00ns)   --->   "%specpipeline_ln0 = specpipeline void @_ssdm_op_SpecPipeline, i32 4294967295, i32 0, i32 1, i32 0, void @p_str"   --->   Operation 281 'specpipeline' 'specpipeline_ln0' <Predicate = true> <Delay = 0.00>
ST_52 : Operation 282 [1/1] (0.00ns)   --->   "%specloopname_ln269 = specloopname void @_ssdm_op_SpecLoopName, void @empty_3" [aes.cpp:269]   --->   Operation 282 'specloopname' 'specloopname_ln269' <Predicate = true> <Delay = 0.00>
ST_52 : Operation 283 [1/2] (1.86ns)   --->   "%store_ln269 = store i8 %xor_ln269, i4 %buf_addr" [aes.cpp:269]   --->   Operation 283 'store' 'store_ln269' <Predicate = true> <Delay = 1.86> <CoreInst = "RAM">   --->   Core 82 'RAM' <Latency = 3> <II = 1> <Delay = 1.86> <Storage> <Opcode : 'load' 'store'> <Ports = 2> <Width = 8> <Depth = 16> <RAM>
ST_52 : Operation 284 [1/1] (0.00ns)   --->   "%empty_12 = speclooptripcount i32 @_ssdm_op_SpecLoopTripCount, i64 16, i64 16, i64 16"   --->   Operation 284 'speclooptripcount' 'empty_12' <Predicate = true> <Delay = 0.00>

State 53 <SV = 13> <Delay = 1.58>
ST_53 : Operation 285 [1/1] (0.00ns)   --->   "%rcon_1 = alloca i32 1"   --->   Operation 285 'alloca' 'rcon_1' <Predicate = true> <Delay = 0.00>
ST_53 : Operation 286 [1/1] (0.00ns)   --->   "%buf_addr_1 = getelementptr i8 %buf_r, i64 0, i64 1" [aes.cpp:278]   --->   Operation 286 'getelementptr' 'buf_addr_1' <Predicate = true> <Delay = 0.00>
ST_53 : Operation 287 [1/1] (0.00ns)   --->   "%buf_addr_2 = getelementptr i8 %buf_r, i64 0, i64 5" [aes.cpp:278]   --->   Operation 287 'getelementptr' 'buf_addr_2' <Predicate = true> <Delay = 0.00>
ST_53 : Operation 288 [1/1] (0.00ns)   --->   "%buf_addr_3 = getelementptr i8 %buf_r, i64 0, i64 9" [aes.cpp:278]   --->   Operation 288 'getelementptr' 'buf_addr_3' <Predicate = true> <Delay = 0.00>
ST_53 : Operation 289 [1/1] (0.00ns)   --->   "%buf_addr_4 = getelementptr i8 %buf_r, i64 0, i64 13" [aes.cpp:278]   --->   Operation 289 'getelementptr' 'buf_addr_4' <Predicate = true> <Delay = 0.00>
ST_53 : Operation 290 [1/1] (0.00ns)   --->   "%buf_addr_5 = getelementptr i8 %buf_r, i64 0, i64 10" [aes.cpp:279]   --->   Operation 290 'getelementptr' 'buf_addr_5' <Predicate = true> <Delay = 0.00>
ST_53 : Operation 291 [1/1] (0.00ns)   --->   "%buf_addr_6 = getelementptr i8 %buf_r, i64 0, i64 2" [aes.cpp:279]   --->   Operation 291 'getelementptr' 'buf_addr_6' <Predicate = true> <Delay = 0.00>
ST_53 : Operation 292 [1/1] (0.00ns)   --->   "%buf_addr_7 = getelementptr i8 %buf_r, i64 0, i64 3" [aes.cpp:280]   --->   Operation 292 'getelementptr' 'buf_addr_7' <Predicate = true> <Delay = 0.00>
ST_53 : Operation 293 [1/1] (0.00ns)   --->   "%buf_addr_8 = getelementptr i8 %buf_r, i64 0, i64 15" [aes.cpp:280]   --->   Operation 293 'getelementptr' 'buf_addr_8' <Predicate = true> <Delay = 0.00>
ST_53 : Operation 294 [1/1] (0.00ns)   --->   "%buf_addr_9 = getelementptr i8 %buf_r, i64 0, i64 11" [aes.cpp:280]   --->   Operation 294 'getelementptr' 'buf_addr_9' <Predicate = true> <Delay = 0.00>
ST_53 : Operation 295 [1/1] (0.00ns)   --->   "%buf_addr_10 = getelementptr i8 %buf_r, i64 0, i64 7" [aes.cpp:280]   --->   Operation 295 'getelementptr' 'buf_addr_10' <Predicate = true> <Delay = 0.00>
ST_53 : Operation 296 [1/1] (0.00ns)   --->   "%buf_addr_11 = getelementptr i8 %buf_r, i64 0, i64 14" [aes.cpp:281]   --->   Operation 296 'getelementptr' 'buf_addr_11' <Predicate = true> <Delay = 0.00>
ST_53 : Operation 297 [1/1] (0.00ns)   --->   "%buf_addr_12 = getelementptr i8 %buf_r, i64 0, i64 6" [aes.cpp:281]   --->   Operation 297 'getelementptr' 'buf_addr_12' <Predicate = true> <Delay = 0.00>
ST_53 : Operation 298 [1/1] (0.00ns)   --->   "%buf_addr_14 = getelementptr i8 %buf_r, i64 0, i64 12" [aes.cpp:253]   --->   Operation 298 'getelementptr' 'buf_addr_14' <Predicate = true> <Delay = 0.00>
ST_53 : Operation 299 [1/1] (0.00ns)   --->   "%buf_addr_16 = getelementptr i8 %buf_r, i64 0, i64 8" [aes.cpp:253]   --->   Operation 299 'getelementptr' 'buf_addr_16' <Predicate = true> <Delay = 0.00>
ST_53 : Operation 300 [1/1] (0.00ns)   --->   "%buf_addr_17 = getelementptr i8 %buf_r, i64 0, i64 4" [aes.cpp:253]   --->   Operation 300 'getelementptr' 'buf_addr_17' <Predicate = true> <Delay = 0.00>
ST_53 : Operation 301 [1/1] (0.00ns)   --->   "%buf_addr_18 = getelementptr i8 %buf_r, i64 0, i64 0" [aes.cpp:253]   --->   Operation 301 'getelementptr' 'buf_addr_18' <Predicate = true> <Delay = 0.00>
ST_53 : Operation 302 [1/1] (0.00ns)   --->   "%ctx_addr_7 = getelementptr i8 %ctx, i64 0, i64 15" [aes.cpp:261]   --->   Operation 302 'getelementptr' 'ctx_addr_7' <Predicate = true> <Delay = 0.00>
ST_53 : Operation 303 [1/1] (0.00ns)   --->   "%ctx_addr_8 = getelementptr i8 %ctx, i64 0, i64 14" [aes.cpp:261]   --->   Operation 303 'getelementptr' 'ctx_addr_8' <Predicate = true> <Delay = 0.00>
ST_53 : Operation 304 [1/1] (0.00ns)   --->   "%ctx_addr_9 = getelementptr i8 %ctx, i64 0, i64 13" [aes.cpp:261]   --->   Operation 304 'getelementptr' 'ctx_addr_9' <Predicate = true> <Delay = 0.00>
ST_53 : Operation 305 [1/1] (0.00ns)   --->   "%ctx_addr_10 = getelementptr i8 %ctx, i64 0, i64 12" [aes.cpp:261]   --->   Operation 305 'getelementptr' 'ctx_addr_10' <Predicate = true> <Delay = 0.00>
ST_53 : Operation 306 [1/1] (0.00ns)   --->   "%ctx_addr_11 = getelementptr i8 %ctx, i64 0, i64 11" [aes.cpp:261]   --->   Operation 306 'getelementptr' 'ctx_addr_11' <Predicate = true> <Delay = 0.00>
ST_53 : Operation 307 [1/1] (0.00ns)   --->   "%ctx_addr_12 = getelementptr i8 %ctx, i64 0, i64 10" [aes.cpp:261]   --->   Operation 307 'getelementptr' 'ctx_addr_12' <Predicate = true> <Delay = 0.00>
ST_53 : Operation 308 [1/1] (0.00ns)   --->   "%ctx_addr_13 = getelementptr i8 %ctx, i64 0, i64 9" [aes.cpp:261]   --->   Operation 308 'getelementptr' 'ctx_addr_13' <Predicate = true> <Delay = 0.00>
ST_53 : Operation 309 [1/1] (0.00ns)   --->   "%ctx_addr_14 = getelementptr i8 %ctx, i64 0, i64 8" [aes.cpp:261]   --->   Operation 309 'getelementptr' 'ctx_addr_14' <Predicate = true> <Delay = 0.00>
ST_53 : Operation 310 [1/1] (0.00ns)   --->   "%ctx_addr_15 = getelementptr i8 %ctx, i64 0, i64 7" [aes.cpp:261]   --->   Operation 310 'getelementptr' 'ctx_addr_15' <Predicate = true> <Delay = 0.00>
ST_53 : Operation 311 [1/1] (0.00ns)   --->   "%ctx_addr_16 = getelementptr i8 %ctx, i64 0, i64 6" [aes.cpp:261]   --->   Operation 311 'getelementptr' 'ctx_addr_16' <Predicate = true> <Delay = 0.00>
ST_53 : Operation 312 [1/1] (0.00ns)   --->   "%ctx_addr_17 = getelementptr i8 %ctx, i64 0, i64 5" [aes.cpp:261]   --->   Operation 312 'getelementptr' 'ctx_addr_17' <Predicate = true> <Delay = 0.00>
ST_53 : Operation 313 [1/1] (0.00ns)   --->   "%ctx_addr_18 = getelementptr i8 %ctx, i64 0, i64 4" [aes.cpp:261]   --->   Operation 313 'getelementptr' 'ctx_addr_18' <Predicate = true> <Delay = 0.00>
ST_53 : Operation 314 [1/1] (0.00ns)   --->   "%ctx_addr_19 = getelementptr i8 %ctx, i64 0, i64 3" [aes.cpp:261]   --->   Operation 314 'getelementptr' 'ctx_addr_19' <Predicate = true> <Delay = 0.00>
ST_53 : Operation 315 [1/1] (0.00ns)   --->   "%ctx_addr_20 = getelementptr i8 %ctx, i64 0, i64 2" [aes.cpp:261]   --->   Operation 315 'getelementptr' 'ctx_addr_20' <Predicate = true> <Delay = 0.00>
ST_53 : Operation 316 [1/1] (0.00ns)   --->   "%ctx_addr_21 = getelementptr i8 %ctx, i64 0, i64 1" [aes.cpp:261]   --->   Operation 316 'getelementptr' 'ctx_addr_21' <Predicate = true> <Delay = 0.00>
ST_53 : Operation 317 [1/1] (0.00ns)   --->   "%ctx_addr_22 = getelementptr i8 %ctx, i64 0, i64 0" [aes.cpp:261]   --->   Operation 317 'getelementptr' 'ctx_addr_22' <Predicate = true> <Delay = 0.00>
ST_53 : Operation 318 [1/1] (0.00ns)   --->   "%ctx_addr_23 = getelementptr i8 %ctx, i64 0, i64 31" [aes.cpp:261]   --->   Operation 318 'getelementptr' 'ctx_addr_23' <Predicate = true> <Delay = 0.00>
ST_53 : Operation 319 [1/1] (0.00ns)   --->   "%ctx_addr_24 = getelementptr i8 %ctx, i64 0, i64 30" [aes.cpp:261]   --->   Operation 319 'getelementptr' 'ctx_addr_24' <Predicate = true> <Delay = 0.00>
ST_53 : Operation 320 [1/1] (0.00ns)   --->   "%ctx_addr_25 = getelementptr i8 %ctx, i64 0, i64 29" [aes.cpp:261]   --->   Operation 320 'getelementptr' 'ctx_addr_25' <Predicate = true> <Delay = 0.00>
ST_53 : Operation 321 [1/1] (0.00ns)   --->   "%ctx_addr_26 = getelementptr i8 %ctx, i64 0, i64 28" [aes.cpp:261]   --->   Operation 321 'getelementptr' 'ctx_addr_26' <Predicate = true> <Delay = 0.00>
ST_53 : Operation 322 [1/1] (0.00ns)   --->   "%ctx_addr_27 = getelementptr i8 %ctx, i64 0, i64 27" [aes.cpp:261]   --->   Operation 322 'getelementptr' 'ctx_addr_27' <Predicate = true> <Delay = 0.00>
ST_53 : Operation 323 [1/1] (0.00ns)   --->   "%ctx_addr_28 = getelementptr i8 %ctx, i64 0, i64 26" [aes.cpp:261]   --->   Operation 323 'getelementptr' 'ctx_addr_28' <Predicate = true> <Delay = 0.00>
ST_53 : Operation 324 [1/1] (0.00ns)   --->   "%ctx_addr_29 = getelementptr i8 %ctx, i64 0, i64 25" [aes.cpp:261]   --->   Operation 324 'getelementptr' 'ctx_addr_29' <Predicate = true> <Delay = 0.00>
ST_53 : Operation 325 [1/1] (0.00ns)   --->   "%ctx_addr_30 = getelementptr i8 %ctx, i64 0, i64 24" [aes.cpp:261]   --->   Operation 325 'getelementptr' 'ctx_addr_30' <Predicate = true> <Delay = 0.00>
ST_53 : Operation 326 [1/1] (0.00ns)   --->   "%ctx_addr_31 = getelementptr i8 %ctx, i64 0, i64 23" [aes.cpp:261]   --->   Operation 326 'getelementptr' 'ctx_addr_31' <Predicate = true> <Delay = 0.00>
ST_53 : Operation 327 [1/1] (0.00ns)   --->   "%ctx_addr_32 = getelementptr i8 %ctx, i64 0, i64 22" [aes.cpp:261]   --->   Operation 327 'getelementptr' 'ctx_addr_32' <Predicate = true> <Delay = 0.00>
ST_53 : Operation 328 [1/1] (0.00ns)   --->   "%ctx_addr_33 = getelementptr i8 %ctx, i64 0, i64 21" [aes.cpp:261]   --->   Operation 328 'getelementptr' 'ctx_addr_33' <Predicate = true> <Delay = 0.00>
ST_53 : Operation 329 [1/1] (0.00ns)   --->   "%ctx_addr_34 = getelementptr i8 %ctx, i64 0, i64 20" [aes.cpp:261]   --->   Operation 329 'getelementptr' 'ctx_addr_34' <Predicate = true> <Delay = 0.00>
ST_53 : Operation 330 [1/1] (0.00ns)   --->   "%ctx_addr_35 = getelementptr i8 %ctx, i64 0, i64 19" [aes.cpp:261]   --->   Operation 330 'getelementptr' 'ctx_addr_35' <Predicate = true> <Delay = 0.00>
ST_53 : Operation 331 [1/1] (0.00ns)   --->   "%ctx_addr_36 = getelementptr i8 %ctx, i64 0, i64 18" [aes.cpp:261]   --->   Operation 331 'getelementptr' 'ctx_addr_36' <Predicate = true> <Delay = 0.00>
ST_53 : Operation 332 [1/1] (0.00ns)   --->   "%ctx_addr_37 = getelementptr i8 %ctx, i64 0, i64 17" [aes.cpp:261]   --->   Operation 332 'getelementptr' 'ctx_addr_37' <Predicate = true> <Delay = 0.00>
ST_53 : Operation 333 [1/1] (0.00ns)   --->   "%ctx_addr_38 = getelementptr i8 %ctx, i64 0, i64 16" [aes.cpp:261]   --->   Operation 333 'getelementptr' 'ctx_addr_38' <Predicate = true> <Delay = 0.00>
ST_53 : Operation 334 [1/1] (1.58ns)   --->   "%store_ln338 = store i8 1, i8 %rcon_1" [aes.cpp:338]   --->   Operation 334 'store' 'store_ln338' <Predicate = true> <Delay = 1.58>
ST_53 : Operation 335 [1/1] (1.46ns)   --->   "%br_ln338 = br void" [aes.cpp:338]   --->   Operation 335 'br' 'br_ln338' <Predicate = true> <Delay = 1.46>

State 54 <SV = 14> <Delay = 1.86>
ST_54 : Operation 336 [1/1] (0.00ns)   --->   "%i_3 = phi i4 1, void %_Z19aes_addRoundKey_cpyPhS_S_.exit, i4 %add_ln338, void %_Z15aes_addRoundKeyPhS_.exit" [aes.cpp:338]   --->   Operation 336 'phi' 'i_3' <Predicate = true> <Delay = 0.00>
ST_54 : Operation 337 [1/1] (0.00ns)   --->   "%specpipeline_ln0 = specpipeline void @_ssdm_op_SpecPipeline, i32 4294967295, i32 0, i32 1, i32 0, void @p_str"   --->   Operation 337 'specpipeline' 'specpipeline_ln0' <Predicate = true> <Delay = 0.00>
ST_54 : Operation 338 [1/1] (1.30ns)   --->   "%icmp_ln338 = icmp_eq  i4 %i_3, i4 14" [aes.cpp:338]   --->   Operation 338 'icmp' 'icmp_ln338' <Predicate = true> <Delay = 1.30> <CoreInst = "Cmp">   --->   Core 9 'Cmp' <Latency = 0> <II = 1> <Delay = 1.30> <FuncUnit> <Opcode : 'icmp'> <InPorts = 2> <OutPorts = 1>
ST_54 : Operation 339 [1/1] (0.00ns)   --->   "%empty_13 = speclooptripcount i32 @_ssdm_op_SpecLoopTripCount, i64 13, i64 13, i64 13"   --->   Operation 339 'speclooptripcount' 'empty_13' <Predicate = true> <Delay = 0.00>
ST_54 : Operation 340 [1/1] (0.00ns)   --->   "%br_ln338 = br i1 %icmp_ln338, void %.split14, void %.preheader.preheader" [aes.cpp:338]   --->   Operation 340 'br' 'br_ln338' <Predicate = true> <Delay = 0.00>
ST_54 : Operation 341 [1/1] (0.00ns)   --->   "%trunc_ln343 = trunc i4 %i_3" [aes.cpp:343]   --->   Operation 341 'trunc' 'trunc_ln343' <Predicate = (!icmp_ln338)> <Delay = 0.00>
ST_54 : Operation 342 [1/1] (0.00ns)   --->   "%br_ln343 = br i1 %trunc_ln343, void %_Z15aes_addRoundKeyPhS_.exit.loopexit, void %.preheader22.0" [aes.cpp:343]   --->   Operation 342 'br' 'br_ln343' <Predicate = (!icmp_ln338)> <Delay = 0.00>
ST_54 : Operation 343 [4/4] (1.86ns)   --->   "%ctx_load_19 = load i7 %ctx_addr_23" [aes.cpp:261]   --->   Operation 343 'load' 'ctx_load_19' <Predicate = (!icmp_ln338 & trunc_ln343)> <Delay = 1.86> <CoreInst = "RAM">   --->   Core 82 'RAM' <Latency = 3> <II = 1> <Delay = 1.86> <Storage> <Opcode : 'load' 'store'> <Ports = 2> <Width = 8> <Depth = 96> <RAM>
ST_54 : Operation 344 [4/4] (1.86ns)   --->   "%ctx_load_34 = load i7 %ctx_addr_38" [aes.cpp:261]   --->   Operation 344 'load' 'ctx_load_34' <Predicate = (!icmp_ln338 & trunc_ln343)> <Delay = 1.86> <CoreInst = "RAM">   --->   Core 82 'RAM' <Latency = 3> <II = 1> <Delay = 1.86> <Storage> <Opcode : 'load' 'store'> <Ports = 2> <Width = 8> <Depth = 96> <RAM>

State 55 <SV = 15> <Delay = 1.86>
ST_55 : Operation 345 [1/1] (0.00ns)   --->   "%rcon_1_load_1 = load i8 %rcon_1" [aes.cpp:344]   --->   Operation 345 'load' 'rcon_1_load_1' <Predicate = (!icmp_ln338 & !trunc_ln343)> <Delay = 0.00>
ST_55 : Operation 346 [35/35] (1.46ns)   --->   "%rcon_2 = call i8 @aes_expandEncKey, i8 %ctx, i7 0, i8 %rcon_1_load_1, i8 %sbox" [aes.cpp:344]   --->   Operation 346 'call' 'rcon_2' <Predicate = (!icmp_ln338 & !trunc_ln343)> <Delay = 1.46> <CoreType = "Generic">   --->   Core 0 '' <Latency = 0> <II = 1> <Delay = 1.00> <Generic> <Opcode : >
ST_55 : Operation 347 [3/4] (1.86ns)   --->   "%ctx_load_19 = load i7 %ctx_addr_23" [aes.cpp:261]   --->   Operation 347 'load' 'ctx_load_19' <Predicate = (!icmp_ln338 & trunc_ln343)> <Delay = 1.86> <CoreInst = "RAM">   --->   Core 82 'RAM' <Latency = 3> <II = 1> <Delay = 1.86> <Storage> <Opcode : 'load' 'store'> <Ports = 2> <Width = 8> <Depth = 96> <RAM>
ST_55 : Operation 348 [4/4] (1.86ns)   --->   "%ctx_load_20 = load i7 %ctx_addr_24" [aes.cpp:261]   --->   Operation 348 'load' 'ctx_load_20' <Predicate = (!icmp_ln338 & trunc_ln343)> <Delay = 1.86> <CoreInst = "RAM">   --->   Core 82 'RAM' <Latency = 3> <II = 1> <Delay = 1.86> <Storage> <Opcode : 'load' 'store'> <Ports = 2> <Width = 8> <Depth = 96> <RAM>
ST_55 : Operation 349 [4/4] (1.86ns)   --->   "%ctx_load_21 = load i7 %ctx_addr_25" [aes.cpp:261]   --->   Operation 349 'load' 'ctx_load_21' <Predicate = (!icmp_ln338 & trunc_ln343)> <Delay = 1.86> <CoreInst = "RAM">   --->   Core 82 'RAM' <Latency = 3> <II = 1> <Delay = 1.86> <Storage> <Opcode : 'load' 'store'> <Ports = 2> <Width = 8> <Depth = 96> <RAM>
ST_55 : Operation 350 [3/4] (1.86ns)   --->   "%ctx_load_34 = load i7 %ctx_addr_38" [aes.cpp:261]   --->   Operation 350 'load' 'ctx_load_34' <Predicate = (!icmp_ln338 & trunc_ln343)> <Delay = 1.86> <CoreInst = "RAM">   --->   Core 82 'RAM' <Latency = 3> <II = 1> <Delay = 1.86> <Storage> <Opcode : 'load' 'store'> <Ports = 2> <Width = 8> <Depth = 96> <RAM>

State 56 <SV = 16> <Delay = 1.86>
ST_56 : Operation 351 [34/35] (1.46ns)   --->   "%rcon_2 = call i8 @aes_expandEncKey, i8 %ctx, i7 0, i8 %rcon_1_load_1, i8 %sbox" [aes.cpp:344]   --->   Operation 351 'call' 'rcon_2' <Predicate = (!icmp_ln338 & !trunc_ln343)> <Delay = 1.46> <CoreType = "Generic">   --->   Core 0 '' <Latency = 0> <II = 1> <Delay = 1.00> <Generic> <Opcode : >
ST_56 : Operation 352 [2/4] (1.86ns)   --->   "%ctx_load_19 = load i7 %ctx_addr_23" [aes.cpp:261]   --->   Operation 352 'load' 'ctx_load_19' <Predicate = (!icmp_ln338 & trunc_ln343)> <Delay = 1.86> <CoreInst = "RAM">   --->   Core 82 'RAM' <Latency = 3> <II = 1> <Delay = 1.86> <Storage> <Opcode : 'load' 'store'> <Ports = 2> <Width = 8> <Depth = 96> <RAM>
ST_56 : Operation 353 [3/4] (1.86ns)   --->   "%ctx_load_20 = load i7 %ctx_addr_24" [aes.cpp:261]   --->   Operation 353 'load' 'ctx_load_20' <Predicate = (!icmp_ln338 & trunc_ln343)> <Delay = 1.86> <CoreInst = "RAM">   --->   Core 82 'RAM' <Latency = 3> <II = 1> <Delay = 1.86> <Storage> <Opcode : 'load' 'store'> <Ports = 2> <Width = 8> <Depth = 96> <RAM>
ST_56 : Operation 354 [3/4] (1.86ns)   --->   "%ctx_load_21 = load i7 %ctx_addr_25" [aes.cpp:261]   --->   Operation 354 'load' 'ctx_load_21' <Predicate = (!icmp_ln338 & trunc_ln343)> <Delay = 1.86> <CoreInst = "RAM">   --->   Core 82 'RAM' <Latency = 3> <II = 1> <Delay = 1.86> <Storage> <Opcode : 'load' 'store'> <Ports = 2> <Width = 8> <Depth = 96> <RAM>
ST_56 : Operation 355 [4/4] (1.86ns)   --->   "%ctx_load_22 = load i7 %ctx_addr_26" [aes.cpp:261]   --->   Operation 355 'load' 'ctx_load_22' <Predicate = (!icmp_ln338 & trunc_ln343)> <Delay = 1.86> <CoreInst = "RAM">   --->   Core 82 'RAM' <Latency = 3> <II = 1> <Delay = 1.86> <Storage> <Opcode : 'load' 'store'> <Ports = 2> <Width = 8> <Depth = 96> <RAM>
ST_56 : Operation 356 [4/4] (1.86ns)   --->   "%ctx_load_23 = load i7 %ctx_addr_27" [aes.cpp:261]   --->   Operation 356 'load' 'ctx_load_23' <Predicate = (!icmp_ln338 & trunc_ln343)> <Delay = 1.86> <CoreInst = "RAM">   --->   Core 82 'RAM' <Latency = 3> <II = 1> <Delay = 1.86> <Storage> <Opcode : 'load' 'store'> <Ports = 2> <Width = 8> <Depth = 96> <RAM>
ST_56 : Operation 357 [2/4] (1.86ns)   --->   "%ctx_load_34 = load i7 %ctx_addr_38" [aes.cpp:261]   --->   Operation 357 'load' 'ctx_load_34' <Predicate = (!icmp_ln338 & trunc_ln343)> <Delay = 1.86> <CoreInst = "RAM">   --->   Core 82 'RAM' <Latency = 3> <II = 1> <Delay = 1.86> <Storage> <Opcode : 'load' 'store'> <Ports = 2> <Width = 8> <Depth = 96> <RAM>

State 57 <SV = 17> <Delay = 1.86>
ST_57 : Operation 358 [4/4] (1.86ns)   --->   "%buf_load_20 = load i4 %buf_addr_2" [aes.cpp:253]   --->   Operation 358 'load' 'buf_load_20' <Predicate = (!icmp_ln338)> <Delay = 1.86> <CoreInst = "RAM">   --->   Core 82 'RAM' <Latency = 3> <II = 1> <Delay = 1.86> <Storage> <Opcode : 'load' 'store'> <Ports = 2> <Width = 8> <Depth = 16> <RAM>
ST_57 : Operation 359 [33/35] (1.46ns)   --->   "%rcon_2 = call i8 @aes_expandEncKey, i8 %ctx, i7 0, i8 %rcon_1_load_1, i8 %sbox" [aes.cpp:344]   --->   Operation 359 'call' 'rcon_2' <Predicate = (!icmp_ln338 & !trunc_ln343)> <Delay = 1.46> <CoreType = "Generic">   --->   Core 0 '' <Latency = 0> <II = 1> <Delay = 1.00> <Generic> <Opcode : >
ST_57 : Operation 360 [1/4] (1.86ns)   --->   "%ctx_load_19 = load i7 %ctx_addr_23" [aes.cpp:261]   --->   Operation 360 'load' 'ctx_load_19' <Predicate = (!icmp_ln338 & trunc_ln343)> <Delay = 1.86> <CoreInst = "RAM">   --->   Core 82 'RAM' <Latency = 3> <II = 1> <Delay = 1.86> <Storage> <Opcode : 'load' 'store'> <Ports = 2> <Width = 8> <Depth = 96> <RAM>
ST_57 : Operation 361 [2/4] (1.86ns)   --->   "%ctx_load_20 = load i7 %ctx_addr_24" [aes.cpp:261]   --->   Operation 361 'load' 'ctx_load_20' <Predicate = (!icmp_ln338 & trunc_ln343)> <Delay = 1.86> <CoreInst = "RAM">   --->   Core 82 'RAM' <Latency = 3> <II = 1> <Delay = 1.86> <Storage> <Opcode : 'load' 'store'> <Ports = 2> <Width = 8> <Depth = 96> <RAM>
ST_57 : Operation 362 [2/4] (1.86ns)   --->   "%ctx_load_21 = load i7 %ctx_addr_25" [aes.cpp:261]   --->   Operation 362 'load' 'ctx_load_21' <Predicate = (!icmp_ln338 & trunc_ln343)> <Delay = 1.86> <CoreInst = "RAM">   --->   Core 82 'RAM' <Latency = 3> <II = 1> <Delay = 1.86> <Storage> <Opcode : 'load' 'store'> <Ports = 2> <Width = 8> <Depth = 96> <RAM>
ST_57 : Operation 363 [3/4] (1.86ns)   --->   "%ctx_load_22 = load i7 %ctx_addr_26" [aes.cpp:261]   --->   Operation 363 'load' 'ctx_load_22' <Predicate = (!icmp_ln338 & trunc_ln343)> <Delay = 1.86> <CoreInst = "RAM">   --->   Core 82 'RAM' <Latency = 3> <II = 1> <Delay = 1.86> <Storage> <Opcode : 'load' 'store'> <Ports = 2> <Width = 8> <Depth = 96> <RAM>
ST_57 : Operation 364 [3/4] (1.86ns)   --->   "%ctx_load_23 = load i7 %ctx_addr_27" [aes.cpp:261]   --->   Operation 364 'load' 'ctx_load_23' <Predicate = (!icmp_ln338 & trunc_ln343)> <Delay = 1.86> <CoreInst = "RAM">   --->   Core 82 'RAM' <Latency = 3> <II = 1> <Delay = 1.86> <Storage> <Opcode : 'load' 'store'> <Ports = 2> <Width = 8> <Depth = 96> <RAM>
ST_57 : Operation 365 [4/4] (1.86ns)   --->   "%ctx_load_24 = load i7 %ctx_addr_28" [aes.cpp:261]   --->   Operation 365 'load' 'ctx_load_24' <Predicate = (!icmp_ln338 & trunc_ln343)> <Delay = 1.86> <CoreInst = "RAM">   --->   Core 82 'RAM' <Latency = 3> <II = 1> <Delay = 1.86> <Storage> <Opcode : 'load' 'store'> <Ports = 2> <Width = 8> <Depth = 96> <RAM>
ST_57 : Operation 366 [4/4] (1.86ns)   --->   "%ctx_load_25 = load i7 %ctx_addr_29" [aes.cpp:261]   --->   Operation 366 'load' 'ctx_load_25' <Predicate = (!icmp_ln338 & trunc_ln343)> <Delay = 1.86> <CoreInst = "RAM">   --->   Core 82 'RAM' <Latency = 3> <II = 1> <Delay = 1.86> <Storage> <Opcode : 'load' 'store'> <Ports = 2> <Width = 8> <Depth = 96> <RAM>
ST_57 : Operation 367 [1/4] (1.86ns)   --->   "%ctx_load_34 = load i7 %ctx_addr_38" [aes.cpp:261]   --->   Operation 367 'load' 'ctx_load_34' <Predicate = (!icmp_ln338 & trunc_ln343)> <Delay = 1.86> <CoreInst = "RAM">   --->   Core 82 'RAM' <Latency = 3> <II = 1> <Delay = 1.86> <Storage> <Opcode : 'load' 'store'> <Ports = 2> <Width = 8> <Depth = 96> <RAM>

State 58 <SV = 18> <Delay = 1.86>
ST_58 : Operation 368 [4/4] (1.86ns)   --->   "%buf_load_7 = load i4 %buf_addr_4" [aes.cpp:253]   --->   Operation 368 'load' 'buf_load_7' <Predicate = (!icmp_ln338)> <Delay = 1.86> <CoreInst = "RAM">   --->   Core 82 'RAM' <Latency = 3> <II = 1> <Delay = 1.86> <Storage> <Opcode : 'load' 'store'> <Ports = 2> <Width = 8> <Depth = 16> <RAM>
ST_58 : Operation 369 [3/4] (1.86ns)   --->   "%buf_load_20 = load i4 %buf_addr_2" [aes.cpp:253]   --->   Operation 369 'load' 'buf_load_20' <Predicate = (!icmp_ln338)> <Delay = 1.86> <CoreInst = "RAM">   --->   Core 82 'RAM' <Latency = 3> <II = 1> <Delay = 1.86> <Storage> <Opcode : 'load' 'store'> <Ports = 2> <Width = 8> <Depth = 16> <RAM>
ST_58 : Operation 370 [4/4] (1.86ns)   --->   "%buf_load_25 = load i4 %buf_addr_18" [aes.cpp:253]   --->   Operation 370 'load' 'buf_load_25' <Predicate = (!icmp_ln338)> <Delay = 1.86> <CoreInst = "RAM">   --->   Core 82 'RAM' <Latency = 3> <II = 1> <Delay = 1.86> <Storage> <Opcode : 'load' 'store'> <Ports = 2> <Width = 8> <Depth = 16> <RAM>
ST_58 : Operation 371 [32/35] (1.46ns)   --->   "%rcon_2 = call i8 @aes_expandEncKey, i8 %ctx, i7 0, i8 %rcon_1_load_1, i8 %sbox" [aes.cpp:344]   --->   Operation 371 'call' 'rcon_2' <Predicate = (!icmp_ln338 & !trunc_ln343)> <Delay = 1.46> <CoreType = "Generic">   --->   Core 0 '' <Latency = 0> <II = 1> <Delay = 1.00> <Generic> <Opcode : >
ST_58 : Operation 372 [1/4] (1.86ns)   --->   "%ctx_load_20 = load i7 %ctx_addr_24" [aes.cpp:261]   --->   Operation 372 'load' 'ctx_load_20' <Predicate = (!icmp_ln338 & trunc_ln343)> <Delay = 1.86> <CoreInst = "RAM">   --->   Core 82 'RAM' <Latency = 3> <II = 1> <Delay = 1.86> <Storage> <Opcode : 'load' 'store'> <Ports = 2> <Width = 8> <Depth = 96> <RAM>
ST_58 : Operation 373 [1/4] (1.86ns)   --->   "%ctx_load_21 = load i7 %ctx_addr_25" [aes.cpp:261]   --->   Operation 373 'load' 'ctx_load_21' <Predicate = (!icmp_ln338 & trunc_ln343)> <Delay = 1.86> <CoreInst = "RAM">   --->   Core 82 'RAM' <Latency = 3> <II = 1> <Delay = 1.86> <Storage> <Opcode : 'load' 'store'> <Ports = 2> <Width = 8> <Depth = 96> <RAM>
ST_58 : Operation 374 [2/4] (1.86ns)   --->   "%ctx_load_22 = load i7 %ctx_addr_26" [aes.cpp:261]   --->   Operation 374 'load' 'ctx_load_22' <Predicate = (!icmp_ln338 & trunc_ln343)> <Delay = 1.86> <CoreInst = "RAM">   --->   Core 82 'RAM' <Latency = 3> <II = 1> <Delay = 1.86> <Storage> <Opcode : 'load' 'store'> <Ports = 2> <Width = 8> <Depth = 96> <RAM>
ST_58 : Operation 375 [2/4] (1.86ns)   --->   "%ctx_load_23 = load i7 %ctx_addr_27" [aes.cpp:261]   --->   Operation 375 'load' 'ctx_load_23' <Predicate = (!icmp_ln338 & trunc_ln343)> <Delay = 1.86> <CoreInst = "RAM">   --->   Core 82 'RAM' <Latency = 3> <II = 1> <Delay = 1.86> <Storage> <Opcode : 'load' 'store'> <Ports = 2> <Width = 8> <Depth = 96> <RAM>
ST_58 : Operation 376 [3/4] (1.86ns)   --->   "%ctx_load_24 = load i7 %ctx_addr_28" [aes.cpp:261]   --->   Operation 376 'load' 'ctx_load_24' <Predicate = (!icmp_ln338 & trunc_ln343)> <Delay = 1.86> <CoreInst = "RAM">   --->   Core 82 'RAM' <Latency = 3> <II = 1> <Delay = 1.86> <Storage> <Opcode : 'load' 'store'> <Ports = 2> <Width = 8> <Depth = 96> <RAM>
ST_58 : Operation 377 [3/4] (1.86ns)   --->   "%ctx_load_25 = load i7 %ctx_addr_29" [aes.cpp:261]   --->   Operation 377 'load' 'ctx_load_25' <Predicate = (!icmp_ln338 & trunc_ln343)> <Delay = 1.86> <CoreInst = "RAM">   --->   Core 82 'RAM' <Latency = 3> <II = 1> <Delay = 1.86> <Storage> <Opcode : 'load' 'store'> <Ports = 2> <Width = 8> <Depth = 96> <RAM>
ST_58 : Operation 378 [4/4] (1.86ns)   --->   "%ctx_load_26 = load i7 %ctx_addr_30" [aes.cpp:261]   --->   Operation 378 'load' 'ctx_load_26' <Predicate = (!icmp_ln338 & trunc_ln343)> <Delay = 1.86> <CoreInst = "RAM">   --->   Core 82 'RAM' <Latency = 3> <II = 1> <Delay = 1.86> <Storage> <Opcode : 'load' 'store'> <Ports = 2> <Width = 8> <Depth = 96> <RAM>
ST_58 : Operation 379 [4/4] (1.86ns)   --->   "%ctx_load_27 = load i7 %ctx_addr_31" [aes.cpp:261]   --->   Operation 379 'load' 'ctx_load_27' <Predicate = (!icmp_ln338 & trunc_ln343)> <Delay = 1.86> <CoreInst = "RAM">   --->   Core 82 'RAM' <Latency = 3> <II = 1> <Delay = 1.86> <Storage> <Opcode : 'load' 'store'> <Ports = 2> <Width = 8> <Depth = 96> <RAM>

State 59 <SV = 19> <Delay = 1.86>
ST_59 : Operation 380 [3/4] (1.86ns)   --->   "%buf_load_7 = load i4 %buf_addr_4" [aes.cpp:253]   --->   Operation 380 'load' 'buf_load_7' <Predicate = (!icmp_ln338)> <Delay = 1.86> <CoreInst = "RAM">   --->   Core 82 'RAM' <Latency = 3> <II = 1> <Delay = 1.86> <Storage> <Opcode : 'load' 'store'> <Ports = 2> <Width = 8> <Depth = 16> <RAM>
ST_59 : Operation 381 [4/4] (1.86ns)   --->   "%buf_load_9 = load i4 %buf_addr_14" [aes.cpp:253]   --->   Operation 381 'load' 'buf_load_9' <Predicate = (!icmp_ln338)> <Delay = 1.86> <CoreInst = "RAM">   --->   Core 82 'RAM' <Latency = 3> <II = 1> <Delay = 1.86> <Storage> <Opcode : 'load' 'store'> <Ports = 2> <Width = 8> <Depth = 16> <RAM>
ST_59 : Operation 382 [4/4] (1.86ns)   --->   "%buf_load_15 = load i4 %buf_addr_5" [aes.cpp:253]   --->   Operation 382 'load' 'buf_load_15' <Predicate = (!icmp_ln338)> <Delay = 1.86> <CoreInst = "RAM">   --->   Core 82 'RAM' <Latency = 3> <II = 1> <Delay = 1.86> <Storage> <Opcode : 'load' 'store'> <Ports = 2> <Width = 8> <Depth = 16> <RAM>
ST_59 : Operation 383 [2/4] (1.86ns)   --->   "%buf_load_20 = load i4 %buf_addr_2" [aes.cpp:253]   --->   Operation 383 'load' 'buf_load_20' <Predicate = (!icmp_ln338)> <Delay = 1.86> <CoreInst = "RAM">   --->   Core 82 'RAM' <Latency = 3> <II = 1> <Delay = 1.86> <Storage> <Opcode : 'load' 'store'> <Ports = 2> <Width = 8> <Depth = 16> <RAM>
ST_59 : Operation 384 [3/4] (1.86ns)   --->   "%buf_load_25 = load i4 %buf_addr_18" [aes.cpp:253]   --->   Operation 384 'load' 'buf_load_25' <Predicate = (!icmp_ln338)> <Delay = 1.86> <CoreInst = "RAM">   --->   Core 82 'RAM' <Latency = 3> <II = 1> <Delay = 1.86> <Storage> <Opcode : 'load' 'store'> <Ports = 2> <Width = 8> <Depth = 16> <RAM>
ST_59 : Operation 385 [31/35] (1.46ns)   --->   "%rcon_2 = call i8 @aes_expandEncKey, i8 %ctx, i7 0, i8 %rcon_1_load_1, i8 %sbox" [aes.cpp:344]   --->   Operation 385 'call' 'rcon_2' <Predicate = (!icmp_ln338 & !trunc_ln343)> <Delay = 1.46> <CoreType = "Generic">   --->   Core 0 '' <Latency = 0> <II = 1> <Delay = 1.00> <Generic> <Opcode : >
ST_59 : Operation 386 [1/4] (1.86ns)   --->   "%ctx_load_22 = load i7 %ctx_addr_26" [aes.cpp:261]   --->   Operation 386 'load' 'ctx_load_22' <Predicate = (!icmp_ln338 & trunc_ln343)> <Delay = 1.86> <CoreInst = "RAM">   --->   Core 82 'RAM' <Latency = 3> <II = 1> <Delay = 1.86> <Storage> <Opcode : 'load' 'store'> <Ports = 2> <Width = 8> <Depth = 96> <RAM>
ST_59 : Operation 387 [1/4] (1.86ns)   --->   "%ctx_load_23 = load i7 %ctx_addr_27" [aes.cpp:261]   --->   Operation 387 'load' 'ctx_load_23' <Predicate = (!icmp_ln338 & trunc_ln343)> <Delay = 1.86> <CoreInst = "RAM">   --->   Core 82 'RAM' <Latency = 3> <II = 1> <Delay = 1.86> <Storage> <Opcode : 'load' 'store'> <Ports = 2> <Width = 8> <Depth = 96> <RAM>
ST_59 : Operation 388 [2/4] (1.86ns)   --->   "%ctx_load_24 = load i7 %ctx_addr_28" [aes.cpp:261]   --->   Operation 388 'load' 'ctx_load_24' <Predicate = (!icmp_ln338 & trunc_ln343)> <Delay = 1.86> <CoreInst = "RAM">   --->   Core 82 'RAM' <Latency = 3> <II = 1> <Delay = 1.86> <Storage> <Opcode : 'load' 'store'> <Ports = 2> <Width = 8> <Depth = 96> <RAM>
ST_59 : Operation 389 [2/4] (1.86ns)   --->   "%ctx_load_25 = load i7 %ctx_addr_29" [aes.cpp:261]   --->   Operation 389 'load' 'ctx_load_25' <Predicate = (!icmp_ln338 & trunc_ln343)> <Delay = 1.86> <CoreInst = "RAM">   --->   Core 82 'RAM' <Latency = 3> <II = 1> <Delay = 1.86> <Storage> <Opcode : 'load' 'store'> <Ports = 2> <Width = 8> <Depth = 96> <RAM>
ST_59 : Operation 390 [3/4] (1.86ns)   --->   "%ctx_load_26 = load i7 %ctx_addr_30" [aes.cpp:261]   --->   Operation 390 'load' 'ctx_load_26' <Predicate = (!icmp_ln338 & trunc_ln343)> <Delay = 1.86> <CoreInst = "RAM">   --->   Core 82 'RAM' <Latency = 3> <II = 1> <Delay = 1.86> <Storage> <Opcode : 'load' 'store'> <Ports = 2> <Width = 8> <Depth = 96> <RAM>
ST_59 : Operation 391 [3/4] (1.86ns)   --->   "%ctx_load_27 = load i7 %ctx_addr_31" [aes.cpp:261]   --->   Operation 391 'load' 'ctx_load_27' <Predicate = (!icmp_ln338 & trunc_ln343)> <Delay = 1.86> <CoreInst = "RAM">   --->   Core 82 'RAM' <Latency = 3> <II = 1> <Delay = 1.86> <Storage> <Opcode : 'load' 'store'> <Ports = 2> <Width = 8> <Depth = 96> <RAM>
ST_59 : Operation 392 [4/4] (1.86ns)   --->   "%ctx_load_28 = load i7 %ctx_addr_32" [aes.cpp:261]   --->   Operation 392 'load' 'ctx_load_28' <Predicate = (!icmp_ln338 & trunc_ln343)> <Delay = 1.86> <CoreInst = "RAM">   --->   Core 82 'RAM' <Latency = 3> <II = 1> <Delay = 1.86> <Storage> <Opcode : 'load' 'store'> <Ports = 2> <Width = 8> <Depth = 96> <RAM>
ST_59 : Operation 393 [4/4] (1.86ns)   --->   "%ctx_load_29 = load i7 %ctx_addr_33" [aes.cpp:261]   --->   Operation 393 'load' 'ctx_load_29' <Predicate = (!icmp_ln338 & trunc_ln343)> <Delay = 1.86> <CoreInst = "RAM">   --->   Core 82 'RAM' <Latency = 3> <II = 1> <Delay = 1.86> <Storage> <Opcode : 'load' 'store'> <Ports = 2> <Width = 8> <Depth = 96> <RAM>

State 60 <SV = 20> <Delay = 1.86>
ST_60 : Operation 394 [2/4] (1.86ns)   --->   "%buf_load_7 = load i4 %buf_addr_4" [aes.cpp:253]   --->   Operation 394 'load' 'buf_load_7' <Predicate = (!icmp_ln338)> <Delay = 1.86> <CoreInst = "RAM">   --->   Core 82 'RAM' <Latency = 3> <II = 1> <Delay = 1.86> <Storage> <Opcode : 'load' 'store'> <Ports = 2> <Width = 8> <Depth = 16> <RAM>
ST_60 : Operation 395 [3/4] (1.86ns)   --->   "%buf_load_9 = load i4 %buf_addr_14" [aes.cpp:253]   --->   Operation 395 'load' 'buf_load_9' <Predicate = (!icmp_ln338)> <Delay = 1.86> <CoreInst = "RAM">   --->   Core 82 'RAM' <Latency = 3> <II = 1> <Delay = 1.86> <Storage> <Opcode : 'load' 'store'> <Ports = 2> <Width = 8> <Depth = 16> <RAM>
ST_60 : Operation 396 [3/4] (1.86ns)   --->   "%buf_load_15 = load i4 %buf_addr_5" [aes.cpp:253]   --->   Operation 396 'load' 'buf_load_15' <Predicate = (!icmp_ln338)> <Delay = 1.86> <CoreInst = "RAM">   --->   Core 82 'RAM' <Latency = 3> <II = 1> <Delay = 1.86> <Storage> <Opcode : 'load' 'store'> <Ports = 2> <Width = 8> <Depth = 16> <RAM>
ST_60 : Operation 397 [4/4] (1.86ns)   --->   "%buf_load_16 = load i4 %buf_addr_3" [aes.cpp:253]   --->   Operation 397 'load' 'buf_load_16' <Predicate = (!icmp_ln338)> <Delay = 1.86> <CoreInst = "RAM">   --->   Core 82 'RAM' <Latency = 3> <II = 1> <Delay = 1.86> <Storage> <Opcode : 'load' 'store'> <Ports = 2> <Width = 8> <Depth = 16> <RAM>
ST_60 : Operation 398 [4/4] (1.86ns)   --->   "%buf_load_17 = load i4 %buf_addr_16" [aes.cpp:253]   --->   Operation 398 'load' 'buf_load_17' <Predicate = (!icmp_ln338)> <Delay = 1.86> <CoreInst = "RAM">   --->   Core 82 'RAM' <Latency = 3> <II = 1> <Delay = 1.86> <Storage> <Opcode : 'load' 'store'> <Ports = 2> <Width = 8> <Depth = 16> <RAM>
ST_60 : Operation 399 [1/4] (1.86ns)   --->   "%buf_load_20 = load i4 %buf_addr_2" [aes.cpp:253]   --->   Operation 399 'load' 'buf_load_20' <Predicate = (!icmp_ln338)> <Delay = 1.86> <CoreInst = "RAM">   --->   Core 82 'RAM' <Latency = 3> <II = 1> <Delay = 1.86> <Storage> <Opcode : 'load' 'store'> <Ports = 2> <Width = 8> <Depth = 16> <RAM>
ST_60 : Operation 400 [2/4] (1.86ns)   --->   "%buf_load_25 = load i4 %buf_addr_18" [aes.cpp:253]   --->   Operation 400 'load' 'buf_load_25' <Predicate = (!icmp_ln338)> <Delay = 1.86> <CoreInst = "RAM">   --->   Core 82 'RAM' <Latency = 3> <II = 1> <Delay = 1.86> <Storage> <Opcode : 'load' 'store'> <Ports = 2> <Width = 8> <Depth = 16> <RAM>
ST_60 : Operation 401 [30/35] (1.46ns)   --->   "%rcon_2 = call i8 @aes_expandEncKey, i8 %ctx, i7 0, i8 %rcon_1_load_1, i8 %sbox" [aes.cpp:344]   --->   Operation 401 'call' 'rcon_2' <Predicate = (!icmp_ln338 & !trunc_ln343)> <Delay = 1.46> <CoreType = "Generic">   --->   Core 0 '' <Latency = 0> <II = 1> <Delay = 1.00> <Generic> <Opcode : >
ST_60 : Operation 402 [1/4] (1.86ns)   --->   "%ctx_load_24 = load i7 %ctx_addr_28" [aes.cpp:261]   --->   Operation 402 'load' 'ctx_load_24' <Predicate = (!icmp_ln338 & trunc_ln343)> <Delay = 1.86> <CoreInst = "RAM">   --->   Core 82 'RAM' <Latency = 3> <II = 1> <Delay = 1.86> <Storage> <Opcode : 'load' 'store'> <Ports = 2> <Width = 8> <Depth = 96> <RAM>
ST_60 : Operation 403 [1/4] (1.86ns)   --->   "%ctx_load_25 = load i7 %ctx_addr_29" [aes.cpp:261]   --->   Operation 403 'load' 'ctx_load_25' <Predicate = (!icmp_ln338 & trunc_ln343)> <Delay = 1.86> <CoreInst = "RAM">   --->   Core 82 'RAM' <Latency = 3> <II = 1> <Delay = 1.86> <Storage> <Opcode : 'load' 'store'> <Ports = 2> <Width = 8> <Depth = 96> <RAM>
ST_60 : Operation 404 [2/4] (1.86ns)   --->   "%ctx_load_26 = load i7 %ctx_addr_30" [aes.cpp:261]   --->   Operation 404 'load' 'ctx_load_26' <Predicate = (!icmp_ln338 & trunc_ln343)> <Delay = 1.86> <CoreInst = "RAM">   --->   Core 82 'RAM' <Latency = 3> <II = 1> <Delay = 1.86> <Storage> <Opcode : 'load' 'store'> <Ports = 2> <Width = 8> <Depth = 96> <RAM>
ST_60 : Operation 405 [2/4] (1.86ns)   --->   "%ctx_load_27 = load i7 %ctx_addr_31" [aes.cpp:261]   --->   Operation 405 'load' 'ctx_load_27' <Predicate = (!icmp_ln338 & trunc_ln343)> <Delay = 1.86> <CoreInst = "RAM">   --->   Core 82 'RAM' <Latency = 3> <II = 1> <Delay = 1.86> <Storage> <Opcode : 'load' 'store'> <Ports = 2> <Width = 8> <Depth = 96> <RAM>
ST_60 : Operation 406 [3/4] (1.86ns)   --->   "%ctx_load_28 = load i7 %ctx_addr_32" [aes.cpp:261]   --->   Operation 406 'load' 'ctx_load_28' <Predicate = (!icmp_ln338 & trunc_ln343)> <Delay = 1.86> <CoreInst = "RAM">   --->   Core 82 'RAM' <Latency = 3> <II = 1> <Delay = 1.86> <Storage> <Opcode : 'load' 'store'> <Ports = 2> <Width = 8> <Depth = 96> <RAM>
ST_60 : Operation 407 [3/4] (1.86ns)   --->   "%ctx_load_29 = load i7 %ctx_addr_33" [aes.cpp:261]   --->   Operation 407 'load' 'ctx_load_29' <Predicate = (!icmp_ln338 & trunc_ln343)> <Delay = 1.86> <CoreInst = "RAM">   --->   Core 82 'RAM' <Latency = 3> <II = 1> <Delay = 1.86> <Storage> <Opcode : 'load' 'store'> <Ports = 2> <Width = 8> <Depth = 96> <RAM>
ST_60 : Operation 408 [4/4] (1.86ns)   --->   "%ctx_load_30 = load i7 %ctx_addr_34" [aes.cpp:261]   --->   Operation 408 'load' 'ctx_load_30' <Predicate = (!icmp_ln338 & trunc_ln343)> <Delay = 1.86> <CoreInst = "RAM">   --->   Core 82 'RAM' <Latency = 3> <II = 1> <Delay = 1.86> <Storage> <Opcode : 'load' 'store'> <Ports = 2> <Width = 8> <Depth = 96> <RAM>
ST_60 : Operation 409 [4/4] (1.86ns)   --->   "%ctx_load_31 = load i7 %ctx_addr_35" [aes.cpp:261]   --->   Operation 409 'load' 'ctx_load_31' <Predicate = (!icmp_ln338 & trunc_ln343)> <Delay = 1.86> <CoreInst = "RAM">   --->   Core 82 'RAM' <Latency = 3> <II = 1> <Delay = 1.86> <Storage> <Opcode : 'load' 'store'> <Ports = 2> <Width = 8> <Depth = 96> <RAM>

State 61 <SV = 21> <Delay = 1.86>
ST_61 : Operation 410 [1/4] (1.86ns)   --->   "%buf_load_7 = load i4 %buf_addr_4" [aes.cpp:253]   --->   Operation 410 'load' 'buf_load_7' <Predicate = (!icmp_ln338)> <Delay = 1.86> <CoreInst = "RAM">   --->   Core 82 'RAM' <Latency = 3> <II = 1> <Delay = 1.86> <Storage> <Opcode : 'load' 'store'> <Ports = 2> <Width = 8> <Depth = 16> <RAM>
ST_61 : Operation 411 [2/4] (1.86ns)   --->   "%buf_load_9 = load i4 %buf_addr_14" [aes.cpp:253]   --->   Operation 411 'load' 'buf_load_9' <Predicate = (!icmp_ln338)> <Delay = 1.86> <CoreInst = "RAM">   --->   Core 82 'RAM' <Latency = 3> <II = 1> <Delay = 1.86> <Storage> <Opcode : 'load' 'store'> <Ports = 2> <Width = 8> <Depth = 16> <RAM>
ST_61 : Operation 412 [2/4] (1.86ns)   --->   "%buf_load_15 = load i4 %buf_addr_5" [aes.cpp:253]   --->   Operation 412 'load' 'buf_load_15' <Predicate = (!icmp_ln338)> <Delay = 1.86> <CoreInst = "RAM">   --->   Core 82 'RAM' <Latency = 3> <II = 1> <Delay = 1.86> <Storage> <Opcode : 'load' 'store'> <Ports = 2> <Width = 8> <Depth = 16> <RAM>
ST_61 : Operation 413 [3/4] (1.86ns)   --->   "%buf_load_16 = load i4 %buf_addr_3" [aes.cpp:253]   --->   Operation 413 'load' 'buf_load_16' <Predicate = (!icmp_ln338)> <Delay = 1.86> <CoreInst = "RAM">   --->   Core 82 'RAM' <Latency = 3> <II = 1> <Delay = 1.86> <Storage> <Opcode : 'load' 'store'> <Ports = 2> <Width = 8> <Depth = 16> <RAM>
ST_61 : Operation 414 [3/4] (1.86ns)   --->   "%buf_load_17 = load i4 %buf_addr_16" [aes.cpp:253]   --->   Operation 414 'load' 'buf_load_17' <Predicate = (!icmp_ln338)> <Delay = 1.86> <CoreInst = "RAM">   --->   Core 82 'RAM' <Latency = 3> <II = 1> <Delay = 1.86> <Storage> <Opcode : 'load' 'store'> <Ports = 2> <Width = 8> <Depth = 16> <RAM>
ST_61 : Operation 415 [1/1] (0.00ns)   --->   "%zext_ln253_11 = zext i8 %buf_load_20" [aes.cpp:253]   --->   Operation 415 'zext' 'zext_ln253_11' <Predicate = (!icmp_ln338)> <Delay = 0.00>
ST_61 : Operation 416 [1/1] (0.00ns)   --->   "%sbox_addr_11 = getelementptr i8 %sbox, i64 0, i64 %zext_ln253_11" [aes.cpp:253]   --->   Operation 416 'getelementptr' 'sbox_addr_11' <Predicate = (!icmp_ln338)> <Delay = 0.00>
ST_61 : Operation 417 [4/4] (1.68ns)   --->   "%sbox_load_11 = load i8 %sbox_addr_11" [aes.cpp:253]   --->   Operation 417 'load' 'sbox_load_11' <Predicate = (!icmp_ln338)> <Delay = 1.68> <CoreInst = "ROM">   --->   Core 95 'ROM' <Latency = 3> <II = 1> <Delay = 1.68> <Storage> <Opcode : 'load'> <Ports = 0> <Width = 8> <Depth = 256> <ROM>
ST_61 : Operation 418 [4/4] (1.86ns)   --->   "%buf_load_21 = load i4 %buf_addr_17" [aes.cpp:253]   --->   Operation 418 'load' 'buf_load_21' <Predicate = (!icmp_ln338)> <Delay = 1.86> <CoreInst = "RAM">   --->   Core 82 'RAM' <Latency = 3> <II = 1> <Delay = 1.86> <Storage> <Opcode : 'load' 'store'> <Ports = 2> <Width = 8> <Depth = 16> <RAM>
ST_61 : Operation 419 [4/4] (1.86ns)   --->   "%buf_load_24 = load i4 %buf_addr_1" [aes.cpp:253]   --->   Operation 419 'load' 'buf_load_24' <Predicate = (!icmp_ln338)> <Delay = 1.86> <CoreInst = "RAM">   --->   Core 82 'RAM' <Latency = 3> <II = 1> <Delay = 1.86> <Storage> <Opcode : 'load' 'store'> <Ports = 2> <Width = 8> <Depth = 16> <RAM>
ST_61 : Operation 420 [1/4] (1.86ns)   --->   "%buf_load_25 = load i4 %buf_addr_18" [aes.cpp:253]   --->   Operation 420 'load' 'buf_load_25' <Predicate = (!icmp_ln338)> <Delay = 1.86> <CoreInst = "RAM">   --->   Core 82 'RAM' <Latency = 3> <II = 1> <Delay = 1.86> <Storage> <Opcode : 'load' 'store'> <Ports = 2> <Width = 8> <Depth = 16> <RAM>
ST_61 : Operation 421 [29/35] (1.46ns)   --->   "%rcon_2 = call i8 @aes_expandEncKey, i8 %ctx, i7 0, i8 %rcon_1_load_1, i8 %sbox" [aes.cpp:344]   --->   Operation 421 'call' 'rcon_2' <Predicate = (!icmp_ln338 & !trunc_ln343)> <Delay = 1.46> <CoreType = "Generic">   --->   Core 0 '' <Latency = 0> <II = 1> <Delay = 1.00> <Generic> <Opcode : >
ST_61 : Operation 422 [1/4] (1.86ns)   --->   "%ctx_load_26 = load i7 %ctx_addr_30" [aes.cpp:261]   --->   Operation 422 'load' 'ctx_load_26' <Predicate = (!icmp_ln338 & trunc_ln343)> <Delay = 1.86> <CoreInst = "RAM">   --->   Core 82 'RAM' <Latency = 3> <II = 1> <Delay = 1.86> <Storage> <Opcode : 'load' 'store'> <Ports = 2> <Width = 8> <Depth = 96> <RAM>
ST_61 : Operation 423 [1/4] (1.86ns)   --->   "%ctx_load_27 = load i7 %ctx_addr_31" [aes.cpp:261]   --->   Operation 423 'load' 'ctx_load_27' <Predicate = (!icmp_ln338 & trunc_ln343)> <Delay = 1.86> <CoreInst = "RAM">   --->   Core 82 'RAM' <Latency = 3> <II = 1> <Delay = 1.86> <Storage> <Opcode : 'load' 'store'> <Ports = 2> <Width = 8> <Depth = 96> <RAM>
ST_61 : Operation 424 [2/4] (1.86ns)   --->   "%ctx_load_28 = load i7 %ctx_addr_32" [aes.cpp:261]   --->   Operation 424 'load' 'ctx_load_28' <Predicate = (!icmp_ln338 & trunc_ln343)> <Delay = 1.86> <CoreInst = "RAM">   --->   Core 82 'RAM' <Latency = 3> <II = 1> <Delay = 1.86> <Storage> <Opcode : 'load' 'store'> <Ports = 2> <Width = 8> <Depth = 96> <RAM>
ST_61 : Operation 425 [2/4] (1.86ns)   --->   "%ctx_load_29 = load i7 %ctx_addr_33" [aes.cpp:261]   --->   Operation 425 'load' 'ctx_load_29' <Predicate = (!icmp_ln338 & trunc_ln343)> <Delay = 1.86> <CoreInst = "RAM">   --->   Core 82 'RAM' <Latency = 3> <II = 1> <Delay = 1.86> <Storage> <Opcode : 'load' 'store'> <Ports = 2> <Width = 8> <Depth = 96> <RAM>
ST_61 : Operation 426 [3/4] (1.86ns)   --->   "%ctx_load_30 = load i7 %ctx_addr_34" [aes.cpp:261]   --->   Operation 426 'load' 'ctx_load_30' <Predicate = (!icmp_ln338 & trunc_ln343)> <Delay = 1.86> <CoreInst = "RAM">   --->   Core 82 'RAM' <Latency = 3> <II = 1> <Delay = 1.86> <Storage> <Opcode : 'load' 'store'> <Ports = 2> <Width = 8> <Depth = 96> <RAM>
ST_61 : Operation 427 [3/4] (1.86ns)   --->   "%ctx_load_31 = load i7 %ctx_addr_35" [aes.cpp:261]   --->   Operation 427 'load' 'ctx_load_31' <Predicate = (!icmp_ln338 & trunc_ln343)> <Delay = 1.86> <CoreInst = "RAM">   --->   Core 82 'RAM' <Latency = 3> <II = 1> <Delay = 1.86> <Storage> <Opcode : 'load' 'store'> <Ports = 2> <Width = 8> <Depth = 96> <RAM>
ST_61 : Operation 428 [4/4] (1.86ns)   --->   "%ctx_load_32 = load i7 %ctx_addr_36" [aes.cpp:261]   --->   Operation 428 'load' 'ctx_load_32' <Predicate = (!icmp_ln338 & trunc_ln343)> <Delay = 1.86> <CoreInst = "RAM">   --->   Core 82 'RAM' <Latency = 3> <II = 1> <Delay = 1.86> <Storage> <Opcode : 'load' 'store'> <Ports = 2> <Width = 8> <Depth = 96> <RAM>
ST_61 : Operation 429 [4/4] (1.86ns)   --->   "%ctx_load_33 = load i7 %ctx_addr_37" [aes.cpp:261]   --->   Operation 429 'load' 'ctx_load_33' <Predicate = (!icmp_ln338 & trunc_ln343)> <Delay = 1.86> <CoreInst = "RAM">   --->   Core 82 'RAM' <Latency = 3> <II = 1> <Delay = 1.86> <Storage> <Opcode : 'load' 'store'> <Ports = 2> <Width = 8> <Depth = 96> <RAM>

State 62 <SV = 22> <Delay = 1.86>
ST_62 : Operation 430 [4/4] (1.86ns)   --->   "%buf_load_2 = load i4 %buf_addr_8" [aes.cpp:253]   --->   Operation 430 'load' 'buf_load_2' <Predicate = (!icmp_ln338)> <Delay = 1.86> <CoreInst = "RAM">   --->   Core 82 'RAM' <Latency = 3> <II = 1> <Delay = 1.86> <Storage> <Opcode : 'load' 'store'> <Ports = 2> <Width = 8> <Depth = 16> <RAM>
ST_62 : Operation 431 [4/4] (1.86ns)   --->   "%buf_load_3 = load i4 %buf_addr_11" [aes.cpp:253]   --->   Operation 431 'load' 'buf_load_3' <Predicate = (!icmp_ln338)> <Delay = 1.86> <CoreInst = "RAM">   --->   Core 82 'RAM' <Latency = 3> <II = 1> <Delay = 1.86> <Storage> <Opcode : 'load' 'store'> <Ports = 2> <Width = 8> <Depth = 16> <RAM>
ST_62 : Operation 432 [1/4] (1.86ns)   --->   "%buf_load_9 = load i4 %buf_addr_14" [aes.cpp:253]   --->   Operation 432 'load' 'buf_load_9' <Predicate = (!icmp_ln338)> <Delay = 1.86> <CoreInst = "RAM">   --->   Core 82 'RAM' <Latency = 3> <II = 1> <Delay = 1.86> <Storage> <Opcode : 'load' 'store'> <Ports = 2> <Width = 8> <Depth = 16> <RAM>
ST_62 : Operation 433 [1/4] (1.86ns)   --->   "%buf_load_15 = load i4 %buf_addr_5" [aes.cpp:253]   --->   Operation 433 'load' 'buf_load_15' <Predicate = (!icmp_ln338)> <Delay = 1.86> <CoreInst = "RAM">   --->   Core 82 'RAM' <Latency = 3> <II = 1> <Delay = 1.86> <Storage> <Opcode : 'load' 'store'> <Ports = 2> <Width = 8> <Depth = 16> <RAM>
ST_62 : Operation 434 [2/4] (1.86ns)   --->   "%buf_load_16 = load i4 %buf_addr_3" [aes.cpp:253]   --->   Operation 434 'load' 'buf_load_16' <Predicate = (!icmp_ln338)> <Delay = 1.86> <CoreInst = "RAM">   --->   Core 82 'RAM' <Latency = 3> <II = 1> <Delay = 1.86> <Storage> <Opcode : 'load' 'store'> <Ports = 2> <Width = 8> <Depth = 16> <RAM>
ST_62 : Operation 435 [2/4] (1.86ns)   --->   "%buf_load_17 = load i4 %buf_addr_16" [aes.cpp:253]   --->   Operation 435 'load' 'buf_load_17' <Predicate = (!icmp_ln338)> <Delay = 1.86> <CoreInst = "RAM">   --->   Core 82 'RAM' <Latency = 3> <II = 1> <Delay = 1.86> <Storage> <Opcode : 'load' 'store'> <Ports = 2> <Width = 8> <Depth = 16> <RAM>
ST_62 : Operation 436 [3/4] (1.68ns)   --->   "%sbox_load_11 = load i8 %sbox_addr_11" [aes.cpp:253]   --->   Operation 436 'load' 'sbox_load_11' <Predicate = (!icmp_ln338)> <Delay = 1.68> <CoreInst = "ROM">   --->   Core 95 'ROM' <Latency = 3> <II = 1> <Delay = 1.68> <Storage> <Opcode : 'load'> <Ports = 0> <Width = 8> <Depth = 256> <ROM>
ST_62 : Operation 437 [3/4] (1.86ns)   --->   "%buf_load_21 = load i4 %buf_addr_17" [aes.cpp:253]   --->   Operation 437 'load' 'buf_load_21' <Predicate = (!icmp_ln338)> <Delay = 1.86> <CoreInst = "RAM">   --->   Core 82 'RAM' <Latency = 3> <II = 1> <Delay = 1.86> <Storage> <Opcode : 'load' 'store'> <Ports = 2> <Width = 8> <Depth = 16> <RAM>
ST_62 : Operation 438 [3/4] (1.86ns)   --->   "%buf_load_24 = load i4 %buf_addr_1" [aes.cpp:253]   --->   Operation 438 'load' 'buf_load_24' <Predicate = (!icmp_ln338)> <Delay = 1.86> <CoreInst = "RAM">   --->   Core 82 'RAM' <Latency = 3> <II = 1> <Delay = 1.86> <Storage> <Opcode : 'load' 'store'> <Ports = 2> <Width = 8> <Depth = 16> <RAM>
ST_62 : Operation 439 [1/1] (0.00ns)   --->   "%zext_ln253_16 = zext i8 %buf_load_25" [aes.cpp:253]   --->   Operation 439 'zext' 'zext_ln253_16' <Predicate = (!icmp_ln338)> <Delay = 0.00>
ST_62 : Operation 440 [1/1] (0.00ns)   --->   "%sbox_addr_16 = getelementptr i8 %sbox, i64 0, i64 %zext_ln253_16" [aes.cpp:253]   --->   Operation 440 'getelementptr' 'sbox_addr_16' <Predicate = (!icmp_ln338)> <Delay = 0.00>
ST_62 : Operation 441 [4/4] (1.68ns)   --->   "%sbox_load_16 = load i8 %sbox_addr_16" [aes.cpp:253]   --->   Operation 441 'load' 'sbox_load_16' <Predicate = (!icmp_ln338)> <Delay = 1.68> <CoreInst = "ROM">   --->   Core 95 'ROM' <Latency = 3> <II = 1> <Delay = 1.68> <Storage> <Opcode : 'load'> <Ports = 0> <Width = 8> <Depth = 256> <ROM>
ST_62 : Operation 442 [28/35] (1.46ns)   --->   "%rcon_2 = call i8 @aes_expandEncKey, i8 %ctx, i7 0, i8 %rcon_1_load_1, i8 %sbox" [aes.cpp:344]   --->   Operation 442 'call' 'rcon_2' <Predicate = (!icmp_ln338 & !trunc_ln343)> <Delay = 1.46> <CoreType = "Generic">   --->   Core 0 '' <Latency = 0> <II = 1> <Delay = 1.00> <Generic> <Opcode : >
ST_62 : Operation 443 [1/4] (1.86ns)   --->   "%ctx_load_28 = load i7 %ctx_addr_32" [aes.cpp:261]   --->   Operation 443 'load' 'ctx_load_28' <Predicate = (!icmp_ln338 & trunc_ln343)> <Delay = 1.86> <CoreInst = "RAM">   --->   Core 82 'RAM' <Latency = 3> <II = 1> <Delay = 1.86> <Storage> <Opcode : 'load' 'store'> <Ports = 2> <Width = 8> <Depth = 96> <RAM>
ST_62 : Operation 444 [1/4] (1.86ns)   --->   "%ctx_load_29 = load i7 %ctx_addr_33" [aes.cpp:261]   --->   Operation 444 'load' 'ctx_load_29' <Predicate = (!icmp_ln338 & trunc_ln343)> <Delay = 1.86> <CoreInst = "RAM">   --->   Core 82 'RAM' <Latency = 3> <II = 1> <Delay = 1.86> <Storage> <Opcode : 'load' 'store'> <Ports = 2> <Width = 8> <Depth = 96> <RAM>
ST_62 : Operation 445 [2/4] (1.86ns)   --->   "%ctx_load_30 = load i7 %ctx_addr_34" [aes.cpp:261]   --->   Operation 445 'load' 'ctx_load_30' <Predicate = (!icmp_ln338 & trunc_ln343)> <Delay = 1.86> <CoreInst = "RAM">   --->   Core 82 'RAM' <Latency = 3> <II = 1> <Delay = 1.86> <Storage> <Opcode : 'load' 'store'> <Ports = 2> <Width = 8> <Depth = 96> <RAM>
ST_62 : Operation 446 [2/4] (1.86ns)   --->   "%ctx_load_31 = load i7 %ctx_addr_35" [aes.cpp:261]   --->   Operation 446 'load' 'ctx_load_31' <Predicate = (!icmp_ln338 & trunc_ln343)> <Delay = 1.86> <CoreInst = "RAM">   --->   Core 82 'RAM' <Latency = 3> <II = 1> <Delay = 1.86> <Storage> <Opcode : 'load' 'store'> <Ports = 2> <Width = 8> <Depth = 96> <RAM>
ST_62 : Operation 447 [3/4] (1.86ns)   --->   "%ctx_load_32 = load i7 %ctx_addr_36" [aes.cpp:261]   --->   Operation 447 'load' 'ctx_load_32' <Predicate = (!icmp_ln338 & trunc_ln343)> <Delay = 1.86> <CoreInst = "RAM">   --->   Core 82 'RAM' <Latency = 3> <II = 1> <Delay = 1.86> <Storage> <Opcode : 'load' 'store'> <Ports = 2> <Width = 8> <Depth = 96> <RAM>
ST_62 : Operation 448 [3/4] (1.86ns)   --->   "%ctx_load_33 = load i7 %ctx_addr_37" [aes.cpp:261]   --->   Operation 448 'load' 'ctx_load_33' <Predicate = (!icmp_ln338 & trunc_ln343)> <Delay = 1.86> <CoreInst = "RAM">   --->   Core 82 'RAM' <Latency = 3> <II = 1> <Delay = 1.86> <Storage> <Opcode : 'load' 'store'> <Ports = 2> <Width = 8> <Depth = 96> <RAM>

State 63 <SV = 23> <Delay = 1.86>
ST_63 : Operation 449 [3/4] (1.86ns)   --->   "%buf_load_2 = load i4 %buf_addr_8" [aes.cpp:253]   --->   Operation 449 'load' 'buf_load_2' <Predicate = (!icmp_ln338)> <Delay = 1.86> <CoreInst = "RAM">   --->   Core 82 'RAM' <Latency = 3> <II = 1> <Delay = 1.86> <Storage> <Opcode : 'load' 'store'> <Ports = 2> <Width = 8> <Depth = 16> <RAM>
ST_63 : Operation 450 [3/4] (1.86ns)   --->   "%buf_load_3 = load i4 %buf_addr_11" [aes.cpp:253]   --->   Operation 450 'load' 'buf_load_3' <Predicate = (!icmp_ln338)> <Delay = 1.86> <CoreInst = "RAM">   --->   Core 82 'RAM' <Latency = 3> <II = 1> <Delay = 1.86> <Storage> <Opcode : 'load' 'store'> <Ports = 2> <Width = 8> <Depth = 16> <RAM>
ST_63 : Operation 451 [1/1] (0.00ns)   --->   "%zext_ln253_3 = zext i8 %buf_load_7" [aes.cpp:253]   --->   Operation 451 'zext' 'zext_ln253_3' <Predicate = (!icmp_ln338)> <Delay = 0.00>
ST_63 : Operation 452 [1/1] (0.00ns)   --->   "%sbox_addr_3 = getelementptr i8 %sbox, i64 0, i64 %zext_ln253_3" [aes.cpp:253]   --->   Operation 452 'getelementptr' 'sbox_addr_3' <Predicate = (!icmp_ln338)> <Delay = 0.00>
ST_63 : Operation 453 [4/4] (1.68ns)   --->   "%sbox_load_3 = load i8 %sbox_addr_3" [aes.cpp:253]   --->   Operation 453 'load' 'sbox_load_3' <Predicate = (!icmp_ln338)> <Delay = 1.68> <CoreInst = "ROM">   --->   Core 95 'ROM' <Latency = 3> <II = 1> <Delay = 1.68> <Storage> <Opcode : 'load'> <Ports = 0> <Width = 8> <Depth = 256> <ROM>
ST_63 : Operation 454 [1/4] (1.86ns)   --->   "%buf_load_16 = load i4 %buf_addr_3" [aes.cpp:253]   --->   Operation 454 'load' 'buf_load_16' <Predicate = (!icmp_ln338)> <Delay = 1.86> <CoreInst = "RAM">   --->   Core 82 'RAM' <Latency = 3> <II = 1> <Delay = 1.86> <Storage> <Opcode : 'load' 'store'> <Ports = 2> <Width = 8> <Depth = 16> <RAM>
ST_63 : Operation 455 [1/4] (1.86ns)   --->   "%buf_load_17 = load i4 %buf_addr_16" [aes.cpp:253]   --->   Operation 455 'load' 'buf_load_17' <Predicate = (!icmp_ln338)> <Delay = 1.86> <CoreInst = "RAM">   --->   Core 82 'RAM' <Latency = 3> <II = 1> <Delay = 1.86> <Storage> <Opcode : 'load' 'store'> <Ports = 2> <Width = 8> <Depth = 16> <RAM>
ST_63 : Operation 456 [4/4] (1.86ns)   --->   "%buf_load_19 = load i4 %buf_addr_12" [aes.cpp:253]   --->   Operation 456 'load' 'buf_load_19' <Predicate = (!icmp_ln338)> <Delay = 1.86> <CoreInst = "RAM">   --->   Core 82 'RAM' <Latency = 3> <II = 1> <Delay = 1.86> <Storage> <Opcode : 'load' 'store'> <Ports = 2> <Width = 8> <Depth = 16> <RAM>
ST_63 : Operation 457 [2/4] (1.68ns)   --->   "%sbox_load_11 = load i8 %sbox_addr_11" [aes.cpp:253]   --->   Operation 457 'load' 'sbox_load_11' <Predicate = (!icmp_ln338)> <Delay = 1.68> <CoreInst = "ROM">   --->   Core 95 'ROM' <Latency = 3> <II = 1> <Delay = 1.68> <Storage> <Opcode : 'load'> <Ports = 0> <Width = 8> <Depth = 256> <ROM>
ST_63 : Operation 458 [2/4] (1.86ns)   --->   "%buf_load_21 = load i4 %buf_addr_17" [aes.cpp:253]   --->   Operation 458 'load' 'buf_load_21' <Predicate = (!icmp_ln338)> <Delay = 1.86> <CoreInst = "RAM">   --->   Core 82 'RAM' <Latency = 3> <II = 1> <Delay = 1.86> <Storage> <Opcode : 'load' 'store'> <Ports = 2> <Width = 8> <Depth = 16> <RAM>
ST_63 : Operation 459 [4/4] (1.86ns)   --->   "%buf_load_23 = load i4 %buf_addr_6" [aes.cpp:253]   --->   Operation 459 'load' 'buf_load_23' <Predicate = (!icmp_ln338)> <Delay = 1.86> <CoreInst = "RAM">   --->   Core 82 'RAM' <Latency = 3> <II = 1> <Delay = 1.86> <Storage> <Opcode : 'load' 'store'> <Ports = 2> <Width = 8> <Depth = 16> <RAM>
ST_63 : Operation 460 [2/4] (1.86ns)   --->   "%buf_load_24 = load i4 %buf_addr_1" [aes.cpp:253]   --->   Operation 460 'load' 'buf_load_24' <Predicate = (!icmp_ln338)> <Delay = 1.86> <CoreInst = "RAM">   --->   Core 82 'RAM' <Latency = 3> <II = 1> <Delay = 1.86> <Storage> <Opcode : 'load' 'store'> <Ports = 2> <Width = 8> <Depth = 16> <RAM>
ST_63 : Operation 461 [3/4] (1.68ns)   --->   "%sbox_load_16 = load i8 %sbox_addr_16" [aes.cpp:253]   --->   Operation 461 'load' 'sbox_load_16' <Predicate = (!icmp_ln338)> <Delay = 1.68> <CoreInst = "ROM">   --->   Core 95 'ROM' <Latency = 3> <II = 1> <Delay = 1.68> <Storage> <Opcode : 'load'> <Ports = 0> <Width = 8> <Depth = 256> <ROM>
ST_63 : Operation 462 [27/35] (1.46ns)   --->   "%rcon_2 = call i8 @aes_expandEncKey, i8 %ctx, i7 0, i8 %rcon_1_load_1, i8 %sbox" [aes.cpp:344]   --->   Operation 462 'call' 'rcon_2' <Predicate = (!icmp_ln338 & !trunc_ln343)> <Delay = 1.46> <CoreType = "Generic">   --->   Core 0 '' <Latency = 0> <II = 1> <Delay = 1.00> <Generic> <Opcode : >
ST_63 : Operation 463 [1/4] (1.86ns)   --->   "%ctx_load_30 = load i7 %ctx_addr_34" [aes.cpp:261]   --->   Operation 463 'load' 'ctx_load_30' <Predicate = (!icmp_ln338 & trunc_ln343)> <Delay = 1.86> <CoreInst = "RAM">   --->   Core 82 'RAM' <Latency = 3> <II = 1> <Delay = 1.86> <Storage> <Opcode : 'load' 'store'> <Ports = 2> <Width = 8> <Depth = 96> <RAM>
ST_63 : Operation 464 [1/4] (1.86ns)   --->   "%ctx_load_31 = load i7 %ctx_addr_35" [aes.cpp:261]   --->   Operation 464 'load' 'ctx_load_31' <Predicate = (!icmp_ln338 & trunc_ln343)> <Delay = 1.86> <CoreInst = "RAM">   --->   Core 82 'RAM' <Latency = 3> <II = 1> <Delay = 1.86> <Storage> <Opcode : 'load' 'store'> <Ports = 2> <Width = 8> <Depth = 96> <RAM>
ST_63 : Operation 465 [2/4] (1.86ns)   --->   "%ctx_load_32 = load i7 %ctx_addr_36" [aes.cpp:261]   --->   Operation 465 'load' 'ctx_load_32' <Predicate = (!icmp_ln338 & trunc_ln343)> <Delay = 1.86> <CoreInst = "RAM">   --->   Core 82 'RAM' <Latency = 3> <II = 1> <Delay = 1.86> <Storage> <Opcode : 'load' 'store'> <Ports = 2> <Width = 8> <Depth = 96> <RAM>
ST_63 : Operation 466 [2/4] (1.86ns)   --->   "%ctx_load_33 = load i7 %ctx_addr_37" [aes.cpp:261]   --->   Operation 466 'load' 'ctx_load_33' <Predicate = (!icmp_ln338 & trunc_ln343)> <Delay = 1.86> <CoreInst = "RAM">   --->   Core 82 'RAM' <Latency = 3> <II = 1> <Delay = 1.86> <Storage> <Opcode : 'load' 'store'> <Ports = 2> <Width = 8> <Depth = 96> <RAM>

State 64 <SV = 24> <Delay = 1.86>
ST_64 : Operation 467 [2/4] (1.86ns)   --->   "%buf_load_2 = load i4 %buf_addr_8" [aes.cpp:253]   --->   Operation 467 'load' 'buf_load_2' <Predicate = (!icmp_ln338)> <Delay = 1.86> <CoreInst = "RAM">   --->   Core 82 'RAM' <Latency = 3> <II = 1> <Delay = 1.86> <Storage> <Opcode : 'load' 'store'> <Ports = 2> <Width = 8> <Depth = 16> <RAM>
ST_64 : Operation 468 [2/4] (1.86ns)   --->   "%buf_load_3 = load i4 %buf_addr_11" [aes.cpp:253]   --->   Operation 468 'load' 'buf_load_3' <Predicate = (!icmp_ln338)> <Delay = 1.86> <CoreInst = "RAM">   --->   Core 82 'RAM' <Latency = 3> <II = 1> <Delay = 1.86> <Storage> <Opcode : 'load' 'store'> <Ports = 2> <Width = 8> <Depth = 16> <RAM>
ST_64 : Operation 469 [3/4] (1.68ns)   --->   "%sbox_load_3 = load i8 %sbox_addr_3" [aes.cpp:253]   --->   Operation 469 'load' 'sbox_load_3' <Predicate = (!icmp_ln338)> <Delay = 1.68> <CoreInst = "ROM">   --->   Core 95 'ROM' <Latency = 3> <II = 1> <Delay = 1.68> <Storage> <Opcode : 'load'> <Ports = 0> <Width = 8> <Depth = 256> <ROM>
ST_64 : Operation 470 [1/1] (0.00ns)   --->   "%zext_ln253_4 = zext i8 %buf_load_9" [aes.cpp:253]   --->   Operation 470 'zext' 'zext_ln253_4' <Predicate = (!icmp_ln338)> <Delay = 0.00>
ST_64 : Operation 471 [1/1] (0.00ns)   --->   "%sbox_addr_4 = getelementptr i8 %sbox, i64 0, i64 %zext_ln253_4" [aes.cpp:253]   --->   Operation 471 'getelementptr' 'sbox_addr_4' <Predicate = (!icmp_ln338)> <Delay = 0.00>
ST_64 : Operation 472 [4/4] (1.68ns)   --->   "%sbox_load_4 = load i8 %sbox_addr_4" [aes.cpp:253]   --->   Operation 472 'load' 'sbox_load_4' <Predicate = (!icmp_ln338)> <Delay = 1.68> <CoreInst = "ROM">   --->   Core 95 'ROM' <Latency = 3> <II = 1> <Delay = 1.68> <Storage> <Opcode : 'load'> <Ports = 0> <Width = 8> <Depth = 256> <ROM>
ST_64 : Operation 473 [4/4] (1.86ns)   --->   "%buf_load_13 = load i4 %buf_addr_9" [aes.cpp:253]   --->   Operation 473 'load' 'buf_load_13' <Predicate = (!icmp_ln338)> <Delay = 1.86> <CoreInst = "RAM">   --->   Core 82 'RAM' <Latency = 3> <II = 1> <Delay = 1.86> <Storage> <Opcode : 'load' 'store'> <Ports = 2> <Width = 8> <Depth = 16> <RAM>
ST_64 : Operation 474 [4/4] (1.86ns)   --->   "%buf_load_18 = load i4 %buf_addr_10" [aes.cpp:253]   --->   Operation 474 'load' 'buf_load_18' <Predicate = (!icmp_ln338)> <Delay = 1.86> <CoreInst = "RAM">   --->   Core 82 'RAM' <Latency = 3> <II = 1> <Delay = 1.86> <Storage> <Opcode : 'load' 'store'> <Ports = 2> <Width = 8> <Depth = 16> <RAM>
ST_64 : Operation 475 [3/4] (1.86ns)   --->   "%buf_load_19 = load i4 %buf_addr_12" [aes.cpp:253]   --->   Operation 475 'load' 'buf_load_19' <Predicate = (!icmp_ln338)> <Delay = 1.86> <CoreInst = "RAM">   --->   Core 82 'RAM' <Latency = 3> <II = 1> <Delay = 1.86> <Storage> <Opcode : 'load' 'store'> <Ports = 2> <Width = 8> <Depth = 16> <RAM>
ST_64 : Operation 476 [1/4] (1.68ns)   --->   "%sbox_load_11 = load i8 %sbox_addr_11" [aes.cpp:253]   --->   Operation 476 'load' 'sbox_load_11' <Predicate = (!icmp_ln338)> <Delay = 1.68> <CoreInst = "ROM">   --->   Core 95 'ROM' <Latency = 3> <II = 1> <Delay = 1.68> <Storage> <Opcode : 'load'> <Ports = 0> <Width = 8> <Depth = 256> <ROM>
ST_64 : Operation 477 [1/4] (1.86ns)   --->   "%buf_load_21 = load i4 %buf_addr_17" [aes.cpp:253]   --->   Operation 477 'load' 'buf_load_21' <Predicate = (!icmp_ln338)> <Delay = 1.86> <CoreInst = "RAM">   --->   Core 82 'RAM' <Latency = 3> <II = 1> <Delay = 1.86> <Storage> <Opcode : 'load' 'store'> <Ports = 2> <Width = 8> <Depth = 16> <RAM>
ST_64 : Operation 478 [3/4] (1.86ns)   --->   "%buf_load_23 = load i4 %buf_addr_6" [aes.cpp:253]   --->   Operation 478 'load' 'buf_load_23' <Predicate = (!icmp_ln338)> <Delay = 1.86> <CoreInst = "RAM">   --->   Core 82 'RAM' <Latency = 3> <II = 1> <Delay = 1.86> <Storage> <Opcode : 'load' 'store'> <Ports = 2> <Width = 8> <Depth = 16> <RAM>
ST_64 : Operation 479 [1/4] (1.86ns)   --->   "%buf_load_24 = load i4 %buf_addr_1" [aes.cpp:253]   --->   Operation 479 'load' 'buf_load_24' <Predicate = (!icmp_ln338)> <Delay = 1.86> <CoreInst = "RAM">   --->   Core 82 'RAM' <Latency = 3> <II = 1> <Delay = 1.86> <Storage> <Opcode : 'load' 'store'> <Ports = 2> <Width = 8> <Depth = 16> <RAM>
ST_64 : Operation 480 [2/4] (1.68ns)   --->   "%sbox_load_16 = load i8 %sbox_addr_16" [aes.cpp:253]   --->   Operation 480 'load' 'sbox_load_16' <Predicate = (!icmp_ln338)> <Delay = 1.68> <CoreInst = "ROM">   --->   Core 95 'ROM' <Latency = 3> <II = 1> <Delay = 1.68> <Storage> <Opcode : 'load'> <Ports = 0> <Width = 8> <Depth = 256> <ROM>
ST_64 : Operation 481 [26/35] (1.46ns)   --->   "%rcon_2 = call i8 @aes_expandEncKey, i8 %ctx, i7 0, i8 %rcon_1_load_1, i8 %sbox" [aes.cpp:344]   --->   Operation 481 'call' 'rcon_2' <Predicate = (!icmp_ln338 & !trunc_ln343)> <Delay = 1.46> <CoreType = "Generic">   --->   Core 0 '' <Latency = 0> <II = 1> <Delay = 1.00> <Generic> <Opcode : >
ST_64 : Operation 482 [1/4] (1.86ns)   --->   "%ctx_load_32 = load i7 %ctx_addr_36" [aes.cpp:261]   --->   Operation 482 'load' 'ctx_load_32' <Predicate = (!icmp_ln338 & trunc_ln343)> <Delay = 1.86> <CoreInst = "RAM">   --->   Core 82 'RAM' <Latency = 3> <II = 1> <Delay = 1.86> <Storage> <Opcode : 'load' 'store'> <Ports = 2> <Width = 8> <Depth = 96> <RAM>
ST_64 : Operation 483 [1/4] (1.86ns)   --->   "%ctx_load_33 = load i7 %ctx_addr_37" [aes.cpp:261]   --->   Operation 483 'load' 'ctx_load_33' <Predicate = (!icmp_ln338 & trunc_ln343)> <Delay = 1.86> <CoreInst = "RAM">   --->   Core 82 'RAM' <Latency = 3> <II = 1> <Delay = 1.86> <Storage> <Opcode : 'load' 'store'> <Ports = 2> <Width = 8> <Depth = 96> <RAM>

State 65 <SV = 25> <Delay = 1.86>
ST_65 : Operation 484 [1/4] (1.86ns)   --->   "%buf_load_2 = load i4 %buf_addr_8" [aes.cpp:253]   --->   Operation 484 'load' 'buf_load_2' <Predicate = (!icmp_ln338)> <Delay = 1.86> <CoreInst = "RAM">   --->   Core 82 'RAM' <Latency = 3> <II = 1> <Delay = 1.86> <Storage> <Opcode : 'load' 'store'> <Ports = 2> <Width = 8> <Depth = 16> <RAM>
ST_65 : Operation 485 [1/4] (1.86ns)   --->   "%buf_load_3 = load i4 %buf_addr_11" [aes.cpp:253]   --->   Operation 485 'load' 'buf_load_3' <Predicate = (!icmp_ln338)> <Delay = 1.86> <CoreInst = "RAM">   --->   Core 82 'RAM' <Latency = 3> <II = 1> <Delay = 1.86> <Storage> <Opcode : 'load' 'store'> <Ports = 2> <Width = 8> <Depth = 16> <RAM>
ST_65 : Operation 486 [2/4] (1.68ns)   --->   "%sbox_load_3 = load i8 %sbox_addr_3" [aes.cpp:253]   --->   Operation 486 'load' 'sbox_load_3' <Predicate = (!icmp_ln338)> <Delay = 1.68> <CoreInst = "ROM">   --->   Core 95 'ROM' <Latency = 3> <II = 1> <Delay = 1.68> <Storage> <Opcode : 'load'> <Ports = 0> <Width = 8> <Depth = 256> <ROM>
ST_65 : Operation 487 [3/4] (1.68ns)   --->   "%sbox_load_4 = load i8 %sbox_addr_4" [aes.cpp:253]   --->   Operation 487 'load' 'sbox_load_4' <Predicate = (!icmp_ln338)> <Delay = 1.68> <CoreInst = "ROM">   --->   Core 95 'ROM' <Latency = 3> <II = 1> <Delay = 1.68> <Storage> <Opcode : 'load'> <Ports = 0> <Width = 8> <Depth = 256> <ROM>
ST_65 : Operation 488 [3/4] (1.86ns)   --->   "%buf_load_13 = load i4 %buf_addr_9" [aes.cpp:253]   --->   Operation 488 'load' 'buf_load_13' <Predicate = (!icmp_ln338)> <Delay = 1.86> <CoreInst = "RAM">   --->   Core 82 'RAM' <Latency = 3> <II = 1> <Delay = 1.86> <Storage> <Opcode : 'load' 'store'> <Ports = 2> <Width = 8> <Depth = 16> <RAM>
ST_65 : Operation 489 [1/1] (0.00ns)   --->   "%zext_ln253_6 = zext i8 %buf_load_15" [aes.cpp:253]   --->   Operation 489 'zext' 'zext_ln253_6' <Predicate = (!icmp_ln338)> <Delay = 0.00>
ST_65 : Operation 490 [1/1] (0.00ns)   --->   "%sbox_addr_6 = getelementptr i8 %sbox, i64 0, i64 %zext_ln253_6" [aes.cpp:253]   --->   Operation 490 'getelementptr' 'sbox_addr_6' <Predicate = (!icmp_ln338)> <Delay = 0.00>
ST_65 : Operation 491 [4/4] (1.68ns)   --->   "%i_6 = load i8 %sbox_addr_6" [aes.cpp:253]   --->   Operation 491 'load' 'i_6' <Predicate = (!icmp_ln338)> <Delay = 1.68> <CoreInst = "ROM">   --->   Core 95 'ROM' <Latency = 3> <II = 1> <Delay = 1.68> <Storage> <Opcode : 'load'> <Ports = 0> <Width = 8> <Depth = 256> <ROM>
ST_65 : Operation 492 [3/4] (1.86ns)   --->   "%buf_load_18 = load i4 %buf_addr_10" [aes.cpp:253]   --->   Operation 492 'load' 'buf_load_18' <Predicate = (!icmp_ln338)> <Delay = 1.86> <CoreInst = "RAM">   --->   Core 82 'RAM' <Latency = 3> <II = 1> <Delay = 1.86> <Storage> <Opcode : 'load' 'store'> <Ports = 2> <Width = 8> <Depth = 16> <RAM>
ST_65 : Operation 493 [2/4] (1.86ns)   --->   "%buf_load_19 = load i4 %buf_addr_12" [aes.cpp:253]   --->   Operation 493 'load' 'buf_load_19' <Predicate = (!icmp_ln338)> <Delay = 1.86> <CoreInst = "RAM">   --->   Core 82 'RAM' <Latency = 3> <II = 1> <Delay = 1.86> <Storage> <Opcode : 'load' 'store'> <Ports = 2> <Width = 8> <Depth = 16> <RAM>
ST_65 : Operation 494 [4/4] (1.86ns)   --->   "%buf_load_22 = load i4 %buf_addr_7" [aes.cpp:253]   --->   Operation 494 'load' 'buf_load_22' <Predicate = (!icmp_ln338)> <Delay = 1.86> <CoreInst = "RAM">   --->   Core 82 'RAM' <Latency = 3> <II = 1> <Delay = 1.86> <Storage> <Opcode : 'load' 'store'> <Ports = 2> <Width = 8> <Depth = 16> <RAM>
ST_65 : Operation 495 [2/4] (1.86ns)   --->   "%buf_load_23 = load i4 %buf_addr_6" [aes.cpp:253]   --->   Operation 495 'load' 'buf_load_23' <Predicate = (!icmp_ln338)> <Delay = 1.86> <CoreInst = "RAM">   --->   Core 82 'RAM' <Latency = 3> <II = 1> <Delay = 1.86> <Storage> <Opcode : 'load' 'store'> <Ports = 2> <Width = 8> <Depth = 16> <RAM>
ST_65 : Operation 496 [1/4] (1.68ns)   --->   "%sbox_load_16 = load i8 %sbox_addr_16" [aes.cpp:253]   --->   Operation 496 'load' 'sbox_load_16' <Predicate = (!icmp_ln338)> <Delay = 1.68> <CoreInst = "ROM">   --->   Core 95 'ROM' <Latency = 3> <II = 1> <Delay = 1.68> <Storage> <Opcode : 'load'> <Ports = 0> <Width = 8> <Depth = 256> <ROM>
ST_65 : Operation 497 [25/35] (1.46ns)   --->   "%rcon_2 = call i8 @aes_expandEncKey, i8 %ctx, i7 0, i8 %rcon_1_load_1, i8 %sbox" [aes.cpp:344]   --->   Operation 497 'call' 'rcon_2' <Predicate = (!icmp_ln338 & !trunc_ln343)> <Delay = 1.46> <CoreType = "Generic">   --->   Core 0 '' <Latency = 0> <II = 1> <Delay = 1.00> <Generic> <Opcode : >

State 66 <SV = 26> <Delay = 1.86>
ST_66 : Operation 498 [1/4] (1.68ns)   --->   "%sbox_load_3 = load i8 %sbox_addr_3" [aes.cpp:253]   --->   Operation 498 'load' 'sbox_load_3' <Predicate = (!icmp_ln338)> <Delay = 1.68> <CoreInst = "ROM">   --->   Core 95 'ROM' <Latency = 3> <II = 1> <Delay = 1.68> <Storage> <Opcode : 'load'> <Ports = 0> <Width = 8> <Depth = 256> <ROM>
ST_66 : Operation 499 [2/4] (1.68ns)   --->   "%sbox_load_4 = load i8 %sbox_addr_4" [aes.cpp:253]   --->   Operation 499 'load' 'sbox_load_4' <Predicate = (!icmp_ln338)> <Delay = 1.68> <CoreInst = "ROM">   --->   Core 95 'ROM' <Latency = 3> <II = 1> <Delay = 1.68> <Storage> <Opcode : 'load'> <Ports = 0> <Width = 8> <Depth = 256> <ROM>
ST_66 : Operation 500 [2/4] (1.86ns)   --->   "%buf_load_13 = load i4 %buf_addr_9" [aes.cpp:253]   --->   Operation 500 'load' 'buf_load_13' <Predicate = (!icmp_ln338)> <Delay = 1.86> <CoreInst = "RAM">   --->   Core 82 'RAM' <Latency = 3> <II = 1> <Delay = 1.86> <Storage> <Opcode : 'load' 'store'> <Ports = 2> <Width = 8> <Depth = 16> <RAM>
ST_66 : Operation 501 [3/4] (1.68ns)   --->   "%i_6 = load i8 %sbox_addr_6" [aes.cpp:253]   --->   Operation 501 'load' 'i_6' <Predicate = (!icmp_ln338)> <Delay = 1.68> <CoreInst = "ROM">   --->   Core 95 'ROM' <Latency = 3> <II = 1> <Delay = 1.68> <Storage> <Opcode : 'load'> <Ports = 0> <Width = 8> <Depth = 256> <ROM>
ST_66 : Operation 502 [1/1] (0.00ns)   --->   "%zext_ln253_7 = zext i8 %buf_load_16" [aes.cpp:253]   --->   Operation 502 'zext' 'zext_ln253_7' <Predicate = (!icmp_ln338)> <Delay = 0.00>
ST_66 : Operation 503 [1/1] (0.00ns)   --->   "%sbox_addr_7 = getelementptr i8 %sbox, i64 0, i64 %zext_ln253_7" [aes.cpp:253]   --->   Operation 503 'getelementptr' 'sbox_addr_7' <Predicate = (!icmp_ln338)> <Delay = 0.00>
ST_66 : Operation 504 [4/4] (1.68ns)   --->   "%sbox_load_7 = load i8 %sbox_addr_7" [aes.cpp:253]   --->   Operation 504 'load' 'sbox_load_7' <Predicate = (!icmp_ln338)> <Delay = 1.68> <CoreInst = "ROM">   --->   Core 95 'ROM' <Latency = 3> <II = 1> <Delay = 1.68> <Storage> <Opcode : 'load'> <Ports = 0> <Width = 8> <Depth = 256> <ROM>
ST_66 : Operation 505 [2/4] (1.86ns)   --->   "%buf_load_18 = load i4 %buf_addr_10" [aes.cpp:253]   --->   Operation 505 'load' 'buf_load_18' <Predicate = (!icmp_ln338)> <Delay = 1.86> <CoreInst = "RAM">   --->   Core 82 'RAM' <Latency = 3> <II = 1> <Delay = 1.86> <Storage> <Opcode : 'load' 'store'> <Ports = 2> <Width = 8> <Depth = 16> <RAM>
ST_66 : Operation 506 [1/4] (1.86ns)   --->   "%buf_load_19 = load i4 %buf_addr_12" [aes.cpp:253]   --->   Operation 506 'load' 'buf_load_19' <Predicate = (!icmp_ln338)> <Delay = 1.86> <CoreInst = "RAM">   --->   Core 82 'RAM' <Latency = 3> <II = 1> <Delay = 1.86> <Storage> <Opcode : 'load' 'store'> <Ports = 2> <Width = 8> <Depth = 16> <RAM>
ST_66 : Operation 507 [3/4] (1.86ns)   --->   "%buf_load_22 = load i4 %buf_addr_7" [aes.cpp:253]   --->   Operation 507 'load' 'buf_load_22' <Predicate = (!icmp_ln338)> <Delay = 1.86> <CoreInst = "RAM">   --->   Core 82 'RAM' <Latency = 3> <II = 1> <Delay = 1.86> <Storage> <Opcode : 'load' 'store'> <Ports = 2> <Width = 8> <Depth = 16> <RAM>
ST_66 : Operation 508 [1/4] (1.86ns)   --->   "%buf_load_23 = load i4 %buf_addr_6" [aes.cpp:253]   --->   Operation 508 'load' 'buf_load_23' <Predicate = (!icmp_ln338)> <Delay = 1.86> <CoreInst = "RAM">   --->   Core 82 'RAM' <Latency = 3> <II = 1> <Delay = 1.86> <Storage> <Opcode : 'load' 'store'> <Ports = 2> <Width = 8> <Depth = 16> <RAM>
ST_66 : Operation 509 [24/35] (1.46ns)   --->   "%rcon_2 = call i8 @aes_expandEncKey, i8 %ctx, i7 0, i8 %rcon_1_load_1, i8 %sbox" [aes.cpp:344]   --->   Operation 509 'call' 'rcon_2' <Predicate = (!icmp_ln338 & !trunc_ln343)> <Delay = 1.46> <CoreType = "Generic">   --->   Core 0 '' <Latency = 0> <II = 1> <Delay = 1.00> <Generic> <Opcode : >

State 67 <SV = 27> <Delay = 1.86>
ST_67 : Operation 510 [1/4] (1.68ns)   --->   "%sbox_load_4 = load i8 %sbox_addr_4" [aes.cpp:253]   --->   Operation 510 'load' 'sbox_load_4' <Predicate = (!icmp_ln338)> <Delay = 1.68> <CoreInst = "ROM">   --->   Core 95 'ROM' <Latency = 3> <II = 1> <Delay = 1.68> <Storage> <Opcode : 'load'> <Ports = 0> <Width = 8> <Depth = 256> <ROM>
ST_67 : Operation 511 [1/4] (1.86ns)   --->   "%buf_load_13 = load i4 %buf_addr_9" [aes.cpp:253]   --->   Operation 511 'load' 'buf_load_13' <Predicate = (!icmp_ln338)> <Delay = 1.86> <CoreInst = "RAM">   --->   Core 82 'RAM' <Latency = 3> <II = 1> <Delay = 1.86> <Storage> <Opcode : 'load' 'store'> <Ports = 2> <Width = 8> <Depth = 16> <RAM>
ST_67 : Operation 512 [2/4] (1.68ns)   --->   "%i_6 = load i8 %sbox_addr_6" [aes.cpp:253]   --->   Operation 512 'load' 'i_6' <Predicate = (!icmp_ln338)> <Delay = 1.68> <CoreInst = "ROM">   --->   Core 95 'ROM' <Latency = 3> <II = 1> <Delay = 1.68> <Storage> <Opcode : 'load'> <Ports = 0> <Width = 8> <Depth = 256> <ROM>
ST_67 : Operation 513 [3/4] (1.68ns)   --->   "%sbox_load_7 = load i8 %sbox_addr_7" [aes.cpp:253]   --->   Operation 513 'load' 'sbox_load_7' <Predicate = (!icmp_ln338)> <Delay = 1.68> <CoreInst = "ROM">   --->   Core 95 'ROM' <Latency = 3> <II = 1> <Delay = 1.68> <Storage> <Opcode : 'load'> <Ports = 0> <Width = 8> <Depth = 256> <ROM>
ST_67 : Operation 514 [1/1] (0.00ns)   --->   "%zext_ln253_8 = zext i8 %buf_load_17" [aes.cpp:253]   --->   Operation 514 'zext' 'zext_ln253_8' <Predicate = (!icmp_ln338)> <Delay = 0.00>
ST_67 : Operation 515 [1/1] (0.00ns)   --->   "%sbox_addr_8 = getelementptr i8 %sbox, i64 0, i64 %zext_ln253_8" [aes.cpp:253]   --->   Operation 515 'getelementptr' 'sbox_addr_8' <Predicate = (!icmp_ln338)> <Delay = 0.00>
ST_67 : Operation 516 [4/4] (1.68ns)   --->   "%sbox_load_8 = load i8 %sbox_addr_8" [aes.cpp:253]   --->   Operation 516 'load' 'sbox_load_8' <Predicate = (!icmp_ln338)> <Delay = 1.68> <CoreInst = "ROM">   --->   Core 95 'ROM' <Latency = 3> <II = 1> <Delay = 1.68> <Storage> <Opcode : 'load'> <Ports = 0> <Width = 8> <Depth = 256> <ROM>
ST_67 : Operation 517 [1/4] (1.86ns)   --->   "%buf_load_18 = load i4 %buf_addr_10" [aes.cpp:253]   --->   Operation 517 'load' 'buf_load_18' <Predicate = (!icmp_ln338)> <Delay = 1.86> <CoreInst = "RAM">   --->   Core 82 'RAM' <Latency = 3> <II = 1> <Delay = 1.86> <Storage> <Opcode : 'load' 'store'> <Ports = 2> <Width = 8> <Depth = 16> <RAM>
ST_67 : Operation 518 [2/4] (1.86ns)   --->   "%buf_load_22 = load i4 %buf_addr_7" [aes.cpp:253]   --->   Operation 518 'load' 'buf_load_22' <Predicate = (!icmp_ln338)> <Delay = 1.86> <CoreInst = "RAM">   --->   Core 82 'RAM' <Latency = 3> <II = 1> <Delay = 1.86> <Storage> <Opcode : 'load' 'store'> <Ports = 2> <Width = 8> <Depth = 16> <RAM>
ST_67 : Operation 519 [23/35] (1.46ns)   --->   "%rcon_2 = call i8 @aes_expandEncKey, i8 %ctx, i7 0, i8 %rcon_1_load_1, i8 %sbox" [aes.cpp:344]   --->   Operation 519 'call' 'rcon_2' <Predicate = (!icmp_ln338 & !trunc_ln343)> <Delay = 1.46> <CoreType = "Generic">   --->   Core 0 '' <Latency = 0> <II = 1> <Delay = 1.00> <Generic> <Opcode : >

State 68 <SV = 28> <Delay = 1.86>
ST_68 : Operation 520 [1/4] (1.68ns)   --->   "%i_6 = load i8 %sbox_addr_6" [aes.cpp:253]   --->   Operation 520 'load' 'i_6' <Predicate = (!icmp_ln338)> <Delay = 1.68> <CoreInst = "ROM">   --->   Core 95 'ROM' <Latency = 3> <II = 1> <Delay = 1.68> <Storage> <Opcode : 'load'> <Ports = 0> <Width = 8> <Depth = 256> <ROM>
ST_68 : Operation 521 [2/4] (1.68ns)   --->   "%sbox_load_7 = load i8 %sbox_addr_7" [aes.cpp:253]   --->   Operation 521 'load' 'sbox_load_7' <Predicate = (!icmp_ln338)> <Delay = 1.68> <CoreInst = "ROM">   --->   Core 95 'ROM' <Latency = 3> <II = 1> <Delay = 1.68> <Storage> <Opcode : 'load'> <Ports = 0> <Width = 8> <Depth = 256> <ROM>
ST_68 : Operation 522 [3/4] (1.68ns)   --->   "%sbox_load_8 = load i8 %sbox_addr_8" [aes.cpp:253]   --->   Operation 522 'load' 'sbox_load_8' <Predicate = (!icmp_ln338)> <Delay = 1.68> <CoreInst = "ROM">   --->   Core 95 'ROM' <Latency = 3> <II = 1> <Delay = 1.68> <Storage> <Opcode : 'load'> <Ports = 0> <Width = 8> <Depth = 256> <ROM>
ST_68 : Operation 523 [1/1] (0.00ns)   --->   "%zext_ln253_12 = zext i8 %buf_load_21" [aes.cpp:253]   --->   Operation 523 'zext' 'zext_ln253_12' <Predicate = (!icmp_ln338)> <Delay = 0.00>
ST_68 : Operation 524 [1/1] (0.00ns)   --->   "%sbox_addr_12 = getelementptr i8 %sbox, i64 0, i64 %zext_ln253_12" [aes.cpp:253]   --->   Operation 524 'getelementptr' 'sbox_addr_12' <Predicate = (!icmp_ln338)> <Delay = 0.00>
ST_68 : Operation 525 [4/4] (1.68ns)   --->   "%sbox_load_12 = load i8 %sbox_addr_12" [aes.cpp:253]   --->   Operation 525 'load' 'sbox_load_12' <Predicate = (!icmp_ln338)> <Delay = 1.68> <CoreInst = "ROM">   --->   Core 95 'ROM' <Latency = 3> <II = 1> <Delay = 1.68> <Storage> <Opcode : 'load'> <Ports = 0> <Width = 8> <Depth = 256> <ROM>
ST_68 : Operation 526 [1/4] (1.86ns)   --->   "%buf_load_22 = load i4 %buf_addr_7" [aes.cpp:253]   --->   Operation 526 'load' 'buf_load_22' <Predicate = (!icmp_ln338)> <Delay = 1.86> <CoreInst = "RAM">   --->   Core 82 'RAM' <Latency = 3> <II = 1> <Delay = 1.86> <Storage> <Opcode : 'load' 'store'> <Ports = 2> <Width = 8> <Depth = 16> <RAM>
ST_68 : Operation 527 [22/35] (1.46ns)   --->   "%rcon_2 = call i8 @aes_expandEncKey, i8 %ctx, i7 0, i8 %rcon_1_load_1, i8 %sbox" [aes.cpp:344]   --->   Operation 527 'call' 'rcon_2' <Predicate = (!icmp_ln338 & !trunc_ln343)> <Delay = 1.46> <CoreType = "Generic">   --->   Core 0 '' <Latency = 0> <II = 1> <Delay = 1.00> <Generic> <Opcode : >

State 69 <SV = 29> <Delay = 1.68>
ST_69 : Operation 528 [1/4] (1.68ns)   --->   "%sbox_load_7 = load i8 %sbox_addr_7" [aes.cpp:253]   --->   Operation 528 'load' 'sbox_load_7' <Predicate = (!icmp_ln338)> <Delay = 1.68> <CoreInst = "ROM">   --->   Core 95 'ROM' <Latency = 3> <II = 1> <Delay = 1.68> <Storage> <Opcode : 'load'> <Ports = 0> <Width = 8> <Depth = 256> <ROM>
ST_69 : Operation 529 [2/4] (1.68ns)   --->   "%sbox_load_8 = load i8 %sbox_addr_8" [aes.cpp:253]   --->   Operation 529 'load' 'sbox_load_8' <Predicate = (!icmp_ln338)> <Delay = 1.68> <CoreInst = "ROM">   --->   Core 95 'ROM' <Latency = 3> <II = 1> <Delay = 1.68> <Storage> <Opcode : 'load'> <Ports = 0> <Width = 8> <Depth = 256> <ROM>
ST_69 : Operation 530 [3/4] (1.68ns)   --->   "%sbox_load_12 = load i8 %sbox_addr_12" [aes.cpp:253]   --->   Operation 530 'load' 'sbox_load_12' <Predicate = (!icmp_ln338)> <Delay = 1.68> <CoreInst = "ROM">   --->   Core 95 'ROM' <Latency = 3> <II = 1> <Delay = 1.68> <Storage> <Opcode : 'load'> <Ports = 0> <Width = 8> <Depth = 256> <ROM>
ST_69 : Operation 531 [1/1] (0.00ns)   --->   "%zext_ln253_15 = zext i8 %buf_load_24" [aes.cpp:253]   --->   Operation 531 'zext' 'zext_ln253_15' <Predicate = (!icmp_ln338)> <Delay = 0.00>
ST_69 : Operation 532 [1/1] (0.00ns)   --->   "%sbox_addr_15 = getelementptr i8 %sbox, i64 0, i64 %zext_ln253_15" [aes.cpp:253]   --->   Operation 532 'getelementptr' 'sbox_addr_15' <Predicate = (!icmp_ln338)> <Delay = 0.00>
ST_69 : Operation 533 [4/4] (1.68ns)   --->   "%i_5 = load i8 %sbox_addr_15" [aes.cpp:253]   --->   Operation 533 'load' 'i_5' <Predicate = (!icmp_ln338)> <Delay = 1.68> <CoreInst = "ROM">   --->   Core 95 'ROM' <Latency = 3> <II = 1> <Delay = 1.68> <Storage> <Opcode : 'load'> <Ports = 0> <Width = 8> <Depth = 256> <ROM>
ST_69 : Operation 534 [21/35] (1.46ns)   --->   "%rcon_2 = call i8 @aes_expandEncKey, i8 %ctx, i7 0, i8 %rcon_1_load_1, i8 %sbox" [aes.cpp:344]   --->   Operation 534 'call' 'rcon_2' <Predicate = (!icmp_ln338 & !trunc_ln343)> <Delay = 1.46> <CoreType = "Generic">   --->   Core 0 '' <Latency = 0> <II = 1> <Delay = 1.00> <Generic> <Opcode : >

State 70 <SV = 30> <Delay = 1.68>
ST_70 : Operation 535 [1/1] (0.00ns)   --->   "%zext_ln253_1 = zext i8 %buf_load_2" [aes.cpp:253]   --->   Operation 535 'zext' 'zext_ln253_1' <Predicate = (!icmp_ln338)> <Delay = 0.00>
ST_70 : Operation 536 [1/1] (0.00ns)   --->   "%sbox_addr_1 = getelementptr i8 %sbox, i64 0, i64 %zext_ln253_1" [aes.cpp:253]   --->   Operation 536 'getelementptr' 'sbox_addr_1' <Predicate = (!icmp_ln338)> <Delay = 0.00>
ST_70 : Operation 537 [4/4] (1.68ns)   --->   "%sbox_load_1 = load i8 %sbox_addr_1" [aes.cpp:253]   --->   Operation 537 'load' 'sbox_load_1' <Predicate = (!icmp_ln338)> <Delay = 1.68> <CoreInst = "ROM">   --->   Core 95 'ROM' <Latency = 3> <II = 1> <Delay = 1.68> <Storage> <Opcode : 'load'> <Ports = 0> <Width = 8> <Depth = 256> <ROM>
ST_70 : Operation 538 [1/4] (1.68ns)   --->   "%sbox_load_8 = load i8 %sbox_addr_8" [aes.cpp:253]   --->   Operation 538 'load' 'sbox_load_8' <Predicate = (!icmp_ln338)> <Delay = 1.68> <CoreInst = "ROM">   --->   Core 95 'ROM' <Latency = 3> <II = 1> <Delay = 1.68> <Storage> <Opcode : 'load'> <Ports = 0> <Width = 8> <Depth = 256> <ROM>
ST_70 : Operation 539 [2/4] (1.68ns)   --->   "%sbox_load_12 = load i8 %sbox_addr_12" [aes.cpp:253]   --->   Operation 539 'load' 'sbox_load_12' <Predicate = (!icmp_ln338)> <Delay = 1.68> <CoreInst = "ROM">   --->   Core 95 'ROM' <Latency = 3> <II = 1> <Delay = 1.68> <Storage> <Opcode : 'load'> <Ports = 0> <Width = 8> <Depth = 256> <ROM>
ST_70 : Operation 540 [3/4] (1.68ns)   --->   "%i_5 = load i8 %sbox_addr_15" [aes.cpp:253]   --->   Operation 540 'load' 'i_5' <Predicate = (!icmp_ln338)> <Delay = 1.68> <CoreInst = "ROM">   --->   Core 95 'ROM' <Latency = 3> <II = 1> <Delay = 1.68> <Storage> <Opcode : 'load'> <Ports = 0> <Width = 8> <Depth = 256> <ROM>
ST_70 : Operation 541 [20/35] (1.46ns)   --->   "%rcon_2 = call i8 @aes_expandEncKey, i8 %ctx, i7 0, i8 %rcon_1_load_1, i8 %sbox" [aes.cpp:344]   --->   Operation 541 'call' 'rcon_2' <Predicate = (!icmp_ln338 & !trunc_ln343)> <Delay = 1.46> <CoreType = "Generic">   --->   Core 0 '' <Latency = 0> <II = 1> <Delay = 1.00> <Generic> <Opcode : >

State 71 <SV = 31> <Delay = 1.68>
ST_71 : Operation 542 [3/4] (1.68ns)   --->   "%sbox_load_1 = load i8 %sbox_addr_1" [aes.cpp:253]   --->   Operation 542 'load' 'sbox_load_1' <Predicate = (!icmp_ln338)> <Delay = 1.68> <CoreInst = "ROM">   --->   Core 95 'ROM' <Latency = 3> <II = 1> <Delay = 1.68> <Storage> <Opcode : 'load'> <Ports = 0> <Width = 8> <Depth = 256> <ROM>
ST_71 : Operation 543 [1/1] (0.00ns)   --->   "%zext_ln253_2 = zext i8 %buf_load_3" [aes.cpp:253]   --->   Operation 543 'zext' 'zext_ln253_2' <Predicate = (!icmp_ln338)> <Delay = 0.00>
ST_71 : Operation 544 [1/1] (0.00ns)   --->   "%sbox_addr_2 = getelementptr i8 %sbox, i64 0, i64 %zext_ln253_2" [aes.cpp:253]   --->   Operation 544 'getelementptr' 'sbox_addr_2' <Predicate = (!icmp_ln338)> <Delay = 0.00>
ST_71 : Operation 545 [4/4] (1.68ns)   --->   "%j_2 = load i8 %sbox_addr_2" [aes.cpp:253]   --->   Operation 545 'load' 'j_2' <Predicate = (!icmp_ln338)> <Delay = 1.68> <CoreInst = "ROM">   --->   Core 95 'ROM' <Latency = 3> <II = 1> <Delay = 1.68> <Storage> <Opcode : 'load'> <Ports = 0> <Width = 8> <Depth = 256> <ROM>
ST_71 : Operation 546 [1/4] (1.68ns)   --->   "%sbox_load_12 = load i8 %sbox_addr_12" [aes.cpp:253]   --->   Operation 546 'load' 'sbox_load_12' <Predicate = (!icmp_ln338)> <Delay = 1.68> <CoreInst = "ROM">   --->   Core 95 'ROM' <Latency = 3> <II = 1> <Delay = 1.68> <Storage> <Opcode : 'load'> <Ports = 0> <Width = 8> <Depth = 256> <ROM>
ST_71 : Operation 547 [2/4] (1.68ns)   --->   "%i_5 = load i8 %sbox_addr_15" [aes.cpp:253]   --->   Operation 547 'load' 'i_5' <Predicate = (!icmp_ln338)> <Delay = 1.68> <CoreInst = "ROM">   --->   Core 95 'ROM' <Latency = 3> <II = 1> <Delay = 1.68> <Storage> <Opcode : 'load'> <Ports = 0> <Width = 8> <Depth = 256> <ROM>
ST_71 : Operation 548 [19/35] (1.46ns)   --->   "%rcon_2 = call i8 @aes_expandEncKey, i8 %ctx, i7 0, i8 %rcon_1_load_1, i8 %sbox" [aes.cpp:344]   --->   Operation 548 'call' 'rcon_2' <Predicate = (!icmp_ln338 & !trunc_ln343)> <Delay = 1.46> <CoreType = "Generic">   --->   Core 0 '' <Latency = 0> <II = 1> <Delay = 1.00> <Generic> <Opcode : >

State 72 <SV = 32> <Delay = 1.68>
ST_72 : Operation 549 [2/4] (1.68ns)   --->   "%sbox_load_1 = load i8 %sbox_addr_1" [aes.cpp:253]   --->   Operation 549 'load' 'sbox_load_1' <Predicate = (!icmp_ln338)> <Delay = 1.68> <CoreInst = "ROM">   --->   Core 95 'ROM' <Latency = 3> <II = 1> <Delay = 1.68> <Storage> <Opcode : 'load'> <Ports = 0> <Width = 8> <Depth = 256> <ROM>
ST_72 : Operation 550 [3/4] (1.68ns)   --->   "%j_2 = load i8 %sbox_addr_2" [aes.cpp:253]   --->   Operation 550 'load' 'j_2' <Predicate = (!icmp_ln338)> <Delay = 1.68> <CoreInst = "ROM">   --->   Core 95 'ROM' <Latency = 3> <II = 1> <Delay = 1.68> <Storage> <Opcode : 'load'> <Ports = 0> <Width = 8> <Depth = 256> <ROM>
ST_72 : Operation 551 [1/1] (0.00ns)   --->   "%zext_ln253_10 = zext i8 %buf_load_19" [aes.cpp:253]   --->   Operation 551 'zext' 'zext_ln253_10' <Predicate = (!icmp_ln338)> <Delay = 0.00>
ST_72 : Operation 552 [1/1] (0.00ns)   --->   "%sbox_addr_10 = getelementptr i8 %sbox, i64 0, i64 %zext_ln253_10" [aes.cpp:253]   --->   Operation 552 'getelementptr' 'sbox_addr_10' <Predicate = (!icmp_ln338)> <Delay = 0.00>
ST_72 : Operation 553 [4/4] (1.68ns)   --->   "%sbox_load_10 = load i8 %sbox_addr_10" [aes.cpp:253]   --->   Operation 553 'load' 'sbox_load_10' <Predicate = (!icmp_ln338)> <Delay = 1.68> <CoreInst = "ROM">   --->   Core 95 'ROM' <Latency = 3> <II = 1> <Delay = 1.68> <Storage> <Opcode : 'load'> <Ports = 0> <Width = 8> <Depth = 256> <ROM>
ST_72 : Operation 554 [1/4] (1.68ns)   --->   "%i_5 = load i8 %sbox_addr_15" [aes.cpp:253]   --->   Operation 554 'load' 'i_5' <Predicate = (!icmp_ln338)> <Delay = 1.68> <CoreInst = "ROM">   --->   Core 95 'ROM' <Latency = 3> <II = 1> <Delay = 1.68> <Storage> <Opcode : 'load'> <Ports = 0> <Width = 8> <Depth = 256> <ROM>
ST_72 : Operation 555 [1/1] (0.99ns)   --->   "%xor_ln293 = xor i8 %sbox_load_11, i8 %sbox_load_16" [aes.cpp:293]   --->   Operation 555 'xor' 'xor_ln293' <Predicate = (!icmp_ln338)> <Delay = 0.99> <CoreInst = "LogicGate">   --->   Core 74 'LogicGate' <Latency = 0> <II = 1> <Delay = 0.99> <FuncUnit> <Opcode : 'and' 'or' 'xor'> <InPorts = 2> <OutPorts = 1>
ST_72 : Operation 556 [18/35] (1.46ns)   --->   "%rcon_2 = call i8 @aes_expandEncKey, i8 %ctx, i7 0, i8 %rcon_1_load_1, i8 %sbox" [aes.cpp:344]   --->   Operation 556 'call' 'rcon_2' <Predicate = (!icmp_ln338 & !trunc_ln343)> <Delay = 1.46> <CoreType = "Generic">   --->   Core 0 '' <Latency = 0> <II = 1> <Delay = 1.00> <Generic> <Opcode : >

State 73 <SV = 33> <Delay = 1.68>
ST_73 : Operation 557 [1/4] (1.68ns)   --->   "%sbox_load_1 = load i8 %sbox_addr_1" [aes.cpp:253]   --->   Operation 557 'load' 'sbox_load_1' <Predicate = (!icmp_ln338)> <Delay = 1.68> <CoreInst = "ROM">   --->   Core 95 'ROM' <Latency = 3> <II = 1> <Delay = 1.68> <Storage> <Opcode : 'load'> <Ports = 0> <Width = 8> <Depth = 256> <ROM>
ST_73 : Operation 558 [2/4] (1.68ns)   --->   "%j_2 = load i8 %sbox_addr_2" [aes.cpp:253]   --->   Operation 558 'load' 'j_2' <Predicate = (!icmp_ln338)> <Delay = 1.68> <CoreInst = "ROM">   --->   Core 95 'ROM' <Latency = 3> <II = 1> <Delay = 1.68> <Storage> <Opcode : 'load'> <Ports = 0> <Width = 8> <Depth = 256> <ROM>
ST_73 : Operation 559 [3/4] (1.68ns)   --->   "%sbox_load_10 = load i8 %sbox_addr_10" [aes.cpp:253]   --->   Operation 559 'load' 'sbox_load_10' <Predicate = (!icmp_ln338)> <Delay = 1.68> <CoreInst = "ROM">   --->   Core 95 'ROM' <Latency = 3> <II = 1> <Delay = 1.68> <Storage> <Opcode : 'load'> <Ports = 0> <Width = 8> <Depth = 256> <ROM>
ST_73 : Operation 560 [1/1] (0.00ns)   --->   "%zext_ln253_14 = zext i8 %buf_load_23" [aes.cpp:253]   --->   Operation 560 'zext' 'zext_ln253_14' <Predicate = (!icmp_ln338)> <Delay = 0.00>
ST_73 : Operation 561 [1/1] (0.00ns)   --->   "%sbox_addr_14 = getelementptr i8 %sbox, i64 0, i64 %zext_ln253_14" [aes.cpp:253]   --->   Operation 561 'getelementptr' 'sbox_addr_14' <Predicate = (!icmp_ln338)> <Delay = 0.00>
ST_73 : Operation 562 [4/4] (1.68ns)   --->   "%sbox_load_14 = load i8 %sbox_addr_14" [aes.cpp:253]   --->   Operation 562 'load' 'sbox_load_14' <Predicate = (!icmp_ln338)> <Delay = 1.68> <CoreInst = "ROM">   --->   Core 95 'ROM' <Latency = 3> <II = 1> <Delay = 1.68> <Storage> <Opcode : 'load'> <Ports = 0> <Width = 8> <Depth = 256> <ROM>
ST_73 : Operation 563 [1/1] (0.99ns)   --->   "%xor_ln293_1 = xor i8 %i_6, i8 %xor_ln293" [aes.cpp:293]   --->   Operation 563 'xor' 'xor_ln293_1' <Predicate = (!icmp_ln338)> <Delay = 0.99> <CoreInst = "LogicGate">   --->   Core 74 'LogicGate' <Latency = 0> <II = 1> <Delay = 0.99> <FuncUnit> <Opcode : 'and' 'or' 'xor'> <InPorts = 2> <OutPorts = 1>
ST_73 : Operation 564 [17/35] (1.46ns)   --->   "%rcon_2 = call i8 @aes_expandEncKey, i8 %ctx, i7 0, i8 %rcon_1_load_1, i8 %sbox" [aes.cpp:344]   --->   Operation 564 'call' 'rcon_2' <Predicate = (!icmp_ln338 & !trunc_ln343)> <Delay = 1.46> <CoreType = "Generic">   --->   Core 0 '' <Latency = 0> <II = 1> <Delay = 1.00> <Generic> <Opcode : >

State 74 <SV = 34> <Delay = 1.68>
ST_74 : Operation 565 [1/4] (1.68ns)   --->   "%j_2 = load i8 %sbox_addr_2" [aes.cpp:253]   --->   Operation 565 'load' 'j_2' <Predicate = (!icmp_ln338)> <Delay = 1.68> <CoreInst = "ROM">   --->   Core 95 'ROM' <Latency = 3> <II = 1> <Delay = 1.68> <Storage> <Opcode : 'load'> <Ports = 0> <Width = 8> <Depth = 256> <ROM>
ST_74 : Operation 566 [1/1] (0.00ns)   --->   "%zext_ln253_5 = zext i8 %buf_load_13" [aes.cpp:253]   --->   Operation 566 'zext' 'zext_ln253_5' <Predicate = (!icmp_ln338)> <Delay = 0.00>
ST_74 : Operation 567 [1/1] (0.00ns)   --->   "%sbox_addr_5 = getelementptr i8 %sbox, i64 0, i64 %zext_ln253_5" [aes.cpp:253]   --->   Operation 567 'getelementptr' 'sbox_addr_5' <Predicate = (!icmp_ln338)> <Delay = 0.00>
ST_74 : Operation 568 [4/4] (1.68ns)   --->   "%sbox_load_5 = load i8 %sbox_addr_5" [aes.cpp:253]   --->   Operation 568 'load' 'sbox_load_5' <Predicate = (!icmp_ln338)> <Delay = 1.68> <CoreInst = "ROM">   --->   Core 95 'ROM' <Latency = 3> <II = 1> <Delay = 1.68> <Storage> <Opcode : 'load'> <Ports = 0> <Width = 8> <Depth = 256> <ROM>
ST_74 : Operation 569 [2/4] (1.68ns)   --->   "%sbox_load_10 = load i8 %sbox_addr_10" [aes.cpp:253]   --->   Operation 569 'load' 'sbox_load_10' <Predicate = (!icmp_ln338)> <Delay = 1.68> <CoreInst = "ROM">   --->   Core 95 'ROM' <Latency = 3> <II = 1> <Delay = 1.68> <Storage> <Opcode : 'load'> <Ports = 0> <Width = 8> <Depth = 256> <ROM>
ST_74 : Operation 570 [3/4] (1.68ns)   --->   "%sbox_load_14 = load i8 %sbox_addr_14" [aes.cpp:253]   --->   Operation 570 'load' 'sbox_load_14' <Predicate = (!icmp_ln338)> <Delay = 1.68> <CoreInst = "ROM">   --->   Core 95 'ROM' <Latency = 3> <II = 1> <Delay = 1.68> <Storage> <Opcode : 'load'> <Ports = 0> <Width = 8> <Depth = 256> <ROM>
ST_74 : Operation 571 [1/1] (0.99ns)   --->   "%xor_ln293_2 = xor i8 %sbox_load_1, i8 %xor_ln293_1" [aes.cpp:293]   --->   Operation 571 'xor' 'xor_ln293_2' <Predicate = (!icmp_ln338)> <Delay = 0.99> <CoreInst = "LogicGate">   --->   Core 74 'LogicGate' <Latency = 0> <II = 1> <Delay = 0.99> <FuncUnit> <Opcode : 'and' 'or' 'xor'> <InPorts = 2> <OutPorts = 1>
ST_74 : Operation 572 [1/1] (0.99ns)   --->   "%xor_ln294_2 = xor i8 %i_6, i8 %sbox_load_11" [aes.cpp:294]   --->   Operation 572 'xor' 'xor_ln294_2' <Predicate = (!icmp_ln338)> <Delay = 0.99> <CoreInst = "LogicGate">   --->   Core 74 'LogicGate' <Latency = 0> <II = 1> <Delay = 0.99> <FuncUnit> <Opcode : 'and' 'or' 'xor'> <InPorts = 2> <OutPorts = 1>
ST_74 : Operation 573 [1/1] (0.99ns)   --->   "%xor_ln295 = xor i8 %sbox_load_1, i8 %i_6" [aes.cpp:295]   --->   Operation 573 'xor' 'xor_ln295' <Predicate = (!icmp_ln338)> <Delay = 0.99> <CoreInst = "LogicGate">   --->   Core 74 'LogicGate' <Latency = 0> <II = 1> <Delay = 0.99> <FuncUnit> <Opcode : 'and' 'or' 'xor'> <InPorts = 2> <OutPorts = 1>
ST_74 : Operation 574 [16/35] (1.46ns)   --->   "%rcon_2 = call i8 @aes_expandEncKey, i8 %ctx, i7 0, i8 %rcon_1_load_1, i8 %sbox" [aes.cpp:344]   --->   Operation 574 'call' 'rcon_2' <Predicate = (!icmp_ln338 & !trunc_ln343)> <Delay = 1.46> <CoreType = "Generic">   --->   Core 0 '' <Latency = 0> <II = 1> <Delay = 1.00> <Generic> <Opcode : >

State 75 <SV = 35> <Delay = 1.68>
ST_75 : Operation 575 [3/4] (1.68ns)   --->   "%sbox_load_5 = load i8 %sbox_addr_5" [aes.cpp:253]   --->   Operation 575 'load' 'sbox_load_5' <Predicate = (!icmp_ln338)> <Delay = 1.68> <CoreInst = "ROM">   --->   Core 95 'ROM' <Latency = 3> <II = 1> <Delay = 1.68> <Storage> <Opcode : 'load'> <Ports = 0> <Width = 8> <Depth = 256> <ROM>
ST_75 : Operation 576 [1/1] (0.00ns)   --->   "%zext_ln253_9 = zext i8 %buf_load_18" [aes.cpp:253]   --->   Operation 576 'zext' 'zext_ln253_9' <Predicate = (!icmp_ln338)> <Delay = 0.00>
ST_75 : Operation 577 [1/1] (0.00ns)   --->   "%sbox_addr_9 = getelementptr i8 %sbox, i64 0, i64 %zext_ln253_9" [aes.cpp:253]   --->   Operation 577 'getelementptr' 'sbox_addr_9' <Predicate = (!icmp_ln338)> <Delay = 0.00>
ST_75 : Operation 578 [4/4] (1.68ns)   --->   "%sbox_load_9 = load i8 %sbox_addr_9" [aes.cpp:253]   --->   Operation 578 'load' 'sbox_load_9' <Predicate = (!icmp_ln338)> <Delay = 1.68> <CoreInst = "ROM">   --->   Core 95 'ROM' <Latency = 3> <II = 1> <Delay = 1.68> <Storage> <Opcode : 'load'> <Ports = 0> <Width = 8> <Depth = 256> <ROM>
ST_75 : Operation 579 [1/4] (1.68ns)   --->   "%sbox_load_10 = load i8 %sbox_addr_10" [aes.cpp:253]   --->   Operation 579 'load' 'sbox_load_10' <Predicate = (!icmp_ln338)> <Delay = 1.68> <CoreInst = "ROM">   --->   Core 95 'ROM' <Latency = 3> <II = 1> <Delay = 1.68> <Storage> <Opcode : 'load'> <Ports = 0> <Width = 8> <Depth = 256> <ROM>
ST_75 : Operation 580 [2/4] (1.68ns)   --->   "%sbox_load_14 = load i8 %sbox_addr_14" [aes.cpp:253]   --->   Operation 580 'load' 'sbox_load_14' <Predicate = (!icmp_ln338)> <Delay = 1.68> <CoreInst = "ROM">   --->   Core 95 'ROM' <Latency = 3> <II = 1> <Delay = 1.68> <Storage> <Opcode : 'load'> <Ports = 0> <Width = 8> <Depth = 256> <ROM>
ST_75 : Operation 581 [1/1] (0.00ns) (grouped into LUT with out node xor_ln294_1)   --->   "%tmp = bitselect i1 @_ssdm_op_BitSelect.i1.i8.i32, i8 %xor_ln293, i32 7" [aes.cpp:245]   --->   Operation 581 'bitselect' 'tmp' <Predicate = (!icmp_ln338)> <Delay = 0.00>
ST_75 : Operation 582 [1/1] (0.00ns)   --->   "%shl_ln245 = shl i8 %xor_ln293, i8 1" [aes.cpp:245]   --->   Operation 582 'shl' 'shl_ln245' <Predicate = (!icmp_ln338)> <Delay = 0.00>
ST_75 : Operation 583 [1/1] (0.00ns) (grouped into LUT with out node xor_ln294_1)   --->   "%xor_ln245 = xor i8 %shl_ln245, i8 27" [aes.cpp:245]   --->   Operation 583 'xor' 'xor_ln245' <Predicate = (!icmp_ln338)> <Delay = 0.00> <CoreInst = "LogicGate">   --->   Core 74 'LogicGate' <Latency = 0> <II = 1> <Delay = 0.99> <FuncUnit> <Opcode : 'and' 'or' 'xor'> <InPorts = 2> <OutPorts = 1>
ST_75 : Operation 584 [1/1] (0.00ns) (grouped into LUT with out node xor_ln294_1)   --->   "%select_ln245 = select i1 %tmp, i8 %xor_ln245, i8 %shl_ln245" [aes.cpp:245]   --->   Operation 584 'select' 'select_ln245' <Predicate = (!icmp_ln338)> <Delay = 0.00> <CoreInst = "Sel">   --->   Core 73 'Sel' <Latency = 0> <II = 1> <Delay = 1.24> <FuncUnit> <Opcode : 'select'> <InPorts = 3> <OutPorts = 1>
ST_75 : Operation 585 [1/1] (0.00ns) (grouped into LUT with out node xor_ln294_1)   --->   "%xor_ln294 = xor i8 %xor_ln293_2, i8 %select_ln245" [aes.cpp:294]   --->   Operation 585 'xor' 'xor_ln294' <Predicate = (!icmp_ln338)> <Delay = 0.00> <CoreInst = "LogicGate">   --->   Core 74 'LogicGate' <Latency = 0> <II = 1> <Delay = 0.99> <FuncUnit> <Opcode : 'and' 'or' 'xor'> <InPorts = 2> <OutPorts = 1>
ST_75 : Operation 586 [1/1] (1.24ns) (out node of the LUT)   --->   "%xor_ln294_1 = xor i8 %xor_ln294, i8 %sbox_load_16" [aes.cpp:294]   --->   Operation 586 'xor' 'xor_ln294_1' <Predicate = (!icmp_ln338)> <Delay = 1.24> <CoreInst = "LogicGate">   --->   Core 74 'LogicGate' <Latency = 0> <II = 1> <Delay = 0.99> <FuncUnit> <Opcode : 'and' 'or' 'xor'> <InPorts = 2> <OutPorts = 1>
ST_75 : Operation 587 [1/1] (0.00ns) (grouped into LUT with out node xor_ln294_4)   --->   "%tmp_1 = bitselect i1 @_ssdm_op_BitSelect.i1.i8.i32, i8 %xor_ln294_2, i32 7" [aes.cpp:245]   --->   Operation 587 'bitselect' 'tmp_1' <Predicate = (!icmp_ln338)> <Delay = 0.00>
ST_75 : Operation 588 [1/1] (0.00ns)   --->   "%shl_ln245_1 = shl i8 %xor_ln294_2, i8 1" [aes.cpp:245]   --->   Operation 588 'shl' 'shl_ln245_1' <Predicate = (!icmp_ln338)> <Delay = 0.00>
ST_75 : Operation 589 [1/1] (0.00ns) (grouped into LUT with out node xor_ln294_4)   --->   "%xor_ln245_1 = xor i8 %shl_ln245_1, i8 27" [aes.cpp:245]   --->   Operation 589 'xor' 'xor_ln245_1' <Predicate = (!icmp_ln338)> <Delay = 0.00> <CoreInst = "LogicGate">   --->   Core 74 'LogicGate' <Latency = 0> <II = 1> <Delay = 0.99> <FuncUnit> <Opcode : 'and' 'or' 'xor'> <InPorts = 2> <OutPorts = 1>
ST_75 : Operation 590 [1/1] (0.00ns) (grouped into LUT with out node xor_ln294_4)   --->   "%select_ln245_1 = select i1 %tmp_1, i8 %xor_ln245_1, i8 %shl_ln245_1" [aes.cpp:245]   --->   Operation 590 'select' 'select_ln245_1' <Predicate = (!icmp_ln338)> <Delay = 0.00> <CoreInst = "Sel">   --->   Core 73 'Sel' <Latency = 0> <II = 1> <Delay = 1.24> <FuncUnit> <Opcode : 'select'> <InPorts = 3> <OutPorts = 1>
ST_75 : Operation 591 [1/1] (0.00ns) (grouped into LUT with out node xor_ln294_4)   --->   "%xor_ln294_3 = xor i8 %xor_ln293_2, i8 %select_ln245_1" [aes.cpp:294]   --->   Operation 591 'xor' 'xor_ln294_3' <Predicate = (!icmp_ln338)> <Delay = 0.00> <CoreInst = "LogicGate">   --->   Core 74 'LogicGate' <Latency = 0> <II = 1> <Delay = 0.99> <FuncUnit> <Opcode : 'and' 'or' 'xor'> <InPorts = 2> <OutPorts = 1>
ST_75 : Operation 592 [1/1] (1.24ns) (out node of the LUT)   --->   "%xor_ln294_4 = xor i8 %xor_ln294_3, i8 %sbox_load_11" [aes.cpp:294]   --->   Operation 592 'xor' 'xor_ln294_4' <Predicate = (!icmp_ln338)> <Delay = 1.24> <CoreInst = "LogicGate">   --->   Core 74 'LogicGate' <Latency = 0> <II = 1> <Delay = 0.99> <FuncUnit> <Opcode : 'and' 'or' 'xor'> <InPorts = 2> <OutPorts = 1>
ST_75 : Operation 593 [1/1] (0.00ns) (grouped into LUT with out node xor_ln295_2)   --->   "%tmp_2 = bitselect i1 @_ssdm_op_BitSelect.i1.i8.i32, i8 %xor_ln295, i32 7" [aes.cpp:245]   --->   Operation 593 'bitselect' 'tmp_2' <Predicate = (!icmp_ln338)> <Delay = 0.00>
ST_75 : Operation 594 [1/1] (0.00ns)   --->   "%shl_ln245_2 = shl i8 %xor_ln295, i8 1" [aes.cpp:245]   --->   Operation 594 'shl' 'shl_ln245_2' <Predicate = (!icmp_ln338)> <Delay = 0.00>
ST_75 : Operation 595 [1/1] (0.00ns) (grouped into LUT with out node xor_ln295_2)   --->   "%xor_ln245_2 = xor i8 %shl_ln245_2, i8 27" [aes.cpp:245]   --->   Operation 595 'xor' 'xor_ln245_2' <Predicate = (!icmp_ln338)> <Delay = 0.00> <CoreInst = "LogicGate">   --->   Core 74 'LogicGate' <Latency = 0> <II = 1> <Delay = 0.99> <FuncUnit> <Opcode : 'and' 'or' 'xor'> <InPorts = 2> <OutPorts = 1>
ST_75 : Operation 596 [1/1] (0.00ns) (grouped into LUT with out node xor_ln295_2)   --->   "%select_ln245_2 = select i1 %tmp_2, i8 %xor_ln245_2, i8 %shl_ln245_2" [aes.cpp:245]   --->   Operation 596 'select' 'select_ln245_2' <Predicate = (!icmp_ln338)> <Delay = 0.00> <CoreInst = "Sel">   --->   Core 73 'Sel' <Latency = 0> <II = 1> <Delay = 1.24> <FuncUnit> <Opcode : 'select'> <InPorts = 3> <OutPorts = 1>
ST_75 : Operation 597 [1/1] (0.00ns) (grouped into LUT with out node xor_ln295_2)   --->   "%xor_ln295_1 = xor i8 %xor_ln293, i8 %select_ln245_2" [aes.cpp:295]   --->   Operation 597 'xor' 'xor_ln295_1' <Predicate = (!icmp_ln338)> <Delay = 0.00> <CoreInst = "LogicGate">   --->   Core 74 'LogicGate' <Latency = 0> <II = 1> <Delay = 0.99> <FuncUnit> <Opcode : 'and' 'or' 'xor'> <InPorts = 2> <OutPorts = 1>
ST_75 : Operation 598 [1/1] (1.24ns) (out node of the LUT)   --->   "%xor_ln295_2 = xor i8 %xor_ln295_1, i8 %sbox_load_1" [aes.cpp:295]   --->   Operation 598 'xor' 'xor_ln295_2' <Predicate = (!icmp_ln338)> <Delay = 1.24> <CoreInst = "LogicGate">   --->   Core 74 'LogicGate' <Latency = 0> <II = 1> <Delay = 0.99> <FuncUnit> <Opcode : 'and' 'or' 'xor'> <InPorts = 2> <OutPorts = 1>
ST_75 : Operation 599 [1/1] (0.99ns)   --->   "%xor_ln295_3 = xor i8 %sbox_load_1, i8 %sbox_load_16" [aes.cpp:295]   --->   Operation 599 'xor' 'xor_ln295_3' <Predicate = (!icmp_ln338)> <Delay = 0.99> <CoreInst = "LogicGate">   --->   Core 74 'LogicGate' <Latency = 0> <II = 1> <Delay = 0.99> <FuncUnit> <Opcode : 'and' 'or' 'xor'> <InPorts = 2> <OutPorts = 1>
ST_75 : Operation 600 [15/35] (1.46ns)   --->   "%rcon_2 = call i8 @aes_expandEncKey, i8 %ctx, i7 0, i8 %rcon_1_load_1, i8 %sbox" [aes.cpp:344]   --->   Operation 600 'call' 'rcon_2' <Predicate = (!icmp_ln338 & !trunc_ln343)> <Delay = 1.46> <CoreType = "Generic">   --->   Core 0 '' <Latency = 0> <II = 1> <Delay = 1.00> <Generic> <Opcode : >

State 76 <SV = 36> <Delay = 1.86>
ST_76 : Operation 601 [2/4] (1.68ns)   --->   "%sbox_load_5 = load i8 %sbox_addr_5" [aes.cpp:253]   --->   Operation 601 'load' 'sbox_load_5' <Predicate = (!icmp_ln338)> <Delay = 1.68> <CoreInst = "ROM">   --->   Core 95 'ROM' <Latency = 3> <II = 1> <Delay = 1.68> <Storage> <Opcode : 'load'> <Ports = 0> <Width = 8> <Depth = 256> <ROM>
ST_76 : Operation 602 [3/4] (1.68ns)   --->   "%sbox_load_9 = load i8 %sbox_addr_9" [aes.cpp:253]   --->   Operation 602 'load' 'sbox_load_9' <Predicate = (!icmp_ln338)> <Delay = 1.68> <CoreInst = "ROM">   --->   Core 95 'ROM' <Latency = 3> <II = 1> <Delay = 1.68> <Storage> <Opcode : 'load'> <Ports = 0> <Width = 8> <Depth = 256> <ROM>
ST_76 : Operation 603 [1/1] (0.00ns)   --->   "%zext_ln253_13 = zext i8 %buf_load_22" [aes.cpp:253]   --->   Operation 603 'zext' 'zext_ln253_13' <Predicate = (!icmp_ln338)> <Delay = 0.00>
ST_76 : Operation 604 [1/1] (0.00ns)   --->   "%sbox_addr_13 = getelementptr i8 %sbox, i64 0, i64 %zext_ln253_13" [aes.cpp:253]   --->   Operation 604 'getelementptr' 'sbox_addr_13' <Predicate = (!icmp_ln338)> <Delay = 0.00>
ST_76 : Operation 605 [4/4] (1.68ns)   --->   "%j_1 = load i8 %sbox_addr_13" [aes.cpp:253]   --->   Operation 605 'load' 'j_1' <Predicate = (!icmp_ln338)> <Delay = 1.68> <CoreInst = "ROM">   --->   Core 95 'ROM' <Latency = 3> <II = 1> <Delay = 1.68> <Storage> <Opcode : 'load'> <Ports = 0> <Width = 8> <Depth = 256> <ROM>
ST_76 : Operation 606 [1/4] (1.68ns)   --->   "%sbox_load_14 = load i8 %sbox_addr_14" [aes.cpp:253]   --->   Operation 606 'load' 'sbox_load_14' <Predicate = (!icmp_ln338)> <Delay = 1.68> <CoreInst = "ROM">   --->   Core 95 'ROM' <Latency = 3> <II = 1> <Delay = 1.68> <Storage> <Opcode : 'load'> <Ports = 0> <Width = 8> <Depth = 256> <ROM>
ST_76 : Operation 607 [2/2] (1.86ns)   --->   "%store_ln294 = store i8 %xor_ln294_1, i4 %buf_addr_18" [aes.cpp:294]   --->   Operation 607 'store' 'store_ln294' <Predicate = (!icmp_ln338)> <Delay = 1.86> <CoreInst = "RAM">   --->   Core 82 'RAM' <Latency = 3> <II = 1> <Delay = 1.86> <Storage> <Opcode : 'load' 'store'> <Ports = 2> <Width = 8> <Depth = 16> <RAM>
ST_76 : Operation 608 [2/2] (1.86ns)   --->   "%store_ln295 = store i8 %xor_ln295_2, i4 %buf_addr_6" [aes.cpp:295]   --->   Operation 608 'store' 'store_ln295' <Predicate = (!icmp_ln338)> <Delay = 1.86> <CoreInst = "RAM">   --->   Core 82 'RAM' <Latency = 3> <II = 1> <Delay = 1.86> <Storage> <Opcode : 'load' 'store'> <Ports = 2> <Width = 8> <Depth = 16> <RAM>
ST_76 : Operation 609 [1/1] (0.00ns) (grouped into LUT with out node xor_ln295_4)   --->   "%tmp_3 = bitselect i1 @_ssdm_op_BitSelect.i1.i8.i32, i8 %xor_ln295_3, i32 7" [aes.cpp:245]   --->   Operation 609 'bitselect' 'tmp_3' <Predicate = (!icmp_ln338)> <Delay = 0.00>
ST_76 : Operation 610 [1/1] (0.00ns)   --->   "%shl_ln245_3 = shl i8 %xor_ln295_3, i8 1" [aes.cpp:245]   --->   Operation 610 'shl' 'shl_ln245_3' <Predicate = (!icmp_ln338)> <Delay = 0.00>
ST_76 : Operation 611 [1/1] (0.00ns) (grouped into LUT with out node xor_ln295_4)   --->   "%xor_ln245_3 = xor i8 %shl_ln245_3, i8 27" [aes.cpp:245]   --->   Operation 611 'xor' 'xor_ln245_3' <Predicate = (!icmp_ln338)> <Delay = 0.00> <CoreInst = "LogicGate">   --->   Core 74 'LogicGate' <Latency = 0> <II = 1> <Delay = 0.99> <FuncUnit> <Opcode : 'and' 'or' 'xor'> <InPorts = 2> <OutPorts = 1>
ST_76 : Operation 612 [1/1] (0.00ns) (grouped into LUT with out node xor_ln295_4)   --->   "%select_ln245_3 = select i1 %tmp_3, i8 %xor_ln245_3, i8 %shl_ln245_3" [aes.cpp:245]   --->   Operation 612 'select' 'select_ln245_3' <Predicate = (!icmp_ln338)> <Delay = 0.00> <CoreInst = "Sel">   --->   Core 73 'Sel' <Latency = 0> <II = 1> <Delay = 1.24> <FuncUnit> <Opcode : 'select'> <InPorts = 3> <OutPorts = 1>
ST_76 : Operation 613 [1/1] (1.24ns) (out node of the LUT)   --->   "%xor_ln295_4 = xor i8 %select_ln245_3, i8 %xor_ln293_1" [aes.cpp:295]   --->   Operation 613 'xor' 'xor_ln295_4' <Predicate = (!icmp_ln338)> <Delay = 1.24> <CoreInst = "LogicGate">   --->   Core 74 'LogicGate' <Latency = 0> <II = 1> <Delay = 0.99> <FuncUnit> <Opcode : 'and' 'or' 'xor'> <InPorts = 2> <OutPorts = 1>
ST_76 : Operation 614 [1/1] (0.99ns)   --->   "%xor_ln293_9 = xor i8 %i_5, i8 %sbox_load_4" [aes.cpp:293]   --->   Operation 614 'xor' 'xor_ln293_9' <Predicate = (!icmp_ln338)> <Delay = 0.99> <CoreInst = "LogicGate">   --->   Core 74 'LogicGate' <Latency = 0> <II = 1> <Delay = 0.99> <FuncUnit> <Opcode : 'and' 'or' 'xor'> <InPorts = 2> <OutPorts = 1>
ST_76 : Operation 615 [14/35] (1.46ns)   --->   "%rcon_2 = call i8 @aes_expandEncKey, i8 %ctx, i7 0, i8 %rcon_1_load_1, i8 %sbox" [aes.cpp:344]   --->   Operation 615 'call' 'rcon_2' <Predicate = (!icmp_ln338 & !trunc_ln343)> <Delay = 1.46> <CoreType = "Generic">   --->   Core 0 '' <Latency = 0> <II = 1> <Delay = 1.00> <Generic> <Opcode : >

State 77 <SV = 37> <Delay = 1.86>
ST_77 : Operation 616 [1/4] (1.68ns)   --->   "%sbox_load_5 = load i8 %sbox_addr_5" [aes.cpp:253]   --->   Operation 616 'load' 'sbox_load_5' <Predicate = (!icmp_ln338)> <Delay = 1.68> <CoreInst = "ROM">   --->   Core 95 'ROM' <Latency = 3> <II = 1> <Delay = 1.68> <Storage> <Opcode : 'load'> <Ports = 0> <Width = 8> <Depth = 256> <ROM>
ST_77 : Operation 617 [2/4] (1.68ns)   --->   "%sbox_load_9 = load i8 %sbox_addr_9" [aes.cpp:253]   --->   Operation 617 'load' 'sbox_load_9' <Predicate = (!icmp_ln338)> <Delay = 1.68> <CoreInst = "ROM">   --->   Core 95 'ROM' <Latency = 3> <II = 1> <Delay = 1.68> <Storage> <Opcode : 'load'> <Ports = 0> <Width = 8> <Depth = 256> <ROM>
ST_77 : Operation 618 [3/4] (1.68ns)   --->   "%j_1 = load i8 %sbox_addr_13" [aes.cpp:253]   --->   Operation 618 'load' 'j_1' <Predicate = (!icmp_ln338)> <Delay = 1.68> <CoreInst = "ROM">   --->   Core 95 'ROM' <Latency = 3> <II = 1> <Delay = 1.68> <Storage> <Opcode : 'load'> <Ports = 0> <Width = 8> <Depth = 256> <ROM>
ST_77 : Operation 619 [1/2] (1.86ns)   --->   "%store_ln294 = store i8 %xor_ln294_1, i4 %buf_addr_18" [aes.cpp:294]   --->   Operation 619 'store' 'store_ln294' <Predicate = (!icmp_ln338)> <Delay = 1.86> <CoreInst = "RAM">   --->   Core 82 'RAM' <Latency = 3> <II = 1> <Delay = 1.86> <Storage> <Opcode : 'load' 'store'> <Ports = 2> <Width = 8> <Depth = 16> <RAM>
ST_77 : Operation 620 [2/2] (1.86ns)   --->   "%store_ln294 = store i8 %xor_ln294_4, i4 %buf_addr_1" [aes.cpp:294]   --->   Operation 620 'store' 'store_ln294' <Predicate = (!icmp_ln338)> <Delay = 1.86> <CoreInst = "RAM">   --->   Core 82 'RAM' <Latency = 3> <II = 1> <Delay = 1.86> <Storage> <Opcode : 'load' 'store'> <Ports = 2> <Width = 8> <Depth = 16> <RAM>
ST_77 : Operation 621 [1/2] (1.86ns)   --->   "%store_ln295 = store i8 %xor_ln295_2, i4 %buf_addr_6" [aes.cpp:295]   --->   Operation 621 'store' 'store_ln295' <Predicate = (!icmp_ln338)> <Delay = 1.86> <CoreInst = "RAM">   --->   Core 82 'RAM' <Latency = 3> <II = 1> <Delay = 1.86> <Storage> <Opcode : 'load' 'store'> <Ports = 2> <Width = 8> <Depth = 16> <RAM>
ST_77 : Operation 622 [2/2] (1.86ns)   --->   "%store_ln295 = store i8 %xor_ln295_4, i4 %buf_addr_7" [aes.cpp:295]   --->   Operation 622 'store' 'store_ln295' <Predicate = (!icmp_ln338)> <Delay = 1.86> <CoreInst = "RAM">   --->   Core 82 'RAM' <Latency = 3> <II = 1> <Delay = 1.86> <Storage> <Opcode : 'load' 'store'> <Ports = 2> <Width = 8> <Depth = 16> <RAM>
ST_77 : Operation 623 [1/1] (0.99ns)   --->   "%xor_ln293_6 = xor i8 %sbox_load_3, i8 %sbox_load_8" [aes.cpp:293]   --->   Operation 623 'xor' 'xor_ln293_6' <Predicate = (!icmp_ln338)> <Delay = 0.99> <CoreInst = "LogicGate">   --->   Core 74 'LogicGate' <Latency = 0> <II = 1> <Delay = 0.99> <FuncUnit> <Opcode : 'and' 'or' 'xor'> <InPorts = 2> <OutPorts = 1>
ST_77 : Operation 624 [1/1] (0.99ns)   --->   "%xor_ln293_10 = xor i8 %sbox_load_10, i8 %xor_ln293_9" [aes.cpp:293]   --->   Operation 624 'xor' 'xor_ln293_10' <Predicate = (!icmp_ln338)> <Delay = 0.99> <CoreInst = "LogicGate">   --->   Core 74 'LogicGate' <Latency = 0> <II = 1> <Delay = 0.99> <FuncUnit> <Opcode : 'and' 'or' 'xor'> <InPorts = 2> <OutPorts = 1>
ST_77 : Operation 625 [13/35] (1.46ns)   --->   "%rcon_2 = call i8 @aes_expandEncKey, i8 %ctx, i7 0, i8 %rcon_1_load_1, i8 %sbox" [aes.cpp:344]   --->   Operation 625 'call' 'rcon_2' <Predicate = (!icmp_ln338 & !trunc_ln343)> <Delay = 1.46> <CoreType = "Generic">   --->   Core 0 '' <Latency = 0> <II = 1> <Delay = 1.00> <Generic> <Opcode : >
ST_77 : Operation 626 [1/1] (0.99ns)   --->   "%xor_ln261_29 = xor i8 %ctx_load_31, i8 %xor_ln295_4" [aes.cpp:261]   --->   Operation 626 'xor' 'xor_ln261_29' <Predicate = (!icmp_ln338 & trunc_ln343)> <Delay = 0.99> <CoreInst = "LogicGate">   --->   Core 74 'LogicGate' <Latency = 0> <II = 1> <Delay = 0.99> <FuncUnit> <Opcode : 'and' 'or' 'xor'> <InPorts = 2> <OutPorts = 1>
ST_77 : Operation 627 [1/1] (0.99ns)   --->   "%xor_ln261_30 = xor i8 %ctx_load_32, i8 %xor_ln295_2" [aes.cpp:261]   --->   Operation 627 'xor' 'xor_ln261_30' <Predicate = (!icmp_ln338 & trunc_ln343)> <Delay = 0.99> <CoreInst = "LogicGate">   --->   Core 74 'LogicGate' <Latency = 0> <II = 1> <Delay = 0.99> <FuncUnit> <Opcode : 'and' 'or' 'xor'> <InPorts = 2> <OutPorts = 1>

State 78 <SV = 38> <Delay = 1.86>
ST_78 : Operation 628 [1/4] (1.68ns)   --->   "%sbox_load_9 = load i8 %sbox_addr_9" [aes.cpp:253]   --->   Operation 628 'load' 'sbox_load_9' <Predicate = (!icmp_ln338)> <Delay = 1.68> <CoreInst = "ROM">   --->   Core 95 'ROM' <Latency = 3> <II = 1> <Delay = 1.68> <Storage> <Opcode : 'load'> <Ports = 0> <Width = 8> <Depth = 256> <ROM>
ST_78 : Operation 629 [2/4] (1.68ns)   --->   "%j_1 = load i8 %sbox_addr_13" [aes.cpp:253]   --->   Operation 629 'load' 'j_1' <Predicate = (!icmp_ln338)> <Delay = 1.68> <CoreInst = "ROM">   --->   Core 95 'ROM' <Latency = 3> <II = 1> <Delay = 1.68> <Storage> <Opcode : 'load'> <Ports = 0> <Width = 8> <Depth = 256> <ROM>
ST_78 : Operation 630 [1/2] (1.86ns)   --->   "%store_ln294 = store i8 %xor_ln294_4, i4 %buf_addr_1" [aes.cpp:294]   --->   Operation 630 'store' 'store_ln294' <Predicate = (!icmp_ln338)> <Delay = 1.86> <CoreInst = "RAM">   --->   Core 82 'RAM' <Latency = 3> <II = 1> <Delay = 1.86> <Storage> <Opcode : 'load' 'store'> <Ports = 2> <Width = 8> <Depth = 16> <RAM>
ST_78 : Operation 631 [1/2] (1.86ns)   --->   "%store_ln295 = store i8 %xor_ln295_4, i4 %buf_addr_7" [aes.cpp:295]   --->   Operation 631 'store' 'store_ln295' <Predicate = (!icmp_ln338)> <Delay = 1.86> <CoreInst = "RAM">   --->   Core 82 'RAM' <Latency = 3> <II = 1> <Delay = 1.86> <Storage> <Opcode : 'load' 'store'> <Ports = 2> <Width = 8> <Depth = 16> <RAM>
ST_78 : Operation 632 [1/1] (0.99ns)   --->   "%xor_ln293_7 = xor i8 %sbox_load_14, i8 %xor_ln293_6" [aes.cpp:293]   --->   Operation 632 'xor' 'xor_ln293_7' <Predicate = (!icmp_ln338)> <Delay = 0.99> <CoreInst = "LogicGate">   --->   Core 74 'LogicGate' <Latency = 0> <II = 1> <Delay = 0.99> <FuncUnit> <Opcode : 'and' 'or' 'xor'> <InPorts = 2> <OutPorts = 1>
ST_78 : Operation 633 [1/1] (0.99ns)   --->   "%xor_ln293_11 = xor i8 %sbox_load_5, i8 %xor_ln293_10" [aes.cpp:293]   --->   Operation 633 'xor' 'xor_ln293_11' <Predicate = (!icmp_ln338)> <Delay = 0.99> <CoreInst = "LogicGate">   --->   Core 74 'LogicGate' <Latency = 0> <II = 1> <Delay = 0.99> <FuncUnit> <Opcode : 'and' 'or' 'xor'> <InPorts = 2> <OutPorts = 1>
ST_78 : Operation 634 [1/1] (0.99ns)   --->   "%xor_ln294_17 = xor i8 %sbox_load_10, i8 %i_5" [aes.cpp:294]   --->   Operation 634 'xor' 'xor_ln294_17' <Predicate = (!icmp_ln338)> <Delay = 0.99> <CoreInst = "LogicGate">   --->   Core 74 'LogicGate' <Latency = 0> <II = 1> <Delay = 0.99> <FuncUnit> <Opcode : 'and' 'or' 'xor'> <InPorts = 2> <OutPorts = 1>
ST_78 : Operation 635 [1/1] (0.99ns)   --->   "%xor_ln295_15 = xor i8 %sbox_load_5, i8 %sbox_load_10" [aes.cpp:295]   --->   Operation 635 'xor' 'xor_ln295_15' <Predicate = (!icmp_ln338)> <Delay = 0.99> <CoreInst = "LogicGate">   --->   Core 74 'LogicGate' <Latency = 0> <II = 1> <Delay = 0.99> <FuncUnit> <Opcode : 'and' 'or' 'xor'> <InPorts = 2> <OutPorts = 1>
ST_78 : Operation 636 [1/1] (0.99ns)   --->   "%xor_ln295_18 = xor i8 %sbox_load_5, i8 %sbox_load_4" [aes.cpp:295]   --->   Operation 636 'xor' 'xor_ln295_18' <Predicate = (!icmp_ln338)> <Delay = 0.99> <CoreInst = "LogicGate">   --->   Core 74 'LogicGate' <Latency = 0> <II = 1> <Delay = 0.99> <FuncUnit> <Opcode : 'and' 'or' 'xor'> <InPorts = 2> <OutPorts = 1>
ST_78 : Operation 637 [12/35] (1.46ns)   --->   "%rcon_2 = call i8 @aes_expandEncKey, i8 %ctx, i7 0, i8 %rcon_1_load_1, i8 %sbox" [aes.cpp:344]   --->   Operation 637 'call' 'rcon_2' <Predicate = (!icmp_ln338 & !trunc_ln343)> <Delay = 1.46> <CoreType = "Generic">   --->   Core 0 '' <Latency = 0> <II = 1> <Delay = 1.00> <Generic> <Opcode : >
ST_78 : Operation 638 [4/4] (1.86ns)   --->   "%buf_load_40 = load i4 %buf_addr_6" [aes.cpp:261]   --->   Operation 638 'load' 'buf_load_40' <Predicate = (!icmp_ln338 & !trunc_ln343)> <Delay = 1.86> <CoreInst = "RAM">   --->   Core 82 'RAM' <Latency = 3> <II = 1> <Delay = 1.86> <Storage> <Opcode : 'load' 'store'> <Ports = 2> <Width = 8> <Depth = 16> <RAM>
ST_78 : Operation 639 [4/4] (1.86ns)   --->   "%buf_load_42 = load i4 %buf_addr_18" [aes.cpp:261]   --->   Operation 639 'load' 'buf_load_42' <Predicate = (!icmp_ln338 & !trunc_ln343)> <Delay = 1.86> <CoreInst = "RAM">   --->   Core 82 'RAM' <Latency = 3> <II = 1> <Delay = 1.86> <Storage> <Opcode : 'load' 'store'> <Ports = 2> <Width = 8> <Depth = 16> <RAM>
ST_78 : Operation 640 [2/2] (1.86ns)   --->   "%store_ln261 = store i8 %xor_ln261_29, i4 %buf_addr_7" [aes.cpp:261]   --->   Operation 640 'store' 'store_ln261' <Predicate = (!icmp_ln338 & trunc_ln343)> <Delay = 1.86> <CoreInst = "RAM">   --->   Core 82 'RAM' <Latency = 3> <II = 1> <Delay = 1.86> <Storage> <Opcode : 'load' 'store'> <Ports = 2> <Width = 8> <Depth = 16> <RAM>
ST_78 : Operation 641 [2/2] (1.86ns)   --->   "%store_ln261 = store i8 %xor_ln261_30, i4 %buf_addr_6" [aes.cpp:261]   --->   Operation 641 'store' 'store_ln261' <Predicate = (!icmp_ln338 & trunc_ln343)> <Delay = 1.86> <CoreInst = "RAM">   --->   Core 82 'RAM' <Latency = 3> <II = 1> <Delay = 1.86> <Storage> <Opcode : 'load' 'store'> <Ports = 2> <Width = 8> <Depth = 16> <RAM>
ST_78 : Operation 642 [1/1] (0.99ns)   --->   "%xor_ln261_31 = xor i8 %ctx_load_33, i8 %xor_ln294_4" [aes.cpp:261]   --->   Operation 642 'xor' 'xor_ln261_31' <Predicate = (!icmp_ln338 & trunc_ln343)> <Delay = 0.99> <CoreInst = "LogicGate">   --->   Core 74 'LogicGate' <Latency = 0> <II = 1> <Delay = 0.99> <FuncUnit> <Opcode : 'and' 'or' 'xor'> <InPorts = 2> <OutPorts = 1>

State 79 <SV = 39> <Delay = 1.86>
ST_79 : Operation 643 [1/4] (1.68ns)   --->   "%j_1 = load i8 %sbox_addr_13" [aes.cpp:253]   --->   Operation 643 'load' 'j_1' <Predicate = (!icmp_ln338)> <Delay = 1.68> <CoreInst = "ROM">   --->   Core 95 'ROM' <Latency = 3> <II = 1> <Delay = 1.68> <Storage> <Opcode : 'load'> <Ports = 0> <Width = 8> <Depth = 256> <ROM>
ST_79 : Operation 644 [1/1] (0.99ns)   --->   "%xor_ln293_3 = xor i8 %sbox_load_7, i8 %sbox_load_12" [aes.cpp:293]   --->   Operation 644 'xor' 'xor_ln293_3' <Predicate = (!icmp_ln338)> <Delay = 0.99> <CoreInst = "LogicGate">   --->   Core 74 'LogicGate' <Latency = 0> <II = 1> <Delay = 0.99> <FuncUnit> <Opcode : 'and' 'or' 'xor'> <InPorts = 2> <OutPorts = 1>
ST_79 : Operation 645 [1/1] (0.99ns)   --->   "%xor_ln293_8 = xor i8 %sbox_load_9, i8 %xor_ln293_7" [aes.cpp:293]   --->   Operation 645 'xor' 'xor_ln293_8' <Predicate = (!icmp_ln338)> <Delay = 0.99> <CoreInst = "LogicGate">   --->   Core 74 'LogicGate' <Latency = 0> <II = 1> <Delay = 0.99> <FuncUnit> <Opcode : 'and' 'or' 'xor'> <InPorts = 2> <OutPorts = 1>
ST_79 : Operation 646 [1/1] (0.99ns)   --->   "%xor_ln294_12 = xor i8 %sbox_load_14, i8 %sbox_load_3" [aes.cpp:294]   --->   Operation 646 'xor' 'xor_ln294_12' <Predicate = (!icmp_ln338)> <Delay = 0.99> <CoreInst = "LogicGate">   --->   Core 74 'LogicGate' <Latency = 0> <II = 1> <Delay = 0.99> <FuncUnit> <Opcode : 'and' 'or' 'xor'> <InPorts = 2> <OutPorts = 1>
ST_79 : Operation 647 [1/1] (0.99ns)   --->   "%xor_ln295_10 = xor i8 %sbox_load_9, i8 %sbox_load_14" [aes.cpp:295]   --->   Operation 647 'xor' 'xor_ln295_10' <Predicate = (!icmp_ln338)> <Delay = 0.99> <CoreInst = "LogicGate">   --->   Core 74 'LogicGate' <Latency = 0> <II = 1> <Delay = 0.99> <FuncUnit> <Opcode : 'and' 'or' 'xor'> <InPorts = 2> <OutPorts = 1>
ST_79 : Operation 648 [1/1] (0.99ns)   --->   "%xor_ln295_13 = xor i8 %sbox_load_9, i8 %sbox_load_8" [aes.cpp:295]   --->   Operation 648 'xor' 'xor_ln295_13' <Predicate = (!icmp_ln338)> <Delay = 0.99> <CoreInst = "LogicGate">   --->   Core 74 'LogicGate' <Latency = 0> <II = 1> <Delay = 0.99> <FuncUnit> <Opcode : 'and' 'or' 'xor'> <InPorts = 2> <OutPorts = 1>
ST_79 : Operation 649 [1/1] (0.00ns) (grouped into LUT with out node xor_ln294_16)   --->   "%tmp_12 = bitselect i1 @_ssdm_op_BitSelect.i1.i8.i32, i8 %xor_ln293_9, i32 7" [aes.cpp:245]   --->   Operation 649 'bitselect' 'tmp_12' <Predicate = (!icmp_ln338)> <Delay = 0.00>
ST_79 : Operation 650 [1/1] (0.00ns)   --->   "%shl_ln245_12 = shl i8 %xor_ln293_9, i8 1" [aes.cpp:245]   --->   Operation 650 'shl' 'shl_ln245_12' <Predicate = (!icmp_ln338)> <Delay = 0.00>
ST_79 : Operation 651 [1/1] (0.00ns) (grouped into LUT with out node xor_ln294_16)   --->   "%xor_ln245_12 = xor i8 %shl_ln245_12, i8 27" [aes.cpp:245]   --->   Operation 651 'xor' 'xor_ln245_12' <Predicate = (!icmp_ln338)> <Delay = 0.00> <CoreInst = "LogicGate">   --->   Core 74 'LogicGate' <Latency = 0> <II = 1> <Delay = 0.99> <FuncUnit> <Opcode : 'and' 'or' 'xor'> <InPorts = 2> <OutPorts = 1>
ST_79 : Operation 652 [1/1] (0.00ns) (grouped into LUT with out node xor_ln294_16)   --->   "%select_ln245_12 = select i1 %tmp_12, i8 %xor_ln245_12, i8 %shl_ln245_12" [aes.cpp:245]   --->   Operation 652 'select' 'select_ln245_12' <Predicate = (!icmp_ln338)> <Delay = 0.00> <CoreInst = "Sel">   --->   Core 73 'Sel' <Latency = 0> <II = 1> <Delay = 1.24> <FuncUnit> <Opcode : 'select'> <InPorts = 3> <OutPorts = 1>
ST_79 : Operation 653 [1/1] (0.00ns) (grouped into LUT with out node xor_ln294_16)   --->   "%xor_ln294_15 = xor i8 %xor_ln293_11, i8 %select_ln245_12" [aes.cpp:294]   --->   Operation 653 'xor' 'xor_ln294_15' <Predicate = (!icmp_ln338)> <Delay = 0.00> <CoreInst = "LogicGate">   --->   Core 74 'LogicGate' <Latency = 0> <II = 1> <Delay = 0.99> <FuncUnit> <Opcode : 'and' 'or' 'xor'> <InPorts = 2> <OutPorts = 1>
ST_79 : Operation 654 [1/1] (1.24ns) (out node of the LUT)   --->   "%xor_ln294_16 = xor i8 %xor_ln294_15, i8 %sbox_load_4" [aes.cpp:294]   --->   Operation 654 'xor' 'xor_ln294_16' <Predicate = (!icmp_ln338)> <Delay = 1.24> <CoreInst = "LogicGate">   --->   Core 74 'LogicGate' <Latency = 0> <II = 1> <Delay = 0.99> <FuncUnit> <Opcode : 'and' 'or' 'xor'> <InPorts = 2> <OutPorts = 1>
ST_79 : Operation 655 [1/1] (0.00ns) (grouped into LUT with out node xor_ln294_19)   --->   "%tmp_13 = bitselect i1 @_ssdm_op_BitSelect.i1.i8.i32, i8 %xor_ln294_17, i32 7" [aes.cpp:245]   --->   Operation 655 'bitselect' 'tmp_13' <Predicate = (!icmp_ln338)> <Delay = 0.00>
ST_79 : Operation 656 [1/1] (0.00ns)   --->   "%shl_ln245_13 = shl i8 %xor_ln294_17, i8 1" [aes.cpp:245]   --->   Operation 656 'shl' 'shl_ln245_13' <Predicate = (!icmp_ln338)> <Delay = 0.00>
ST_79 : Operation 657 [1/1] (0.00ns) (grouped into LUT with out node xor_ln294_19)   --->   "%xor_ln245_13 = xor i8 %shl_ln245_13, i8 27" [aes.cpp:245]   --->   Operation 657 'xor' 'xor_ln245_13' <Predicate = (!icmp_ln338)> <Delay = 0.00> <CoreInst = "LogicGate">   --->   Core 74 'LogicGate' <Latency = 0> <II = 1> <Delay = 0.99> <FuncUnit> <Opcode : 'and' 'or' 'xor'> <InPorts = 2> <OutPorts = 1>
ST_79 : Operation 658 [1/1] (0.00ns) (grouped into LUT with out node xor_ln294_19)   --->   "%select_ln245_13 = select i1 %tmp_13, i8 %xor_ln245_13, i8 %shl_ln245_13" [aes.cpp:245]   --->   Operation 658 'select' 'select_ln245_13' <Predicate = (!icmp_ln338)> <Delay = 0.00> <CoreInst = "Sel">   --->   Core 73 'Sel' <Latency = 0> <II = 1> <Delay = 1.24> <FuncUnit> <Opcode : 'select'> <InPorts = 3> <OutPorts = 1>
ST_79 : Operation 659 [1/1] (0.00ns) (grouped into LUT with out node xor_ln294_19)   --->   "%xor_ln294_18 = xor i8 %xor_ln293_11, i8 %select_ln245_13" [aes.cpp:294]   --->   Operation 659 'xor' 'xor_ln294_18' <Predicate = (!icmp_ln338)> <Delay = 0.00> <CoreInst = "LogicGate">   --->   Core 74 'LogicGate' <Latency = 0> <II = 1> <Delay = 0.99> <FuncUnit> <Opcode : 'and' 'or' 'xor'> <InPorts = 2> <OutPorts = 1>
ST_79 : Operation 660 [1/1] (1.24ns) (out node of the LUT)   --->   "%xor_ln294_19 = xor i8 %xor_ln294_18, i8 %i_5" [aes.cpp:294]   --->   Operation 660 'xor' 'xor_ln294_19' <Predicate = (!icmp_ln338)> <Delay = 1.24> <CoreInst = "LogicGate">   --->   Core 74 'LogicGate' <Latency = 0> <II = 1> <Delay = 0.99> <FuncUnit> <Opcode : 'and' 'or' 'xor'> <InPorts = 2> <OutPorts = 1>
ST_79 : Operation 661 [1/1] (0.00ns) (grouped into LUT with out node xor_ln295_17)   --->   "%tmp_14 = bitselect i1 @_ssdm_op_BitSelect.i1.i8.i32, i8 %xor_ln295_15, i32 7" [aes.cpp:245]   --->   Operation 661 'bitselect' 'tmp_14' <Predicate = (!icmp_ln338)> <Delay = 0.00>
ST_79 : Operation 662 [1/1] (0.00ns)   --->   "%shl_ln245_14 = shl i8 %xor_ln295_15, i8 1" [aes.cpp:245]   --->   Operation 662 'shl' 'shl_ln245_14' <Predicate = (!icmp_ln338)> <Delay = 0.00>
ST_79 : Operation 663 [1/1] (0.00ns) (grouped into LUT with out node xor_ln295_17)   --->   "%xor_ln245_14 = xor i8 %shl_ln245_14, i8 27" [aes.cpp:245]   --->   Operation 663 'xor' 'xor_ln245_14' <Predicate = (!icmp_ln338)> <Delay = 0.00> <CoreInst = "LogicGate">   --->   Core 74 'LogicGate' <Latency = 0> <II = 1> <Delay = 0.99> <FuncUnit> <Opcode : 'and' 'or' 'xor'> <InPorts = 2> <OutPorts = 1>
ST_79 : Operation 664 [1/1] (0.00ns) (grouped into LUT with out node xor_ln295_17)   --->   "%select_ln245_14 = select i1 %tmp_14, i8 %xor_ln245_14, i8 %shl_ln245_14" [aes.cpp:245]   --->   Operation 664 'select' 'select_ln245_14' <Predicate = (!icmp_ln338)> <Delay = 0.00> <CoreInst = "Sel">   --->   Core 73 'Sel' <Latency = 0> <II = 1> <Delay = 1.24> <FuncUnit> <Opcode : 'select'> <InPorts = 3> <OutPorts = 1>
ST_79 : Operation 665 [1/1] (0.00ns) (grouped into LUT with out node xor_ln295_17)   --->   "%xor_ln295_16 = xor i8 %xor_ln293_9, i8 %select_ln245_14" [aes.cpp:295]   --->   Operation 665 'xor' 'xor_ln295_16' <Predicate = (!icmp_ln338)> <Delay = 0.00> <CoreInst = "LogicGate">   --->   Core 74 'LogicGate' <Latency = 0> <II = 1> <Delay = 0.99> <FuncUnit> <Opcode : 'and' 'or' 'xor'> <InPorts = 2> <OutPorts = 1>
ST_79 : Operation 666 [1/1] (1.24ns) (out node of the LUT)   --->   "%xor_ln295_17 = xor i8 %xor_ln295_16, i8 %sbox_load_5" [aes.cpp:295]   --->   Operation 666 'xor' 'xor_ln295_17' <Predicate = (!icmp_ln338)> <Delay = 1.24> <CoreInst = "LogicGate">   --->   Core 74 'LogicGate' <Latency = 0> <II = 1> <Delay = 0.99> <FuncUnit> <Opcode : 'and' 'or' 'xor'> <InPorts = 2> <OutPorts = 1>
ST_79 : Operation 667 [1/1] (0.00ns) (grouped into LUT with out node xor_ln295_19)   --->   "%tmp_15 = bitselect i1 @_ssdm_op_BitSelect.i1.i8.i32, i8 %xor_ln295_18, i32 7" [aes.cpp:245]   --->   Operation 667 'bitselect' 'tmp_15' <Predicate = (!icmp_ln338)> <Delay = 0.00>
ST_79 : Operation 668 [1/1] (0.00ns)   --->   "%shl_ln245_15 = shl i8 %xor_ln295_18, i8 1" [aes.cpp:245]   --->   Operation 668 'shl' 'shl_ln245_15' <Predicate = (!icmp_ln338)> <Delay = 0.00>
ST_79 : Operation 669 [1/1] (0.00ns) (grouped into LUT with out node xor_ln295_19)   --->   "%xor_ln245_15 = xor i8 %shl_ln245_15, i8 27" [aes.cpp:245]   --->   Operation 669 'xor' 'xor_ln245_15' <Predicate = (!icmp_ln338)> <Delay = 0.00> <CoreInst = "LogicGate">   --->   Core 74 'LogicGate' <Latency = 0> <II = 1> <Delay = 0.99> <FuncUnit> <Opcode : 'and' 'or' 'xor'> <InPorts = 2> <OutPorts = 1>
ST_79 : Operation 670 [1/1] (0.00ns) (grouped into LUT with out node xor_ln295_19)   --->   "%select_ln245_15 = select i1 %tmp_15, i8 %xor_ln245_15, i8 %shl_ln245_15" [aes.cpp:245]   --->   Operation 670 'select' 'select_ln245_15' <Predicate = (!icmp_ln338)> <Delay = 0.00> <CoreInst = "Sel">   --->   Core 73 'Sel' <Latency = 0> <II = 1> <Delay = 1.24> <FuncUnit> <Opcode : 'select'> <InPorts = 3> <OutPorts = 1>
ST_79 : Operation 671 [1/1] (1.24ns) (out node of the LUT)   --->   "%xor_ln295_19 = xor i8 %select_ln245_15, i8 %xor_ln293_10" [aes.cpp:295]   --->   Operation 671 'xor' 'xor_ln295_19' <Predicate = (!icmp_ln338)> <Delay = 1.24> <CoreInst = "LogicGate">   --->   Core 74 'LogicGate' <Latency = 0> <II = 1> <Delay = 0.99> <FuncUnit> <Opcode : 'and' 'or' 'xor'> <InPorts = 2> <OutPorts = 1>
ST_79 : Operation 672 [11/35] (1.46ns)   --->   "%rcon_2 = call i8 @aes_expandEncKey, i8 %ctx, i7 0, i8 %rcon_1_load_1, i8 %sbox" [aes.cpp:344]   --->   Operation 672 'call' 'rcon_2' <Predicate = (!icmp_ln338 & !trunc_ln343)> <Delay = 1.46> <CoreType = "Generic">   --->   Core 0 '' <Latency = 0> <II = 1> <Delay = 1.00> <Generic> <Opcode : >
ST_79 : Operation 673 [4/4] (1.86ns)   --->   "%buf_load_39 = load i4 %buf_addr_7" [aes.cpp:261]   --->   Operation 673 'load' 'buf_load_39' <Predicate = (!icmp_ln338 & !trunc_ln343)> <Delay = 1.86> <CoreInst = "RAM">   --->   Core 82 'RAM' <Latency = 3> <II = 1> <Delay = 1.86> <Storage> <Opcode : 'load' 'store'> <Ports = 2> <Width = 8> <Depth = 16> <RAM>
ST_79 : Operation 674 [3/4] (1.86ns)   --->   "%buf_load_40 = load i4 %buf_addr_6" [aes.cpp:261]   --->   Operation 674 'load' 'buf_load_40' <Predicate = (!icmp_ln338 & !trunc_ln343)> <Delay = 1.86> <CoreInst = "RAM">   --->   Core 82 'RAM' <Latency = 3> <II = 1> <Delay = 1.86> <Storage> <Opcode : 'load' 'store'> <Ports = 2> <Width = 8> <Depth = 16> <RAM>
ST_79 : Operation 675 [4/4] (1.86ns)   --->   "%buf_load_41 = load i4 %buf_addr_1" [aes.cpp:261]   --->   Operation 675 'load' 'buf_load_41' <Predicate = (!icmp_ln338 & !trunc_ln343)> <Delay = 1.86> <CoreInst = "RAM">   --->   Core 82 'RAM' <Latency = 3> <II = 1> <Delay = 1.86> <Storage> <Opcode : 'load' 'store'> <Ports = 2> <Width = 8> <Depth = 16> <RAM>
ST_79 : Operation 676 [3/4] (1.86ns)   --->   "%buf_load_42 = load i4 %buf_addr_18" [aes.cpp:261]   --->   Operation 676 'load' 'buf_load_42' <Predicate = (!icmp_ln338 & !trunc_ln343)> <Delay = 1.86> <CoreInst = "RAM">   --->   Core 82 'RAM' <Latency = 3> <II = 1> <Delay = 1.86> <Storage> <Opcode : 'load' 'store'> <Ports = 2> <Width = 8> <Depth = 16> <RAM>
ST_79 : Operation 677 [1/2] (1.86ns)   --->   "%store_ln261 = store i8 %xor_ln261_29, i4 %buf_addr_7" [aes.cpp:261]   --->   Operation 677 'store' 'store_ln261' <Predicate = (!icmp_ln338 & trunc_ln343)> <Delay = 1.86> <CoreInst = "RAM">   --->   Core 82 'RAM' <Latency = 3> <II = 1> <Delay = 1.86> <Storage> <Opcode : 'load' 'store'> <Ports = 2> <Width = 8> <Depth = 16> <RAM>
ST_79 : Operation 678 [1/2] (1.86ns)   --->   "%store_ln261 = store i8 %xor_ln261_30, i4 %buf_addr_6" [aes.cpp:261]   --->   Operation 678 'store' 'store_ln261' <Predicate = (!icmp_ln338 & trunc_ln343)> <Delay = 1.86> <CoreInst = "RAM">   --->   Core 82 'RAM' <Latency = 3> <II = 1> <Delay = 1.86> <Storage> <Opcode : 'load' 'store'> <Ports = 2> <Width = 8> <Depth = 16> <RAM>
ST_79 : Operation 679 [2/2] (1.86ns)   --->   "%store_ln261 = store i8 %xor_ln261_31, i4 %buf_addr_1" [aes.cpp:261]   --->   Operation 679 'store' 'store_ln261' <Predicate = (!icmp_ln338 & trunc_ln343)> <Delay = 1.86> <CoreInst = "RAM">   --->   Core 82 'RAM' <Latency = 3> <II = 1> <Delay = 1.86> <Storage> <Opcode : 'load' 'store'> <Ports = 2> <Width = 8> <Depth = 16> <RAM>

State 80 <SV = 40> <Delay = 1.86>
ST_80 : Operation 680 [1/1] (0.99ns)   --->   "%xor_ln293_4 = xor i8 %j_2, i8 %xor_ln293_3" [aes.cpp:293]   --->   Operation 680 'xor' 'xor_ln293_4' <Predicate = (!icmp_ln338)> <Delay = 0.99> <CoreInst = "LogicGate">   --->   Core 74 'LogicGate' <Latency = 0> <II = 1> <Delay = 0.99> <FuncUnit> <Opcode : 'and' 'or' 'xor'> <InPorts = 2> <OutPorts = 1>
ST_80 : Operation 681 [1/1] (0.99ns)   --->   "%xor_ln294_7 = xor i8 %j_2, i8 %sbox_load_7" [aes.cpp:294]   --->   Operation 681 'xor' 'xor_ln294_7' <Predicate = (!icmp_ln338)> <Delay = 0.99> <CoreInst = "LogicGate">   --->   Core 74 'LogicGate' <Latency = 0> <II = 1> <Delay = 0.99> <FuncUnit> <Opcode : 'and' 'or' 'xor'> <InPorts = 2> <OutPorts = 1>
ST_80 : Operation 682 [1/1] (0.99ns)   --->   "%xor_ln295_5 = xor i8 %j_1, i8 %j_2" [aes.cpp:295]   --->   Operation 682 'xor' 'xor_ln295_5' <Predicate = (!icmp_ln338)> <Delay = 0.99> <CoreInst = "LogicGate">   --->   Core 74 'LogicGate' <Latency = 0> <II = 1> <Delay = 0.99> <FuncUnit> <Opcode : 'and' 'or' 'xor'> <InPorts = 2> <OutPorts = 1>
ST_80 : Operation 683 [1/1] (0.99ns)   --->   "%xor_ln295_8 = xor i8 %j_1, i8 %sbox_load_12" [aes.cpp:295]   --->   Operation 683 'xor' 'xor_ln295_8' <Predicate = (!icmp_ln338)> <Delay = 0.99> <CoreInst = "LogicGate">   --->   Core 74 'LogicGate' <Latency = 0> <II = 1> <Delay = 0.99> <FuncUnit> <Opcode : 'and' 'or' 'xor'> <InPorts = 2> <OutPorts = 1>
ST_80 : Operation 684 [1/1] (0.00ns) (grouped into LUT with out node xor_ln294_11)   --->   "%tmp_8 = bitselect i1 @_ssdm_op_BitSelect.i1.i8.i32, i8 %xor_ln293_6, i32 7" [aes.cpp:245]   --->   Operation 684 'bitselect' 'tmp_8' <Predicate = (!icmp_ln338)> <Delay = 0.00>
ST_80 : Operation 685 [1/1] (0.00ns)   --->   "%shl_ln245_8 = shl i8 %xor_ln293_6, i8 1" [aes.cpp:245]   --->   Operation 685 'shl' 'shl_ln245_8' <Predicate = (!icmp_ln338)> <Delay = 0.00>
ST_80 : Operation 686 [1/1] (0.00ns) (grouped into LUT with out node xor_ln294_11)   --->   "%xor_ln245_8 = xor i8 %shl_ln245_8, i8 27" [aes.cpp:245]   --->   Operation 686 'xor' 'xor_ln245_8' <Predicate = (!icmp_ln338)> <Delay = 0.00> <CoreInst = "LogicGate">   --->   Core 74 'LogicGate' <Latency = 0> <II = 1> <Delay = 0.99> <FuncUnit> <Opcode : 'and' 'or' 'xor'> <InPorts = 2> <OutPorts = 1>
ST_80 : Operation 687 [1/1] (0.00ns) (grouped into LUT with out node xor_ln294_11)   --->   "%select_ln245_8 = select i1 %tmp_8, i8 %xor_ln245_8, i8 %shl_ln245_8" [aes.cpp:245]   --->   Operation 687 'select' 'select_ln245_8' <Predicate = (!icmp_ln338)> <Delay = 0.00> <CoreInst = "Sel">   --->   Core 73 'Sel' <Latency = 0> <II = 1> <Delay = 1.24> <FuncUnit> <Opcode : 'select'> <InPorts = 3> <OutPorts = 1>
ST_80 : Operation 688 [1/1] (0.00ns) (grouped into LUT with out node xor_ln294_11)   --->   "%xor_ln294_10 = xor i8 %xor_ln293_8, i8 %select_ln245_8" [aes.cpp:294]   --->   Operation 688 'xor' 'xor_ln294_10' <Predicate = (!icmp_ln338)> <Delay = 0.00> <CoreInst = "LogicGate">   --->   Core 74 'LogicGate' <Latency = 0> <II = 1> <Delay = 0.99> <FuncUnit> <Opcode : 'and' 'or' 'xor'> <InPorts = 2> <OutPorts = 1>
ST_80 : Operation 689 [1/1] (1.24ns) (out node of the LUT)   --->   "%xor_ln294_11 = xor i8 %xor_ln294_10, i8 %sbox_load_8" [aes.cpp:294]   --->   Operation 689 'xor' 'xor_ln294_11' <Predicate = (!icmp_ln338)> <Delay = 1.24> <CoreInst = "LogicGate">   --->   Core 74 'LogicGate' <Latency = 0> <II = 1> <Delay = 0.99> <FuncUnit> <Opcode : 'and' 'or' 'xor'> <InPorts = 2> <OutPorts = 1>
ST_80 : Operation 690 [1/1] (0.00ns) (grouped into LUT with out node xor_ln294_14)   --->   "%tmp_9 = bitselect i1 @_ssdm_op_BitSelect.i1.i8.i32, i8 %xor_ln294_12, i32 7" [aes.cpp:245]   --->   Operation 690 'bitselect' 'tmp_9' <Predicate = (!icmp_ln338)> <Delay = 0.00>
ST_80 : Operation 691 [1/1] (0.00ns)   --->   "%shl_ln245_9 = shl i8 %xor_ln294_12, i8 1" [aes.cpp:245]   --->   Operation 691 'shl' 'shl_ln245_9' <Predicate = (!icmp_ln338)> <Delay = 0.00>
ST_80 : Operation 692 [1/1] (0.00ns) (grouped into LUT with out node xor_ln294_14)   --->   "%xor_ln245_9 = xor i8 %shl_ln245_9, i8 27" [aes.cpp:245]   --->   Operation 692 'xor' 'xor_ln245_9' <Predicate = (!icmp_ln338)> <Delay = 0.00> <CoreInst = "LogicGate">   --->   Core 74 'LogicGate' <Latency = 0> <II = 1> <Delay = 0.99> <FuncUnit> <Opcode : 'and' 'or' 'xor'> <InPorts = 2> <OutPorts = 1>
ST_80 : Operation 693 [1/1] (0.00ns) (grouped into LUT with out node xor_ln294_14)   --->   "%select_ln245_9 = select i1 %tmp_9, i8 %xor_ln245_9, i8 %shl_ln245_9" [aes.cpp:245]   --->   Operation 693 'select' 'select_ln245_9' <Predicate = (!icmp_ln338)> <Delay = 0.00> <CoreInst = "Sel">   --->   Core 73 'Sel' <Latency = 0> <II = 1> <Delay = 1.24> <FuncUnit> <Opcode : 'select'> <InPorts = 3> <OutPorts = 1>
ST_80 : Operation 694 [1/1] (0.00ns) (grouped into LUT with out node xor_ln294_14)   --->   "%xor_ln294_13 = xor i8 %xor_ln293_8, i8 %select_ln245_9" [aes.cpp:294]   --->   Operation 694 'xor' 'xor_ln294_13' <Predicate = (!icmp_ln338)> <Delay = 0.00> <CoreInst = "LogicGate">   --->   Core 74 'LogicGate' <Latency = 0> <II = 1> <Delay = 0.99> <FuncUnit> <Opcode : 'and' 'or' 'xor'> <InPorts = 2> <OutPorts = 1>
ST_80 : Operation 695 [1/1] (1.24ns) (out node of the LUT)   --->   "%xor_ln294_14 = xor i8 %xor_ln294_13, i8 %sbox_load_3" [aes.cpp:294]   --->   Operation 695 'xor' 'xor_ln294_14' <Predicate = (!icmp_ln338)> <Delay = 1.24> <CoreInst = "LogicGate">   --->   Core 74 'LogicGate' <Latency = 0> <II = 1> <Delay = 0.99> <FuncUnit> <Opcode : 'and' 'or' 'xor'> <InPorts = 2> <OutPorts = 1>
ST_80 : Operation 696 [1/1] (0.00ns) (grouped into LUT with out node xor_ln295_12)   --->   "%tmp_10 = bitselect i1 @_ssdm_op_BitSelect.i1.i8.i32, i8 %xor_ln295_10, i32 7" [aes.cpp:245]   --->   Operation 696 'bitselect' 'tmp_10' <Predicate = (!icmp_ln338)> <Delay = 0.00>
ST_80 : Operation 697 [1/1] (0.00ns)   --->   "%shl_ln245_10 = shl i8 %xor_ln295_10, i8 1" [aes.cpp:245]   --->   Operation 697 'shl' 'shl_ln245_10' <Predicate = (!icmp_ln338)> <Delay = 0.00>
ST_80 : Operation 698 [1/1] (0.00ns) (grouped into LUT with out node xor_ln295_12)   --->   "%xor_ln245_10 = xor i8 %shl_ln245_10, i8 27" [aes.cpp:245]   --->   Operation 698 'xor' 'xor_ln245_10' <Predicate = (!icmp_ln338)> <Delay = 0.00> <CoreInst = "LogicGate">   --->   Core 74 'LogicGate' <Latency = 0> <II = 1> <Delay = 0.99> <FuncUnit> <Opcode : 'and' 'or' 'xor'> <InPorts = 2> <OutPorts = 1>
ST_80 : Operation 699 [1/1] (0.00ns) (grouped into LUT with out node xor_ln295_12)   --->   "%select_ln245_10 = select i1 %tmp_10, i8 %xor_ln245_10, i8 %shl_ln245_10" [aes.cpp:245]   --->   Operation 699 'select' 'select_ln245_10' <Predicate = (!icmp_ln338)> <Delay = 0.00> <CoreInst = "Sel">   --->   Core 73 'Sel' <Latency = 0> <II = 1> <Delay = 1.24> <FuncUnit> <Opcode : 'select'> <InPorts = 3> <OutPorts = 1>
ST_80 : Operation 700 [1/1] (0.00ns) (grouped into LUT with out node xor_ln295_12)   --->   "%xor_ln295_11 = xor i8 %xor_ln293_6, i8 %select_ln245_10" [aes.cpp:295]   --->   Operation 700 'xor' 'xor_ln295_11' <Predicate = (!icmp_ln338)> <Delay = 0.00> <CoreInst = "LogicGate">   --->   Core 74 'LogicGate' <Latency = 0> <II = 1> <Delay = 0.99> <FuncUnit> <Opcode : 'and' 'or' 'xor'> <InPorts = 2> <OutPorts = 1>
ST_80 : Operation 701 [1/1] (1.24ns) (out node of the LUT)   --->   "%xor_ln295_12 = xor i8 %xor_ln295_11, i8 %sbox_load_9" [aes.cpp:295]   --->   Operation 701 'xor' 'xor_ln295_12' <Predicate = (!icmp_ln338)> <Delay = 1.24> <CoreInst = "LogicGate">   --->   Core 74 'LogicGate' <Latency = 0> <II = 1> <Delay = 0.99> <FuncUnit> <Opcode : 'and' 'or' 'xor'> <InPorts = 2> <OutPorts = 1>
ST_80 : Operation 702 [1/1] (0.00ns) (grouped into LUT with out node xor_ln295_14)   --->   "%tmp_11 = bitselect i1 @_ssdm_op_BitSelect.i1.i8.i32, i8 %xor_ln295_13, i32 7" [aes.cpp:245]   --->   Operation 702 'bitselect' 'tmp_11' <Predicate = (!icmp_ln338)> <Delay = 0.00>
ST_80 : Operation 703 [1/1] (0.00ns)   --->   "%shl_ln245_11 = shl i8 %xor_ln295_13, i8 1" [aes.cpp:245]   --->   Operation 703 'shl' 'shl_ln245_11' <Predicate = (!icmp_ln338)> <Delay = 0.00>
ST_80 : Operation 704 [1/1] (0.00ns) (grouped into LUT with out node xor_ln295_14)   --->   "%xor_ln245_11 = xor i8 %shl_ln245_11, i8 27" [aes.cpp:245]   --->   Operation 704 'xor' 'xor_ln245_11' <Predicate = (!icmp_ln338)> <Delay = 0.00> <CoreInst = "LogicGate">   --->   Core 74 'LogicGate' <Latency = 0> <II = 1> <Delay = 0.99> <FuncUnit> <Opcode : 'and' 'or' 'xor'> <InPorts = 2> <OutPorts = 1>
ST_80 : Operation 705 [1/1] (0.00ns) (grouped into LUT with out node xor_ln295_14)   --->   "%select_ln245_11 = select i1 %tmp_11, i8 %xor_ln245_11, i8 %shl_ln245_11" [aes.cpp:245]   --->   Operation 705 'select' 'select_ln245_11' <Predicate = (!icmp_ln338)> <Delay = 0.00> <CoreInst = "Sel">   --->   Core 73 'Sel' <Latency = 0> <II = 1> <Delay = 1.24> <FuncUnit> <Opcode : 'select'> <InPorts = 3> <OutPorts = 1>
ST_80 : Operation 706 [1/1] (1.24ns) (out node of the LUT)   --->   "%xor_ln295_14 = xor i8 %select_ln245_11, i8 %xor_ln293_7" [aes.cpp:295]   --->   Operation 706 'xor' 'xor_ln295_14' <Predicate = (!icmp_ln338)> <Delay = 1.24> <CoreInst = "LogicGate">   --->   Core 74 'LogicGate' <Latency = 0> <II = 1> <Delay = 0.99> <FuncUnit> <Opcode : 'and' 'or' 'xor'> <InPorts = 2> <OutPorts = 1>
ST_80 : Operation 707 [2/2] (1.86ns)   --->   "%store_ln295 = store i8 %xor_ln295_17, i4 %buf_addr_11" [aes.cpp:295]   --->   Operation 707 'store' 'store_ln295' <Predicate = (!icmp_ln338)> <Delay = 1.86> <CoreInst = "RAM">   --->   Core 82 'RAM' <Latency = 3> <II = 1> <Delay = 1.86> <Storage> <Opcode : 'load' 'store'> <Ports = 2> <Width = 8> <Depth = 16> <RAM>
ST_80 : Operation 708 [2/2] (1.86ns)   --->   "%store_ln295 = store i8 %xor_ln295_19, i4 %buf_addr_8" [aes.cpp:295]   --->   Operation 708 'store' 'store_ln295' <Predicate = (!icmp_ln338)> <Delay = 1.86> <CoreInst = "RAM">   --->   Core 82 'RAM' <Latency = 3> <II = 1> <Delay = 1.86> <Storage> <Opcode : 'load' 'store'> <Ports = 2> <Width = 8> <Depth = 16> <RAM>
ST_80 : Operation 709 [10/35] (1.46ns)   --->   "%rcon_2 = call i8 @aes_expandEncKey, i8 %ctx, i7 0, i8 %rcon_1_load_1, i8 %sbox" [aes.cpp:344]   --->   Operation 709 'call' 'rcon_2' <Predicate = (!icmp_ln338 & !trunc_ln343)> <Delay = 1.46> <CoreType = "Generic">   --->   Core 0 '' <Latency = 0> <II = 1> <Delay = 1.00> <Generic> <Opcode : >
ST_80 : Operation 710 [3/4] (1.86ns)   --->   "%buf_load_39 = load i4 %buf_addr_7" [aes.cpp:261]   --->   Operation 710 'load' 'buf_load_39' <Predicate = (!icmp_ln338 & !trunc_ln343)> <Delay = 1.86> <CoreInst = "RAM">   --->   Core 82 'RAM' <Latency = 3> <II = 1> <Delay = 1.86> <Storage> <Opcode : 'load' 'store'> <Ports = 2> <Width = 8> <Depth = 16> <RAM>
ST_80 : Operation 711 [2/4] (1.86ns)   --->   "%buf_load_40 = load i4 %buf_addr_6" [aes.cpp:261]   --->   Operation 711 'load' 'buf_load_40' <Predicate = (!icmp_ln338 & !trunc_ln343)> <Delay = 1.86> <CoreInst = "RAM">   --->   Core 82 'RAM' <Latency = 3> <II = 1> <Delay = 1.86> <Storage> <Opcode : 'load' 'store'> <Ports = 2> <Width = 8> <Depth = 16> <RAM>
ST_80 : Operation 712 [3/4] (1.86ns)   --->   "%buf_load_41 = load i4 %buf_addr_1" [aes.cpp:261]   --->   Operation 712 'load' 'buf_load_41' <Predicate = (!icmp_ln338 & !trunc_ln343)> <Delay = 1.86> <CoreInst = "RAM">   --->   Core 82 'RAM' <Latency = 3> <II = 1> <Delay = 1.86> <Storage> <Opcode : 'load' 'store'> <Ports = 2> <Width = 8> <Depth = 16> <RAM>
ST_80 : Operation 713 [2/4] (1.86ns)   --->   "%buf_load_42 = load i4 %buf_addr_18" [aes.cpp:261]   --->   Operation 713 'load' 'buf_load_42' <Predicate = (!icmp_ln338 & !trunc_ln343)> <Delay = 1.86> <CoreInst = "RAM">   --->   Core 82 'RAM' <Latency = 3> <II = 1> <Delay = 1.86> <Storage> <Opcode : 'load' 'store'> <Ports = 2> <Width = 8> <Depth = 16> <RAM>
ST_80 : Operation 714 [1/2] (1.86ns)   --->   "%store_ln261 = store i8 %xor_ln261_31, i4 %buf_addr_1" [aes.cpp:261]   --->   Operation 714 'store' 'store_ln261' <Predicate = (!icmp_ln338 & trunc_ln343)> <Delay = 1.86> <CoreInst = "RAM">   --->   Core 82 'RAM' <Latency = 3> <II = 1> <Delay = 1.86> <Storage> <Opcode : 'load' 'store'> <Ports = 2> <Width = 8> <Depth = 16> <RAM>

State 81 <SV = 41> <Delay = 1.86>
ST_81 : Operation 715 [1/1] (0.99ns)   --->   "%xor_ln293_5 = xor i8 %j_1, i8 %xor_ln293_4" [aes.cpp:293]   --->   Operation 715 'xor' 'xor_ln293_5' <Predicate = (!icmp_ln338)> <Delay = 0.99> <CoreInst = "LogicGate">   --->   Core 74 'LogicGate' <Latency = 0> <II = 1> <Delay = 0.99> <FuncUnit> <Opcode : 'and' 'or' 'xor'> <InPorts = 2> <OutPorts = 1>
ST_81 : Operation 716 [1/1] (0.00ns) (grouped into LUT with out node xor_ln295_7)   --->   "%tmp_6 = bitselect i1 @_ssdm_op_BitSelect.i1.i8.i32, i8 %xor_ln295_5, i32 7" [aes.cpp:245]   --->   Operation 716 'bitselect' 'tmp_6' <Predicate = (!icmp_ln338)> <Delay = 0.00>
ST_81 : Operation 717 [1/1] (0.00ns)   --->   "%shl_ln245_6 = shl i8 %xor_ln295_5, i8 1" [aes.cpp:245]   --->   Operation 717 'shl' 'shl_ln245_6' <Predicate = (!icmp_ln338)> <Delay = 0.00>
ST_81 : Operation 718 [1/1] (0.00ns) (grouped into LUT with out node xor_ln295_7)   --->   "%xor_ln245_6 = xor i8 %shl_ln245_6, i8 27" [aes.cpp:245]   --->   Operation 718 'xor' 'xor_ln245_6' <Predicate = (!icmp_ln338)> <Delay = 0.00> <CoreInst = "LogicGate">   --->   Core 74 'LogicGate' <Latency = 0> <II = 1> <Delay = 0.99> <FuncUnit> <Opcode : 'and' 'or' 'xor'> <InPorts = 2> <OutPorts = 1>
ST_81 : Operation 719 [1/1] (0.00ns) (grouped into LUT with out node xor_ln295_7)   --->   "%select_ln245_6 = select i1 %tmp_6, i8 %xor_ln245_6, i8 %shl_ln245_6" [aes.cpp:245]   --->   Operation 719 'select' 'select_ln245_6' <Predicate = (!icmp_ln338)> <Delay = 0.00> <CoreInst = "Sel">   --->   Core 73 'Sel' <Latency = 0> <II = 1> <Delay = 1.24> <FuncUnit> <Opcode : 'select'> <InPorts = 3> <OutPorts = 1>
ST_81 : Operation 720 [1/1] (0.00ns) (grouped into LUT with out node xor_ln295_7)   --->   "%xor_ln295_6 = xor i8 %xor_ln293_3, i8 %select_ln245_6" [aes.cpp:295]   --->   Operation 720 'xor' 'xor_ln295_6' <Predicate = (!icmp_ln338)> <Delay = 0.00> <CoreInst = "LogicGate">   --->   Core 74 'LogicGate' <Latency = 0> <II = 1> <Delay = 0.99> <FuncUnit> <Opcode : 'and' 'or' 'xor'> <InPorts = 2> <OutPorts = 1>
ST_81 : Operation 721 [1/1] (1.24ns) (out node of the LUT)   --->   "%xor_ln295_7 = xor i8 %xor_ln295_6, i8 %j_1" [aes.cpp:295]   --->   Operation 721 'xor' 'xor_ln295_7' <Predicate = (!icmp_ln338)> <Delay = 1.24> <CoreInst = "LogicGate">   --->   Core 74 'LogicGate' <Latency = 0> <II = 1> <Delay = 0.99> <FuncUnit> <Opcode : 'and' 'or' 'xor'> <InPorts = 2> <OutPorts = 1>
ST_81 : Operation 722 [1/1] (0.00ns) (grouped into LUT with out node xor_ln295_9)   --->   "%tmp_7 = bitselect i1 @_ssdm_op_BitSelect.i1.i8.i32, i8 %xor_ln295_8, i32 7" [aes.cpp:245]   --->   Operation 722 'bitselect' 'tmp_7' <Predicate = (!icmp_ln338)> <Delay = 0.00>
ST_81 : Operation 723 [1/1] (0.00ns)   --->   "%shl_ln245_7 = shl i8 %xor_ln295_8, i8 1" [aes.cpp:245]   --->   Operation 723 'shl' 'shl_ln245_7' <Predicate = (!icmp_ln338)> <Delay = 0.00>
ST_81 : Operation 724 [1/1] (0.00ns) (grouped into LUT with out node xor_ln295_9)   --->   "%xor_ln245_7 = xor i8 %shl_ln245_7, i8 27" [aes.cpp:245]   --->   Operation 724 'xor' 'xor_ln245_7' <Predicate = (!icmp_ln338)> <Delay = 0.00> <CoreInst = "LogicGate">   --->   Core 74 'LogicGate' <Latency = 0> <II = 1> <Delay = 0.99> <FuncUnit> <Opcode : 'and' 'or' 'xor'> <InPorts = 2> <OutPorts = 1>
ST_81 : Operation 725 [1/1] (0.00ns) (grouped into LUT with out node xor_ln295_9)   --->   "%select_ln245_7 = select i1 %tmp_7, i8 %xor_ln245_7, i8 %shl_ln245_7" [aes.cpp:245]   --->   Operation 725 'select' 'select_ln245_7' <Predicate = (!icmp_ln338)> <Delay = 0.00> <CoreInst = "Sel">   --->   Core 73 'Sel' <Latency = 0> <II = 1> <Delay = 1.24> <FuncUnit> <Opcode : 'select'> <InPorts = 3> <OutPorts = 1>
ST_81 : Operation 726 [1/1] (1.24ns) (out node of the LUT)   --->   "%xor_ln295_9 = xor i8 %select_ln245_7, i8 %xor_ln293_4" [aes.cpp:295]   --->   Operation 726 'xor' 'xor_ln295_9' <Predicate = (!icmp_ln338)> <Delay = 1.24> <CoreInst = "LogicGate">   --->   Core 74 'LogicGate' <Latency = 0> <II = 1> <Delay = 0.99> <FuncUnit> <Opcode : 'and' 'or' 'xor'> <InPorts = 2> <OutPorts = 1>
ST_81 : Operation 727 [2/2] (1.86ns)   --->   "%store_ln295 = store i8 %xor_ln295_12, i4 %buf_addr_5" [aes.cpp:295]   --->   Operation 727 'store' 'store_ln295' <Predicate = (!icmp_ln338)> <Delay = 1.86> <CoreInst = "RAM">   --->   Core 82 'RAM' <Latency = 3> <II = 1> <Delay = 1.86> <Storage> <Opcode : 'load' 'store'> <Ports = 2> <Width = 8> <Depth = 16> <RAM>
ST_81 : Operation 728 [2/2] (1.86ns)   --->   "%store_ln295 = store i8 %xor_ln295_14, i4 %buf_addr_9" [aes.cpp:295]   --->   Operation 728 'store' 'store_ln295' <Predicate = (!icmp_ln338)> <Delay = 1.86> <CoreInst = "RAM">   --->   Core 82 'RAM' <Latency = 3> <II = 1> <Delay = 1.86> <Storage> <Opcode : 'load' 'store'> <Ports = 2> <Width = 8> <Depth = 16> <RAM>
ST_81 : Operation 729 [1/2] (1.86ns)   --->   "%store_ln295 = store i8 %xor_ln295_17, i4 %buf_addr_11" [aes.cpp:295]   --->   Operation 729 'store' 'store_ln295' <Predicate = (!icmp_ln338)> <Delay = 1.86> <CoreInst = "RAM">   --->   Core 82 'RAM' <Latency = 3> <II = 1> <Delay = 1.86> <Storage> <Opcode : 'load' 'store'> <Ports = 2> <Width = 8> <Depth = 16> <RAM>
ST_81 : Operation 730 [1/2] (1.86ns)   --->   "%store_ln295 = store i8 %xor_ln295_19, i4 %buf_addr_8" [aes.cpp:295]   --->   Operation 730 'store' 'store_ln295' <Predicate = (!icmp_ln338)> <Delay = 1.86> <CoreInst = "RAM">   --->   Core 82 'RAM' <Latency = 3> <II = 1> <Delay = 1.86> <Storage> <Opcode : 'load' 'store'> <Ports = 2> <Width = 8> <Depth = 16> <RAM>
ST_81 : Operation 731 [9/35] (1.46ns)   --->   "%rcon_2 = call i8 @aes_expandEncKey, i8 %ctx, i7 0, i8 %rcon_1_load_1, i8 %sbox" [aes.cpp:344]   --->   Operation 731 'call' 'rcon_2' <Predicate = (!icmp_ln338 & !trunc_ln343)> <Delay = 1.46> <CoreType = "Generic">   --->   Core 0 '' <Latency = 0> <II = 1> <Delay = 1.00> <Generic> <Opcode : >
ST_81 : Operation 732 [2/4] (1.86ns)   --->   "%buf_load_39 = load i4 %buf_addr_7" [aes.cpp:261]   --->   Operation 732 'load' 'buf_load_39' <Predicate = (!icmp_ln338 & !trunc_ln343)> <Delay = 1.86> <CoreInst = "RAM">   --->   Core 82 'RAM' <Latency = 3> <II = 1> <Delay = 1.86> <Storage> <Opcode : 'load' 'store'> <Ports = 2> <Width = 8> <Depth = 16> <RAM>
ST_81 : Operation 733 [1/4] (1.86ns)   --->   "%buf_load_40 = load i4 %buf_addr_6" [aes.cpp:261]   --->   Operation 733 'load' 'buf_load_40' <Predicate = (!icmp_ln338 & !trunc_ln343)> <Delay = 1.86> <CoreInst = "RAM">   --->   Core 82 'RAM' <Latency = 3> <II = 1> <Delay = 1.86> <Storage> <Opcode : 'load' 'store'> <Ports = 2> <Width = 8> <Depth = 16> <RAM>
ST_81 : Operation 734 [2/4] (1.86ns)   --->   "%buf_load_41 = load i4 %buf_addr_1" [aes.cpp:261]   --->   Operation 734 'load' 'buf_load_41' <Predicate = (!icmp_ln338 & !trunc_ln343)> <Delay = 1.86> <CoreInst = "RAM">   --->   Core 82 'RAM' <Latency = 3> <II = 1> <Delay = 1.86> <Storage> <Opcode : 'load' 'store'> <Ports = 2> <Width = 8> <Depth = 16> <RAM>
ST_81 : Operation 735 [1/4] (1.86ns)   --->   "%buf_load_42 = load i4 %buf_addr_18" [aes.cpp:261]   --->   Operation 735 'load' 'buf_load_42' <Predicate = (!icmp_ln338 & !trunc_ln343)> <Delay = 1.86> <CoreInst = "RAM">   --->   Core 82 'RAM' <Latency = 3> <II = 1> <Delay = 1.86> <Storage> <Opcode : 'load' 'store'> <Ports = 2> <Width = 8> <Depth = 16> <RAM>

State 82 <SV = 42> <Delay = 1.86>
ST_82 : Operation 736 [1/1] (0.00ns) (grouped into LUT with out node xor_ln294_6)   --->   "%tmp_4 = bitselect i1 @_ssdm_op_BitSelect.i1.i8.i32, i8 %xor_ln293_3, i32 7" [aes.cpp:245]   --->   Operation 736 'bitselect' 'tmp_4' <Predicate = (!icmp_ln338)> <Delay = 0.00>
ST_82 : Operation 737 [1/1] (0.00ns)   --->   "%shl_ln245_4 = shl i8 %xor_ln293_3, i8 1" [aes.cpp:245]   --->   Operation 737 'shl' 'shl_ln245_4' <Predicate = (!icmp_ln338)> <Delay = 0.00>
ST_82 : Operation 738 [1/1] (0.00ns) (grouped into LUT with out node xor_ln294_6)   --->   "%xor_ln245_4 = xor i8 %shl_ln245_4, i8 27" [aes.cpp:245]   --->   Operation 738 'xor' 'xor_ln245_4' <Predicate = (!icmp_ln338)> <Delay = 0.00> <CoreInst = "LogicGate">   --->   Core 74 'LogicGate' <Latency = 0> <II = 1> <Delay = 0.99> <FuncUnit> <Opcode : 'and' 'or' 'xor'> <InPorts = 2> <OutPorts = 1>
ST_82 : Operation 739 [1/1] (0.00ns) (grouped into LUT with out node xor_ln294_6)   --->   "%select_ln245_4 = select i1 %tmp_4, i8 %xor_ln245_4, i8 %shl_ln245_4" [aes.cpp:245]   --->   Operation 739 'select' 'select_ln245_4' <Predicate = (!icmp_ln338)> <Delay = 0.00> <CoreInst = "Sel">   --->   Core 73 'Sel' <Latency = 0> <II = 1> <Delay = 1.24> <FuncUnit> <Opcode : 'select'> <InPorts = 3> <OutPorts = 1>
ST_82 : Operation 740 [1/1] (0.00ns) (grouped into LUT with out node xor_ln294_6)   --->   "%xor_ln294_5 = xor i8 %xor_ln293_5, i8 %select_ln245_4" [aes.cpp:294]   --->   Operation 740 'xor' 'xor_ln294_5' <Predicate = (!icmp_ln338)> <Delay = 0.00> <CoreInst = "LogicGate">   --->   Core 74 'LogicGate' <Latency = 0> <II = 1> <Delay = 0.99> <FuncUnit> <Opcode : 'and' 'or' 'xor'> <InPorts = 2> <OutPorts = 1>
ST_82 : Operation 741 [1/1] (1.24ns) (out node of the LUT)   --->   "%xor_ln294_6 = xor i8 %xor_ln294_5, i8 %sbox_load_12" [aes.cpp:294]   --->   Operation 741 'xor' 'xor_ln294_6' <Predicate = (!icmp_ln338)> <Delay = 1.24> <CoreInst = "LogicGate">   --->   Core 74 'LogicGate' <Latency = 0> <II = 1> <Delay = 0.99> <FuncUnit> <Opcode : 'and' 'or' 'xor'> <InPorts = 2> <OutPorts = 1>
ST_82 : Operation 742 [1/1] (0.00ns) (grouped into LUT with out node xor_ln294_9)   --->   "%tmp_5 = bitselect i1 @_ssdm_op_BitSelect.i1.i8.i32, i8 %xor_ln294_7, i32 7" [aes.cpp:245]   --->   Operation 742 'bitselect' 'tmp_5' <Predicate = (!icmp_ln338)> <Delay = 0.00>
ST_82 : Operation 743 [1/1] (0.00ns)   --->   "%shl_ln245_5 = shl i8 %xor_ln294_7, i8 1" [aes.cpp:245]   --->   Operation 743 'shl' 'shl_ln245_5' <Predicate = (!icmp_ln338)> <Delay = 0.00>
ST_82 : Operation 744 [1/1] (0.00ns) (grouped into LUT with out node xor_ln294_9)   --->   "%xor_ln245_5 = xor i8 %shl_ln245_5, i8 27" [aes.cpp:245]   --->   Operation 744 'xor' 'xor_ln245_5' <Predicate = (!icmp_ln338)> <Delay = 0.00> <CoreInst = "LogicGate">   --->   Core 74 'LogicGate' <Latency = 0> <II = 1> <Delay = 0.99> <FuncUnit> <Opcode : 'and' 'or' 'xor'> <InPorts = 2> <OutPorts = 1>
ST_82 : Operation 745 [1/1] (0.00ns) (grouped into LUT with out node xor_ln294_9)   --->   "%select_ln245_5 = select i1 %tmp_5, i8 %xor_ln245_5, i8 %shl_ln245_5" [aes.cpp:245]   --->   Operation 745 'select' 'select_ln245_5' <Predicate = (!icmp_ln338)> <Delay = 0.00> <CoreInst = "Sel">   --->   Core 73 'Sel' <Latency = 0> <II = 1> <Delay = 1.24> <FuncUnit> <Opcode : 'select'> <InPorts = 3> <OutPorts = 1>
ST_82 : Operation 746 [1/1] (0.00ns) (grouped into LUT with out node xor_ln294_9)   --->   "%xor_ln294_8 = xor i8 %xor_ln293_5, i8 %select_ln245_5" [aes.cpp:294]   --->   Operation 746 'xor' 'xor_ln294_8' <Predicate = (!icmp_ln338)> <Delay = 0.00> <CoreInst = "LogicGate">   --->   Core 74 'LogicGate' <Latency = 0> <II = 1> <Delay = 0.99> <FuncUnit> <Opcode : 'and' 'or' 'xor'> <InPorts = 2> <OutPorts = 1>
ST_82 : Operation 747 [1/1] (1.24ns) (out node of the LUT)   --->   "%xor_ln294_9 = xor i8 %xor_ln294_8, i8 %sbox_load_7" [aes.cpp:294]   --->   Operation 747 'xor' 'xor_ln294_9' <Predicate = (!icmp_ln338)> <Delay = 1.24> <CoreInst = "LogicGate">   --->   Core 74 'LogicGate' <Latency = 0> <II = 1> <Delay = 0.99> <FuncUnit> <Opcode : 'and' 'or' 'xor'> <InPorts = 2> <OutPorts = 1>
ST_82 : Operation 748 [2/2] (1.86ns)   --->   "%store_ln295 = store i8 %xor_ln295_7, i4 %buf_addr_12" [aes.cpp:295]   --->   Operation 748 'store' 'store_ln295' <Predicate = (!icmp_ln338)> <Delay = 1.86> <CoreInst = "RAM">   --->   Core 82 'RAM' <Latency = 3> <II = 1> <Delay = 1.86> <Storage> <Opcode : 'load' 'store'> <Ports = 2> <Width = 8> <Depth = 16> <RAM>
ST_82 : Operation 749 [2/2] (1.86ns)   --->   "%store_ln295 = store i8 %xor_ln295_9, i4 %buf_addr_10" [aes.cpp:295]   --->   Operation 749 'store' 'store_ln295' <Predicate = (!icmp_ln338)> <Delay = 1.86> <CoreInst = "RAM">   --->   Core 82 'RAM' <Latency = 3> <II = 1> <Delay = 1.86> <Storage> <Opcode : 'load' 'store'> <Ports = 2> <Width = 8> <Depth = 16> <RAM>
ST_82 : Operation 750 [1/2] (1.86ns)   --->   "%store_ln295 = store i8 %xor_ln295_12, i4 %buf_addr_5" [aes.cpp:295]   --->   Operation 750 'store' 'store_ln295' <Predicate = (!icmp_ln338)> <Delay = 1.86> <CoreInst = "RAM">   --->   Core 82 'RAM' <Latency = 3> <II = 1> <Delay = 1.86> <Storage> <Opcode : 'load' 'store'> <Ports = 2> <Width = 8> <Depth = 16> <RAM>
ST_82 : Operation 751 [1/2] (1.86ns)   --->   "%store_ln295 = store i8 %xor_ln295_14, i4 %buf_addr_9" [aes.cpp:295]   --->   Operation 751 'store' 'store_ln295' <Predicate = (!icmp_ln338)> <Delay = 1.86> <CoreInst = "RAM">   --->   Core 82 'RAM' <Latency = 3> <II = 1> <Delay = 1.86> <Storage> <Opcode : 'load' 'store'> <Ports = 2> <Width = 8> <Depth = 16> <RAM>
ST_82 : Operation 752 [8/35] (1.46ns)   --->   "%rcon_2 = call i8 @aes_expandEncKey, i8 %ctx, i7 0, i8 %rcon_1_load_1, i8 %sbox" [aes.cpp:344]   --->   Operation 752 'call' 'rcon_2' <Predicate = (!icmp_ln338 & !trunc_ln343)> <Delay = 1.46> <CoreType = "Generic">   --->   Core 0 '' <Latency = 0> <II = 1> <Delay = 1.00> <Generic> <Opcode : >
ST_82 : Operation 753 [1/4] (1.86ns)   --->   "%buf_load_39 = load i4 %buf_addr_7" [aes.cpp:261]   --->   Operation 753 'load' 'buf_load_39' <Predicate = (!icmp_ln338 & !trunc_ln343)> <Delay = 1.86> <CoreInst = "RAM">   --->   Core 82 'RAM' <Latency = 3> <II = 1> <Delay = 1.86> <Storage> <Opcode : 'load' 'store'> <Ports = 2> <Width = 8> <Depth = 16> <RAM>
ST_82 : Operation 754 [1/4] (1.86ns)   --->   "%buf_load_41 = load i4 %buf_addr_1" [aes.cpp:261]   --->   Operation 754 'load' 'buf_load_41' <Predicate = (!icmp_ln338 & !trunc_ln343)> <Delay = 1.86> <CoreInst = "RAM">   --->   Core 82 'RAM' <Latency = 3> <II = 1> <Delay = 1.86> <Storage> <Opcode : 'load' 'store'> <Ports = 2> <Width = 8> <Depth = 16> <RAM>

State 83 <SV = 43> <Delay = 1.86>
ST_83 : Operation 755 [2/2] (1.86ns)   --->   "%store_ln294 = store i8 %xor_ln294_6, i4 %buf_addr_17" [aes.cpp:294]   --->   Operation 755 'store' 'store_ln294' <Predicate = (!icmp_ln338)> <Delay = 1.86> <CoreInst = "RAM">   --->   Core 82 'RAM' <Latency = 3> <II = 1> <Delay = 1.86> <Storage> <Opcode : 'load' 'store'> <Ports = 2> <Width = 8> <Depth = 16> <RAM>
ST_83 : Operation 756 [2/2] (1.86ns)   --->   "%store_ln294 = store i8 %xor_ln294_9, i4 %buf_addr_2" [aes.cpp:294]   --->   Operation 756 'store' 'store_ln294' <Predicate = (!icmp_ln338)> <Delay = 1.86> <CoreInst = "RAM">   --->   Core 82 'RAM' <Latency = 3> <II = 1> <Delay = 1.86> <Storage> <Opcode : 'load' 'store'> <Ports = 2> <Width = 8> <Depth = 16> <RAM>
ST_83 : Operation 757 [1/2] (1.86ns)   --->   "%store_ln295 = store i8 %xor_ln295_7, i4 %buf_addr_12" [aes.cpp:295]   --->   Operation 757 'store' 'store_ln295' <Predicate = (!icmp_ln338)> <Delay = 1.86> <CoreInst = "RAM">   --->   Core 82 'RAM' <Latency = 3> <II = 1> <Delay = 1.86> <Storage> <Opcode : 'load' 'store'> <Ports = 2> <Width = 8> <Depth = 16> <RAM>
ST_83 : Operation 758 [1/2] (1.86ns)   --->   "%store_ln295 = store i8 %xor_ln295_9, i4 %buf_addr_10" [aes.cpp:295]   --->   Operation 758 'store' 'store_ln295' <Predicate = (!icmp_ln338)> <Delay = 1.86> <CoreInst = "RAM">   --->   Core 82 'RAM' <Latency = 3> <II = 1> <Delay = 1.86> <Storage> <Opcode : 'load' 'store'> <Ports = 2> <Width = 8> <Depth = 16> <RAM>
ST_83 : Operation 759 [7/35] (1.46ns)   --->   "%rcon_2 = call i8 @aes_expandEncKey, i8 %ctx, i7 0, i8 %rcon_1_load_1, i8 %sbox" [aes.cpp:344]   --->   Operation 759 'call' 'rcon_2' <Predicate = (!icmp_ln338 & !trunc_ln343)> <Delay = 1.46> <CoreType = "Generic">   --->   Core 0 '' <Latency = 0> <II = 1> <Delay = 1.00> <Generic> <Opcode : >

State 84 <SV = 44> <Delay = 1.86>
ST_84 : Operation 760 [1/2] (1.86ns)   --->   "%store_ln294 = store i8 %xor_ln294_6, i4 %buf_addr_17" [aes.cpp:294]   --->   Operation 760 'store' 'store_ln294' <Predicate = (!icmp_ln338)> <Delay = 1.86> <CoreInst = "RAM">   --->   Core 82 'RAM' <Latency = 3> <II = 1> <Delay = 1.86> <Storage> <Opcode : 'load' 'store'> <Ports = 2> <Width = 8> <Depth = 16> <RAM>
ST_84 : Operation 761 [1/2] (1.86ns)   --->   "%store_ln294 = store i8 %xor_ln294_9, i4 %buf_addr_2" [aes.cpp:294]   --->   Operation 761 'store' 'store_ln294' <Predicate = (!icmp_ln338)> <Delay = 1.86> <CoreInst = "RAM">   --->   Core 82 'RAM' <Latency = 3> <II = 1> <Delay = 1.86> <Storage> <Opcode : 'load' 'store'> <Ports = 2> <Width = 8> <Depth = 16> <RAM>
ST_84 : Operation 762 [2/2] (1.86ns)   --->   "%store_ln294 = store i8 %xor_ln294_11, i4 %buf_addr_16" [aes.cpp:294]   --->   Operation 762 'store' 'store_ln294' <Predicate = (!icmp_ln338)> <Delay = 1.86> <CoreInst = "RAM">   --->   Core 82 'RAM' <Latency = 3> <II = 1> <Delay = 1.86> <Storage> <Opcode : 'load' 'store'> <Ports = 2> <Width = 8> <Depth = 16> <RAM>
ST_84 : Operation 763 [2/2] (1.86ns)   --->   "%store_ln294 = store i8 %xor_ln294_14, i4 %buf_addr_3" [aes.cpp:294]   --->   Operation 763 'store' 'store_ln294' <Predicate = (!icmp_ln338)> <Delay = 1.86> <CoreInst = "RAM">   --->   Core 82 'RAM' <Latency = 3> <II = 1> <Delay = 1.86> <Storage> <Opcode : 'load' 'store'> <Ports = 2> <Width = 8> <Depth = 16> <RAM>
ST_84 : Operation 764 [6/35] (1.46ns)   --->   "%rcon_2 = call i8 @aes_expandEncKey, i8 %ctx, i7 0, i8 %rcon_1_load_1, i8 %sbox" [aes.cpp:344]   --->   Operation 764 'call' 'rcon_2' <Predicate = (!icmp_ln338 & !trunc_ln343)> <Delay = 1.46> <CoreType = "Generic">   --->   Core 0 '' <Latency = 0> <II = 1> <Delay = 1.00> <Generic> <Opcode : >

State 85 <SV = 45> <Delay = 1.86>
ST_85 : Operation 765 [1/2] (1.86ns)   --->   "%store_ln294 = store i8 %xor_ln294_11, i4 %buf_addr_16" [aes.cpp:294]   --->   Operation 765 'store' 'store_ln294' <Predicate = (!icmp_ln338)> <Delay = 1.86> <CoreInst = "RAM">   --->   Core 82 'RAM' <Latency = 3> <II = 1> <Delay = 1.86> <Storage> <Opcode : 'load' 'store'> <Ports = 2> <Width = 8> <Depth = 16> <RAM>
ST_85 : Operation 766 [1/2] (1.86ns)   --->   "%store_ln294 = store i8 %xor_ln294_14, i4 %buf_addr_3" [aes.cpp:294]   --->   Operation 766 'store' 'store_ln294' <Predicate = (!icmp_ln338)> <Delay = 1.86> <CoreInst = "RAM">   --->   Core 82 'RAM' <Latency = 3> <II = 1> <Delay = 1.86> <Storage> <Opcode : 'load' 'store'> <Ports = 2> <Width = 8> <Depth = 16> <RAM>
ST_85 : Operation 767 [2/2] (1.86ns)   --->   "%store_ln294 = store i8 %xor_ln294_16, i4 %buf_addr_14" [aes.cpp:294]   --->   Operation 767 'store' 'store_ln294' <Predicate = (!icmp_ln338)> <Delay = 1.86> <CoreInst = "RAM">   --->   Core 82 'RAM' <Latency = 3> <II = 1> <Delay = 1.86> <Storage> <Opcode : 'load' 'store'> <Ports = 2> <Width = 8> <Depth = 16> <RAM>
ST_85 : Operation 768 [2/2] (1.86ns)   --->   "%store_ln294 = store i8 %xor_ln294_19, i4 %buf_addr_4" [aes.cpp:294]   --->   Operation 768 'store' 'store_ln294' <Predicate = (!icmp_ln338)> <Delay = 1.86> <CoreInst = "RAM">   --->   Core 82 'RAM' <Latency = 3> <II = 1> <Delay = 1.86> <Storage> <Opcode : 'load' 'store'> <Ports = 2> <Width = 8> <Depth = 16> <RAM>
ST_85 : Operation 769 [5/35] (1.46ns)   --->   "%rcon_2 = call i8 @aes_expandEncKey, i8 %ctx, i7 0, i8 %rcon_1_load_1, i8 %sbox" [aes.cpp:344]   --->   Operation 769 'call' 'rcon_2' <Predicate = (!icmp_ln338 & !trunc_ln343)> <Delay = 1.46> <CoreType = "Generic">   --->   Core 0 '' <Latency = 0> <II = 1> <Delay = 1.00> <Generic> <Opcode : >
ST_85 : Operation 770 [1/1] (0.99ns)   --->   "%xor_ln261_18 = xor i8 %ctx_load_20, i8 %xor_ln295_17" [aes.cpp:261]   --->   Operation 770 'xor' 'xor_ln261_18' <Predicate = (!icmp_ln338 & trunc_ln343)> <Delay = 0.99> <CoreInst = "LogicGate">   --->   Core 74 'LogicGate' <Latency = 0> <II = 1> <Delay = 0.99> <FuncUnit> <Opcode : 'and' 'or' 'xor'> <InPorts = 2> <OutPorts = 1>
ST_85 : Operation 771 [1/1] (0.99ns)   --->   "%xor_ln261_22 = xor i8 %ctx_load_24, i8 %xor_ln295_12" [aes.cpp:261]   --->   Operation 771 'xor' 'xor_ln261_22' <Predicate = (!icmp_ln338 & trunc_ln343)> <Delay = 0.99> <CoreInst = "LogicGate">   --->   Core 74 'LogicGate' <Latency = 0> <II = 1> <Delay = 0.99> <FuncUnit> <Opcode : 'and' 'or' 'xor'> <InPorts = 2> <OutPorts = 1>

State 86 <SV = 46> <Delay = 1.86>
ST_86 : Operation 772 [1/1] (0.00ns)   --->   "%specloopname_ln327 = specloopname void @_ssdm_op_SpecLoopName, void @empty_2" [aes.cpp:327]   --->   Operation 772 'specloopname' 'specloopname_ln327' <Predicate = (!icmp_ln338)> <Delay = 0.00>
ST_86 : Operation 773 [1/2] (1.86ns)   --->   "%store_ln294 = store i8 %xor_ln294_16, i4 %buf_addr_14" [aes.cpp:294]   --->   Operation 773 'store' 'store_ln294' <Predicate = (!icmp_ln338)> <Delay = 1.86> <CoreInst = "RAM">   --->   Core 82 'RAM' <Latency = 3> <II = 1> <Delay = 1.86> <Storage> <Opcode : 'load' 'store'> <Ports = 2> <Width = 8> <Depth = 16> <RAM>
ST_86 : Operation 774 [1/2] (1.86ns)   --->   "%store_ln294 = store i8 %xor_ln294_19, i4 %buf_addr_4" [aes.cpp:294]   --->   Operation 774 'store' 'store_ln294' <Predicate = (!icmp_ln338)> <Delay = 1.86> <CoreInst = "RAM">   --->   Core 82 'RAM' <Latency = 3> <II = 1> <Delay = 1.86> <Storage> <Opcode : 'load' 'store'> <Ports = 2> <Width = 8> <Depth = 16> <RAM>
ST_86 : Operation 775 [4/35] (1.46ns)   --->   "%rcon_2 = call i8 @aes_expandEncKey, i8 %ctx, i7 0, i8 %rcon_1_load_1, i8 %sbox" [aes.cpp:344]   --->   Operation 775 'call' 'rcon_2' <Predicate = (!icmp_ln338 & !trunc_ln343)> <Delay = 1.46> <CoreType = "Generic">   --->   Core 0 '' <Latency = 0> <II = 1> <Delay = 1.00> <Generic> <Opcode : >
ST_86 : Operation 776 [4/4] (1.86ns)   --->   "%buf_load_28 = load i4 %buf_addr_11" [aes.cpp:261]   --->   Operation 776 'load' 'buf_load_28' <Predicate = (!icmp_ln338 & !trunc_ln343)> <Delay = 1.86> <CoreInst = "RAM">   --->   Core 82 'RAM' <Latency = 3> <II = 1> <Delay = 1.86> <Storage> <Opcode : 'load' 'store'> <Ports = 2> <Width = 8> <Depth = 16> <RAM>
ST_86 : Operation 777 [4/4] (1.86ns)   --->   "%buf_load_32 = load i4 %buf_addr_5" [aes.cpp:261]   --->   Operation 777 'load' 'buf_load_32' <Predicate = (!icmp_ln338 & !trunc_ln343)> <Delay = 1.86> <CoreInst = "RAM">   --->   Core 82 'RAM' <Latency = 3> <II = 1> <Delay = 1.86> <Storage> <Opcode : 'load' 'store'> <Ports = 2> <Width = 8> <Depth = 16> <RAM>
ST_86 : Operation 778 [1/1] (0.99ns)   --->   "%xor_ln261_17 = xor i8 %ctx_load_19, i8 %xor_ln295_19" [aes.cpp:261]   --->   Operation 778 'xor' 'xor_ln261_17' <Predicate = (!icmp_ln338 & trunc_ln343)> <Delay = 0.99> <CoreInst = "LogicGate">   --->   Core 74 'LogicGate' <Latency = 0> <II = 1> <Delay = 0.99> <FuncUnit> <Opcode : 'and' 'or' 'xor'> <InPorts = 2> <OutPorts = 1>
ST_86 : Operation 779 [2/2] (1.86ns)   --->   "%store_ln261 = store i8 %xor_ln261_18, i4 %buf_addr_11" [aes.cpp:261]   --->   Operation 779 'store' 'store_ln261' <Predicate = (!icmp_ln338 & trunc_ln343)> <Delay = 1.86> <CoreInst = "RAM">   --->   Core 82 'RAM' <Latency = 3> <II = 1> <Delay = 1.86> <Storage> <Opcode : 'load' 'store'> <Ports = 2> <Width = 8> <Depth = 16> <RAM>
ST_86 : Operation 780 [2/2] (1.86ns)   --->   "%store_ln261 = store i8 %xor_ln261_22, i4 %buf_addr_5" [aes.cpp:261]   --->   Operation 780 'store' 'store_ln261' <Predicate = (!icmp_ln338 & trunc_ln343)> <Delay = 1.86> <CoreInst = "RAM">   --->   Core 82 'RAM' <Latency = 3> <II = 1> <Delay = 1.86> <Storage> <Opcode : 'load' 'store'> <Ports = 2> <Width = 8> <Depth = 16> <RAM>
ST_86 : Operation 781 [1/1] (0.99ns)   --->   "%xor_ln261_26 = xor i8 %ctx_load_28, i8 %xor_ln295_7" [aes.cpp:261]   --->   Operation 781 'xor' 'xor_ln261_26' <Predicate = (!icmp_ln338 & trunc_ln343)> <Delay = 0.99> <CoreInst = "LogicGate">   --->   Core 74 'LogicGate' <Latency = 0> <II = 1> <Delay = 0.99> <FuncUnit> <Opcode : 'and' 'or' 'xor'> <InPorts = 2> <OutPorts = 1>

State 87 <SV = 47> <Delay = 1.86>
ST_87 : Operation 782 [3/35] (1.46ns)   --->   "%rcon_2 = call i8 @aes_expandEncKey, i8 %ctx, i7 0, i8 %rcon_1_load_1, i8 %sbox" [aes.cpp:344]   --->   Operation 782 'call' 'rcon_2' <Predicate = (!icmp_ln338 & !trunc_ln343)> <Delay = 1.46> <CoreType = "Generic">   --->   Core 0 '' <Latency = 0> <II = 1> <Delay = 1.00> <Generic> <Opcode : >
ST_87 : Operation 783 [4/4] (1.86ns)   --->   "%buf_load_26 = load i4 %buf_addr_8" [aes.cpp:261]   --->   Operation 783 'load' 'buf_load_26' <Predicate = (!icmp_ln338 & !trunc_ln343)> <Delay = 1.86> <CoreInst = "RAM">   --->   Core 82 'RAM' <Latency = 3> <II = 1> <Delay = 1.86> <Storage> <Opcode : 'load' 'store'> <Ports = 2> <Width = 8> <Depth = 16> <RAM>
ST_87 : Operation 784 [3/4] (1.86ns)   --->   "%buf_load_28 = load i4 %buf_addr_11" [aes.cpp:261]   --->   Operation 784 'load' 'buf_load_28' <Predicate = (!icmp_ln338 & !trunc_ln343)> <Delay = 1.86> <CoreInst = "RAM">   --->   Core 82 'RAM' <Latency = 3> <II = 1> <Delay = 1.86> <Storage> <Opcode : 'load' 'store'> <Ports = 2> <Width = 8> <Depth = 16> <RAM>
ST_87 : Operation 785 [3/4] (1.86ns)   --->   "%buf_load_32 = load i4 %buf_addr_5" [aes.cpp:261]   --->   Operation 785 'load' 'buf_load_32' <Predicate = (!icmp_ln338 & !trunc_ln343)> <Delay = 1.86> <CoreInst = "RAM">   --->   Core 82 'RAM' <Latency = 3> <II = 1> <Delay = 1.86> <Storage> <Opcode : 'load' 'store'> <Ports = 2> <Width = 8> <Depth = 16> <RAM>
ST_87 : Operation 786 [4/4] (1.86ns)   --->   "%buf_load_36 = load i4 %buf_addr_12" [aes.cpp:261]   --->   Operation 786 'load' 'buf_load_36' <Predicate = (!icmp_ln338 & !trunc_ln343)> <Delay = 1.86> <CoreInst = "RAM">   --->   Core 82 'RAM' <Latency = 3> <II = 1> <Delay = 1.86> <Storage> <Opcode : 'load' 'store'> <Ports = 2> <Width = 8> <Depth = 16> <RAM>
ST_87 : Operation 787 [2/2] (1.86ns)   --->   "%store_ln261 = store i8 %xor_ln261_17, i4 %buf_addr_8" [aes.cpp:261]   --->   Operation 787 'store' 'store_ln261' <Predicate = (!icmp_ln338 & trunc_ln343)> <Delay = 1.86> <CoreInst = "RAM">   --->   Core 82 'RAM' <Latency = 3> <II = 1> <Delay = 1.86> <Storage> <Opcode : 'load' 'store'> <Ports = 2> <Width = 8> <Depth = 16> <RAM>
ST_87 : Operation 788 [1/2] (1.86ns)   --->   "%store_ln261 = store i8 %xor_ln261_18, i4 %buf_addr_11" [aes.cpp:261]   --->   Operation 788 'store' 'store_ln261' <Predicate = (!icmp_ln338 & trunc_ln343)> <Delay = 1.86> <CoreInst = "RAM">   --->   Core 82 'RAM' <Latency = 3> <II = 1> <Delay = 1.86> <Storage> <Opcode : 'load' 'store'> <Ports = 2> <Width = 8> <Depth = 16> <RAM>
ST_87 : Operation 789 [1/1] (0.99ns)   --->   "%xor_ln261_21 = xor i8 %ctx_load_23, i8 %xor_ln295_14" [aes.cpp:261]   --->   Operation 789 'xor' 'xor_ln261_21' <Predicate = (!icmp_ln338 & trunc_ln343)> <Delay = 0.99> <CoreInst = "LogicGate">   --->   Core 74 'LogicGate' <Latency = 0> <II = 1> <Delay = 0.99> <FuncUnit> <Opcode : 'and' 'or' 'xor'> <InPorts = 2> <OutPorts = 1>
ST_87 : Operation 790 [1/2] (1.86ns)   --->   "%store_ln261 = store i8 %xor_ln261_22, i4 %buf_addr_5" [aes.cpp:261]   --->   Operation 790 'store' 'store_ln261' <Predicate = (!icmp_ln338 & trunc_ln343)> <Delay = 1.86> <CoreInst = "RAM">   --->   Core 82 'RAM' <Latency = 3> <II = 1> <Delay = 1.86> <Storage> <Opcode : 'load' 'store'> <Ports = 2> <Width = 8> <Depth = 16> <RAM>
ST_87 : Operation 791 [1/1] (0.99ns)   --->   "%xor_ln261_25 = xor i8 %ctx_load_27, i8 %xor_ln295_9" [aes.cpp:261]   --->   Operation 791 'xor' 'xor_ln261_25' <Predicate = (!icmp_ln338 & trunc_ln343)> <Delay = 0.99> <CoreInst = "LogicGate">   --->   Core 74 'LogicGate' <Latency = 0> <II = 1> <Delay = 0.99> <FuncUnit> <Opcode : 'and' 'or' 'xor'> <InPorts = 2> <OutPorts = 1>
ST_87 : Operation 792 [2/2] (1.86ns)   --->   "%store_ln261 = store i8 %xor_ln261_26, i4 %buf_addr_12" [aes.cpp:261]   --->   Operation 792 'store' 'store_ln261' <Predicate = (!icmp_ln338 & trunc_ln343)> <Delay = 1.86> <CoreInst = "RAM">   --->   Core 82 'RAM' <Latency = 3> <II = 1> <Delay = 1.86> <Storage> <Opcode : 'load' 'store'> <Ports = 2> <Width = 8> <Depth = 16> <RAM>

State 88 <SV = 48> <Delay = 1.86>
ST_88 : Operation 793 [2/35] (1.46ns)   --->   "%rcon_2 = call i8 @aes_expandEncKey, i8 %ctx, i7 0, i8 %rcon_1_load_1, i8 %sbox" [aes.cpp:344]   --->   Operation 793 'call' 'rcon_2' <Predicate = (!icmp_ln338 & !trunc_ln343)> <Delay = 1.46> <CoreType = "Generic">   --->   Core 0 '' <Latency = 0> <II = 1> <Delay = 1.00> <Generic> <Opcode : >
ST_88 : Operation 794 [3/4] (1.86ns)   --->   "%buf_load_26 = load i4 %buf_addr_8" [aes.cpp:261]   --->   Operation 794 'load' 'buf_load_26' <Predicate = (!icmp_ln338 & !trunc_ln343)> <Delay = 1.86> <CoreInst = "RAM">   --->   Core 82 'RAM' <Latency = 3> <II = 1> <Delay = 1.86> <Storage> <Opcode : 'load' 'store'> <Ports = 2> <Width = 8> <Depth = 16> <RAM>
ST_88 : Operation 795 [2/4] (1.86ns)   --->   "%buf_load_28 = load i4 %buf_addr_11" [aes.cpp:261]   --->   Operation 795 'load' 'buf_load_28' <Predicate = (!icmp_ln338 & !trunc_ln343)> <Delay = 1.86> <CoreInst = "RAM">   --->   Core 82 'RAM' <Latency = 3> <II = 1> <Delay = 1.86> <Storage> <Opcode : 'load' 'store'> <Ports = 2> <Width = 8> <Depth = 16> <RAM>
ST_88 : Operation 796 [4/4] (1.86ns)   --->   "%buf_load_31 = load i4 %buf_addr_9" [aes.cpp:261]   --->   Operation 796 'load' 'buf_load_31' <Predicate = (!icmp_ln338 & !trunc_ln343)> <Delay = 1.86> <CoreInst = "RAM">   --->   Core 82 'RAM' <Latency = 3> <II = 1> <Delay = 1.86> <Storage> <Opcode : 'load' 'store'> <Ports = 2> <Width = 8> <Depth = 16> <RAM>
ST_88 : Operation 797 [2/4] (1.86ns)   --->   "%buf_load_32 = load i4 %buf_addr_5" [aes.cpp:261]   --->   Operation 797 'load' 'buf_load_32' <Predicate = (!icmp_ln338 & !trunc_ln343)> <Delay = 1.86> <CoreInst = "RAM">   --->   Core 82 'RAM' <Latency = 3> <II = 1> <Delay = 1.86> <Storage> <Opcode : 'load' 'store'> <Ports = 2> <Width = 8> <Depth = 16> <RAM>
ST_88 : Operation 798 [4/4] (1.86ns)   --->   "%buf_load_35 = load i4 %buf_addr_10" [aes.cpp:261]   --->   Operation 798 'load' 'buf_load_35' <Predicate = (!icmp_ln338 & !trunc_ln343)> <Delay = 1.86> <CoreInst = "RAM">   --->   Core 82 'RAM' <Latency = 3> <II = 1> <Delay = 1.86> <Storage> <Opcode : 'load' 'store'> <Ports = 2> <Width = 8> <Depth = 16> <RAM>
ST_88 : Operation 799 [3/4] (1.86ns)   --->   "%buf_load_36 = load i4 %buf_addr_12" [aes.cpp:261]   --->   Operation 799 'load' 'buf_load_36' <Predicate = (!icmp_ln338 & !trunc_ln343)> <Delay = 1.86> <CoreInst = "RAM">   --->   Core 82 'RAM' <Latency = 3> <II = 1> <Delay = 1.86> <Storage> <Opcode : 'load' 'store'> <Ports = 2> <Width = 8> <Depth = 16> <RAM>
ST_88 : Operation 800 [1/2] (1.86ns)   --->   "%store_ln261 = store i8 %xor_ln261_17, i4 %buf_addr_8" [aes.cpp:261]   --->   Operation 800 'store' 'store_ln261' <Predicate = (!icmp_ln338 & trunc_ln343)> <Delay = 1.86> <CoreInst = "RAM">   --->   Core 82 'RAM' <Latency = 3> <II = 1> <Delay = 1.86> <Storage> <Opcode : 'load' 'store'> <Ports = 2> <Width = 8> <Depth = 16> <RAM>
ST_88 : Operation 801 [1/1] (0.99ns)   --->   "%xor_ln261_19 = xor i8 %ctx_load_21, i8 %xor_ln294_19" [aes.cpp:261]   --->   Operation 801 'xor' 'xor_ln261_19' <Predicate = (!icmp_ln338 & trunc_ln343)> <Delay = 0.99> <CoreInst = "LogicGate">   --->   Core 74 'LogicGate' <Latency = 0> <II = 1> <Delay = 0.99> <FuncUnit> <Opcode : 'and' 'or' 'xor'> <InPorts = 2> <OutPorts = 1>
ST_88 : Operation 802 [1/1] (0.99ns)   --->   "%xor_ln261_20 = xor i8 %ctx_load_22, i8 %xor_ln294_16" [aes.cpp:261]   --->   Operation 802 'xor' 'xor_ln261_20' <Predicate = (!icmp_ln338 & trunc_ln343)> <Delay = 0.99> <CoreInst = "LogicGate">   --->   Core 74 'LogicGate' <Latency = 0> <II = 1> <Delay = 0.99> <FuncUnit> <Opcode : 'and' 'or' 'xor'> <InPorts = 2> <OutPorts = 1>
ST_88 : Operation 803 [2/2] (1.86ns)   --->   "%store_ln261 = store i8 %xor_ln261_21, i4 %buf_addr_9" [aes.cpp:261]   --->   Operation 803 'store' 'store_ln261' <Predicate = (!icmp_ln338 & trunc_ln343)> <Delay = 1.86> <CoreInst = "RAM">   --->   Core 82 'RAM' <Latency = 3> <II = 1> <Delay = 1.86> <Storage> <Opcode : 'load' 'store'> <Ports = 2> <Width = 8> <Depth = 16> <RAM>
ST_88 : Operation 804 [2/2] (1.86ns)   --->   "%store_ln261 = store i8 %xor_ln261_25, i4 %buf_addr_10" [aes.cpp:261]   --->   Operation 804 'store' 'store_ln261' <Predicate = (!icmp_ln338 & trunc_ln343)> <Delay = 1.86> <CoreInst = "RAM">   --->   Core 82 'RAM' <Latency = 3> <II = 1> <Delay = 1.86> <Storage> <Opcode : 'load' 'store'> <Ports = 2> <Width = 8> <Depth = 16> <RAM>
ST_88 : Operation 805 [1/2] (1.86ns)   --->   "%store_ln261 = store i8 %xor_ln261_26, i4 %buf_addr_12" [aes.cpp:261]   --->   Operation 805 'store' 'store_ln261' <Predicate = (!icmp_ln338 & trunc_ln343)> <Delay = 1.86> <CoreInst = "RAM">   --->   Core 82 'RAM' <Latency = 3> <II = 1> <Delay = 1.86> <Storage> <Opcode : 'load' 'store'> <Ports = 2> <Width = 8> <Depth = 16> <RAM>

State 89 <SV = 49> <Delay = 1.86>
ST_89 : Operation 806 [1/35] (0.00ns)   --->   "%rcon_2 = call i8 @aes_expandEncKey, i8 %ctx, i7 0, i8 %rcon_1_load_1, i8 %sbox" [aes.cpp:344]   --->   Operation 806 'call' 'rcon_2' <Predicate = (!icmp_ln338 & !trunc_ln343)> <Delay = 0.00> <CoreType = "Generic">   --->   Core 0 '' <Latency = 0> <II = 1> <Delay = 1.00> <Generic> <Opcode : >
ST_89 : Operation 807 [2/4] (1.86ns)   --->   "%buf_load_26 = load i4 %buf_addr_8" [aes.cpp:261]   --->   Operation 807 'load' 'buf_load_26' <Predicate = (!icmp_ln338 & !trunc_ln343)> <Delay = 1.86> <CoreInst = "RAM">   --->   Core 82 'RAM' <Latency = 3> <II = 1> <Delay = 1.86> <Storage> <Opcode : 'load' 'store'> <Ports = 2> <Width = 8> <Depth = 16> <RAM>
ST_89 : Operation 808 [1/4] (1.86ns)   --->   "%buf_load_28 = load i4 %buf_addr_11" [aes.cpp:261]   --->   Operation 808 'load' 'buf_load_28' <Predicate = (!icmp_ln338 & !trunc_ln343)> <Delay = 1.86> <CoreInst = "RAM">   --->   Core 82 'RAM' <Latency = 3> <II = 1> <Delay = 1.86> <Storage> <Opcode : 'load' 'store'> <Ports = 2> <Width = 8> <Depth = 16> <RAM>
ST_89 : Operation 809 [4/4] (1.86ns)   --->   "%buf_load_29 = load i4 %buf_addr_4" [aes.cpp:261]   --->   Operation 809 'load' 'buf_load_29' <Predicate = (!icmp_ln338 & !trunc_ln343)> <Delay = 1.86> <CoreInst = "RAM">   --->   Core 82 'RAM' <Latency = 3> <II = 1> <Delay = 1.86> <Storage> <Opcode : 'load' 'store'> <Ports = 2> <Width = 8> <Depth = 16> <RAM>
ST_89 : Operation 810 [4/4] (1.86ns)   --->   "%buf_load_30 = load i4 %buf_addr_14" [aes.cpp:261]   --->   Operation 810 'load' 'buf_load_30' <Predicate = (!icmp_ln338 & !trunc_ln343)> <Delay = 1.86> <CoreInst = "RAM">   --->   Core 82 'RAM' <Latency = 3> <II = 1> <Delay = 1.86> <Storage> <Opcode : 'load' 'store'> <Ports = 2> <Width = 8> <Depth = 16> <RAM>
ST_89 : Operation 811 [3/4] (1.86ns)   --->   "%buf_load_31 = load i4 %buf_addr_9" [aes.cpp:261]   --->   Operation 811 'load' 'buf_load_31' <Predicate = (!icmp_ln338 & !trunc_ln343)> <Delay = 1.86> <CoreInst = "RAM">   --->   Core 82 'RAM' <Latency = 3> <II = 1> <Delay = 1.86> <Storage> <Opcode : 'load' 'store'> <Ports = 2> <Width = 8> <Depth = 16> <RAM>
ST_89 : Operation 812 [1/4] (1.86ns)   --->   "%buf_load_32 = load i4 %buf_addr_5" [aes.cpp:261]   --->   Operation 812 'load' 'buf_load_32' <Predicate = (!icmp_ln338 & !trunc_ln343)> <Delay = 1.86> <CoreInst = "RAM">   --->   Core 82 'RAM' <Latency = 3> <II = 1> <Delay = 1.86> <Storage> <Opcode : 'load' 'store'> <Ports = 2> <Width = 8> <Depth = 16> <RAM>
ST_89 : Operation 813 [3/4] (1.86ns)   --->   "%buf_load_35 = load i4 %buf_addr_10" [aes.cpp:261]   --->   Operation 813 'load' 'buf_load_35' <Predicate = (!icmp_ln338 & !trunc_ln343)> <Delay = 1.86> <CoreInst = "RAM">   --->   Core 82 'RAM' <Latency = 3> <II = 1> <Delay = 1.86> <Storage> <Opcode : 'load' 'store'> <Ports = 2> <Width = 8> <Depth = 16> <RAM>
ST_89 : Operation 814 [2/4] (1.86ns)   --->   "%buf_load_36 = load i4 %buf_addr_12" [aes.cpp:261]   --->   Operation 814 'load' 'buf_load_36' <Predicate = (!icmp_ln338 & !trunc_ln343)> <Delay = 1.86> <CoreInst = "RAM">   --->   Core 82 'RAM' <Latency = 3> <II = 1> <Delay = 1.86> <Storage> <Opcode : 'load' 'store'> <Ports = 2> <Width = 8> <Depth = 16> <RAM>
ST_89 : Operation 815 [2/2] (1.86ns)   --->   "%store_ln261 = store i8 %xor_ln261_19, i4 %buf_addr_4" [aes.cpp:261]   --->   Operation 815 'store' 'store_ln261' <Predicate = (!icmp_ln338 & trunc_ln343)> <Delay = 1.86> <CoreInst = "RAM">   --->   Core 82 'RAM' <Latency = 3> <II = 1> <Delay = 1.86> <Storage> <Opcode : 'load' 'store'> <Ports = 2> <Width = 8> <Depth = 16> <RAM>
ST_89 : Operation 816 [2/2] (1.86ns)   --->   "%store_ln261 = store i8 %xor_ln261_20, i4 %buf_addr_14" [aes.cpp:261]   --->   Operation 816 'store' 'store_ln261' <Predicate = (!icmp_ln338 & trunc_ln343)> <Delay = 1.86> <CoreInst = "RAM">   --->   Core 82 'RAM' <Latency = 3> <II = 1> <Delay = 1.86> <Storage> <Opcode : 'load' 'store'> <Ports = 2> <Width = 8> <Depth = 16> <RAM>
ST_89 : Operation 817 [1/2] (1.86ns)   --->   "%store_ln261 = store i8 %xor_ln261_21, i4 %buf_addr_9" [aes.cpp:261]   --->   Operation 817 'store' 'store_ln261' <Predicate = (!icmp_ln338 & trunc_ln343)> <Delay = 1.86> <CoreInst = "RAM">   --->   Core 82 'RAM' <Latency = 3> <II = 1> <Delay = 1.86> <Storage> <Opcode : 'load' 'store'> <Ports = 2> <Width = 8> <Depth = 16> <RAM>
ST_89 : Operation 818 [1/1] (0.99ns)   --->   "%xor_ln261_23 = xor i8 %ctx_load_25, i8 %xor_ln294_14" [aes.cpp:261]   --->   Operation 818 'xor' 'xor_ln261_23' <Predicate = (!icmp_ln338 & trunc_ln343)> <Delay = 0.99> <CoreInst = "LogicGate">   --->   Core 74 'LogicGate' <Latency = 0> <II = 1> <Delay = 0.99> <FuncUnit> <Opcode : 'and' 'or' 'xor'> <InPorts = 2> <OutPorts = 1>
ST_89 : Operation 819 [1/1] (0.99ns)   --->   "%xor_ln261_24 = xor i8 %ctx_load_26, i8 %xor_ln294_11" [aes.cpp:261]   --->   Operation 819 'xor' 'xor_ln261_24' <Predicate = (!icmp_ln338 & trunc_ln343)> <Delay = 0.99> <CoreInst = "LogicGate">   --->   Core 74 'LogicGate' <Latency = 0> <II = 1> <Delay = 0.99> <FuncUnit> <Opcode : 'and' 'or' 'xor'> <InPorts = 2> <OutPorts = 1>
ST_89 : Operation 820 [1/2] (1.86ns)   --->   "%store_ln261 = store i8 %xor_ln261_25, i4 %buf_addr_10" [aes.cpp:261]   --->   Operation 820 'store' 'store_ln261' <Predicate = (!icmp_ln338 & trunc_ln343)> <Delay = 1.86> <CoreInst = "RAM">   --->   Core 82 'RAM' <Latency = 3> <II = 1> <Delay = 1.86> <Storage> <Opcode : 'load' 'store'> <Ports = 2> <Width = 8> <Depth = 16> <RAM>

State 90 <SV = 50> <Delay = 1.86>
ST_90 : Operation 821 [1/4] (1.86ns)   --->   "%buf_load_26 = load i4 %buf_addr_8" [aes.cpp:261]   --->   Operation 821 'load' 'buf_load_26' <Predicate = (!icmp_ln338 & !trunc_ln343)> <Delay = 1.86> <CoreInst = "RAM">   --->   Core 82 'RAM' <Latency = 3> <II = 1> <Delay = 1.86> <Storage> <Opcode : 'load' 'store'> <Ports = 2> <Width = 8> <Depth = 16> <RAM>
ST_90 : Operation 822 [3/4] (1.86ns)   --->   "%buf_load_29 = load i4 %buf_addr_4" [aes.cpp:261]   --->   Operation 822 'load' 'buf_load_29' <Predicate = (!icmp_ln338 & !trunc_ln343)> <Delay = 1.86> <CoreInst = "RAM">   --->   Core 82 'RAM' <Latency = 3> <II = 1> <Delay = 1.86> <Storage> <Opcode : 'load' 'store'> <Ports = 2> <Width = 8> <Depth = 16> <RAM>
ST_90 : Operation 823 [3/4] (1.86ns)   --->   "%buf_load_30 = load i4 %buf_addr_14" [aes.cpp:261]   --->   Operation 823 'load' 'buf_load_30' <Predicate = (!icmp_ln338 & !trunc_ln343)> <Delay = 1.86> <CoreInst = "RAM">   --->   Core 82 'RAM' <Latency = 3> <II = 1> <Delay = 1.86> <Storage> <Opcode : 'load' 'store'> <Ports = 2> <Width = 8> <Depth = 16> <RAM>
ST_90 : Operation 824 [2/4] (1.86ns)   --->   "%buf_load_31 = load i4 %buf_addr_9" [aes.cpp:261]   --->   Operation 824 'load' 'buf_load_31' <Predicate = (!icmp_ln338 & !trunc_ln343)> <Delay = 1.86> <CoreInst = "RAM">   --->   Core 82 'RAM' <Latency = 3> <II = 1> <Delay = 1.86> <Storage> <Opcode : 'load' 'store'> <Ports = 2> <Width = 8> <Depth = 16> <RAM>
ST_90 : Operation 825 [4/4] (1.86ns)   --->   "%buf_load_33 = load i4 %buf_addr_3" [aes.cpp:261]   --->   Operation 825 'load' 'buf_load_33' <Predicate = (!icmp_ln338 & !trunc_ln343)> <Delay = 1.86> <CoreInst = "RAM">   --->   Core 82 'RAM' <Latency = 3> <II = 1> <Delay = 1.86> <Storage> <Opcode : 'load' 'store'> <Ports = 2> <Width = 8> <Depth = 16> <RAM>
ST_90 : Operation 826 [4/4] (1.86ns)   --->   "%buf_load_34 = load i4 %buf_addr_16" [aes.cpp:261]   --->   Operation 826 'load' 'buf_load_34' <Predicate = (!icmp_ln338 & !trunc_ln343)> <Delay = 1.86> <CoreInst = "RAM">   --->   Core 82 'RAM' <Latency = 3> <II = 1> <Delay = 1.86> <Storage> <Opcode : 'load' 'store'> <Ports = 2> <Width = 8> <Depth = 16> <RAM>
ST_90 : Operation 827 [2/4] (1.86ns)   --->   "%buf_load_35 = load i4 %buf_addr_10" [aes.cpp:261]   --->   Operation 827 'load' 'buf_load_35' <Predicate = (!icmp_ln338 & !trunc_ln343)> <Delay = 1.86> <CoreInst = "RAM">   --->   Core 82 'RAM' <Latency = 3> <II = 1> <Delay = 1.86> <Storage> <Opcode : 'load' 'store'> <Ports = 2> <Width = 8> <Depth = 16> <RAM>
ST_90 : Operation 828 [1/4] (1.86ns)   --->   "%buf_load_36 = load i4 %buf_addr_12" [aes.cpp:261]   --->   Operation 828 'load' 'buf_load_36' <Predicate = (!icmp_ln338 & !trunc_ln343)> <Delay = 1.86> <CoreInst = "RAM">   --->   Core 82 'RAM' <Latency = 3> <II = 1> <Delay = 1.86> <Storage> <Opcode : 'load' 'store'> <Ports = 2> <Width = 8> <Depth = 16> <RAM>
ST_90 : Operation 829 [4/4] (1.86ns)   --->   "%ctx_load_17 = load i7 %ctx_addr_21" [aes.cpp:261]   --->   Operation 829 'load' 'ctx_load_17' <Predicate = (!icmp_ln338 & !trunc_ln343)> <Delay = 1.86> <CoreInst = "RAM">   --->   Core 82 'RAM' <Latency = 3> <II = 1> <Delay = 1.86> <Storage> <Opcode : 'load' 'store'> <Ports = 2> <Width = 8> <Depth = 96> <RAM>
ST_90 : Operation 830 [4/4] (1.86ns)   --->   "%ctx_load_18 = load i7 %ctx_addr_22" [aes.cpp:261]   --->   Operation 830 'load' 'ctx_load_18' <Predicate = (!icmp_ln338 & !trunc_ln343)> <Delay = 1.86> <CoreInst = "RAM">   --->   Core 82 'RAM' <Latency = 3> <II = 1> <Delay = 1.86> <Storage> <Opcode : 'load' 'store'> <Ports = 2> <Width = 8> <Depth = 96> <RAM>
ST_90 : Operation 831 [1/1] (1.58ns)   --->   "%store_ln344 = store i8 %rcon_2, i8 %rcon_1" [aes.cpp:344]   --->   Operation 831 'store' 'store_ln344' <Predicate = (!icmp_ln338 & !trunc_ln343)> <Delay = 1.58>
ST_90 : Operation 832 [1/2] (1.86ns)   --->   "%store_ln261 = store i8 %xor_ln261_19, i4 %buf_addr_4" [aes.cpp:261]   --->   Operation 832 'store' 'store_ln261' <Predicate = (!icmp_ln338 & trunc_ln343)> <Delay = 1.86> <CoreInst = "RAM">   --->   Core 82 'RAM' <Latency = 3> <II = 1> <Delay = 1.86> <Storage> <Opcode : 'load' 'store'> <Ports = 2> <Width = 8> <Depth = 16> <RAM>
ST_90 : Operation 833 [1/2] (1.86ns)   --->   "%store_ln261 = store i8 %xor_ln261_20, i4 %buf_addr_14" [aes.cpp:261]   --->   Operation 833 'store' 'store_ln261' <Predicate = (!icmp_ln338 & trunc_ln343)> <Delay = 1.86> <CoreInst = "RAM">   --->   Core 82 'RAM' <Latency = 3> <II = 1> <Delay = 1.86> <Storage> <Opcode : 'load' 'store'> <Ports = 2> <Width = 8> <Depth = 16> <RAM>
ST_90 : Operation 834 [2/2] (1.86ns)   --->   "%store_ln261 = store i8 %xor_ln261_23, i4 %buf_addr_3" [aes.cpp:261]   --->   Operation 834 'store' 'store_ln261' <Predicate = (!icmp_ln338 & trunc_ln343)> <Delay = 1.86> <CoreInst = "RAM">   --->   Core 82 'RAM' <Latency = 3> <II = 1> <Delay = 1.86> <Storage> <Opcode : 'load' 'store'> <Ports = 2> <Width = 8> <Depth = 16> <RAM>
ST_90 : Operation 835 [2/2] (1.86ns)   --->   "%store_ln261 = store i8 %xor_ln261_24, i4 %buf_addr_16" [aes.cpp:261]   --->   Operation 835 'store' 'store_ln261' <Predicate = (!icmp_ln338 & trunc_ln343)> <Delay = 1.86> <CoreInst = "RAM">   --->   Core 82 'RAM' <Latency = 3> <II = 1> <Delay = 1.86> <Storage> <Opcode : 'load' 'store'> <Ports = 2> <Width = 8> <Depth = 16> <RAM>
ST_90 : Operation 836 [1/1] (0.99ns)   --->   "%xor_ln261_27 = xor i8 %ctx_load_29, i8 %xor_ln294_9" [aes.cpp:261]   --->   Operation 836 'xor' 'xor_ln261_27' <Predicate = (!icmp_ln338 & trunc_ln343)> <Delay = 0.99> <CoreInst = "LogicGate">   --->   Core 74 'LogicGate' <Latency = 0> <II = 1> <Delay = 0.99> <FuncUnit> <Opcode : 'and' 'or' 'xor'> <InPorts = 2> <OutPorts = 1>
ST_90 : Operation 837 [1/1] (0.99ns)   --->   "%xor_ln261_28 = xor i8 %ctx_load_30, i8 %xor_ln294_6" [aes.cpp:261]   --->   Operation 837 'xor' 'xor_ln261_28' <Predicate = (!icmp_ln338 & trunc_ln343)> <Delay = 0.99> <CoreInst = "LogicGate">   --->   Core 74 'LogicGate' <Latency = 0> <II = 1> <Delay = 0.99> <FuncUnit> <Opcode : 'and' 'or' 'xor'> <InPorts = 2> <OutPorts = 1>

State 91 <SV = 51> <Delay = 1.86>
ST_91 : Operation 838 [2/4] (1.86ns)   --->   "%buf_load_29 = load i4 %buf_addr_4" [aes.cpp:261]   --->   Operation 838 'load' 'buf_load_29' <Predicate = (!icmp_ln338 & !trunc_ln343)> <Delay = 1.86> <CoreInst = "RAM">   --->   Core 82 'RAM' <Latency = 3> <II = 1> <Delay = 1.86> <Storage> <Opcode : 'load' 'store'> <Ports = 2> <Width = 8> <Depth = 16> <RAM>
ST_91 : Operation 839 [2/4] (1.86ns)   --->   "%buf_load_30 = load i4 %buf_addr_14" [aes.cpp:261]   --->   Operation 839 'load' 'buf_load_30' <Predicate = (!icmp_ln338 & !trunc_ln343)> <Delay = 1.86> <CoreInst = "RAM">   --->   Core 82 'RAM' <Latency = 3> <II = 1> <Delay = 1.86> <Storage> <Opcode : 'load' 'store'> <Ports = 2> <Width = 8> <Depth = 16> <RAM>
ST_91 : Operation 840 [1/4] (1.86ns)   --->   "%buf_load_31 = load i4 %buf_addr_9" [aes.cpp:261]   --->   Operation 840 'load' 'buf_load_31' <Predicate = (!icmp_ln338 & !trunc_ln343)> <Delay = 1.86> <CoreInst = "RAM">   --->   Core 82 'RAM' <Latency = 3> <II = 1> <Delay = 1.86> <Storage> <Opcode : 'load' 'store'> <Ports = 2> <Width = 8> <Depth = 16> <RAM>
ST_91 : Operation 841 [3/4] (1.86ns)   --->   "%buf_load_33 = load i4 %buf_addr_3" [aes.cpp:261]   --->   Operation 841 'load' 'buf_load_33' <Predicate = (!icmp_ln338 & !trunc_ln343)> <Delay = 1.86> <CoreInst = "RAM">   --->   Core 82 'RAM' <Latency = 3> <II = 1> <Delay = 1.86> <Storage> <Opcode : 'load' 'store'> <Ports = 2> <Width = 8> <Depth = 16> <RAM>
ST_91 : Operation 842 [3/4] (1.86ns)   --->   "%buf_load_34 = load i4 %buf_addr_16" [aes.cpp:261]   --->   Operation 842 'load' 'buf_load_34' <Predicate = (!icmp_ln338 & !trunc_ln343)> <Delay = 1.86> <CoreInst = "RAM">   --->   Core 82 'RAM' <Latency = 3> <II = 1> <Delay = 1.86> <Storage> <Opcode : 'load' 'store'> <Ports = 2> <Width = 8> <Depth = 16> <RAM>
ST_91 : Operation 843 [1/4] (1.86ns)   --->   "%buf_load_35 = load i4 %buf_addr_10" [aes.cpp:261]   --->   Operation 843 'load' 'buf_load_35' <Predicate = (!icmp_ln338 & !trunc_ln343)> <Delay = 1.86> <CoreInst = "RAM">   --->   Core 82 'RAM' <Latency = 3> <II = 1> <Delay = 1.86> <Storage> <Opcode : 'load' 'store'> <Ports = 2> <Width = 8> <Depth = 16> <RAM>
ST_91 : Operation 844 [4/4] (1.86ns)   --->   "%buf_load_37 = load i4 %buf_addr_2" [aes.cpp:261]   --->   Operation 844 'load' 'buf_load_37' <Predicate = (!icmp_ln338 & !trunc_ln343)> <Delay = 1.86> <CoreInst = "RAM">   --->   Core 82 'RAM' <Latency = 3> <II = 1> <Delay = 1.86> <Storage> <Opcode : 'load' 'store'> <Ports = 2> <Width = 8> <Depth = 16> <RAM>
ST_91 : Operation 845 [4/4] (1.86ns)   --->   "%buf_load_38 = load i4 %buf_addr_17" [aes.cpp:261]   --->   Operation 845 'load' 'buf_load_38' <Predicate = (!icmp_ln338 & !trunc_ln343)> <Delay = 1.86> <CoreInst = "RAM">   --->   Core 82 'RAM' <Latency = 3> <II = 1> <Delay = 1.86> <Storage> <Opcode : 'load' 'store'> <Ports = 2> <Width = 8> <Depth = 16> <RAM>
ST_91 : Operation 846 [4/4] (1.86ns)   --->   "%ctx_load_15 = load i7 %ctx_addr_19" [aes.cpp:261]   --->   Operation 846 'load' 'ctx_load_15' <Predicate = (!icmp_ln338 & !trunc_ln343)> <Delay = 1.86> <CoreInst = "RAM">   --->   Core 82 'RAM' <Latency = 3> <II = 1> <Delay = 1.86> <Storage> <Opcode : 'load' 'store'> <Ports = 2> <Width = 8> <Depth = 96> <RAM>
ST_91 : Operation 847 [4/4] (1.86ns)   --->   "%ctx_load_16 = load i7 %ctx_addr_20" [aes.cpp:261]   --->   Operation 847 'load' 'ctx_load_16' <Predicate = (!icmp_ln338 & !trunc_ln343)> <Delay = 1.86> <CoreInst = "RAM">   --->   Core 82 'RAM' <Latency = 3> <II = 1> <Delay = 1.86> <Storage> <Opcode : 'load' 'store'> <Ports = 2> <Width = 8> <Depth = 96> <RAM>
ST_91 : Operation 848 [3/4] (1.86ns)   --->   "%ctx_load_17 = load i7 %ctx_addr_21" [aes.cpp:261]   --->   Operation 848 'load' 'ctx_load_17' <Predicate = (!icmp_ln338 & !trunc_ln343)> <Delay = 1.86> <CoreInst = "RAM">   --->   Core 82 'RAM' <Latency = 3> <II = 1> <Delay = 1.86> <Storage> <Opcode : 'load' 'store'> <Ports = 2> <Width = 8> <Depth = 96> <RAM>
ST_91 : Operation 849 [3/4] (1.86ns)   --->   "%ctx_load_18 = load i7 %ctx_addr_22" [aes.cpp:261]   --->   Operation 849 'load' 'ctx_load_18' <Predicate = (!icmp_ln338 & !trunc_ln343)> <Delay = 1.86> <CoreInst = "RAM">   --->   Core 82 'RAM' <Latency = 3> <II = 1> <Delay = 1.86> <Storage> <Opcode : 'load' 'store'> <Ports = 2> <Width = 8> <Depth = 96> <RAM>
ST_91 : Operation 850 [1/2] (1.86ns)   --->   "%store_ln261 = store i8 %xor_ln261_23, i4 %buf_addr_3" [aes.cpp:261]   --->   Operation 850 'store' 'store_ln261' <Predicate = (!icmp_ln338 & trunc_ln343)> <Delay = 1.86> <CoreInst = "RAM">   --->   Core 82 'RAM' <Latency = 3> <II = 1> <Delay = 1.86> <Storage> <Opcode : 'load' 'store'> <Ports = 2> <Width = 8> <Depth = 16> <RAM>
ST_91 : Operation 851 [1/2] (1.86ns)   --->   "%store_ln261 = store i8 %xor_ln261_24, i4 %buf_addr_16" [aes.cpp:261]   --->   Operation 851 'store' 'store_ln261' <Predicate = (!icmp_ln338 & trunc_ln343)> <Delay = 1.86> <CoreInst = "RAM">   --->   Core 82 'RAM' <Latency = 3> <II = 1> <Delay = 1.86> <Storage> <Opcode : 'load' 'store'> <Ports = 2> <Width = 8> <Depth = 16> <RAM>
ST_91 : Operation 852 [2/2] (1.86ns)   --->   "%store_ln261 = store i8 %xor_ln261_27, i4 %buf_addr_2" [aes.cpp:261]   --->   Operation 852 'store' 'store_ln261' <Predicate = (!icmp_ln338 & trunc_ln343)> <Delay = 1.86> <CoreInst = "RAM">   --->   Core 82 'RAM' <Latency = 3> <II = 1> <Delay = 1.86> <Storage> <Opcode : 'load' 'store'> <Ports = 2> <Width = 8> <Depth = 16> <RAM>
ST_91 : Operation 853 [2/2] (1.86ns)   --->   "%store_ln261 = store i8 %xor_ln261_28, i4 %buf_addr_17" [aes.cpp:261]   --->   Operation 853 'store' 'store_ln261' <Predicate = (!icmp_ln338 & trunc_ln343)> <Delay = 1.86> <CoreInst = "RAM">   --->   Core 82 'RAM' <Latency = 3> <II = 1> <Delay = 1.86> <Storage> <Opcode : 'load' 'store'> <Ports = 2> <Width = 8> <Depth = 16> <RAM>
ST_91 : Operation 854 [1/1] (0.99ns)   --->   "%xor_ln261_32 = xor i8 %ctx_load_34, i8 %xor_ln294_1" [aes.cpp:261]   --->   Operation 854 'xor' 'xor_ln261_32' <Predicate = (!icmp_ln338 & trunc_ln343)> <Delay = 0.99> <CoreInst = "LogicGate">   --->   Core 74 'LogicGate' <Latency = 0> <II = 1> <Delay = 0.99> <FuncUnit> <Opcode : 'and' 'or' 'xor'> <InPorts = 2> <OutPorts = 1>

State 92 <SV = 52> <Delay = 1.86>
ST_92 : Operation 855 [1/4] (1.86ns)   --->   "%buf_load_29 = load i4 %buf_addr_4" [aes.cpp:261]   --->   Operation 855 'load' 'buf_load_29' <Predicate = (!icmp_ln338 & !trunc_ln343)> <Delay = 1.86> <CoreInst = "RAM">   --->   Core 82 'RAM' <Latency = 3> <II = 1> <Delay = 1.86> <Storage> <Opcode : 'load' 'store'> <Ports = 2> <Width = 8> <Depth = 16> <RAM>
ST_92 : Operation 856 [1/4] (1.86ns)   --->   "%buf_load_30 = load i4 %buf_addr_14" [aes.cpp:261]   --->   Operation 856 'load' 'buf_load_30' <Predicate = (!icmp_ln338 & !trunc_ln343)> <Delay = 1.86> <CoreInst = "RAM">   --->   Core 82 'RAM' <Latency = 3> <II = 1> <Delay = 1.86> <Storage> <Opcode : 'load' 'store'> <Ports = 2> <Width = 8> <Depth = 16> <RAM>
ST_92 : Operation 857 [2/4] (1.86ns)   --->   "%buf_load_33 = load i4 %buf_addr_3" [aes.cpp:261]   --->   Operation 857 'load' 'buf_load_33' <Predicate = (!icmp_ln338 & !trunc_ln343)> <Delay = 1.86> <CoreInst = "RAM">   --->   Core 82 'RAM' <Latency = 3> <II = 1> <Delay = 1.86> <Storage> <Opcode : 'load' 'store'> <Ports = 2> <Width = 8> <Depth = 16> <RAM>
ST_92 : Operation 858 [2/4] (1.86ns)   --->   "%buf_load_34 = load i4 %buf_addr_16" [aes.cpp:261]   --->   Operation 858 'load' 'buf_load_34' <Predicate = (!icmp_ln338 & !trunc_ln343)> <Delay = 1.86> <CoreInst = "RAM">   --->   Core 82 'RAM' <Latency = 3> <II = 1> <Delay = 1.86> <Storage> <Opcode : 'load' 'store'> <Ports = 2> <Width = 8> <Depth = 16> <RAM>
ST_92 : Operation 859 [4/4] (1.86ns)   --->   "%ctx_load_13 = load i7 %ctx_addr_17" [aes.cpp:261]   --->   Operation 859 'load' 'ctx_load_13' <Predicate = (!icmp_ln338 & !trunc_ln343)> <Delay = 1.86> <CoreInst = "RAM">   --->   Core 82 'RAM' <Latency = 3> <II = 1> <Delay = 1.86> <Storage> <Opcode : 'load' 'store'> <Ports = 2> <Width = 8> <Depth = 96> <RAM>
ST_92 : Operation 860 [3/4] (1.86ns)   --->   "%buf_load_37 = load i4 %buf_addr_2" [aes.cpp:261]   --->   Operation 860 'load' 'buf_load_37' <Predicate = (!icmp_ln338 & !trunc_ln343)> <Delay = 1.86> <CoreInst = "RAM">   --->   Core 82 'RAM' <Latency = 3> <II = 1> <Delay = 1.86> <Storage> <Opcode : 'load' 'store'> <Ports = 2> <Width = 8> <Depth = 16> <RAM>
ST_92 : Operation 861 [4/4] (1.86ns)   --->   "%ctx_load_14 = load i7 %ctx_addr_18" [aes.cpp:261]   --->   Operation 861 'load' 'ctx_load_14' <Predicate = (!icmp_ln338 & !trunc_ln343)> <Delay = 1.86> <CoreInst = "RAM">   --->   Core 82 'RAM' <Latency = 3> <II = 1> <Delay = 1.86> <Storage> <Opcode : 'load' 'store'> <Ports = 2> <Width = 8> <Depth = 96> <RAM>
ST_92 : Operation 862 [3/4] (1.86ns)   --->   "%buf_load_38 = load i4 %buf_addr_17" [aes.cpp:261]   --->   Operation 862 'load' 'buf_load_38' <Predicate = (!icmp_ln338 & !trunc_ln343)> <Delay = 1.86> <CoreInst = "RAM">   --->   Core 82 'RAM' <Latency = 3> <II = 1> <Delay = 1.86> <Storage> <Opcode : 'load' 'store'> <Ports = 2> <Width = 8> <Depth = 16> <RAM>
ST_92 : Operation 863 [3/4] (1.86ns)   --->   "%ctx_load_15 = load i7 %ctx_addr_19" [aes.cpp:261]   --->   Operation 863 'load' 'ctx_load_15' <Predicate = (!icmp_ln338 & !trunc_ln343)> <Delay = 1.86> <CoreInst = "RAM">   --->   Core 82 'RAM' <Latency = 3> <II = 1> <Delay = 1.86> <Storage> <Opcode : 'load' 'store'> <Ports = 2> <Width = 8> <Depth = 96> <RAM>
ST_92 : Operation 864 [3/4] (1.86ns)   --->   "%ctx_load_16 = load i7 %ctx_addr_20" [aes.cpp:261]   --->   Operation 864 'load' 'ctx_load_16' <Predicate = (!icmp_ln338 & !trunc_ln343)> <Delay = 1.86> <CoreInst = "RAM">   --->   Core 82 'RAM' <Latency = 3> <II = 1> <Delay = 1.86> <Storage> <Opcode : 'load' 'store'> <Ports = 2> <Width = 8> <Depth = 96> <RAM>
ST_92 : Operation 865 [2/4] (1.86ns)   --->   "%ctx_load_17 = load i7 %ctx_addr_21" [aes.cpp:261]   --->   Operation 865 'load' 'ctx_load_17' <Predicate = (!icmp_ln338 & !trunc_ln343)> <Delay = 1.86> <CoreInst = "RAM">   --->   Core 82 'RAM' <Latency = 3> <II = 1> <Delay = 1.86> <Storage> <Opcode : 'load' 'store'> <Ports = 2> <Width = 8> <Depth = 96> <RAM>
ST_92 : Operation 866 [2/4] (1.86ns)   --->   "%ctx_load_18 = load i7 %ctx_addr_22" [aes.cpp:261]   --->   Operation 866 'load' 'ctx_load_18' <Predicate = (!icmp_ln338 & !trunc_ln343)> <Delay = 1.86> <CoreInst = "RAM">   --->   Core 82 'RAM' <Latency = 3> <II = 1> <Delay = 1.86> <Storage> <Opcode : 'load' 'store'> <Ports = 2> <Width = 8> <Depth = 96> <RAM>
ST_92 : Operation 867 [1/2] (1.86ns)   --->   "%store_ln261 = store i8 %xor_ln261_27, i4 %buf_addr_2" [aes.cpp:261]   --->   Operation 867 'store' 'store_ln261' <Predicate = (!icmp_ln338 & trunc_ln343)> <Delay = 1.86> <CoreInst = "RAM">   --->   Core 82 'RAM' <Latency = 3> <II = 1> <Delay = 1.86> <Storage> <Opcode : 'load' 'store'> <Ports = 2> <Width = 8> <Depth = 16> <RAM>
ST_92 : Operation 868 [1/2] (1.86ns)   --->   "%store_ln261 = store i8 %xor_ln261_28, i4 %buf_addr_17" [aes.cpp:261]   --->   Operation 868 'store' 'store_ln261' <Predicate = (!icmp_ln338 & trunc_ln343)> <Delay = 1.86> <CoreInst = "RAM">   --->   Core 82 'RAM' <Latency = 3> <II = 1> <Delay = 1.86> <Storage> <Opcode : 'load' 'store'> <Ports = 2> <Width = 8> <Depth = 16> <RAM>
ST_92 : Operation 869 [1/1] (1.46ns)   --->   "%br_ln0 = br void %_Z15aes_addRoundKeyPhS_.exit"   --->   Operation 869 'br' 'br_ln0' <Predicate = (!icmp_ln338 & trunc_ln343)> <Delay = 1.46>

State 93 <SV = 53> <Delay = 1.86>
ST_93 : Operation 870 [4/4] (1.86ns)   --->   "%ctx_load_3 = load i7 %ctx_addr_7" [aes.cpp:261]   --->   Operation 870 'load' 'ctx_load_3' <Predicate = (!icmp_ln338 & !trunc_ln343)> <Delay = 1.86> <CoreInst = "RAM">   --->   Core 82 'RAM' <Latency = 3> <II = 1> <Delay = 1.86> <Storage> <Opcode : 'load' 'store'> <Ports = 2> <Width = 8> <Depth = 96> <RAM>
ST_93 : Operation 871 [1/4] (1.86ns)   --->   "%buf_load_33 = load i4 %buf_addr_3" [aes.cpp:261]   --->   Operation 871 'load' 'buf_load_33' <Predicate = (!icmp_ln338 & !trunc_ln343)> <Delay = 1.86> <CoreInst = "RAM">   --->   Core 82 'RAM' <Latency = 3> <II = 1> <Delay = 1.86> <Storage> <Opcode : 'load' 'store'> <Ports = 2> <Width = 8> <Depth = 16> <RAM>
ST_93 : Operation 872 [1/4] (1.86ns)   --->   "%buf_load_34 = load i4 %buf_addr_16" [aes.cpp:261]   --->   Operation 872 'load' 'buf_load_34' <Predicate = (!icmp_ln338 & !trunc_ln343)> <Delay = 1.86> <CoreInst = "RAM">   --->   Core 82 'RAM' <Latency = 3> <II = 1> <Delay = 1.86> <Storage> <Opcode : 'load' 'store'> <Ports = 2> <Width = 8> <Depth = 16> <RAM>
ST_93 : Operation 873 [4/4] (1.86ns)   --->   "%ctx_load_12 = load i7 %ctx_addr_16" [aes.cpp:261]   --->   Operation 873 'load' 'ctx_load_12' <Predicate = (!icmp_ln338 & !trunc_ln343)> <Delay = 1.86> <CoreInst = "RAM">   --->   Core 82 'RAM' <Latency = 3> <II = 1> <Delay = 1.86> <Storage> <Opcode : 'load' 'store'> <Ports = 2> <Width = 8> <Depth = 96> <RAM>
ST_93 : Operation 874 [3/4] (1.86ns)   --->   "%ctx_load_13 = load i7 %ctx_addr_17" [aes.cpp:261]   --->   Operation 874 'load' 'ctx_load_13' <Predicate = (!icmp_ln338 & !trunc_ln343)> <Delay = 1.86> <CoreInst = "RAM">   --->   Core 82 'RAM' <Latency = 3> <II = 1> <Delay = 1.86> <Storage> <Opcode : 'load' 'store'> <Ports = 2> <Width = 8> <Depth = 96> <RAM>
ST_93 : Operation 875 [2/4] (1.86ns)   --->   "%buf_load_37 = load i4 %buf_addr_2" [aes.cpp:261]   --->   Operation 875 'load' 'buf_load_37' <Predicate = (!icmp_ln338 & !trunc_ln343)> <Delay = 1.86> <CoreInst = "RAM">   --->   Core 82 'RAM' <Latency = 3> <II = 1> <Delay = 1.86> <Storage> <Opcode : 'load' 'store'> <Ports = 2> <Width = 8> <Depth = 16> <RAM>
ST_93 : Operation 876 [3/4] (1.86ns)   --->   "%ctx_load_14 = load i7 %ctx_addr_18" [aes.cpp:261]   --->   Operation 876 'load' 'ctx_load_14' <Predicate = (!icmp_ln338 & !trunc_ln343)> <Delay = 1.86> <CoreInst = "RAM">   --->   Core 82 'RAM' <Latency = 3> <II = 1> <Delay = 1.86> <Storage> <Opcode : 'load' 'store'> <Ports = 2> <Width = 8> <Depth = 96> <RAM>
ST_93 : Operation 877 [2/4] (1.86ns)   --->   "%buf_load_38 = load i4 %buf_addr_17" [aes.cpp:261]   --->   Operation 877 'load' 'buf_load_38' <Predicate = (!icmp_ln338 & !trunc_ln343)> <Delay = 1.86> <CoreInst = "RAM">   --->   Core 82 'RAM' <Latency = 3> <II = 1> <Delay = 1.86> <Storage> <Opcode : 'load' 'store'> <Ports = 2> <Width = 8> <Depth = 16> <RAM>
ST_93 : Operation 878 [2/4] (1.86ns)   --->   "%ctx_load_15 = load i7 %ctx_addr_19" [aes.cpp:261]   --->   Operation 878 'load' 'ctx_load_15' <Predicate = (!icmp_ln338 & !trunc_ln343)> <Delay = 1.86> <CoreInst = "RAM">   --->   Core 82 'RAM' <Latency = 3> <II = 1> <Delay = 1.86> <Storage> <Opcode : 'load' 'store'> <Ports = 2> <Width = 8> <Depth = 96> <RAM>
ST_93 : Operation 879 [2/4] (1.86ns)   --->   "%ctx_load_16 = load i7 %ctx_addr_20" [aes.cpp:261]   --->   Operation 879 'load' 'ctx_load_16' <Predicate = (!icmp_ln338 & !trunc_ln343)> <Delay = 1.86> <CoreInst = "RAM">   --->   Core 82 'RAM' <Latency = 3> <II = 1> <Delay = 1.86> <Storage> <Opcode : 'load' 'store'> <Ports = 2> <Width = 8> <Depth = 96> <RAM>
ST_93 : Operation 880 [1/4] (1.86ns)   --->   "%ctx_load_17 = load i7 %ctx_addr_21" [aes.cpp:261]   --->   Operation 880 'load' 'ctx_load_17' <Predicate = (!icmp_ln338 & !trunc_ln343)> <Delay = 1.86> <CoreInst = "RAM">   --->   Core 82 'RAM' <Latency = 3> <II = 1> <Delay = 1.86> <Storage> <Opcode : 'load' 'store'> <Ports = 2> <Width = 8> <Depth = 96> <RAM>
ST_93 : Operation 881 [1/4] (1.86ns)   --->   "%ctx_load_18 = load i7 %ctx_addr_22" [aes.cpp:261]   --->   Operation 881 'load' 'ctx_load_18' <Predicate = (!icmp_ln338 & !trunc_ln343)> <Delay = 1.86> <CoreInst = "RAM">   --->   Core 82 'RAM' <Latency = 3> <II = 1> <Delay = 1.86> <Storage> <Opcode : 'load' 'store'> <Ports = 2> <Width = 8> <Depth = 96> <RAM>

State 94 <SV = 54> <Delay = 1.86>
ST_94 : Operation 882 [3/4] (1.86ns)   --->   "%ctx_load_3 = load i7 %ctx_addr_7" [aes.cpp:261]   --->   Operation 882 'load' 'ctx_load_3' <Predicate = (!icmp_ln338 & !trunc_ln343)> <Delay = 1.86> <CoreInst = "RAM">   --->   Core 82 'RAM' <Latency = 3> <II = 1> <Delay = 1.86> <Storage> <Opcode : 'load' 'store'> <Ports = 2> <Width = 8> <Depth = 96> <RAM>
ST_94 : Operation 883 [4/4] (1.86ns)   --->   "%ctx_load_4 = load i7 %ctx_addr_8" [aes.cpp:261]   --->   Operation 883 'load' 'ctx_load_4' <Predicate = (!icmp_ln338 & !trunc_ln343)> <Delay = 1.86> <CoreInst = "RAM">   --->   Core 82 'RAM' <Latency = 3> <II = 1> <Delay = 1.86> <Storage> <Opcode : 'load' 'store'> <Ports = 2> <Width = 8> <Depth = 96> <RAM>
ST_94 : Operation 884 [4/4] (1.86ns)   --->   "%ctx_load_5 = load i7 %ctx_addr_9" [aes.cpp:261]   --->   Operation 884 'load' 'ctx_load_5' <Predicate = (!icmp_ln338 & !trunc_ln343)> <Delay = 1.86> <CoreInst = "RAM">   --->   Core 82 'RAM' <Latency = 3> <II = 1> <Delay = 1.86> <Storage> <Opcode : 'load' 'store'> <Ports = 2> <Width = 8> <Depth = 96> <RAM>
ST_94 : Operation 885 [3/4] (1.86ns)   --->   "%ctx_load_12 = load i7 %ctx_addr_16" [aes.cpp:261]   --->   Operation 885 'load' 'ctx_load_12' <Predicate = (!icmp_ln338 & !trunc_ln343)> <Delay = 1.86> <CoreInst = "RAM">   --->   Core 82 'RAM' <Latency = 3> <II = 1> <Delay = 1.86> <Storage> <Opcode : 'load' 'store'> <Ports = 2> <Width = 8> <Depth = 96> <RAM>
ST_94 : Operation 886 [2/4] (1.86ns)   --->   "%ctx_load_13 = load i7 %ctx_addr_17" [aes.cpp:261]   --->   Operation 886 'load' 'ctx_load_13' <Predicate = (!icmp_ln338 & !trunc_ln343)> <Delay = 1.86> <CoreInst = "RAM">   --->   Core 82 'RAM' <Latency = 3> <II = 1> <Delay = 1.86> <Storage> <Opcode : 'load' 'store'> <Ports = 2> <Width = 8> <Depth = 96> <RAM>
ST_94 : Operation 887 [1/4] (1.86ns)   --->   "%buf_load_37 = load i4 %buf_addr_2" [aes.cpp:261]   --->   Operation 887 'load' 'buf_load_37' <Predicate = (!icmp_ln338 & !trunc_ln343)> <Delay = 1.86> <CoreInst = "RAM">   --->   Core 82 'RAM' <Latency = 3> <II = 1> <Delay = 1.86> <Storage> <Opcode : 'load' 'store'> <Ports = 2> <Width = 8> <Depth = 16> <RAM>
ST_94 : Operation 888 [2/4] (1.86ns)   --->   "%ctx_load_14 = load i7 %ctx_addr_18" [aes.cpp:261]   --->   Operation 888 'load' 'ctx_load_14' <Predicate = (!icmp_ln338 & !trunc_ln343)> <Delay = 1.86> <CoreInst = "RAM">   --->   Core 82 'RAM' <Latency = 3> <II = 1> <Delay = 1.86> <Storage> <Opcode : 'load' 'store'> <Ports = 2> <Width = 8> <Depth = 96> <RAM>
ST_94 : Operation 889 [1/4] (1.86ns)   --->   "%buf_load_38 = load i4 %buf_addr_17" [aes.cpp:261]   --->   Operation 889 'load' 'buf_load_38' <Predicate = (!icmp_ln338 & !trunc_ln343)> <Delay = 1.86> <CoreInst = "RAM">   --->   Core 82 'RAM' <Latency = 3> <II = 1> <Delay = 1.86> <Storage> <Opcode : 'load' 'store'> <Ports = 2> <Width = 8> <Depth = 16> <RAM>
ST_94 : Operation 890 [1/4] (1.86ns)   --->   "%ctx_load_15 = load i7 %ctx_addr_19" [aes.cpp:261]   --->   Operation 890 'load' 'ctx_load_15' <Predicate = (!icmp_ln338 & !trunc_ln343)> <Delay = 1.86> <CoreInst = "RAM">   --->   Core 82 'RAM' <Latency = 3> <II = 1> <Delay = 1.86> <Storage> <Opcode : 'load' 'store'> <Ports = 2> <Width = 8> <Depth = 96> <RAM>
ST_94 : Operation 891 [1/4] (1.86ns)   --->   "%ctx_load_16 = load i7 %ctx_addr_20" [aes.cpp:261]   --->   Operation 891 'load' 'ctx_load_16' <Predicate = (!icmp_ln338 & !trunc_ln343)> <Delay = 1.86> <CoreInst = "RAM">   --->   Core 82 'RAM' <Latency = 3> <II = 1> <Delay = 1.86> <Storage> <Opcode : 'load' 'store'> <Ports = 2> <Width = 8> <Depth = 96> <RAM>
ST_94 : Operation 892 [1/1] (0.99ns)   --->   "%xor_ln261_15 = xor i8 %buf_load_41, i8 %ctx_load_17" [aes.cpp:261]   --->   Operation 892 'xor' 'xor_ln261_15' <Predicate = (!icmp_ln338 & !trunc_ln343)> <Delay = 0.99> <CoreInst = "LogicGate">   --->   Core 74 'LogicGate' <Latency = 0> <II = 1> <Delay = 0.99> <FuncUnit> <Opcode : 'and' 'or' 'xor'> <InPorts = 2> <OutPorts = 1>
ST_94 : Operation 893 [1/1] (0.99ns)   --->   "%xor_ln261_16 = xor i8 %buf_load_42, i8 %ctx_load_18" [aes.cpp:261]   --->   Operation 893 'xor' 'xor_ln261_16' <Predicate = (!icmp_ln338 & !trunc_ln343)> <Delay = 0.99> <CoreInst = "LogicGate">   --->   Core 74 'LogicGate' <Latency = 0> <II = 1> <Delay = 0.99> <FuncUnit> <Opcode : 'and' 'or' 'xor'> <InPorts = 2> <OutPorts = 1>

State 95 <SV = 55> <Delay = 1.86>
ST_95 : Operation 894 [2/4] (1.86ns)   --->   "%ctx_load_3 = load i7 %ctx_addr_7" [aes.cpp:261]   --->   Operation 894 'load' 'ctx_load_3' <Predicate = (!icmp_ln338 & !trunc_ln343)> <Delay = 1.86> <CoreInst = "RAM">   --->   Core 82 'RAM' <Latency = 3> <II = 1> <Delay = 1.86> <Storage> <Opcode : 'load' 'store'> <Ports = 2> <Width = 8> <Depth = 96> <RAM>
ST_95 : Operation 895 [3/4] (1.86ns)   --->   "%ctx_load_4 = load i7 %ctx_addr_8" [aes.cpp:261]   --->   Operation 895 'load' 'ctx_load_4' <Predicate = (!icmp_ln338 & !trunc_ln343)> <Delay = 1.86> <CoreInst = "RAM">   --->   Core 82 'RAM' <Latency = 3> <II = 1> <Delay = 1.86> <Storage> <Opcode : 'load' 'store'> <Ports = 2> <Width = 8> <Depth = 96> <RAM>
ST_95 : Operation 896 [3/4] (1.86ns)   --->   "%ctx_load_5 = load i7 %ctx_addr_9" [aes.cpp:261]   --->   Operation 896 'load' 'ctx_load_5' <Predicate = (!icmp_ln338 & !trunc_ln343)> <Delay = 1.86> <CoreInst = "RAM">   --->   Core 82 'RAM' <Latency = 3> <II = 1> <Delay = 1.86> <Storage> <Opcode : 'load' 'store'> <Ports = 2> <Width = 8> <Depth = 96> <RAM>
ST_95 : Operation 897 [4/4] (1.86ns)   --->   "%ctx_load_6 = load i7 %ctx_addr_10" [aes.cpp:261]   --->   Operation 897 'load' 'ctx_load_6' <Predicate = (!icmp_ln338 & !trunc_ln343)> <Delay = 1.86> <CoreInst = "RAM">   --->   Core 82 'RAM' <Latency = 3> <II = 1> <Delay = 1.86> <Storage> <Opcode : 'load' 'store'> <Ports = 2> <Width = 8> <Depth = 96> <RAM>
ST_95 : Operation 898 [4/4] (1.86ns)   --->   "%ctx_load_7 = load i7 %ctx_addr_11" [aes.cpp:261]   --->   Operation 898 'load' 'ctx_load_7' <Predicate = (!icmp_ln338 & !trunc_ln343)> <Delay = 1.86> <CoreInst = "RAM">   --->   Core 82 'RAM' <Latency = 3> <II = 1> <Delay = 1.86> <Storage> <Opcode : 'load' 'store'> <Ports = 2> <Width = 8> <Depth = 96> <RAM>
ST_95 : Operation 899 [2/4] (1.86ns)   --->   "%ctx_load_12 = load i7 %ctx_addr_16" [aes.cpp:261]   --->   Operation 899 'load' 'ctx_load_12' <Predicate = (!icmp_ln338 & !trunc_ln343)> <Delay = 1.86> <CoreInst = "RAM">   --->   Core 82 'RAM' <Latency = 3> <II = 1> <Delay = 1.86> <Storage> <Opcode : 'load' 'store'> <Ports = 2> <Width = 8> <Depth = 96> <RAM>
ST_95 : Operation 900 [1/4] (1.86ns)   --->   "%ctx_load_13 = load i7 %ctx_addr_17" [aes.cpp:261]   --->   Operation 900 'load' 'ctx_load_13' <Predicate = (!icmp_ln338 & !trunc_ln343)> <Delay = 1.86> <CoreInst = "RAM">   --->   Core 82 'RAM' <Latency = 3> <II = 1> <Delay = 1.86> <Storage> <Opcode : 'load' 'store'> <Ports = 2> <Width = 8> <Depth = 96> <RAM>
ST_95 : Operation 901 [1/4] (1.86ns)   --->   "%ctx_load_14 = load i7 %ctx_addr_18" [aes.cpp:261]   --->   Operation 901 'load' 'ctx_load_14' <Predicate = (!icmp_ln338 & !trunc_ln343)> <Delay = 1.86> <CoreInst = "RAM">   --->   Core 82 'RAM' <Latency = 3> <II = 1> <Delay = 1.86> <Storage> <Opcode : 'load' 'store'> <Ports = 2> <Width = 8> <Depth = 96> <RAM>
ST_95 : Operation 902 [1/1] (0.99ns)   --->   "%xor_ln261_14 = xor i8 %buf_load_40, i8 %ctx_load_16" [aes.cpp:261]   --->   Operation 902 'xor' 'xor_ln261_14' <Predicate = (!icmp_ln338 & !trunc_ln343)> <Delay = 0.99> <CoreInst = "LogicGate">   --->   Core 74 'LogicGate' <Latency = 0> <II = 1> <Delay = 0.99> <FuncUnit> <Opcode : 'and' 'or' 'xor'> <InPorts = 2> <OutPorts = 1>
ST_95 : Operation 903 [2/2] (1.86ns)   --->   "%store_ln261 = store i8 %xor_ln261_15, i4 %buf_addr_1" [aes.cpp:261]   --->   Operation 903 'store' 'store_ln261' <Predicate = (!icmp_ln338 & !trunc_ln343)> <Delay = 1.86> <CoreInst = "RAM">   --->   Core 82 'RAM' <Latency = 3> <II = 1> <Delay = 1.86> <Storage> <Opcode : 'load' 'store'> <Ports = 2> <Width = 8> <Depth = 16> <RAM>
ST_95 : Operation 904 [1/1] (1.46ns)   --->   "%br_ln0 = br void %_Z15aes_addRoundKeyPhS_.exit"   --->   Operation 904 'br' 'br_ln0' <Predicate = (!icmp_ln338 & !trunc_ln343)> <Delay = 1.46>

State 96 <SV = 56> <Delay = 1.88>
ST_96 : Operation 905 [1/4] (1.86ns)   --->   "%ctx_load_3 = load i7 %ctx_addr_7" [aes.cpp:261]   --->   Operation 905 'load' 'ctx_load_3' <Predicate = (!icmp_ln338 & !trunc_ln343)> <Delay = 1.86> <CoreInst = "RAM">   --->   Core 82 'RAM' <Latency = 3> <II = 1> <Delay = 1.86> <Storage> <Opcode : 'load' 'store'> <Ports = 2> <Width = 8> <Depth = 96> <RAM>
ST_96 : Operation 906 [2/4] (1.86ns)   --->   "%ctx_load_4 = load i7 %ctx_addr_8" [aes.cpp:261]   --->   Operation 906 'load' 'ctx_load_4' <Predicate = (!icmp_ln338 & !trunc_ln343)> <Delay = 1.86> <CoreInst = "RAM">   --->   Core 82 'RAM' <Latency = 3> <II = 1> <Delay = 1.86> <Storage> <Opcode : 'load' 'store'> <Ports = 2> <Width = 8> <Depth = 96> <RAM>
ST_96 : Operation 907 [2/4] (1.86ns)   --->   "%ctx_load_5 = load i7 %ctx_addr_9" [aes.cpp:261]   --->   Operation 907 'load' 'ctx_load_5' <Predicate = (!icmp_ln338 & !trunc_ln343)> <Delay = 1.86> <CoreInst = "RAM">   --->   Core 82 'RAM' <Latency = 3> <II = 1> <Delay = 1.86> <Storage> <Opcode : 'load' 'store'> <Ports = 2> <Width = 8> <Depth = 96> <RAM>
ST_96 : Operation 908 [3/4] (1.86ns)   --->   "%ctx_load_6 = load i7 %ctx_addr_10" [aes.cpp:261]   --->   Operation 908 'load' 'ctx_load_6' <Predicate = (!icmp_ln338 & !trunc_ln343)> <Delay = 1.86> <CoreInst = "RAM">   --->   Core 82 'RAM' <Latency = 3> <II = 1> <Delay = 1.86> <Storage> <Opcode : 'load' 'store'> <Ports = 2> <Width = 8> <Depth = 96> <RAM>
ST_96 : Operation 909 [3/4] (1.86ns)   --->   "%ctx_load_7 = load i7 %ctx_addr_11" [aes.cpp:261]   --->   Operation 909 'load' 'ctx_load_7' <Predicate = (!icmp_ln338 & !trunc_ln343)> <Delay = 1.86> <CoreInst = "RAM">   --->   Core 82 'RAM' <Latency = 3> <II = 1> <Delay = 1.86> <Storage> <Opcode : 'load' 'store'> <Ports = 2> <Width = 8> <Depth = 96> <RAM>
ST_96 : Operation 910 [4/4] (1.86ns)   --->   "%ctx_load_8 = load i7 %ctx_addr_12" [aes.cpp:261]   --->   Operation 910 'load' 'ctx_load_8' <Predicate = (!icmp_ln338 & !trunc_ln343)> <Delay = 1.86> <CoreInst = "RAM">   --->   Core 82 'RAM' <Latency = 3> <II = 1> <Delay = 1.86> <Storage> <Opcode : 'load' 'store'> <Ports = 2> <Width = 8> <Depth = 96> <RAM>
ST_96 : Operation 911 [4/4] (1.86ns)   --->   "%ctx_load_9 = load i7 %ctx_addr_13" [aes.cpp:261]   --->   Operation 911 'load' 'ctx_load_9' <Predicate = (!icmp_ln338 & !trunc_ln343)> <Delay = 1.86> <CoreInst = "RAM">   --->   Core 82 'RAM' <Latency = 3> <II = 1> <Delay = 1.86> <Storage> <Opcode : 'load' 'store'> <Ports = 2> <Width = 8> <Depth = 96> <RAM>
ST_96 : Operation 912 [1/4] (1.86ns)   --->   "%ctx_load_12 = load i7 %ctx_addr_16" [aes.cpp:261]   --->   Operation 912 'load' 'ctx_load_12' <Predicate = (!icmp_ln338 & !trunc_ln343)> <Delay = 1.86> <CoreInst = "RAM">   --->   Core 82 'RAM' <Latency = 3> <II = 1> <Delay = 1.86> <Storage> <Opcode : 'load' 'store'> <Ports = 2> <Width = 8> <Depth = 96> <RAM>
ST_96 : Operation 913 [1/1] (0.99ns)   --->   "%xor_ln261_12 = xor i8 %buf_load_38, i8 %ctx_load_14" [aes.cpp:261]   --->   Operation 913 'xor' 'xor_ln261_12' <Predicate = (!icmp_ln338 & !trunc_ln343)> <Delay = 0.99> <CoreInst = "LogicGate">   --->   Core 74 'LogicGate' <Latency = 0> <II = 1> <Delay = 0.99> <FuncUnit> <Opcode : 'and' 'or' 'xor'> <InPorts = 2> <OutPorts = 1>
ST_96 : Operation 914 [1/1] (0.99ns)   --->   "%xor_ln261_13 = xor i8 %buf_load_39, i8 %ctx_load_15" [aes.cpp:261]   --->   Operation 914 'xor' 'xor_ln261_13' <Predicate = (!icmp_ln338 & !trunc_ln343)> <Delay = 0.99> <CoreInst = "LogicGate">   --->   Core 74 'LogicGate' <Latency = 0> <II = 1> <Delay = 0.99> <FuncUnit> <Opcode : 'and' 'or' 'xor'> <InPorts = 2> <OutPorts = 1>
ST_96 : Operation 915 [2/2] (1.86ns)   --->   "%store_ln261 = store i8 %xor_ln261_14, i4 %buf_addr_6" [aes.cpp:261]   --->   Operation 915 'store' 'store_ln261' <Predicate = (!icmp_ln338 & !trunc_ln343)> <Delay = 1.86> <CoreInst = "RAM">   --->   Core 82 'RAM' <Latency = 3> <II = 1> <Delay = 1.86> <Storage> <Opcode : 'load' 'store'> <Ports = 2> <Width = 8> <Depth = 16> <RAM>
ST_96 : Operation 916 [1/2] (1.86ns)   --->   "%store_ln261 = store i8 %xor_ln261_15, i4 %buf_addr_1" [aes.cpp:261]   --->   Operation 916 'store' 'store_ln261' <Predicate = (!icmp_ln338 & !trunc_ln343)> <Delay = 1.86> <CoreInst = "RAM">   --->   Core 82 'RAM' <Latency = 3> <II = 1> <Delay = 1.86> <Storage> <Opcode : 'load' 'store'> <Ports = 2> <Width = 8> <Depth = 16> <RAM>
ST_96 : Operation 917 [1/1] (0.00ns)   --->   "%storemerge = phi i8 %xor_ln261_32, void %.preheader22.0, i8 %xor_ln261_16, void %_Z15aes_addRoundKeyPhS_.exit.loopexit" [aes.cpp:261]   --->   Operation 917 'phi' 'storemerge' <Predicate = (!icmp_ln338)> <Delay = 0.00>
ST_96 : Operation 918 [2/2] (1.88ns)   --->   "%add_ln338 = add i4 %i_3, i4 1" [aes.cpp:338]   --->   Operation 918 'add' 'add_ln338' <Predicate = (!icmp_ln338)> <Delay = 1.88> <CoreInst = "Adder">   --->   Core 1 'Adder' <Latency = 1> <II = 1> <Delay = 1.88> <FuncUnit> <Opcode : 'add' 'sub'> <InPorts = 2> <OutPorts = 1>
ST_96 : Operation 919 [2/2] (1.86ns)   --->   "%store_ln261 = store i8 %storemerge, i4 %buf_addr_18" [aes.cpp:261]   --->   Operation 919 'store' 'store_ln261' <Predicate = (!icmp_ln338)> <Delay = 1.86> <CoreInst = "RAM">   --->   Core 82 'RAM' <Latency = 3> <II = 1> <Delay = 1.86> <Storage> <Opcode : 'load' 'store'> <Ports = 2> <Width = 8> <Depth = 16> <RAM>

State 97 <SV = 57> <Delay = 1.88>
ST_97 : Operation 920 [1/4] (1.86ns)   --->   "%ctx_load_4 = load i7 %ctx_addr_8" [aes.cpp:261]   --->   Operation 920 'load' 'ctx_load_4' <Predicate = (!icmp_ln338 & !trunc_ln343)> <Delay = 1.86> <CoreInst = "RAM">   --->   Core 82 'RAM' <Latency = 3> <II = 1> <Delay = 1.86> <Storage> <Opcode : 'load' 'store'> <Ports = 2> <Width = 8> <Depth = 96> <RAM>
ST_97 : Operation 921 [1/4] (1.86ns)   --->   "%ctx_load_5 = load i7 %ctx_addr_9" [aes.cpp:261]   --->   Operation 921 'load' 'ctx_load_5' <Predicate = (!icmp_ln338 & !trunc_ln343)> <Delay = 1.86> <CoreInst = "RAM">   --->   Core 82 'RAM' <Latency = 3> <II = 1> <Delay = 1.86> <Storage> <Opcode : 'load' 'store'> <Ports = 2> <Width = 8> <Depth = 96> <RAM>
ST_97 : Operation 922 [2/4] (1.86ns)   --->   "%ctx_load_6 = load i7 %ctx_addr_10" [aes.cpp:261]   --->   Operation 922 'load' 'ctx_load_6' <Predicate = (!icmp_ln338 & !trunc_ln343)> <Delay = 1.86> <CoreInst = "RAM">   --->   Core 82 'RAM' <Latency = 3> <II = 1> <Delay = 1.86> <Storage> <Opcode : 'load' 'store'> <Ports = 2> <Width = 8> <Depth = 96> <RAM>
ST_97 : Operation 923 [2/4] (1.86ns)   --->   "%ctx_load_7 = load i7 %ctx_addr_11" [aes.cpp:261]   --->   Operation 923 'load' 'ctx_load_7' <Predicate = (!icmp_ln338 & !trunc_ln343)> <Delay = 1.86> <CoreInst = "RAM">   --->   Core 82 'RAM' <Latency = 3> <II = 1> <Delay = 1.86> <Storage> <Opcode : 'load' 'store'> <Ports = 2> <Width = 8> <Depth = 96> <RAM>
ST_97 : Operation 924 [3/4] (1.86ns)   --->   "%ctx_load_8 = load i7 %ctx_addr_12" [aes.cpp:261]   --->   Operation 924 'load' 'ctx_load_8' <Predicate = (!icmp_ln338 & !trunc_ln343)> <Delay = 1.86> <CoreInst = "RAM">   --->   Core 82 'RAM' <Latency = 3> <II = 1> <Delay = 1.86> <Storage> <Opcode : 'load' 'store'> <Ports = 2> <Width = 8> <Depth = 96> <RAM>
ST_97 : Operation 925 [3/4] (1.86ns)   --->   "%ctx_load_9 = load i7 %ctx_addr_13" [aes.cpp:261]   --->   Operation 925 'load' 'ctx_load_9' <Predicate = (!icmp_ln338 & !trunc_ln343)> <Delay = 1.86> <CoreInst = "RAM">   --->   Core 82 'RAM' <Latency = 3> <II = 1> <Delay = 1.86> <Storage> <Opcode : 'load' 'store'> <Ports = 2> <Width = 8> <Depth = 96> <RAM>
ST_97 : Operation 926 [4/4] (1.86ns)   --->   "%ctx_load_10 = load i7 %ctx_addr_14" [aes.cpp:261]   --->   Operation 926 'load' 'ctx_load_10' <Predicate = (!icmp_ln338 & !trunc_ln343)> <Delay = 1.86> <CoreInst = "RAM">   --->   Core 82 'RAM' <Latency = 3> <II = 1> <Delay = 1.86> <Storage> <Opcode : 'load' 'store'> <Ports = 2> <Width = 8> <Depth = 96> <RAM>
ST_97 : Operation 927 [4/4] (1.86ns)   --->   "%ctx_load_11 = load i7 %ctx_addr_15" [aes.cpp:261]   --->   Operation 927 'load' 'ctx_load_11' <Predicate = (!icmp_ln338 & !trunc_ln343)> <Delay = 1.86> <CoreInst = "RAM">   --->   Core 82 'RAM' <Latency = 3> <II = 1> <Delay = 1.86> <Storage> <Opcode : 'load' 'store'> <Ports = 2> <Width = 8> <Depth = 96> <RAM>
ST_97 : Operation 928 [1/1] (0.99ns)   --->   "%xor_ln261_10 = xor i8 %buf_load_36, i8 %ctx_load_12" [aes.cpp:261]   --->   Operation 928 'xor' 'xor_ln261_10' <Predicate = (!icmp_ln338 & !trunc_ln343)> <Delay = 0.99> <CoreInst = "LogicGate">   --->   Core 74 'LogicGate' <Latency = 0> <II = 1> <Delay = 0.99> <FuncUnit> <Opcode : 'and' 'or' 'xor'> <InPorts = 2> <OutPorts = 1>
ST_97 : Operation 929 [1/1] (0.99ns)   --->   "%xor_ln261_11 = xor i8 %buf_load_37, i8 %ctx_load_13" [aes.cpp:261]   --->   Operation 929 'xor' 'xor_ln261_11' <Predicate = (!icmp_ln338 & !trunc_ln343)> <Delay = 0.99> <CoreInst = "LogicGate">   --->   Core 74 'LogicGate' <Latency = 0> <II = 1> <Delay = 0.99> <FuncUnit> <Opcode : 'and' 'or' 'xor'> <InPorts = 2> <OutPorts = 1>
ST_97 : Operation 930 [2/2] (1.86ns)   --->   "%store_ln261 = store i8 %xor_ln261_12, i4 %buf_addr_17" [aes.cpp:261]   --->   Operation 930 'store' 'store_ln261' <Predicate = (!icmp_ln338 & !trunc_ln343)> <Delay = 1.86> <CoreInst = "RAM">   --->   Core 82 'RAM' <Latency = 3> <II = 1> <Delay = 1.86> <Storage> <Opcode : 'load' 'store'> <Ports = 2> <Width = 8> <Depth = 16> <RAM>
ST_97 : Operation 931 [2/2] (1.86ns)   --->   "%store_ln261 = store i8 %xor_ln261_13, i4 %buf_addr_7" [aes.cpp:261]   --->   Operation 931 'store' 'store_ln261' <Predicate = (!icmp_ln338 & !trunc_ln343)> <Delay = 1.86> <CoreInst = "RAM">   --->   Core 82 'RAM' <Latency = 3> <II = 1> <Delay = 1.86> <Storage> <Opcode : 'load' 'store'> <Ports = 2> <Width = 8> <Depth = 16> <RAM>
ST_97 : Operation 932 [1/2] (1.86ns)   --->   "%store_ln261 = store i8 %xor_ln261_14, i4 %buf_addr_6" [aes.cpp:261]   --->   Operation 932 'store' 'store_ln261' <Predicate = (!icmp_ln338 & !trunc_ln343)> <Delay = 1.86> <CoreInst = "RAM">   --->   Core 82 'RAM' <Latency = 3> <II = 1> <Delay = 1.86> <Storage> <Opcode : 'load' 'store'> <Ports = 2> <Width = 8> <Depth = 16> <RAM>
ST_97 : Operation 933 [1/2] (1.88ns)   --->   "%add_ln338 = add i4 %i_3, i4 1" [aes.cpp:338]   --->   Operation 933 'add' 'add_ln338' <Predicate = (!icmp_ln338)> <Delay = 1.88> <CoreInst = "Adder">   --->   Core 1 'Adder' <Latency = 1> <II = 1> <Delay = 1.88> <FuncUnit> <Opcode : 'add' 'sub'> <InPorts = 2> <OutPorts = 1>
ST_97 : Operation 934 [1/2] (1.86ns)   --->   "%store_ln261 = store i8 %storemerge, i4 %buf_addr_18" [aes.cpp:261]   --->   Operation 934 'store' 'store_ln261' <Predicate = (!icmp_ln338)> <Delay = 1.86> <CoreInst = "RAM">   --->   Core 82 'RAM' <Latency = 3> <II = 1> <Delay = 1.86> <Storage> <Opcode : 'load' 'store'> <Ports = 2> <Width = 8> <Depth = 16> <RAM>
ST_97 : Operation 935 [1/1] (0.00ns)   --->   "%br_ln0 = br void"   --->   Operation 935 'br' 'br_ln0' <Predicate = (!icmp_ln338)> <Delay = 0.00>

State 98 <SV = 58> <Delay = 1.86>
ST_98 : Operation 936 [1/1] (0.99ns)   --->   "%xor_ln261_1 = xor i8 %buf_load_26, i8 %ctx_load_3" [aes.cpp:261]   --->   Operation 936 'xor' 'xor_ln261_1' <Predicate = (!icmp_ln338 & !trunc_ln343)> <Delay = 0.99> <CoreInst = "LogicGate">   --->   Core 74 'LogicGate' <Latency = 0> <II = 1> <Delay = 0.99> <FuncUnit> <Opcode : 'and' 'or' 'xor'> <InPorts = 2> <OutPorts = 1>
ST_98 : Operation 937 [1/1] (0.99ns)   --->   "%xor_ln261_2 = xor i8 %buf_load_28, i8 %ctx_load_4" [aes.cpp:261]   --->   Operation 937 'xor' 'xor_ln261_2' <Predicate = (!icmp_ln338 & !trunc_ln343)> <Delay = 0.99> <CoreInst = "LogicGate">   --->   Core 74 'LogicGate' <Latency = 0> <II = 1> <Delay = 0.99> <FuncUnit> <Opcode : 'and' 'or' 'xor'> <InPorts = 2> <OutPorts = 1>
ST_98 : Operation 938 [1/4] (1.86ns)   --->   "%ctx_load_6 = load i7 %ctx_addr_10" [aes.cpp:261]   --->   Operation 938 'load' 'ctx_load_6' <Predicate = (!icmp_ln338 & !trunc_ln343)> <Delay = 1.86> <CoreInst = "RAM">   --->   Core 82 'RAM' <Latency = 3> <II = 1> <Delay = 1.86> <Storage> <Opcode : 'load' 'store'> <Ports = 2> <Width = 8> <Depth = 96> <RAM>
ST_98 : Operation 939 [1/4] (1.86ns)   --->   "%ctx_load_7 = load i7 %ctx_addr_11" [aes.cpp:261]   --->   Operation 939 'load' 'ctx_load_7' <Predicate = (!icmp_ln338 & !trunc_ln343)> <Delay = 1.86> <CoreInst = "RAM">   --->   Core 82 'RAM' <Latency = 3> <II = 1> <Delay = 1.86> <Storage> <Opcode : 'load' 'store'> <Ports = 2> <Width = 8> <Depth = 96> <RAM>
ST_98 : Operation 940 [2/4] (1.86ns)   --->   "%ctx_load_8 = load i7 %ctx_addr_12" [aes.cpp:261]   --->   Operation 940 'load' 'ctx_load_8' <Predicate = (!icmp_ln338 & !trunc_ln343)> <Delay = 1.86> <CoreInst = "RAM">   --->   Core 82 'RAM' <Latency = 3> <II = 1> <Delay = 1.86> <Storage> <Opcode : 'load' 'store'> <Ports = 2> <Width = 8> <Depth = 96> <RAM>
ST_98 : Operation 941 [2/4] (1.86ns)   --->   "%ctx_load_9 = load i7 %ctx_addr_13" [aes.cpp:261]   --->   Operation 941 'load' 'ctx_load_9' <Predicate = (!icmp_ln338 & !trunc_ln343)> <Delay = 1.86> <CoreInst = "RAM">   --->   Core 82 'RAM' <Latency = 3> <II = 1> <Delay = 1.86> <Storage> <Opcode : 'load' 'store'> <Ports = 2> <Width = 8> <Depth = 96> <RAM>
ST_98 : Operation 942 [3/4] (1.86ns)   --->   "%ctx_load_10 = load i7 %ctx_addr_14" [aes.cpp:261]   --->   Operation 942 'load' 'ctx_load_10' <Predicate = (!icmp_ln338 & !trunc_ln343)> <Delay = 1.86> <CoreInst = "RAM">   --->   Core 82 'RAM' <Latency = 3> <II = 1> <Delay = 1.86> <Storage> <Opcode : 'load' 'store'> <Ports = 2> <Width = 8> <Depth = 96> <RAM>
ST_98 : Operation 943 [3/4] (1.86ns)   --->   "%ctx_load_11 = load i7 %ctx_addr_15" [aes.cpp:261]   --->   Operation 943 'load' 'ctx_load_11' <Predicate = (!icmp_ln338 & !trunc_ln343)> <Delay = 1.86> <CoreInst = "RAM">   --->   Core 82 'RAM' <Latency = 3> <II = 1> <Delay = 1.86> <Storage> <Opcode : 'load' 'store'> <Ports = 2> <Width = 8> <Depth = 96> <RAM>
ST_98 : Operation 944 [2/2] (1.86ns)   --->   "%store_ln261 = store i8 %xor_ln261_10, i4 %buf_addr_12" [aes.cpp:261]   --->   Operation 944 'store' 'store_ln261' <Predicate = (!icmp_ln338 & !trunc_ln343)> <Delay = 1.86> <CoreInst = "RAM">   --->   Core 82 'RAM' <Latency = 3> <II = 1> <Delay = 1.86> <Storage> <Opcode : 'load' 'store'> <Ports = 2> <Width = 8> <Depth = 16> <RAM>
ST_98 : Operation 945 [2/2] (1.86ns)   --->   "%store_ln261 = store i8 %xor_ln261_11, i4 %buf_addr_2" [aes.cpp:261]   --->   Operation 945 'store' 'store_ln261' <Predicate = (!icmp_ln338 & !trunc_ln343)> <Delay = 1.86> <CoreInst = "RAM">   --->   Core 82 'RAM' <Latency = 3> <II = 1> <Delay = 1.86> <Storage> <Opcode : 'load' 'store'> <Ports = 2> <Width = 8> <Depth = 16> <RAM>
ST_98 : Operation 946 [1/2] (1.86ns)   --->   "%store_ln261 = store i8 %xor_ln261_12, i4 %buf_addr_17" [aes.cpp:261]   --->   Operation 946 'store' 'store_ln261' <Predicate = (!icmp_ln338 & !trunc_ln343)> <Delay = 1.86> <CoreInst = "RAM">   --->   Core 82 'RAM' <Latency = 3> <II = 1> <Delay = 1.86> <Storage> <Opcode : 'load' 'store'> <Ports = 2> <Width = 8> <Depth = 16> <RAM>
ST_98 : Operation 947 [1/2] (1.86ns)   --->   "%store_ln261 = store i8 %xor_ln261_13, i4 %buf_addr_7" [aes.cpp:261]   --->   Operation 947 'store' 'store_ln261' <Predicate = (!icmp_ln338 & !trunc_ln343)> <Delay = 1.86> <CoreInst = "RAM">   --->   Core 82 'RAM' <Latency = 3> <II = 1> <Delay = 1.86> <Storage> <Opcode : 'load' 'store'> <Ports = 2> <Width = 8> <Depth = 16> <RAM>

State 99 <SV = 59> <Delay = 1.86>
ST_99 : Operation 948 [2/2] (1.86ns)   --->   "%store_ln261 = store i8 %xor_ln261_1, i4 %buf_addr_8" [aes.cpp:261]   --->   Operation 948 'store' 'store_ln261' <Predicate = (!icmp_ln338 & !trunc_ln343)> <Delay = 1.86> <CoreInst = "RAM">   --->   Core 82 'RAM' <Latency = 3> <II = 1> <Delay = 1.86> <Storage> <Opcode : 'load' 'store'> <Ports = 2> <Width = 8> <Depth = 16> <RAM>
ST_99 : Operation 949 [2/2] (1.86ns)   --->   "%store_ln261 = store i8 %xor_ln261_2, i4 %buf_addr_11" [aes.cpp:261]   --->   Operation 949 'store' 'store_ln261' <Predicate = (!icmp_ln338 & !trunc_ln343)> <Delay = 1.86> <CoreInst = "RAM">   --->   Core 82 'RAM' <Latency = 3> <II = 1> <Delay = 1.86> <Storage> <Opcode : 'load' 'store'> <Ports = 2> <Width = 8> <Depth = 16> <RAM>
ST_99 : Operation 950 [1/1] (0.99ns)   --->   "%xor_ln261_3 = xor i8 %buf_load_29, i8 %ctx_load_5" [aes.cpp:261]   --->   Operation 950 'xor' 'xor_ln261_3' <Predicate = (!icmp_ln338 & !trunc_ln343)> <Delay = 0.99> <CoreInst = "LogicGate">   --->   Core 74 'LogicGate' <Latency = 0> <II = 1> <Delay = 0.99> <FuncUnit> <Opcode : 'and' 'or' 'xor'> <InPorts = 2> <OutPorts = 1>
ST_99 : Operation 951 [1/1] (0.99ns)   --->   "%xor_ln261_4 = xor i8 %buf_load_30, i8 %ctx_load_6" [aes.cpp:261]   --->   Operation 951 'xor' 'xor_ln261_4' <Predicate = (!icmp_ln338 & !trunc_ln343)> <Delay = 0.99> <CoreInst = "LogicGate">   --->   Core 74 'LogicGate' <Latency = 0> <II = 1> <Delay = 0.99> <FuncUnit> <Opcode : 'and' 'or' 'xor'> <InPorts = 2> <OutPorts = 1>
ST_99 : Operation 952 [1/4] (1.86ns)   --->   "%ctx_load_8 = load i7 %ctx_addr_12" [aes.cpp:261]   --->   Operation 952 'load' 'ctx_load_8' <Predicate = (!icmp_ln338 & !trunc_ln343)> <Delay = 1.86> <CoreInst = "RAM">   --->   Core 82 'RAM' <Latency = 3> <II = 1> <Delay = 1.86> <Storage> <Opcode : 'load' 'store'> <Ports = 2> <Width = 8> <Depth = 96> <RAM>
ST_99 : Operation 953 [1/4] (1.86ns)   --->   "%ctx_load_9 = load i7 %ctx_addr_13" [aes.cpp:261]   --->   Operation 953 'load' 'ctx_load_9' <Predicate = (!icmp_ln338 & !trunc_ln343)> <Delay = 1.86> <CoreInst = "RAM">   --->   Core 82 'RAM' <Latency = 3> <II = 1> <Delay = 1.86> <Storage> <Opcode : 'load' 'store'> <Ports = 2> <Width = 8> <Depth = 96> <RAM>
ST_99 : Operation 954 [2/4] (1.86ns)   --->   "%ctx_load_10 = load i7 %ctx_addr_14" [aes.cpp:261]   --->   Operation 954 'load' 'ctx_load_10' <Predicate = (!icmp_ln338 & !trunc_ln343)> <Delay = 1.86> <CoreInst = "RAM">   --->   Core 82 'RAM' <Latency = 3> <II = 1> <Delay = 1.86> <Storage> <Opcode : 'load' 'store'> <Ports = 2> <Width = 8> <Depth = 96> <RAM>
ST_99 : Operation 955 [2/4] (1.86ns)   --->   "%ctx_load_11 = load i7 %ctx_addr_15" [aes.cpp:261]   --->   Operation 955 'load' 'ctx_load_11' <Predicate = (!icmp_ln338 & !trunc_ln343)> <Delay = 1.86> <CoreInst = "RAM">   --->   Core 82 'RAM' <Latency = 3> <II = 1> <Delay = 1.86> <Storage> <Opcode : 'load' 'store'> <Ports = 2> <Width = 8> <Depth = 96> <RAM>
ST_99 : Operation 956 [1/2] (1.86ns)   --->   "%store_ln261 = store i8 %xor_ln261_10, i4 %buf_addr_12" [aes.cpp:261]   --->   Operation 956 'store' 'store_ln261' <Predicate = (!icmp_ln338 & !trunc_ln343)> <Delay = 1.86> <CoreInst = "RAM">   --->   Core 82 'RAM' <Latency = 3> <II = 1> <Delay = 1.86> <Storage> <Opcode : 'load' 'store'> <Ports = 2> <Width = 8> <Depth = 16> <RAM>
ST_99 : Operation 957 [1/2] (1.86ns)   --->   "%store_ln261 = store i8 %xor_ln261_11, i4 %buf_addr_2" [aes.cpp:261]   --->   Operation 957 'store' 'store_ln261' <Predicate = (!icmp_ln338 & !trunc_ln343)> <Delay = 1.86> <CoreInst = "RAM">   --->   Core 82 'RAM' <Latency = 3> <II = 1> <Delay = 1.86> <Storage> <Opcode : 'load' 'store'> <Ports = 2> <Width = 8> <Depth = 16> <RAM>

State 100 <SV = 60> <Delay = 1.86>
ST_100 : Operation 958 [1/2] (1.86ns)   --->   "%store_ln261 = store i8 %xor_ln261_1, i4 %buf_addr_8" [aes.cpp:261]   --->   Operation 958 'store' 'store_ln261' <Predicate = (!icmp_ln338 & !trunc_ln343)> <Delay = 1.86> <CoreInst = "RAM">   --->   Core 82 'RAM' <Latency = 3> <II = 1> <Delay = 1.86> <Storage> <Opcode : 'load' 'store'> <Ports = 2> <Width = 8> <Depth = 16> <RAM>
ST_100 : Operation 959 [1/2] (1.86ns)   --->   "%store_ln261 = store i8 %xor_ln261_2, i4 %buf_addr_11" [aes.cpp:261]   --->   Operation 959 'store' 'store_ln261' <Predicate = (!icmp_ln338 & !trunc_ln343)> <Delay = 1.86> <CoreInst = "RAM">   --->   Core 82 'RAM' <Latency = 3> <II = 1> <Delay = 1.86> <Storage> <Opcode : 'load' 'store'> <Ports = 2> <Width = 8> <Depth = 16> <RAM>
ST_100 : Operation 960 [2/2] (1.86ns)   --->   "%store_ln261 = store i8 %xor_ln261_3, i4 %buf_addr_4" [aes.cpp:261]   --->   Operation 960 'store' 'store_ln261' <Predicate = (!icmp_ln338 & !trunc_ln343)> <Delay = 1.86> <CoreInst = "RAM">   --->   Core 82 'RAM' <Latency = 3> <II = 1> <Delay = 1.86> <Storage> <Opcode : 'load' 'store'> <Ports = 2> <Width = 8> <Depth = 16> <RAM>
ST_100 : Operation 961 [2/2] (1.86ns)   --->   "%store_ln261 = store i8 %xor_ln261_4, i4 %buf_addr_14" [aes.cpp:261]   --->   Operation 961 'store' 'store_ln261' <Predicate = (!icmp_ln338 & !trunc_ln343)> <Delay = 1.86> <CoreInst = "RAM">   --->   Core 82 'RAM' <Latency = 3> <II = 1> <Delay = 1.86> <Storage> <Opcode : 'load' 'store'> <Ports = 2> <Width = 8> <Depth = 16> <RAM>
ST_100 : Operation 962 [1/1] (0.99ns)   --->   "%xor_ln261_5 = xor i8 %buf_load_31, i8 %ctx_load_7" [aes.cpp:261]   --->   Operation 962 'xor' 'xor_ln261_5' <Predicate = (!icmp_ln338 & !trunc_ln343)> <Delay = 0.99> <CoreInst = "LogicGate">   --->   Core 74 'LogicGate' <Latency = 0> <II = 1> <Delay = 0.99> <FuncUnit> <Opcode : 'and' 'or' 'xor'> <InPorts = 2> <OutPorts = 1>
ST_100 : Operation 963 [1/1] (0.99ns)   --->   "%xor_ln261_6 = xor i8 %buf_load_32, i8 %ctx_load_8" [aes.cpp:261]   --->   Operation 963 'xor' 'xor_ln261_6' <Predicate = (!icmp_ln338 & !trunc_ln343)> <Delay = 0.99> <CoreInst = "LogicGate">   --->   Core 74 'LogicGate' <Latency = 0> <II = 1> <Delay = 0.99> <FuncUnit> <Opcode : 'and' 'or' 'xor'> <InPorts = 2> <OutPorts = 1>
ST_100 : Operation 964 [1/4] (1.86ns)   --->   "%ctx_load_10 = load i7 %ctx_addr_14" [aes.cpp:261]   --->   Operation 964 'load' 'ctx_load_10' <Predicate = (!icmp_ln338 & !trunc_ln343)> <Delay = 1.86> <CoreInst = "RAM">   --->   Core 82 'RAM' <Latency = 3> <II = 1> <Delay = 1.86> <Storage> <Opcode : 'load' 'store'> <Ports = 2> <Width = 8> <Depth = 96> <RAM>
ST_100 : Operation 965 [1/4] (1.86ns)   --->   "%ctx_load_11 = load i7 %ctx_addr_15" [aes.cpp:261]   --->   Operation 965 'load' 'ctx_load_11' <Predicate = (!icmp_ln338 & !trunc_ln343)> <Delay = 1.86> <CoreInst = "RAM">   --->   Core 82 'RAM' <Latency = 3> <II = 1> <Delay = 1.86> <Storage> <Opcode : 'load' 'store'> <Ports = 2> <Width = 8> <Depth = 96> <RAM>

State 101 <SV = 61> <Delay = 1.86>
ST_101 : Operation 966 [1/2] (1.86ns)   --->   "%store_ln261 = store i8 %xor_ln261_3, i4 %buf_addr_4" [aes.cpp:261]   --->   Operation 966 'store' 'store_ln261' <Predicate = (!icmp_ln338 & !trunc_ln343)> <Delay = 1.86> <CoreInst = "RAM">   --->   Core 82 'RAM' <Latency = 3> <II = 1> <Delay = 1.86> <Storage> <Opcode : 'load' 'store'> <Ports = 2> <Width = 8> <Depth = 16> <RAM>
ST_101 : Operation 967 [1/2] (1.86ns)   --->   "%store_ln261 = store i8 %xor_ln261_4, i4 %buf_addr_14" [aes.cpp:261]   --->   Operation 967 'store' 'store_ln261' <Predicate = (!icmp_ln338 & !trunc_ln343)> <Delay = 1.86> <CoreInst = "RAM">   --->   Core 82 'RAM' <Latency = 3> <II = 1> <Delay = 1.86> <Storage> <Opcode : 'load' 'store'> <Ports = 2> <Width = 8> <Depth = 16> <RAM>
ST_101 : Operation 968 [2/2] (1.86ns)   --->   "%store_ln261 = store i8 %xor_ln261_5, i4 %buf_addr_9" [aes.cpp:261]   --->   Operation 968 'store' 'store_ln261' <Predicate = (!icmp_ln338 & !trunc_ln343)> <Delay = 1.86> <CoreInst = "RAM">   --->   Core 82 'RAM' <Latency = 3> <II = 1> <Delay = 1.86> <Storage> <Opcode : 'load' 'store'> <Ports = 2> <Width = 8> <Depth = 16> <RAM>
ST_101 : Operation 969 [2/2] (1.86ns)   --->   "%store_ln261 = store i8 %xor_ln261_6, i4 %buf_addr_5" [aes.cpp:261]   --->   Operation 969 'store' 'store_ln261' <Predicate = (!icmp_ln338 & !trunc_ln343)> <Delay = 1.86> <CoreInst = "RAM">   --->   Core 82 'RAM' <Latency = 3> <II = 1> <Delay = 1.86> <Storage> <Opcode : 'load' 'store'> <Ports = 2> <Width = 8> <Depth = 16> <RAM>
ST_101 : Operation 970 [1/1] (0.99ns)   --->   "%xor_ln261_7 = xor i8 %buf_load_33, i8 %ctx_load_9" [aes.cpp:261]   --->   Operation 970 'xor' 'xor_ln261_7' <Predicate = (!icmp_ln338 & !trunc_ln343)> <Delay = 0.99> <CoreInst = "LogicGate">   --->   Core 74 'LogicGate' <Latency = 0> <II = 1> <Delay = 0.99> <FuncUnit> <Opcode : 'and' 'or' 'xor'> <InPorts = 2> <OutPorts = 1>
ST_101 : Operation 971 [1/1] (0.99ns)   --->   "%xor_ln261_8 = xor i8 %buf_load_34, i8 %ctx_load_10" [aes.cpp:261]   --->   Operation 971 'xor' 'xor_ln261_8' <Predicate = (!icmp_ln338 & !trunc_ln343)> <Delay = 0.99> <CoreInst = "LogicGate">   --->   Core 74 'LogicGate' <Latency = 0> <II = 1> <Delay = 0.99> <FuncUnit> <Opcode : 'and' 'or' 'xor'> <InPorts = 2> <OutPorts = 1>

State 102 <SV = 62> <Delay = 1.86>
ST_102 : Operation 972 [1/2] (1.86ns)   --->   "%store_ln261 = store i8 %xor_ln261_5, i4 %buf_addr_9" [aes.cpp:261]   --->   Operation 972 'store' 'store_ln261' <Predicate = (!icmp_ln338 & !trunc_ln343)> <Delay = 1.86> <CoreInst = "RAM">   --->   Core 82 'RAM' <Latency = 3> <II = 1> <Delay = 1.86> <Storage> <Opcode : 'load' 'store'> <Ports = 2> <Width = 8> <Depth = 16> <RAM>
ST_102 : Operation 973 [1/2] (1.86ns)   --->   "%store_ln261 = store i8 %xor_ln261_6, i4 %buf_addr_5" [aes.cpp:261]   --->   Operation 973 'store' 'store_ln261' <Predicate = (!icmp_ln338 & !trunc_ln343)> <Delay = 1.86> <CoreInst = "RAM">   --->   Core 82 'RAM' <Latency = 3> <II = 1> <Delay = 1.86> <Storage> <Opcode : 'load' 'store'> <Ports = 2> <Width = 8> <Depth = 16> <RAM>
ST_102 : Operation 974 [2/2] (1.86ns)   --->   "%store_ln261 = store i8 %xor_ln261_7, i4 %buf_addr_3" [aes.cpp:261]   --->   Operation 974 'store' 'store_ln261' <Predicate = (!icmp_ln338 & !trunc_ln343)> <Delay = 1.86> <CoreInst = "RAM">   --->   Core 82 'RAM' <Latency = 3> <II = 1> <Delay = 1.86> <Storage> <Opcode : 'load' 'store'> <Ports = 2> <Width = 8> <Depth = 16> <RAM>
ST_102 : Operation 975 [2/2] (1.86ns)   --->   "%store_ln261 = store i8 %xor_ln261_8, i4 %buf_addr_16" [aes.cpp:261]   --->   Operation 975 'store' 'store_ln261' <Predicate = (!icmp_ln338 & !trunc_ln343)> <Delay = 1.86> <CoreInst = "RAM">   --->   Core 82 'RAM' <Latency = 3> <II = 1> <Delay = 1.86> <Storage> <Opcode : 'load' 'store'> <Ports = 2> <Width = 8> <Depth = 16> <RAM>
ST_102 : Operation 976 [1/1] (0.99ns)   --->   "%xor_ln261_9 = xor i8 %buf_load_35, i8 %ctx_load_11" [aes.cpp:261]   --->   Operation 976 'xor' 'xor_ln261_9' <Predicate = (!icmp_ln338 & !trunc_ln343)> <Delay = 0.99> <CoreInst = "LogicGate">   --->   Core 74 'LogicGate' <Latency = 0> <II = 1> <Delay = 0.99> <FuncUnit> <Opcode : 'and' 'or' 'xor'> <InPorts = 2> <OutPorts = 1>

State 103 <SV = 63> <Delay = 1.86>
ST_103 : Operation 977 [1/2] (1.86ns)   --->   "%store_ln261 = store i8 %xor_ln261_7, i4 %buf_addr_3" [aes.cpp:261]   --->   Operation 977 'store' 'store_ln261' <Predicate = (!icmp_ln338 & !trunc_ln343)> <Delay = 1.86> <CoreInst = "RAM">   --->   Core 82 'RAM' <Latency = 3> <II = 1> <Delay = 1.86> <Storage> <Opcode : 'load' 'store'> <Ports = 2> <Width = 8> <Depth = 16> <RAM>
ST_103 : Operation 978 [1/2] (1.86ns)   --->   "%store_ln261 = store i8 %xor_ln261_8, i4 %buf_addr_16" [aes.cpp:261]   --->   Operation 978 'store' 'store_ln261' <Predicate = (!icmp_ln338 & !trunc_ln343)> <Delay = 1.86> <CoreInst = "RAM">   --->   Core 82 'RAM' <Latency = 3> <II = 1> <Delay = 1.86> <Storage> <Opcode : 'load' 'store'> <Ports = 2> <Width = 8> <Depth = 16> <RAM>
ST_103 : Operation 979 [2/2] (1.86ns)   --->   "%store_ln261 = store i8 %xor_ln261_9, i4 %buf_addr_10" [aes.cpp:261]   --->   Operation 979 'store' 'store_ln261' <Predicate = (!icmp_ln338 & !trunc_ln343)> <Delay = 1.86> <CoreInst = "RAM">   --->   Core 82 'RAM' <Latency = 3> <II = 1> <Delay = 1.86> <Storage> <Opcode : 'load' 'store'> <Ports = 2> <Width = 8> <Depth = 16> <RAM>

State 104 <SV = 64> <Delay = 1.86>
ST_104 : Operation 980 [1/2] (1.86ns)   --->   "%store_ln261 = store i8 %xor_ln261_9, i4 %buf_addr_10" [aes.cpp:261]   --->   Operation 980 'store' 'store_ln261' <Predicate = (!icmp_ln338 & !trunc_ln343)> <Delay = 1.86> <CoreInst = "RAM">   --->   Core 82 'RAM' <Latency = 3> <II = 1> <Delay = 1.86> <Storage> <Opcode : 'load' 'store'> <Ports = 2> <Width = 8> <Depth = 16> <RAM>

State 105 <SV = 15> <Delay = 1.46>
ST_105 : Operation 981 [1/1] (1.46ns)   --->   "%br_ln0 = br void %.preheader"   --->   Operation 981 'br' 'br_ln0' <Predicate = true> <Delay = 1.46>

State 106 <SV = 16> <Delay = 1.88>
ST_106 : Operation 982 [1/1] (0.00ns)   --->   "%i_4 = phi i4 %add_ln253, void %.preheader, i4 15, void %.preheader.preheader" [aes.cpp:253]   --->   Operation 982 'phi' 'i_4' <Predicate = true> <Delay = 0.00>
ST_106 : Operation 983 [2/2] (1.88ns)   --->   "%add_ln253 = add i4 %i_4, i4 15" [aes.cpp:253]   --->   Operation 983 'add' 'add_ln253' <Predicate = true> <Delay = 1.88> <CoreInst = "Adder">   --->   Core 1 'Adder' <Latency = 1> <II = 1> <Delay = 1.88> <FuncUnit> <Opcode : 'add' 'sub'> <InPorts = 2> <OutPorts = 1>

State 107 <SV = 17> <Delay = 3.77>
ST_107 : Operation 984 [1/2] (1.88ns)   --->   "%add_ln253 = add i4 %i_4, i4 15" [aes.cpp:253]   --->   Operation 984 'add' 'add_ln253' <Predicate = true> <Delay = 1.88> <CoreInst = "Adder">   --->   Core 1 'Adder' <Latency = 1> <II = 1> <Delay = 1.88> <FuncUnit> <Opcode : 'add' 'sub'> <InPorts = 2> <OutPorts = 1>
ST_107 : Operation 985 [1/1] (0.00ns)   --->   "%i_4_cast = zext i4 %i_4" [aes.cpp:253]   --->   Operation 985 'zext' 'i_4_cast' <Predicate = true> <Delay = 0.00>
ST_107 : Operation 986 [1/1] (0.00ns)   --->   "%buf_addr_13 = getelementptr i8 %buf_r, i64 0, i64 %i_4_cast" [aes.cpp:253]   --->   Operation 986 'getelementptr' 'buf_addr_13' <Predicate = true> <Delay = 0.00>
ST_107 : Operation 987 [4/4] (1.86ns)   --->   "%buf_load_1 = load i4 %buf_addr_13" [aes.cpp:253]   --->   Operation 987 'load' 'buf_load_1' <Predicate = true> <Delay = 1.86> <CoreInst = "RAM">   --->   Core 82 'RAM' <Latency = 3> <II = 1> <Delay = 1.86> <Storage> <Opcode : 'load' 'store'> <Ports = 2> <Width = 8> <Depth = 16> <RAM>
ST_107 : Operation 988 [1/1] (1.30ns)   --->   "%icmp_ln253 = icmp_eq  i4 %i_4, i4 0" [aes.cpp:253]   --->   Operation 988 'icmp' 'icmp_ln253' <Predicate = true> <Delay = 1.30> <CoreInst = "Cmp">   --->   Core 9 'Cmp' <Latency = 0> <II = 1> <Delay = 1.30> <FuncUnit> <Opcode : 'icmp'> <InPorts = 2> <OutPorts = 1>
ST_107 : Operation 989 [1/1] (0.00ns)   --->   "%br_ln253 = br i1 %icmp_ln253, void %.preheader, void %_Z12aes_subBytesPh.exit54" [aes.cpp:253]   --->   Operation 989 'br' 'br_ln253' <Predicate = true> <Delay = 0.00>

State 108 <SV = 18> <Delay = 1.86>
ST_108 : Operation 990 [3/4] (1.86ns)   --->   "%buf_load_1 = load i4 %buf_addr_13" [aes.cpp:253]   --->   Operation 990 'load' 'buf_load_1' <Predicate = true> <Delay = 1.86> <CoreInst = "RAM">   --->   Core 82 'RAM' <Latency = 3> <II = 1> <Delay = 1.86> <Storage> <Opcode : 'load' 'store'> <Ports = 2> <Width = 8> <Depth = 16> <RAM>

State 109 <SV = 19> <Delay = 1.86>
ST_109 : Operation 991 [2/4] (1.86ns)   --->   "%buf_load_1 = load i4 %buf_addr_13" [aes.cpp:253]   --->   Operation 991 'load' 'buf_load_1' <Predicate = true> <Delay = 1.86> <CoreInst = "RAM">   --->   Core 82 'RAM' <Latency = 3> <II = 1> <Delay = 1.86> <Storage> <Opcode : 'load' 'store'> <Ports = 2> <Width = 8> <Depth = 16> <RAM>

State 110 <SV = 20> <Delay = 1.86>
ST_110 : Operation 992 [1/4] (1.86ns)   --->   "%buf_load_1 = load i4 %buf_addr_13" [aes.cpp:253]   --->   Operation 992 'load' 'buf_load_1' <Predicate = true> <Delay = 1.86> <CoreInst = "RAM">   --->   Core 82 'RAM' <Latency = 3> <II = 1> <Delay = 1.86> <Storage> <Opcode : 'load' 'store'> <Ports = 2> <Width = 8> <Depth = 16> <RAM>

State 111 <SV = 21> <Delay = 1.68>
ST_111 : Operation 993 [1/1] (0.00ns)   --->   "%zext_ln253 = zext i8 %buf_load_1" [aes.cpp:253]   --->   Operation 993 'zext' 'zext_ln253' <Predicate = true> <Delay = 0.00>
ST_111 : Operation 994 [1/1] (0.00ns)   --->   "%sbox_addr = getelementptr i8 %sbox, i64 0, i64 %zext_ln253" [aes.cpp:253]   --->   Operation 994 'getelementptr' 'sbox_addr' <Predicate = true> <Delay = 0.00>
ST_111 : Operation 995 [4/4] (1.68ns)   --->   "%sbox_load = load i8 %sbox_addr" [aes.cpp:253]   --->   Operation 995 'load' 'sbox_load' <Predicate = true> <Delay = 1.68> <CoreInst = "ROM">   --->   Core 95 'ROM' <Latency = 3> <II = 1> <Delay = 1.68> <Storage> <Opcode : 'load'> <Ports = 0> <Width = 8> <Depth = 256> <ROM>

State 112 <SV = 22> <Delay = 1.68>
ST_112 : Operation 996 [3/4] (1.68ns)   --->   "%sbox_load = load i8 %sbox_addr" [aes.cpp:253]   --->   Operation 996 'load' 'sbox_load' <Predicate = true> <Delay = 1.68> <CoreInst = "ROM">   --->   Core 95 'ROM' <Latency = 3> <II = 1> <Delay = 1.68> <Storage> <Opcode : 'load'> <Ports = 0> <Width = 8> <Depth = 256> <ROM>

State 113 <SV = 23> <Delay = 1.68>
ST_113 : Operation 997 [2/4] (1.68ns)   --->   "%sbox_load = load i8 %sbox_addr" [aes.cpp:253]   --->   Operation 997 'load' 'sbox_load' <Predicate = true> <Delay = 1.68> <CoreInst = "ROM">   --->   Core 95 'ROM' <Latency = 3> <II = 1> <Delay = 1.68> <Storage> <Opcode : 'load'> <Ports = 0> <Width = 8> <Depth = 256> <ROM>

State 114 <SV = 24> <Delay = 1.68>
ST_114 : Operation 998 [1/4] (1.68ns)   --->   "%sbox_load = load i8 %sbox_addr" [aes.cpp:253]   --->   Operation 998 'load' 'sbox_load' <Predicate = true> <Delay = 1.68> <CoreInst = "ROM">   --->   Core 95 'ROM' <Latency = 3> <II = 1> <Delay = 1.68> <Storage> <Opcode : 'load'> <Ports = 0> <Width = 8> <Depth = 256> <ROM>

State 115 <SV = 25> <Delay = 1.86>
ST_115 : Operation 999 [2/2] (1.86ns)   --->   "%store_ln253 = store i8 %sbox_load, i4 %buf_addr_13" [aes.cpp:253]   --->   Operation 999 'store' 'store_ln253' <Predicate = true> <Delay = 1.86> <CoreInst = "RAM">   --->   Core 82 'RAM' <Latency = 3> <II = 1> <Delay = 1.86> <Storage> <Opcode : 'load' 'store'> <Ports = 2> <Width = 8> <Depth = 16> <RAM>

State 116 <SV = 26> <Delay = 1.86>
ST_116 : Operation 1000 [1/1] (0.00ns)   --->   "%specpipeline_ln0 = specpipeline void @_ssdm_op_SpecPipeline, i32 4294967295, i32 0, i32 1, i32 0, void @p_str"   --->   Operation 1000 'specpipeline' 'specpipeline_ln0' <Predicate = true> <Delay = 0.00>
ST_116 : Operation 1001 [1/1] (0.00ns)   --->   "%specloopname_ln253 = specloopname void @_ssdm_op_SpecLoopName, void @empty_7" [aes.cpp:253]   --->   Operation 1001 'specloopname' 'specloopname_ln253' <Predicate = true> <Delay = 0.00>
ST_116 : Operation 1002 [1/2] (1.86ns)   --->   "%store_ln253 = store i8 %sbox_load, i4 %buf_addr_13" [aes.cpp:253]   --->   Operation 1002 'store' 'store_ln253' <Predicate = true> <Delay = 1.86> <CoreInst = "RAM">   --->   Core 82 'RAM' <Latency = 3> <II = 1> <Delay = 1.86> <Storage> <Opcode : 'load' 'store'> <Ports = 2> <Width = 8> <Depth = 16> <RAM>
ST_116 : Operation 1003 [1/1] (0.00ns)   --->   "%empty_14 = speclooptripcount i32 @_ssdm_op_SpecLoopTripCount, i64 16, i64 16, i64 16"   --->   Operation 1003 'speclooptripcount' 'empty_14' <Predicate = true> <Delay = 0.00>

State 117 <SV = 27> <Delay = 1.86>
ST_117 : Operation 1004 [4/4] (1.86ns)   --->   "%buf_load_4 = load i4 %buf_addr_2" [aes.cpp:278]   --->   Operation 1004 'load' 'buf_load_4' <Predicate = true> <Delay = 1.86> <CoreInst = "RAM">   --->   Core 82 'RAM' <Latency = 3> <II = 1> <Delay = 1.86> <Storage> <Opcode : 'load' 'store'> <Ports = 2> <Width = 8> <Depth = 16> <RAM>

State 118 <SV = 28> <Delay = 1.86>
ST_118 : Operation 1005 [4/4] (1.86ns)   --->   "%i_7 = load i4 %buf_addr_1" [aes.cpp:278]   --->   Operation 1005 'load' 'i_7' <Predicate = true> <Delay = 1.86> <CoreInst = "RAM">   --->   Core 82 'RAM' <Latency = 3> <II = 1> <Delay = 1.86> <Storage> <Opcode : 'load' 'store'> <Ports = 2> <Width = 8> <Depth = 16> <RAM>
ST_118 : Operation 1006 [3/4] (1.86ns)   --->   "%buf_load_4 = load i4 %buf_addr_2" [aes.cpp:278]   --->   Operation 1006 'load' 'buf_load_4' <Predicate = true> <Delay = 1.86> <CoreInst = "RAM">   --->   Core 82 'RAM' <Latency = 3> <II = 1> <Delay = 1.86> <Storage> <Opcode : 'load' 'store'> <Ports = 2> <Width = 8> <Depth = 16> <RAM>
ST_118 : Operation 1007 [4/4] (1.86ns)   --->   "%buf_load_6 = load i4 %buf_addr_4" [aes.cpp:278]   --->   Operation 1007 'load' 'buf_load_6' <Predicate = true> <Delay = 1.86> <CoreInst = "RAM">   --->   Core 82 'RAM' <Latency = 3> <II = 1> <Delay = 1.86> <Storage> <Opcode : 'load' 'store'> <Ports = 2> <Width = 8> <Depth = 16> <RAM>

State 119 <SV = 29> <Delay = 1.86>
ST_119 : Operation 1008 [3/4] (1.86ns)   --->   "%i_7 = load i4 %buf_addr_1" [aes.cpp:278]   --->   Operation 1008 'load' 'i_7' <Predicate = true> <Delay = 1.86> <CoreInst = "RAM">   --->   Core 82 'RAM' <Latency = 3> <II = 1> <Delay = 1.86> <Storage> <Opcode : 'load' 'store'> <Ports = 2> <Width = 8> <Depth = 16> <RAM>
ST_119 : Operation 1009 [2/4] (1.86ns)   --->   "%buf_load_4 = load i4 %buf_addr_2" [aes.cpp:278]   --->   Operation 1009 'load' 'buf_load_4' <Predicate = true> <Delay = 1.86> <CoreInst = "RAM">   --->   Core 82 'RAM' <Latency = 3> <II = 1> <Delay = 1.86> <Storage> <Opcode : 'load' 'store'> <Ports = 2> <Width = 8> <Depth = 16> <RAM>
ST_119 : Operation 1010 [4/4] (1.86ns)   --->   "%buf_load_5 = load i4 %buf_addr_3" [aes.cpp:278]   --->   Operation 1010 'load' 'buf_load_5' <Predicate = true> <Delay = 1.86> <CoreInst = "RAM">   --->   Core 82 'RAM' <Latency = 3> <II = 1> <Delay = 1.86> <Storage> <Opcode : 'load' 'store'> <Ports = 2> <Width = 8> <Depth = 16> <RAM>
ST_119 : Operation 1011 [3/4] (1.86ns)   --->   "%buf_load_6 = load i4 %buf_addr_4" [aes.cpp:278]   --->   Operation 1011 'load' 'buf_load_6' <Predicate = true> <Delay = 1.86> <CoreInst = "RAM">   --->   Core 82 'RAM' <Latency = 3> <II = 1> <Delay = 1.86> <Storage> <Opcode : 'load' 'store'> <Ports = 2> <Width = 8> <Depth = 16> <RAM>
ST_119 : Operation 1012 [4/4] (1.86ns)   --->   "%buf_load_8 = load i4 %buf_addr_6" [aes.cpp:279]   --->   Operation 1012 'load' 'buf_load_8' <Predicate = true> <Delay = 1.86> <CoreInst = "RAM">   --->   Core 82 'RAM' <Latency = 3> <II = 1> <Delay = 1.86> <Storage> <Opcode : 'load' 'store'> <Ports = 2> <Width = 8> <Depth = 16> <RAM>

State 120 <SV = 30> <Delay = 1.86>
ST_120 : Operation 1013 [2/4] (1.86ns)   --->   "%i_7 = load i4 %buf_addr_1" [aes.cpp:278]   --->   Operation 1013 'load' 'i_7' <Predicate = true> <Delay = 1.86> <CoreInst = "RAM">   --->   Core 82 'RAM' <Latency = 3> <II = 1> <Delay = 1.86> <Storage> <Opcode : 'load' 'store'> <Ports = 2> <Width = 8> <Depth = 16> <RAM>
ST_120 : Operation 1014 [1/4] (1.86ns)   --->   "%buf_load_4 = load i4 %buf_addr_2" [aes.cpp:278]   --->   Operation 1014 'load' 'buf_load_4' <Predicate = true> <Delay = 1.86> <CoreInst = "RAM">   --->   Core 82 'RAM' <Latency = 3> <II = 1> <Delay = 1.86> <Storage> <Opcode : 'load' 'store'> <Ports = 2> <Width = 8> <Depth = 16> <RAM>
ST_120 : Operation 1015 [3/4] (1.86ns)   --->   "%buf_load_5 = load i4 %buf_addr_3" [aes.cpp:278]   --->   Operation 1015 'load' 'buf_load_5' <Predicate = true> <Delay = 1.86> <CoreInst = "RAM">   --->   Core 82 'RAM' <Latency = 3> <II = 1> <Delay = 1.86> <Storage> <Opcode : 'load' 'store'> <Ports = 2> <Width = 8> <Depth = 16> <RAM>
ST_120 : Operation 1016 [2/4] (1.86ns)   --->   "%buf_load_6 = load i4 %buf_addr_4" [aes.cpp:278]   --->   Operation 1016 'load' 'buf_load_6' <Predicate = true> <Delay = 1.86> <CoreInst = "RAM">   --->   Core 82 'RAM' <Latency = 3> <II = 1> <Delay = 1.86> <Storage> <Opcode : 'load' 'store'> <Ports = 2> <Width = 8> <Depth = 16> <RAM>
ST_120 : Operation 1017 [4/4] (1.86ns)   --->   "%i_8 = load i4 %buf_addr_5" [aes.cpp:279]   --->   Operation 1017 'load' 'i_8' <Predicate = true> <Delay = 1.86> <CoreInst = "RAM">   --->   Core 82 'RAM' <Latency = 3> <II = 1> <Delay = 1.86> <Storage> <Opcode : 'load' 'store'> <Ports = 2> <Width = 8> <Depth = 16> <RAM>
ST_120 : Operation 1018 [3/4] (1.86ns)   --->   "%buf_load_8 = load i4 %buf_addr_6" [aes.cpp:279]   --->   Operation 1018 'load' 'buf_load_8' <Predicate = true> <Delay = 1.86> <CoreInst = "RAM">   --->   Core 82 'RAM' <Latency = 3> <II = 1> <Delay = 1.86> <Storage> <Opcode : 'load' 'store'> <Ports = 2> <Width = 8> <Depth = 16> <RAM>
ST_120 : Operation 1019 [4/4] (1.86ns)   --->   "%buf_load_10 = load i4 %buf_addr_8" [aes.cpp:280]   --->   Operation 1019 'load' 'buf_load_10' <Predicate = true> <Delay = 1.86> <CoreInst = "RAM">   --->   Core 82 'RAM' <Latency = 3> <II = 1> <Delay = 1.86> <Storage> <Opcode : 'load' 'store'> <Ports = 2> <Width = 8> <Depth = 16> <RAM>

State 121 <SV = 31> <Delay = 1.86>
ST_121 : Operation 1020 [1/4] (1.86ns)   --->   "%i_7 = load i4 %buf_addr_1" [aes.cpp:278]   --->   Operation 1020 'load' 'i_7' <Predicate = true> <Delay = 1.86> <CoreInst = "RAM">   --->   Core 82 'RAM' <Latency = 3> <II = 1> <Delay = 1.86> <Storage> <Opcode : 'load' 'store'> <Ports = 2> <Width = 8> <Depth = 16> <RAM>
ST_121 : Operation 1021 [2/4] (1.86ns)   --->   "%buf_load_5 = load i4 %buf_addr_3" [aes.cpp:278]   --->   Operation 1021 'load' 'buf_load_5' <Predicate = true> <Delay = 1.86> <CoreInst = "RAM">   --->   Core 82 'RAM' <Latency = 3> <II = 1> <Delay = 1.86> <Storage> <Opcode : 'load' 'store'> <Ports = 2> <Width = 8> <Depth = 16> <RAM>
ST_121 : Operation 1022 [1/4] (1.86ns)   --->   "%buf_load_6 = load i4 %buf_addr_4" [aes.cpp:278]   --->   Operation 1022 'load' 'buf_load_6' <Predicate = true> <Delay = 1.86> <CoreInst = "RAM">   --->   Core 82 'RAM' <Latency = 3> <II = 1> <Delay = 1.86> <Storage> <Opcode : 'load' 'store'> <Ports = 2> <Width = 8> <Depth = 16> <RAM>
ST_121 : Operation 1023 [3/4] (1.86ns)   --->   "%i_8 = load i4 %buf_addr_5" [aes.cpp:279]   --->   Operation 1023 'load' 'i_8' <Predicate = true> <Delay = 1.86> <CoreInst = "RAM">   --->   Core 82 'RAM' <Latency = 3> <II = 1> <Delay = 1.86> <Storage> <Opcode : 'load' 'store'> <Ports = 2> <Width = 8> <Depth = 16> <RAM>
ST_121 : Operation 1024 [2/4] (1.86ns)   --->   "%buf_load_8 = load i4 %buf_addr_6" [aes.cpp:279]   --->   Operation 1024 'load' 'buf_load_8' <Predicate = true> <Delay = 1.86> <CoreInst = "RAM">   --->   Core 82 'RAM' <Latency = 3> <II = 1> <Delay = 1.86> <Storage> <Opcode : 'load' 'store'> <Ports = 2> <Width = 8> <Depth = 16> <RAM>
ST_121 : Operation 1025 [4/4] (1.86ns)   --->   "%j = load i4 %buf_addr_7" [aes.cpp:280]   --->   Operation 1025 'load' 'j' <Predicate = true> <Delay = 1.86> <CoreInst = "RAM">   --->   Core 82 'RAM' <Latency = 3> <II = 1> <Delay = 1.86> <Storage> <Opcode : 'load' 'store'> <Ports = 2> <Width = 8> <Depth = 16> <RAM>
ST_121 : Operation 1026 [3/4] (1.86ns)   --->   "%buf_load_10 = load i4 %buf_addr_8" [aes.cpp:280]   --->   Operation 1026 'load' 'buf_load_10' <Predicate = true> <Delay = 1.86> <CoreInst = "RAM">   --->   Core 82 'RAM' <Latency = 3> <II = 1> <Delay = 1.86> <Storage> <Opcode : 'load' 'store'> <Ports = 2> <Width = 8> <Depth = 16> <RAM>
ST_121 : Operation 1027 [4/4] (1.86ns)   --->   "%buf_load_12 = load i4 %buf_addr_10" [aes.cpp:280]   --->   Operation 1027 'load' 'buf_load_12' <Predicate = true> <Delay = 1.86> <CoreInst = "RAM">   --->   Core 82 'RAM' <Latency = 3> <II = 1> <Delay = 1.86> <Storage> <Opcode : 'load' 'store'> <Ports = 2> <Width = 8> <Depth = 16> <RAM>

State 122 <SV = 32> <Delay = 1.86>
ST_122 : Operation 1028 [1/1] (0.00ns)   --->   "%rcon_1_load = load i8 %rcon_1" [aes.cpp:348]   --->   Operation 1028 'load' 'rcon_1_load' <Predicate = true> <Delay = 0.00>
ST_122 : Operation 1029 [1/4] (1.86ns)   --->   "%buf_load_5 = load i4 %buf_addr_3" [aes.cpp:278]   --->   Operation 1029 'load' 'buf_load_5' <Predicate = true> <Delay = 1.86> <CoreInst = "RAM">   --->   Core 82 'RAM' <Latency = 3> <II = 1> <Delay = 1.86> <Storage> <Opcode : 'load' 'store'> <Ports = 2> <Width = 8> <Depth = 16> <RAM>
ST_122 : Operation 1030 [2/4] (1.86ns)   --->   "%i_8 = load i4 %buf_addr_5" [aes.cpp:279]   --->   Operation 1030 'load' 'i_8' <Predicate = true> <Delay = 1.86> <CoreInst = "RAM">   --->   Core 82 'RAM' <Latency = 3> <II = 1> <Delay = 1.86> <Storage> <Opcode : 'load' 'store'> <Ports = 2> <Width = 8> <Depth = 16> <RAM>
ST_122 : Operation 1031 [1/4] (1.86ns)   --->   "%buf_load_8 = load i4 %buf_addr_6" [aes.cpp:279]   --->   Operation 1031 'load' 'buf_load_8' <Predicate = true> <Delay = 1.86> <CoreInst = "RAM">   --->   Core 82 'RAM' <Latency = 3> <II = 1> <Delay = 1.86> <Storage> <Opcode : 'load' 'store'> <Ports = 2> <Width = 8> <Depth = 16> <RAM>
ST_122 : Operation 1032 [3/4] (1.86ns)   --->   "%j = load i4 %buf_addr_7" [aes.cpp:280]   --->   Operation 1032 'load' 'j' <Predicate = true> <Delay = 1.86> <CoreInst = "RAM">   --->   Core 82 'RAM' <Latency = 3> <II = 1> <Delay = 1.86> <Storage> <Opcode : 'load' 'store'> <Ports = 2> <Width = 8> <Depth = 16> <RAM>
ST_122 : Operation 1033 [2/4] (1.86ns)   --->   "%buf_load_10 = load i4 %buf_addr_8" [aes.cpp:280]   --->   Operation 1033 'load' 'buf_load_10' <Predicate = true> <Delay = 1.86> <CoreInst = "RAM">   --->   Core 82 'RAM' <Latency = 3> <II = 1> <Delay = 1.86> <Storage> <Opcode : 'load' 'store'> <Ports = 2> <Width = 8> <Depth = 16> <RAM>
ST_122 : Operation 1034 [4/4] (1.86ns)   --->   "%buf_load_11 = load i4 %buf_addr_9" [aes.cpp:280]   --->   Operation 1034 'load' 'buf_load_11' <Predicate = true> <Delay = 1.86> <CoreInst = "RAM">   --->   Core 82 'RAM' <Latency = 3> <II = 1> <Delay = 1.86> <Storage> <Opcode : 'load' 'store'> <Ports = 2> <Width = 8> <Depth = 16> <RAM>
ST_122 : Operation 1035 [3/4] (1.86ns)   --->   "%buf_load_12 = load i4 %buf_addr_10" [aes.cpp:280]   --->   Operation 1035 'load' 'buf_load_12' <Predicate = true> <Delay = 1.86> <CoreInst = "RAM">   --->   Core 82 'RAM' <Latency = 3> <II = 1> <Delay = 1.86> <Storage> <Opcode : 'load' 'store'> <Ports = 2> <Width = 8> <Depth = 16> <RAM>
ST_122 : Operation 1036 [4/4] (1.86ns)   --->   "%buf_load_14 = load i4 %buf_addr_12" [aes.cpp:281]   --->   Operation 1036 'load' 'buf_load_14' <Predicate = true> <Delay = 1.86> <CoreInst = "RAM">   --->   Core 82 'RAM' <Latency = 3> <II = 1> <Delay = 1.86> <Storage> <Opcode : 'load' 'store'> <Ports = 2> <Width = 8> <Depth = 16> <RAM>
ST_122 : Operation 1037 [35/35] (1.46ns)   --->   "%call_ret = call i8 @aes_expandEncKey, i8 %ctx, i7 0, i8 %rcon_1_load, i8 %sbox" [aes.cpp:348]   --->   Operation 1037 'call' 'call_ret' <Predicate = true> <Delay = 1.46> <CoreType = "Generic">   --->   Core 0 '' <Latency = 0> <II = 1> <Delay = 1.00> <Generic> <Opcode : >

State 123 <SV = 33> <Delay = 1.86>
ST_123 : Operation 1038 [2/2] (1.86ns)   --->   "%store_ln278 = store i8 %buf_load_5, i4 %buf_addr_2" [aes.cpp:278]   --->   Operation 1038 'store' 'store_ln278' <Predicate = true> <Delay = 1.86> <CoreInst = "RAM">   --->   Core 82 'RAM' <Latency = 3> <II = 1> <Delay = 1.86> <Storage> <Opcode : 'load' 'store'> <Ports = 2> <Width = 8> <Depth = 16> <RAM>
ST_123 : Operation 1039 [1/4] (1.86ns)   --->   "%i_8 = load i4 %buf_addr_5" [aes.cpp:279]   --->   Operation 1039 'load' 'i_8' <Predicate = true> <Delay = 1.86> <CoreInst = "RAM">   --->   Core 82 'RAM' <Latency = 3> <II = 1> <Delay = 1.86> <Storage> <Opcode : 'load' 'store'> <Ports = 2> <Width = 8> <Depth = 16> <RAM>
ST_123 : Operation 1040 [2/4] (1.86ns)   --->   "%j = load i4 %buf_addr_7" [aes.cpp:280]   --->   Operation 1040 'load' 'j' <Predicate = true> <Delay = 1.86> <CoreInst = "RAM">   --->   Core 82 'RAM' <Latency = 3> <II = 1> <Delay = 1.86> <Storage> <Opcode : 'load' 'store'> <Ports = 2> <Width = 8> <Depth = 16> <RAM>
ST_123 : Operation 1041 [1/4] (1.86ns)   --->   "%buf_load_10 = load i4 %buf_addr_8" [aes.cpp:280]   --->   Operation 1041 'load' 'buf_load_10' <Predicate = true> <Delay = 1.86> <CoreInst = "RAM">   --->   Core 82 'RAM' <Latency = 3> <II = 1> <Delay = 1.86> <Storage> <Opcode : 'load' 'store'> <Ports = 2> <Width = 8> <Depth = 16> <RAM>
ST_123 : Operation 1042 [3/4] (1.86ns)   --->   "%buf_load_11 = load i4 %buf_addr_9" [aes.cpp:280]   --->   Operation 1042 'load' 'buf_load_11' <Predicate = true> <Delay = 1.86> <CoreInst = "RAM">   --->   Core 82 'RAM' <Latency = 3> <II = 1> <Delay = 1.86> <Storage> <Opcode : 'load' 'store'> <Ports = 2> <Width = 8> <Depth = 16> <RAM>
ST_123 : Operation 1043 [2/4] (1.86ns)   --->   "%buf_load_12 = load i4 %buf_addr_10" [aes.cpp:280]   --->   Operation 1043 'load' 'buf_load_12' <Predicate = true> <Delay = 1.86> <CoreInst = "RAM">   --->   Core 82 'RAM' <Latency = 3> <II = 1> <Delay = 1.86> <Storage> <Opcode : 'load' 'store'> <Ports = 2> <Width = 8> <Depth = 16> <RAM>
ST_123 : Operation 1044 [4/4] (1.86ns)   --->   "%j_3 = load i4 %buf_addr_11" [aes.cpp:281]   --->   Operation 1044 'load' 'j_3' <Predicate = true> <Delay = 1.86> <CoreInst = "RAM">   --->   Core 82 'RAM' <Latency = 3> <II = 1> <Delay = 1.86> <Storage> <Opcode : 'load' 'store'> <Ports = 2> <Width = 8> <Depth = 16> <RAM>
ST_123 : Operation 1045 [3/4] (1.86ns)   --->   "%buf_load_14 = load i4 %buf_addr_12" [aes.cpp:281]   --->   Operation 1045 'load' 'buf_load_14' <Predicate = true> <Delay = 1.86> <CoreInst = "RAM">   --->   Core 82 'RAM' <Latency = 3> <II = 1> <Delay = 1.86> <Storage> <Opcode : 'load' 'store'> <Ports = 2> <Width = 8> <Depth = 16> <RAM>
ST_123 : Operation 1046 [34/35] (1.46ns)   --->   "%call_ret = call i8 @aes_expandEncKey, i8 %ctx, i7 0, i8 %rcon_1_load, i8 %sbox" [aes.cpp:348]   --->   Operation 1046 'call' 'call_ret' <Predicate = true> <Delay = 1.46> <CoreType = "Generic">   --->   Core 0 '' <Latency = 0> <II = 1> <Delay = 1.00> <Generic> <Opcode : >

State 124 <SV = 34> <Delay = 1.86>
ST_124 : Operation 1047 [2/2] (1.86ns)   --->   "%store_ln278 = store i8 %buf_load_4, i4 %buf_addr_1" [aes.cpp:278]   --->   Operation 1047 'store' 'store_ln278' <Predicate = true> <Delay = 1.86> <CoreInst = "RAM">   --->   Core 82 'RAM' <Latency = 3> <II = 1> <Delay = 1.86> <Storage> <Opcode : 'load' 'store'> <Ports = 2> <Width = 8> <Depth = 16> <RAM>
ST_124 : Operation 1048 [1/2] (1.86ns)   --->   "%store_ln278 = store i8 %buf_load_5, i4 %buf_addr_2" [aes.cpp:278]   --->   Operation 1048 'store' 'store_ln278' <Predicate = true> <Delay = 1.86> <CoreInst = "RAM">   --->   Core 82 'RAM' <Latency = 3> <II = 1> <Delay = 1.86> <Storage> <Opcode : 'load' 'store'> <Ports = 2> <Width = 8> <Depth = 16> <RAM>
ST_124 : Operation 1049 [2/2] (1.86ns)   --->   "%store_ln278 = store i8 %i_7, i4 %buf_addr_4" [aes.cpp:278]   --->   Operation 1049 'store' 'store_ln278' <Predicate = true> <Delay = 1.86> <CoreInst = "RAM">   --->   Core 82 'RAM' <Latency = 3> <II = 1> <Delay = 1.86> <Storage> <Opcode : 'load' 'store'> <Ports = 2> <Width = 8> <Depth = 16> <RAM>
ST_124 : Operation 1050 [1/4] (1.86ns)   --->   "%j = load i4 %buf_addr_7" [aes.cpp:280]   --->   Operation 1050 'load' 'j' <Predicate = true> <Delay = 1.86> <CoreInst = "RAM">   --->   Core 82 'RAM' <Latency = 3> <II = 1> <Delay = 1.86> <Storage> <Opcode : 'load' 'store'> <Ports = 2> <Width = 8> <Depth = 16> <RAM>
ST_124 : Operation 1051 [2/4] (1.86ns)   --->   "%buf_load_11 = load i4 %buf_addr_9" [aes.cpp:280]   --->   Operation 1051 'load' 'buf_load_11' <Predicate = true> <Delay = 1.86> <CoreInst = "RAM">   --->   Core 82 'RAM' <Latency = 3> <II = 1> <Delay = 1.86> <Storage> <Opcode : 'load' 'store'> <Ports = 2> <Width = 8> <Depth = 16> <RAM>
ST_124 : Operation 1052 [1/4] (1.86ns)   --->   "%buf_load_12 = load i4 %buf_addr_10" [aes.cpp:280]   --->   Operation 1052 'load' 'buf_load_12' <Predicate = true> <Delay = 1.86> <CoreInst = "RAM">   --->   Core 82 'RAM' <Latency = 3> <II = 1> <Delay = 1.86> <Storage> <Opcode : 'load' 'store'> <Ports = 2> <Width = 8> <Depth = 16> <RAM>
ST_124 : Operation 1053 [3/4] (1.86ns)   --->   "%j_3 = load i4 %buf_addr_11" [aes.cpp:281]   --->   Operation 1053 'load' 'j_3' <Predicate = true> <Delay = 1.86> <CoreInst = "RAM">   --->   Core 82 'RAM' <Latency = 3> <II = 1> <Delay = 1.86> <Storage> <Opcode : 'load' 'store'> <Ports = 2> <Width = 8> <Depth = 16> <RAM>
ST_124 : Operation 1054 [2/4] (1.86ns)   --->   "%buf_load_14 = load i4 %buf_addr_12" [aes.cpp:281]   --->   Operation 1054 'load' 'buf_load_14' <Predicate = true> <Delay = 1.86> <CoreInst = "RAM">   --->   Core 82 'RAM' <Latency = 3> <II = 1> <Delay = 1.86> <Storage> <Opcode : 'load' 'store'> <Ports = 2> <Width = 8> <Depth = 16> <RAM>
ST_124 : Operation 1055 [33/35] (1.46ns)   --->   "%call_ret = call i8 @aes_expandEncKey, i8 %ctx, i7 0, i8 %rcon_1_load, i8 %sbox" [aes.cpp:348]   --->   Operation 1055 'call' 'call_ret' <Predicate = true> <Delay = 1.46> <CoreType = "Generic">   --->   Core 0 '' <Latency = 0> <II = 1> <Delay = 1.00> <Generic> <Opcode : >

State 125 <SV = 35> <Delay = 1.86>
ST_125 : Operation 1056 [1/2] (1.86ns)   --->   "%store_ln278 = store i8 %buf_load_4, i4 %buf_addr_1" [aes.cpp:278]   --->   Operation 1056 'store' 'store_ln278' <Predicate = true> <Delay = 1.86> <CoreInst = "RAM">   --->   Core 82 'RAM' <Latency = 3> <II = 1> <Delay = 1.86> <Storage> <Opcode : 'load' 'store'> <Ports = 2> <Width = 8> <Depth = 16> <RAM>
ST_125 : Operation 1057 [2/2] (1.86ns)   --->   "%store_ln278 = store i8 %buf_load_6, i4 %buf_addr_3" [aes.cpp:278]   --->   Operation 1057 'store' 'store_ln278' <Predicate = true> <Delay = 1.86> <CoreInst = "RAM">   --->   Core 82 'RAM' <Latency = 3> <II = 1> <Delay = 1.86> <Storage> <Opcode : 'load' 'store'> <Ports = 2> <Width = 8> <Depth = 16> <RAM>
ST_125 : Operation 1058 [1/2] (1.86ns)   --->   "%store_ln278 = store i8 %i_7, i4 %buf_addr_4" [aes.cpp:278]   --->   Operation 1058 'store' 'store_ln278' <Predicate = true> <Delay = 1.86> <CoreInst = "RAM">   --->   Core 82 'RAM' <Latency = 3> <II = 1> <Delay = 1.86> <Storage> <Opcode : 'load' 'store'> <Ports = 2> <Width = 8> <Depth = 16> <RAM>
ST_125 : Operation 1059 [2/2] (1.86ns)   --->   "%store_ln279 = store i8 %i_8, i4 %buf_addr_6" [aes.cpp:279]   --->   Operation 1059 'store' 'store_ln279' <Predicate = true> <Delay = 1.86> <CoreInst = "RAM">   --->   Core 82 'RAM' <Latency = 3> <II = 1> <Delay = 1.86> <Storage> <Opcode : 'load' 'store'> <Ports = 2> <Width = 8> <Depth = 16> <RAM>
ST_125 : Operation 1060 [1/4] (1.86ns)   --->   "%buf_load_11 = load i4 %buf_addr_9" [aes.cpp:280]   --->   Operation 1060 'load' 'buf_load_11' <Predicate = true> <Delay = 1.86> <CoreInst = "RAM">   --->   Core 82 'RAM' <Latency = 3> <II = 1> <Delay = 1.86> <Storage> <Opcode : 'load' 'store'> <Ports = 2> <Width = 8> <Depth = 16> <RAM>
ST_125 : Operation 1061 [2/4] (1.86ns)   --->   "%j_3 = load i4 %buf_addr_11" [aes.cpp:281]   --->   Operation 1061 'load' 'j_3' <Predicate = true> <Delay = 1.86> <CoreInst = "RAM">   --->   Core 82 'RAM' <Latency = 3> <II = 1> <Delay = 1.86> <Storage> <Opcode : 'load' 'store'> <Ports = 2> <Width = 8> <Depth = 16> <RAM>
ST_125 : Operation 1062 [1/4] (1.86ns)   --->   "%buf_load_14 = load i4 %buf_addr_12" [aes.cpp:281]   --->   Operation 1062 'load' 'buf_load_14' <Predicate = true> <Delay = 1.86> <CoreInst = "RAM">   --->   Core 82 'RAM' <Latency = 3> <II = 1> <Delay = 1.86> <Storage> <Opcode : 'load' 'store'> <Ports = 2> <Width = 8> <Depth = 16> <RAM>
ST_125 : Operation 1063 [32/35] (1.46ns)   --->   "%call_ret = call i8 @aes_expandEncKey, i8 %ctx, i7 0, i8 %rcon_1_load, i8 %sbox" [aes.cpp:348]   --->   Operation 1063 'call' 'call_ret' <Predicate = true> <Delay = 1.46> <CoreType = "Generic">   --->   Core 0 '' <Latency = 0> <II = 1> <Delay = 1.00> <Generic> <Opcode : >

State 126 <SV = 36> <Delay = 1.86>
ST_126 : Operation 1064 [1/2] (1.86ns)   --->   "%store_ln278 = store i8 %buf_load_6, i4 %buf_addr_3" [aes.cpp:278]   --->   Operation 1064 'store' 'store_ln278' <Predicate = true> <Delay = 1.86> <CoreInst = "RAM">   --->   Core 82 'RAM' <Latency = 3> <II = 1> <Delay = 1.86> <Storage> <Opcode : 'load' 'store'> <Ports = 2> <Width = 8> <Depth = 16> <RAM>
ST_126 : Operation 1065 [2/2] (1.86ns)   --->   "%store_ln279 = store i8 %buf_load_8, i4 %buf_addr_5" [aes.cpp:279]   --->   Operation 1065 'store' 'store_ln279' <Predicate = true> <Delay = 1.86> <CoreInst = "RAM">   --->   Core 82 'RAM' <Latency = 3> <II = 1> <Delay = 1.86> <Storage> <Opcode : 'load' 'store'> <Ports = 2> <Width = 8> <Depth = 16> <RAM>
ST_126 : Operation 1066 [1/2] (1.86ns)   --->   "%store_ln279 = store i8 %i_8, i4 %buf_addr_6" [aes.cpp:279]   --->   Operation 1066 'store' 'store_ln279' <Predicate = true> <Delay = 1.86> <CoreInst = "RAM">   --->   Core 82 'RAM' <Latency = 3> <II = 1> <Delay = 1.86> <Storage> <Opcode : 'load' 'store'> <Ports = 2> <Width = 8> <Depth = 16> <RAM>
ST_126 : Operation 1067 [2/2] (1.86ns)   --->   "%store_ln280 = store i8 %buf_load_11, i4 %buf_addr_8" [aes.cpp:280]   --->   Operation 1067 'store' 'store_ln280' <Predicate = true> <Delay = 1.86> <CoreInst = "RAM">   --->   Core 82 'RAM' <Latency = 3> <II = 1> <Delay = 1.86> <Storage> <Opcode : 'load' 'store'> <Ports = 2> <Width = 8> <Depth = 16> <RAM>
ST_126 : Operation 1068 [1/4] (1.86ns)   --->   "%j_3 = load i4 %buf_addr_11" [aes.cpp:281]   --->   Operation 1068 'load' 'j_3' <Predicate = true> <Delay = 1.86> <CoreInst = "RAM">   --->   Core 82 'RAM' <Latency = 3> <II = 1> <Delay = 1.86> <Storage> <Opcode : 'load' 'store'> <Ports = 2> <Width = 8> <Depth = 16> <RAM>
ST_126 : Operation 1069 [31/35] (1.46ns)   --->   "%call_ret = call i8 @aes_expandEncKey, i8 %ctx, i7 0, i8 %rcon_1_load, i8 %sbox" [aes.cpp:348]   --->   Operation 1069 'call' 'call_ret' <Predicate = true> <Delay = 1.46> <CoreType = "Generic">   --->   Core 0 '' <Latency = 0> <II = 1> <Delay = 1.00> <Generic> <Opcode : >

State 127 <SV = 37> <Delay = 1.86>
ST_127 : Operation 1070 [1/2] (1.86ns)   --->   "%store_ln279 = store i8 %buf_load_8, i4 %buf_addr_5" [aes.cpp:279]   --->   Operation 1070 'store' 'store_ln279' <Predicate = true> <Delay = 1.86> <CoreInst = "RAM">   --->   Core 82 'RAM' <Latency = 3> <II = 1> <Delay = 1.86> <Storage> <Opcode : 'load' 'store'> <Ports = 2> <Width = 8> <Depth = 16> <RAM>
ST_127 : Operation 1071 [2/2] (1.86ns)   --->   "%store_ln280 = store i8 %buf_load_10, i4 %buf_addr_7" [aes.cpp:280]   --->   Operation 1071 'store' 'store_ln280' <Predicate = true> <Delay = 1.86> <CoreInst = "RAM">   --->   Core 82 'RAM' <Latency = 3> <II = 1> <Delay = 1.86> <Storage> <Opcode : 'load' 'store'> <Ports = 2> <Width = 8> <Depth = 16> <RAM>
ST_127 : Operation 1072 [1/2] (1.86ns)   --->   "%store_ln280 = store i8 %buf_load_11, i4 %buf_addr_8" [aes.cpp:280]   --->   Operation 1072 'store' 'store_ln280' <Predicate = true> <Delay = 1.86> <CoreInst = "RAM">   --->   Core 82 'RAM' <Latency = 3> <II = 1> <Delay = 1.86> <Storage> <Opcode : 'load' 'store'> <Ports = 2> <Width = 8> <Depth = 16> <RAM>
ST_127 : Operation 1073 [2/2] (1.86ns)   --->   "%store_ln280 = store i8 %j, i4 %buf_addr_10" [aes.cpp:280]   --->   Operation 1073 'store' 'store_ln280' <Predicate = true> <Delay = 1.86> <CoreInst = "RAM">   --->   Core 82 'RAM' <Latency = 3> <II = 1> <Delay = 1.86> <Storage> <Opcode : 'load' 'store'> <Ports = 2> <Width = 8> <Depth = 16> <RAM>
ST_127 : Operation 1074 [30/35] (1.46ns)   --->   "%call_ret = call i8 @aes_expandEncKey, i8 %ctx, i7 0, i8 %rcon_1_load, i8 %sbox" [aes.cpp:348]   --->   Operation 1074 'call' 'call_ret' <Predicate = true> <Delay = 1.46> <CoreType = "Generic">   --->   Core 0 '' <Latency = 0> <II = 1> <Delay = 1.00> <Generic> <Opcode : >

State 128 <SV = 38> <Delay = 1.86>
ST_128 : Operation 1075 [1/2] (1.86ns)   --->   "%store_ln280 = store i8 %buf_load_10, i4 %buf_addr_7" [aes.cpp:280]   --->   Operation 1075 'store' 'store_ln280' <Predicate = true> <Delay = 1.86> <CoreInst = "RAM">   --->   Core 82 'RAM' <Latency = 3> <II = 1> <Delay = 1.86> <Storage> <Opcode : 'load' 'store'> <Ports = 2> <Width = 8> <Depth = 16> <RAM>
ST_128 : Operation 1076 [2/2] (1.86ns)   --->   "%store_ln280 = store i8 %buf_load_12, i4 %buf_addr_9" [aes.cpp:280]   --->   Operation 1076 'store' 'store_ln280' <Predicate = true> <Delay = 1.86> <CoreInst = "RAM">   --->   Core 82 'RAM' <Latency = 3> <II = 1> <Delay = 1.86> <Storage> <Opcode : 'load' 'store'> <Ports = 2> <Width = 8> <Depth = 16> <RAM>
ST_128 : Operation 1077 [1/2] (1.86ns)   --->   "%store_ln280 = store i8 %j, i4 %buf_addr_10" [aes.cpp:280]   --->   Operation 1077 'store' 'store_ln280' <Predicate = true> <Delay = 1.86> <CoreInst = "RAM">   --->   Core 82 'RAM' <Latency = 3> <II = 1> <Delay = 1.86> <Storage> <Opcode : 'load' 'store'> <Ports = 2> <Width = 8> <Depth = 16> <RAM>
ST_128 : Operation 1078 [2/2] (1.86ns)   --->   "%store_ln281 = store i8 %j_3, i4 %buf_addr_12" [aes.cpp:281]   --->   Operation 1078 'store' 'store_ln281' <Predicate = true> <Delay = 1.86> <CoreInst = "RAM">   --->   Core 82 'RAM' <Latency = 3> <II = 1> <Delay = 1.86> <Storage> <Opcode : 'load' 'store'> <Ports = 2> <Width = 8> <Depth = 16> <RAM>
ST_128 : Operation 1079 [29/35] (1.46ns)   --->   "%call_ret = call i8 @aes_expandEncKey, i8 %ctx, i7 0, i8 %rcon_1_load, i8 %sbox" [aes.cpp:348]   --->   Operation 1079 'call' 'call_ret' <Predicate = true> <Delay = 1.46> <CoreType = "Generic">   --->   Core 0 '' <Latency = 0> <II = 1> <Delay = 1.00> <Generic> <Opcode : >

State 129 <SV = 39> <Delay = 1.86>
ST_129 : Operation 1080 [1/2] (1.86ns)   --->   "%store_ln280 = store i8 %buf_load_12, i4 %buf_addr_9" [aes.cpp:280]   --->   Operation 1080 'store' 'store_ln280' <Predicate = true> <Delay = 1.86> <CoreInst = "RAM">   --->   Core 82 'RAM' <Latency = 3> <II = 1> <Delay = 1.86> <Storage> <Opcode : 'load' 'store'> <Ports = 2> <Width = 8> <Depth = 16> <RAM>
ST_129 : Operation 1081 [2/2] (1.86ns)   --->   "%store_ln281 = store i8 %buf_load_14, i4 %buf_addr_11" [aes.cpp:281]   --->   Operation 1081 'store' 'store_ln281' <Predicate = true> <Delay = 1.86> <CoreInst = "RAM">   --->   Core 82 'RAM' <Latency = 3> <II = 1> <Delay = 1.86> <Storage> <Opcode : 'load' 'store'> <Ports = 2> <Width = 8> <Depth = 16> <RAM>
ST_129 : Operation 1082 [1/2] (1.86ns)   --->   "%store_ln281 = store i8 %j_3, i4 %buf_addr_12" [aes.cpp:281]   --->   Operation 1082 'store' 'store_ln281' <Predicate = true> <Delay = 1.86> <CoreInst = "RAM">   --->   Core 82 'RAM' <Latency = 3> <II = 1> <Delay = 1.86> <Storage> <Opcode : 'load' 'store'> <Ports = 2> <Width = 8> <Depth = 16> <RAM>
ST_129 : Operation 1083 [28/35] (1.46ns)   --->   "%call_ret = call i8 @aes_expandEncKey, i8 %ctx, i7 0, i8 %rcon_1_load, i8 %sbox" [aes.cpp:348]   --->   Operation 1083 'call' 'call_ret' <Predicate = true> <Delay = 1.46> <CoreType = "Generic">   --->   Core 0 '' <Latency = 0> <II = 1> <Delay = 1.00> <Generic> <Opcode : >

State 130 <SV = 40> <Delay = 1.86>
ST_130 : Operation 1084 [1/2] (1.86ns)   --->   "%store_ln281 = store i8 %buf_load_14, i4 %buf_addr_11" [aes.cpp:281]   --->   Operation 1084 'store' 'store_ln281' <Predicate = true> <Delay = 1.86> <CoreInst = "RAM">   --->   Core 82 'RAM' <Latency = 3> <II = 1> <Delay = 1.86> <Storage> <Opcode : 'load' 'store'> <Ports = 2> <Width = 8> <Depth = 16> <RAM>
ST_130 : Operation 1085 [27/35] (1.46ns)   --->   "%call_ret = call i8 @aes_expandEncKey, i8 %ctx, i7 0, i8 %rcon_1_load, i8 %sbox" [aes.cpp:348]   --->   Operation 1085 'call' 'call_ret' <Predicate = true> <Delay = 1.46> <CoreType = "Generic">   --->   Core 0 '' <Latency = 0> <II = 1> <Delay = 1.00> <Generic> <Opcode : >

State 131 <SV = 41> <Delay = 1.46>
ST_131 : Operation 1086 [26/35] (1.46ns)   --->   "%call_ret = call i8 @aes_expandEncKey, i8 %ctx, i7 0, i8 %rcon_1_load, i8 %sbox" [aes.cpp:348]   --->   Operation 1086 'call' 'call_ret' <Predicate = true> <Delay = 1.46> <CoreType = "Generic">   --->   Core 0 '' <Latency = 0> <II = 1> <Delay = 1.00> <Generic> <Opcode : >

State 132 <SV = 42> <Delay = 1.46>
ST_132 : Operation 1087 [25/35] (1.46ns)   --->   "%call_ret = call i8 @aes_expandEncKey, i8 %ctx, i7 0, i8 %rcon_1_load, i8 %sbox" [aes.cpp:348]   --->   Operation 1087 'call' 'call_ret' <Predicate = true> <Delay = 1.46> <CoreType = "Generic">   --->   Core 0 '' <Latency = 0> <II = 1> <Delay = 1.00> <Generic> <Opcode : >

State 133 <SV = 43> <Delay = 1.46>
ST_133 : Operation 1088 [24/35] (1.46ns)   --->   "%call_ret = call i8 @aes_expandEncKey, i8 %ctx, i7 0, i8 %rcon_1_load, i8 %sbox" [aes.cpp:348]   --->   Operation 1088 'call' 'call_ret' <Predicate = true> <Delay = 1.46> <CoreType = "Generic">   --->   Core 0 '' <Latency = 0> <II = 1> <Delay = 1.00> <Generic> <Opcode : >

State 134 <SV = 44> <Delay = 1.46>
ST_134 : Operation 1089 [23/35] (1.46ns)   --->   "%call_ret = call i8 @aes_expandEncKey, i8 %ctx, i7 0, i8 %rcon_1_load, i8 %sbox" [aes.cpp:348]   --->   Operation 1089 'call' 'call_ret' <Predicate = true> <Delay = 1.46> <CoreType = "Generic">   --->   Core 0 '' <Latency = 0> <II = 1> <Delay = 1.00> <Generic> <Opcode : >

State 135 <SV = 45> <Delay = 1.46>
ST_135 : Operation 1090 [22/35] (1.46ns)   --->   "%call_ret = call i8 @aes_expandEncKey, i8 %ctx, i7 0, i8 %rcon_1_load, i8 %sbox" [aes.cpp:348]   --->   Operation 1090 'call' 'call_ret' <Predicate = true> <Delay = 1.46> <CoreType = "Generic">   --->   Core 0 '' <Latency = 0> <II = 1> <Delay = 1.00> <Generic> <Opcode : >

State 136 <SV = 46> <Delay = 1.46>
ST_136 : Operation 1091 [21/35] (1.46ns)   --->   "%call_ret = call i8 @aes_expandEncKey, i8 %ctx, i7 0, i8 %rcon_1_load, i8 %sbox" [aes.cpp:348]   --->   Operation 1091 'call' 'call_ret' <Predicate = true> <Delay = 1.46> <CoreType = "Generic">   --->   Core 0 '' <Latency = 0> <II = 1> <Delay = 1.00> <Generic> <Opcode : >

State 137 <SV = 47> <Delay = 1.46>
ST_137 : Operation 1092 [20/35] (1.46ns)   --->   "%call_ret = call i8 @aes_expandEncKey, i8 %ctx, i7 0, i8 %rcon_1_load, i8 %sbox" [aes.cpp:348]   --->   Operation 1092 'call' 'call_ret' <Predicate = true> <Delay = 1.46> <CoreType = "Generic">   --->   Core 0 '' <Latency = 0> <II = 1> <Delay = 1.00> <Generic> <Opcode : >

State 138 <SV = 48> <Delay = 1.46>
ST_138 : Operation 1093 [19/35] (1.46ns)   --->   "%call_ret = call i8 @aes_expandEncKey, i8 %ctx, i7 0, i8 %rcon_1_load, i8 %sbox" [aes.cpp:348]   --->   Operation 1093 'call' 'call_ret' <Predicate = true> <Delay = 1.46> <CoreType = "Generic">   --->   Core 0 '' <Latency = 0> <II = 1> <Delay = 1.00> <Generic> <Opcode : >

State 139 <SV = 49> <Delay = 1.46>
ST_139 : Operation 1094 [18/35] (1.46ns)   --->   "%call_ret = call i8 @aes_expandEncKey, i8 %ctx, i7 0, i8 %rcon_1_load, i8 %sbox" [aes.cpp:348]   --->   Operation 1094 'call' 'call_ret' <Predicate = true> <Delay = 1.46> <CoreType = "Generic">   --->   Core 0 '' <Latency = 0> <II = 1> <Delay = 1.00> <Generic> <Opcode : >

State 140 <SV = 50> <Delay = 1.46>
ST_140 : Operation 1095 [17/35] (1.46ns)   --->   "%call_ret = call i8 @aes_expandEncKey, i8 %ctx, i7 0, i8 %rcon_1_load, i8 %sbox" [aes.cpp:348]   --->   Operation 1095 'call' 'call_ret' <Predicate = true> <Delay = 1.46> <CoreType = "Generic">   --->   Core 0 '' <Latency = 0> <II = 1> <Delay = 1.00> <Generic> <Opcode : >

State 141 <SV = 51> <Delay = 1.46>
ST_141 : Operation 1096 [16/35] (1.46ns)   --->   "%call_ret = call i8 @aes_expandEncKey, i8 %ctx, i7 0, i8 %rcon_1_load, i8 %sbox" [aes.cpp:348]   --->   Operation 1096 'call' 'call_ret' <Predicate = true> <Delay = 1.46> <CoreType = "Generic">   --->   Core 0 '' <Latency = 0> <II = 1> <Delay = 1.00> <Generic> <Opcode : >

State 142 <SV = 52> <Delay = 1.46>
ST_142 : Operation 1097 [15/35] (1.46ns)   --->   "%call_ret = call i8 @aes_expandEncKey, i8 %ctx, i7 0, i8 %rcon_1_load, i8 %sbox" [aes.cpp:348]   --->   Operation 1097 'call' 'call_ret' <Predicate = true> <Delay = 1.46> <CoreType = "Generic">   --->   Core 0 '' <Latency = 0> <II = 1> <Delay = 1.00> <Generic> <Opcode : >

State 143 <SV = 53> <Delay = 1.46>
ST_143 : Operation 1098 [14/35] (1.46ns)   --->   "%call_ret = call i8 @aes_expandEncKey, i8 %ctx, i7 0, i8 %rcon_1_load, i8 %sbox" [aes.cpp:348]   --->   Operation 1098 'call' 'call_ret' <Predicate = true> <Delay = 1.46> <CoreType = "Generic">   --->   Core 0 '' <Latency = 0> <II = 1> <Delay = 1.00> <Generic> <Opcode : >

State 144 <SV = 54> <Delay = 1.46>
ST_144 : Operation 1099 [13/35] (1.46ns)   --->   "%call_ret = call i8 @aes_expandEncKey, i8 %ctx, i7 0, i8 %rcon_1_load, i8 %sbox" [aes.cpp:348]   --->   Operation 1099 'call' 'call_ret' <Predicate = true> <Delay = 1.46> <CoreType = "Generic">   --->   Core 0 '' <Latency = 0> <II = 1> <Delay = 1.00> <Generic> <Opcode : >

State 145 <SV = 55> <Delay = 1.46>
ST_145 : Operation 1100 [12/35] (1.46ns)   --->   "%call_ret = call i8 @aes_expandEncKey, i8 %ctx, i7 0, i8 %rcon_1_load, i8 %sbox" [aes.cpp:348]   --->   Operation 1100 'call' 'call_ret' <Predicate = true> <Delay = 1.46> <CoreType = "Generic">   --->   Core 0 '' <Latency = 0> <II = 1> <Delay = 1.00> <Generic> <Opcode : >

State 146 <SV = 56> <Delay = 1.46>
ST_146 : Operation 1101 [11/35] (1.46ns)   --->   "%call_ret = call i8 @aes_expandEncKey, i8 %ctx, i7 0, i8 %rcon_1_load, i8 %sbox" [aes.cpp:348]   --->   Operation 1101 'call' 'call_ret' <Predicate = true> <Delay = 1.46> <CoreType = "Generic">   --->   Core 0 '' <Latency = 0> <II = 1> <Delay = 1.00> <Generic> <Opcode : >

State 147 <SV = 57> <Delay = 1.46>
ST_147 : Operation 1102 [10/35] (1.46ns)   --->   "%call_ret = call i8 @aes_expandEncKey, i8 %ctx, i7 0, i8 %rcon_1_load, i8 %sbox" [aes.cpp:348]   --->   Operation 1102 'call' 'call_ret' <Predicate = true> <Delay = 1.46> <CoreType = "Generic">   --->   Core 0 '' <Latency = 0> <II = 1> <Delay = 1.00> <Generic> <Opcode : >

State 148 <SV = 58> <Delay = 1.46>
ST_148 : Operation 1103 [9/35] (1.46ns)   --->   "%call_ret = call i8 @aes_expandEncKey, i8 %ctx, i7 0, i8 %rcon_1_load, i8 %sbox" [aes.cpp:348]   --->   Operation 1103 'call' 'call_ret' <Predicate = true> <Delay = 1.46> <CoreType = "Generic">   --->   Core 0 '' <Latency = 0> <II = 1> <Delay = 1.00> <Generic> <Opcode : >

State 149 <SV = 59> <Delay = 1.46>
ST_149 : Operation 1104 [8/35] (1.46ns)   --->   "%call_ret = call i8 @aes_expandEncKey, i8 %ctx, i7 0, i8 %rcon_1_load, i8 %sbox" [aes.cpp:348]   --->   Operation 1104 'call' 'call_ret' <Predicate = true> <Delay = 1.46> <CoreType = "Generic">   --->   Core 0 '' <Latency = 0> <II = 1> <Delay = 1.00> <Generic> <Opcode : >

State 150 <SV = 60> <Delay = 1.46>
ST_150 : Operation 1105 [7/35] (1.46ns)   --->   "%call_ret = call i8 @aes_expandEncKey, i8 %ctx, i7 0, i8 %rcon_1_load, i8 %sbox" [aes.cpp:348]   --->   Operation 1105 'call' 'call_ret' <Predicate = true> <Delay = 1.46> <CoreType = "Generic">   --->   Core 0 '' <Latency = 0> <II = 1> <Delay = 1.00> <Generic> <Opcode : >

State 151 <SV = 61> <Delay = 1.46>
ST_151 : Operation 1106 [6/35] (1.46ns)   --->   "%call_ret = call i8 @aes_expandEncKey, i8 %ctx, i7 0, i8 %rcon_1_load, i8 %sbox" [aes.cpp:348]   --->   Operation 1106 'call' 'call_ret' <Predicate = true> <Delay = 1.46> <CoreType = "Generic">   --->   Core 0 '' <Latency = 0> <II = 1> <Delay = 1.00> <Generic> <Opcode : >

State 152 <SV = 62> <Delay = 1.46>
ST_152 : Operation 1107 [5/35] (1.46ns)   --->   "%call_ret = call i8 @aes_expandEncKey, i8 %ctx, i7 0, i8 %rcon_1_load, i8 %sbox" [aes.cpp:348]   --->   Operation 1107 'call' 'call_ret' <Predicate = true> <Delay = 1.46> <CoreType = "Generic">   --->   Core 0 '' <Latency = 0> <II = 1> <Delay = 1.00> <Generic> <Opcode : >

State 153 <SV = 63> <Delay = 1.46>
ST_153 : Operation 1108 [4/35] (1.46ns)   --->   "%call_ret = call i8 @aes_expandEncKey, i8 %ctx, i7 0, i8 %rcon_1_load, i8 %sbox" [aes.cpp:348]   --->   Operation 1108 'call' 'call_ret' <Predicate = true> <Delay = 1.46> <CoreType = "Generic">   --->   Core 0 '' <Latency = 0> <II = 1> <Delay = 1.00> <Generic> <Opcode : >

State 154 <SV = 64> <Delay = 1.46>
ST_154 : Operation 1109 [3/35] (1.46ns)   --->   "%call_ret = call i8 @aes_expandEncKey, i8 %ctx, i7 0, i8 %rcon_1_load, i8 %sbox" [aes.cpp:348]   --->   Operation 1109 'call' 'call_ret' <Predicate = true> <Delay = 1.46> <CoreType = "Generic">   --->   Core 0 '' <Latency = 0> <II = 1> <Delay = 1.00> <Generic> <Opcode : >

State 155 <SV = 65> <Delay = 1.46>
ST_155 : Operation 1110 [2/35] (1.46ns)   --->   "%call_ret = call i8 @aes_expandEncKey, i8 %ctx, i7 0, i8 %rcon_1_load, i8 %sbox" [aes.cpp:348]   --->   Operation 1110 'call' 'call_ret' <Predicate = true> <Delay = 1.46> <CoreType = "Generic">   --->   Core 0 '' <Latency = 0> <II = 1> <Delay = 1.00> <Generic> <Opcode : >

State 156 <SV = 66> <Delay = 1.46>
ST_156 : Operation 1111 [1/35] (0.00ns)   --->   "%call_ret = call i8 @aes_expandEncKey, i8 %ctx, i7 0, i8 %rcon_1_load, i8 %sbox" [aes.cpp:348]   --->   Operation 1111 'call' 'call_ret' <Predicate = true> <Delay = 0.00> <CoreType = "Generic">   --->   Core 0 '' <Latency = 0> <II = 1> <Delay = 1.00> <Generic> <Opcode : >
ST_156 : Operation 1112 [1/1] (1.46ns)   --->   "%br_ln261 = br void" [aes.cpp:261]   --->   Operation 1112 'br' 'br_ln261' <Predicate = true> <Delay = 1.46>

State 157 <SV = 67> <Delay = 1.88>
ST_157 : Operation 1113 [1/1] (0.00ns)   --->   "%i_9 = phi i4 %add_ln261, void, i4 15, void %_Z12aes_subBytesPh.exit54" [aes.cpp:261]   --->   Operation 1113 'phi' 'i_9' <Predicate = true> <Delay = 0.00>
ST_157 : Operation 1114 [2/2] (1.88ns)   --->   "%add_ln261 = add i4 %i_9, i4 15" [aes.cpp:261]   --->   Operation 1114 'add' 'add_ln261' <Predicate = true> <Delay = 1.88> <CoreInst = "Adder">   --->   Core 1 'Adder' <Latency = 1> <II = 1> <Delay = 1.88> <FuncUnit> <Opcode : 'add' 'sub'> <InPorts = 2> <OutPorts = 1>

State 158 <SV = 68> <Delay = 3.77>
ST_158 : Operation 1115 [1/2] (1.88ns)   --->   "%add_ln261 = add i4 %i_9, i4 15" [aes.cpp:261]   --->   Operation 1115 'add' 'add_ln261' <Predicate = true> <Delay = 1.88> <CoreInst = "Adder">   --->   Core 1 'Adder' <Latency = 1> <II = 1> <Delay = 1.88> <FuncUnit> <Opcode : 'add' 'sub'> <InPorts = 2> <OutPorts = 1>
ST_158 : Operation 1116 [1/1] (0.00ns)   --->   "%i_9_cast = zext i4 %i_9" [aes.cpp:261]   --->   Operation 1116 'zext' 'i_9_cast' <Predicate = true> <Delay = 0.00>
ST_158 : Operation 1117 [1/1] (0.00ns)   --->   "%ctx_addr_6 = getelementptr i8 %ctx, i64 0, i64 %i_9_cast" [aes.cpp:261]   --->   Operation 1117 'getelementptr' 'ctx_addr_6' <Predicate = true> <Delay = 0.00>
ST_158 : Operation 1118 [4/4] (1.86ns)   --->   "%ctx_load_2 = load i7 %ctx_addr_6" [aes.cpp:261]   --->   Operation 1118 'load' 'ctx_load_2' <Predicate = true> <Delay = 1.86> <CoreInst = "RAM">   --->   Core 82 'RAM' <Latency = 3> <II = 1> <Delay = 1.86> <Storage> <Opcode : 'load' 'store'> <Ports = 2> <Width = 8> <Depth = 96> <RAM>
ST_158 : Operation 1119 [1/1] (0.00ns)   --->   "%buf_addr_15 = getelementptr i8 %buf_r, i64 0, i64 %i_9_cast" [aes.cpp:261]   --->   Operation 1119 'getelementptr' 'buf_addr_15' <Predicate = true> <Delay = 0.00>
ST_158 : Operation 1120 [4/4] (1.86ns)   --->   "%buf_load_27 = load i4 %buf_addr_15" [aes.cpp:261]   --->   Operation 1120 'load' 'buf_load_27' <Predicate = true> <Delay = 1.86> <CoreInst = "RAM">   --->   Core 82 'RAM' <Latency = 3> <II = 1> <Delay = 1.86> <Storage> <Opcode : 'load' 'store'> <Ports = 2> <Width = 8> <Depth = 16> <RAM>
ST_158 : Operation 1121 [1/1] (1.30ns)   --->   "%icmp_ln261 = icmp_eq  i4 %i_9, i4 0" [aes.cpp:261]   --->   Operation 1121 'icmp' 'icmp_ln261' <Predicate = true> <Delay = 1.30> <CoreInst = "Cmp">   --->   Core 9 'Cmp' <Latency = 0> <II = 1> <Delay = 1.30> <FuncUnit> <Opcode : 'icmp'> <InPorts = 2> <OutPorts = 1>
ST_158 : Operation 1122 [1/1] (0.00ns)   --->   "%br_ln261 = br i1 %icmp_ln261, void, void %_Z15aes_addRoundKeyPhS_.exit77" [aes.cpp:261]   --->   Operation 1122 'br' 'br_ln261' <Predicate = true> <Delay = 0.00>

State 159 <SV = 69> <Delay = 1.86>
ST_159 : Operation 1123 [3/4] (1.86ns)   --->   "%ctx_load_2 = load i7 %ctx_addr_6" [aes.cpp:261]   --->   Operation 1123 'load' 'ctx_load_2' <Predicate = true> <Delay = 1.86> <CoreInst = "RAM">   --->   Core 82 'RAM' <Latency = 3> <II = 1> <Delay = 1.86> <Storage> <Opcode : 'load' 'store'> <Ports = 2> <Width = 8> <Depth = 96> <RAM>
ST_159 : Operation 1124 [3/4] (1.86ns)   --->   "%buf_load_27 = load i4 %buf_addr_15" [aes.cpp:261]   --->   Operation 1124 'load' 'buf_load_27' <Predicate = true> <Delay = 1.86> <CoreInst = "RAM">   --->   Core 82 'RAM' <Latency = 3> <II = 1> <Delay = 1.86> <Storage> <Opcode : 'load' 'store'> <Ports = 2> <Width = 8> <Depth = 16> <RAM>

State 160 <SV = 70> <Delay = 1.86>
ST_160 : Operation 1125 [2/4] (1.86ns)   --->   "%ctx_load_2 = load i7 %ctx_addr_6" [aes.cpp:261]   --->   Operation 1125 'load' 'ctx_load_2' <Predicate = true> <Delay = 1.86> <CoreInst = "RAM">   --->   Core 82 'RAM' <Latency = 3> <II = 1> <Delay = 1.86> <Storage> <Opcode : 'load' 'store'> <Ports = 2> <Width = 8> <Depth = 96> <RAM>
ST_160 : Operation 1126 [2/4] (1.86ns)   --->   "%buf_load_27 = load i4 %buf_addr_15" [aes.cpp:261]   --->   Operation 1126 'load' 'buf_load_27' <Predicate = true> <Delay = 1.86> <CoreInst = "RAM">   --->   Core 82 'RAM' <Latency = 3> <II = 1> <Delay = 1.86> <Storage> <Opcode : 'load' 'store'> <Ports = 2> <Width = 8> <Depth = 16> <RAM>

State 161 <SV = 71> <Delay = 1.86>
ST_161 : Operation 1127 [1/4] (1.86ns)   --->   "%ctx_load_2 = load i7 %ctx_addr_6" [aes.cpp:261]   --->   Operation 1127 'load' 'ctx_load_2' <Predicate = true> <Delay = 1.86> <CoreInst = "RAM">   --->   Core 82 'RAM' <Latency = 3> <II = 1> <Delay = 1.86> <Storage> <Opcode : 'load' 'store'> <Ports = 2> <Width = 8> <Depth = 96> <RAM>
ST_161 : Operation 1128 [1/4] (1.86ns)   --->   "%buf_load_27 = load i4 %buf_addr_15" [aes.cpp:261]   --->   Operation 1128 'load' 'buf_load_27' <Predicate = true> <Delay = 1.86> <CoreInst = "RAM">   --->   Core 82 'RAM' <Latency = 3> <II = 1> <Delay = 1.86> <Storage> <Opcode : 'load' 'store'> <Ports = 2> <Width = 8> <Depth = 16> <RAM>

State 162 <SV = 72> <Delay = 0.99>
ST_162 : Operation 1129 [1/1] (0.99ns)   --->   "%xor_ln261 = xor i8 %buf_load_27, i8 %ctx_load_2" [aes.cpp:261]   --->   Operation 1129 'xor' 'xor_ln261' <Predicate = true> <Delay = 0.99> <CoreInst = "LogicGate">   --->   Core 74 'LogicGate' <Latency = 0> <II = 1> <Delay = 0.99> <FuncUnit> <Opcode : 'and' 'or' 'xor'> <InPorts = 2> <OutPorts = 1>

State 163 <SV = 73> <Delay = 1.86>
ST_163 : Operation 1130 [2/2] (1.86ns)   --->   "%store_ln261 = store i8 %xor_ln261, i4 %buf_addr_15" [aes.cpp:261]   --->   Operation 1130 'store' 'store_ln261' <Predicate = true> <Delay = 1.86> <CoreInst = "RAM">   --->   Core 82 'RAM' <Latency = 3> <II = 1> <Delay = 1.86> <Storage> <Opcode : 'load' 'store'> <Ports = 2> <Width = 8> <Depth = 16> <RAM>

State 164 <SV = 74> <Delay = 1.86>
ST_164 : Operation 1131 [1/1] (0.00ns)   --->   "%specpipeline_ln0 = specpipeline void @_ssdm_op_SpecPipeline, i32 4294967295, i32 0, i32 1, i32 0, void @p_str"   --->   Operation 1131 'specpipeline' 'specpipeline_ln0' <Predicate = true> <Delay = 0.00>
ST_164 : Operation 1132 [1/1] (0.00ns)   --->   "%specloopname_ln261 = specloopname void @_ssdm_op_SpecLoopName, void @empty_1" [aes.cpp:261]   --->   Operation 1132 'specloopname' 'specloopname_ln261' <Predicate = true> <Delay = 0.00>
ST_164 : Operation 1133 [1/2] (1.86ns)   --->   "%store_ln261 = store i8 %xor_ln261, i4 %buf_addr_15" [aes.cpp:261]   --->   Operation 1133 'store' 'store_ln261' <Predicate = true> <Delay = 1.86> <CoreInst = "RAM">   --->   Core 82 'RAM' <Latency = 3> <II = 1> <Delay = 1.86> <Storage> <Opcode : 'load' 'store'> <Ports = 2> <Width = 8> <Depth = 16> <RAM>
ST_164 : Operation 1134 [1/1] (0.00ns)   --->   "%empty_15 = speclooptripcount i32 @_ssdm_op_SpecLoopTripCount, i64 16, i64 16, i64 16"   --->   Operation 1134 'speclooptripcount' 'empty_15' <Predicate = true> <Delay = 0.00>

State 165 <SV = 75> <Delay = 0.00>
ST_165 : Operation 1135 [1/1] (0.00ns)   --->   "%ret_ln350 = ret" [aes.cpp:350]   --->   Operation 1135 'ret' 'ret_ln350' <Predicate = true> <Delay = 0.00>


============================================================
+ Verbose Summary: Binding
============================================================
STG Binding: 
---------------- STG Properties BEGIN ----------------
- Is combinational: 0
- Is one-state seq: 0
- Is datapath-only: 0
- Is pipelined: 0
- Is top level: 1
Port [ Return ] is wired: 1; IO mode=ap_ctrl_hs:ce=0
Port [ ctx]:  wired=1; compound=1; hidden=0; nouse=0; global=0; static=0; extern=0; dir=2; type=1; pingpong=0; private_global=0; MemPort=[22]; IO mode=ap_memory:ce=0
Port [ k]:  wired=1; compound=1; hidden=0; nouse=0; global=0; static=0; extern=0; dir=0; type=1; pingpong=0; private_global=0; MemPort=[13]; IO mode=ap_memory:ce=0
Port [ buf_r]:  wired=1; compound=1; hidden=0; nouse=0; global=0; static=0; extern=0; dir=2; type=1; pingpong=0; private_global=0; MemPort=[22]; IO mode=ap_memory:ce=0
Port [ sbox]:  wired=0; compound=1; hidden=1; nouse=0; global=1; static=1; extern=0; dir=0; type=1; pingpong=0; private_global=1; MemPort=[1]; IO mode=ap_memory:ce=0
---------------- STG Properties END ------------------

---------------- Datapath Model BEGIN ----------------

<LifeTime>
<method=bitvector/>
spectopmodule_ln0  (spectopmodule    ) [ 0000000000000000000000000000000000000000000000000000000000000000000000000000000000000000000000000000000000000000000000000000000000000000000000000000000000000000000000]
specinterface_ln0  (specinterface    ) [ 0000000000000000000000000000000000000000000000000000000000000000000000000000000000000000000000000000000000000000000000000000000000000000000000000000000000000000000000]
specbitsmap_ln0    (specbitsmap      ) [ 0000000000000000000000000000000000000000000000000000000000000000000000000000000000000000000000000000000000000000000000000000000000000000000000000000000000000000000000]
specinterface_ln0  (specinterface    ) [ 0000000000000000000000000000000000000000000000000000000000000000000000000000000000000000000000000000000000000000000000000000000000000000000000000000000000000000000000]
specbitsmap_ln0    (specbitsmap      ) [ 0000000000000000000000000000000000000000000000000000000000000000000000000000000000000000000000000000000000000000000000000000000000000000000000000000000000000000000000]
specinterface_ln0  (specinterface    ) [ 0000000000000000000000000000000000000000000000000000000000000000000000000000000000000000000000000000000000000000000000000000000000000000000000000000000000000000000000]
specbitsmap_ln0    (specbitsmap      ) [ 0000000000000000000000000000000000000000000000000000000000000000000000000000000000000000000000000000000000000000000000000000000000000000000000000000000000000000000000]
br_ln329           (br               ) [ 0111111100000000000000000000000000000000000000000000000000000000000000000000000000000000000000000000000000000000000000000000000000000000000000000000000000000000000000]
i                  (phi              ) [ 0011110000000000000000000000000000000000000000000000000000000000000000000000000000000000000000000000000000000000000000000000000000000000000000000000000000000000000000]
icmp_ln329         (icmp             ) [ 0011111100000000000000000000000000000000000000000000000000000000000000000000000000000000000000000000000000000000000000000000000000000000000000000000000000000000000000]
br_ln329           (br               ) [ 0000000000000000000000000000000000000000000000000000000000000000000000000000000000000000000000000000000000000000000000000000000000000000000000000000000000000000000000]
i_cast12           (zext             ) [ 0000000000000000000000000000000000000000000000000000000000000000000000000000000000000000000000000000000000000000000000000000000000000000000000000000000000000000000000]
k_addr             (getelementptr    ) [ 0011110000000000000000000000000000000000000000000000000000000000000000000000000000000000000000000000000000000000000000000000000000000000000000000000000000000000000000]
add_ln329          (add              ) [ 0111111100000000000000000000000000000000000000000000000000000000000000000000000000000000000000000000000000000000000000000000000000000000000000000000000000000000000000]
specpipeline_ln0   (specpipeline     ) [ 0000000000000000000000000000000000000000000000000000000000000000000000000000000000000000000000000000000000000000000000000000000000000000000000000000000000000000000000]
empty              (speclooptripcount) [ 0000000000000000000000000000000000000000000000000000000000000000000000000000000000000000000000000000000000000000000000000000000000000000000000000000000000000000000000]
k_load             (load             ) [ 0011001100000000000000000000000000000000000000000000000000000000000000000000000000000000000000000000000000000000000000000000000000000000000000000000000000000000000000]
or_ln              (bitconcatenate   ) [ 0010001000000000000000000000000000000000000000000000000000000000000000000000000000000000000000000000000000000000000000000000000000000000000000000000000000000000000000]
xor_ln330          (xor              ) [ 0010001000000000000000000000000000000000000000000000000000000000000000000000000000000000000000000000000000000000000000000000000000000000000000000000000000000000000000]
zext_ln330         (zext             ) [ 0000000000000000000000000000000000000000000000000000000000000000000000000000000000000000000000000000000000000000000000000000000000000000000000000000000000000000000000]
ctx_addr           (getelementptr    ) [ 0001000100000000000000000000000000000000000000000000000000000000000000000000000000000000000000000000000000000000000000000000000000000000000000000000000000000000000000]
zext_ln330_1       (zext             ) [ 0000000000000000000000000000000000000000000000000000000000000000000000000000000000000000000000000000000000000000000000000000000000000000000000000000000000000000000000]
ctx_addr_1         (getelementptr    ) [ 0001000100000000000000000000000000000000000000000000000000000000000000000000000000000000000000000000000000000000000000000000000000000000000000000000000000000000000000]
specloopname_ln327 (specloopname     ) [ 0000000000000000000000000000000000000000000000000000000000000000000000000000000000000000000000000000000000000000000000000000000000000000000000000000000000000000000000]
store_ln330        (store            ) [ 0000000000000000000000000000000000000000000000000000000000000000000000000000000000000000000000000000000000000000000000000000000000000000000000000000000000000000000000]
store_ln330        (store            ) [ 0000000000000000000000000000000000000000000000000000000000000000000000000000000000000000000000000000000000000000000000000000000000000000000000000000000000000000000000]
br_ln0             (br               ) [ 0111111100000000000000000000000000000000000000000000000000000000000000000000000000000000000000000000000000000000000000000000000000000000000000000000000000000000000000]
br_ln0             (br               ) [ 0000000011111111111111111111111111111111111110000000000000000000000000000000000000000000000000000000000000000000000000000000000000000000000000000000000000000000000000]
rcon_0             (phi              ) [ 0000000001111111111110000000000000000000000000000000000000000000000000000000000000000000000000000000000000000000000000000000000000000000000000000000000000000000000000]
i_1                (phi              ) [ 0000000001111111111111111111111111111111111100000000000000000000000000000000000000000000000000000000000000000000000000000000000000000000000000000000000000000000000000]
specpipeline_ln0   (specpipeline     ) [ 0000000000000000000000000000000000000000000000000000000000000000000000000000000000000000000000000000000000000000000000000000000000000000000000000000000000000000000000]
icmp_ln332         (icmp             ) [ 0000000001111111111111111111111111111111111110000000000000000000000000000000000000000000000000000000000000000000000000000000000000000000000000000000000000000000000000]
empty_11           (speclooptripcount) [ 0000000000000000000000000000000000000000000000000000000000000000000000000000000000000000000000000000000000000000000000000000000000000000000000000000000000000000000000]
br_ln332           (br               ) [ 0000000000000000000000000000000000000000000000000000000000000000000000000000000000000000000000000000000000000000000000000000000000000000000000000000000000000000000000]
add_ln332          (add              ) [ 0000000011000000000000000000000000000000000010000000000000000000000000000000000000000000000000000000000000000000000000000000000000000000000000000000000000000000000000]
specloopname_ln333 (specloopname     ) [ 0000000000000000000000000000000000000000000000000000000000000000000000000000000000000000000000000000000000000000000000000000000000000000000000000000000000000000000000]
rcon               (call             ) [ 0000000011111111111111111111111111111111111110000000000000000000000000000000000000000000000000000000000000000000000000000000000000000000000000000000000000000000000000]
br_ln332           (br               ) [ 0000000011111111111111111111111111111111111110000000000000000000000000000000000000000000000000000000000000000000000000000000000000000000000000000000000000000000000000]
br_ln0             (br               ) [ 0000000000000000000000000000000000000000000001111111100000000000000000000000000000000000000000000000000000000000000000000000000000000000000000000000000000000000000000]
i_2                (phi              ) [ 0000000000000000000000000000000000000000000000111111100000000000000000000000000000000000000000000000000000000000000000000000000000000000000000000000000000000000000000]
trunc_ln269_cast13 (zext             ) [ 0000000000000000000000000000000000000000000000011110000000000000000000000000000000000000000000000000000000000000000000000000000000000000000000000000000000000000000000]
or_ln1             (bitconcatenate   ) [ 0000000000000000000000000000000000000000000000000000000000000000000000000000000000000000000000000000000000000000000000000000000000000000000000000000000000000000000000]
zext_ln269_1       (zext             ) [ 0000000000000000000000000000000000000000000000000000000000000000000000000000000000000000000000000000000000000000000000000000000000000000000000000000000000000000000000]
ctx_addr_2         (getelementptr    ) [ 0000000000000000000000000000000000000000000000011100000000000000000000000000000000000000000000000000000000000000000000000000000000000000000000000000000000000000000000]
buf_addr           (getelementptr    ) [ 0000000000000000000000000000000000000000000000111111100000000000000000000000000000000000000000000000000000000000000000000000000000000000000000000000000000000000000000]
or_ln269_2         (bitconcatenate   ) [ 0000000000000000000000000000000000000000000000000000000000000000000000000000000000000000000000000000000000000000000000000000000000000000000000000000000000000000000000]
zext_ln269_2       (zext             ) [ 0000000000000000000000000000000000000000000000000000000000000000000000000000000000000000000000000000000000000000000000000000000000000000000000000000000000000000000000]
ctx_addr_4         (getelementptr    ) [ 0000000000000000000000000000000000000000000000011100000000000000000000000000000000000000000000000000000000000000000000000000000000000000000000000000000000000000000000]
ctx_load           (load             ) [ 0000000000000000000000000000000000000000000000100011000000000000000000000000000000000000000000000000000000000000000000000000000000000000000000000000000000000000000000]
buf_load           (load             ) [ 0000000000000000000000000000000000000000000000000010000000000000000000000000000000000000000000000000000000000000000000000000000000000000000000000000000000000000000000]
or_ln269_1         (bitconcatenate   ) [ 0000000000000000000000000000000000000000000000000010000000000000000000000000000000000000000000000000000000000000000000000000000000000000000000000000000000000000000000]
ctx_load_1         (load             ) [ 0000000000000000000000000000000000000000000000100011000000000000000000000000000000000000000000000000000000000000000000000000000000000000000000000000000000000000000000]
icmp_ln269         (icmp             ) [ 0000000000000000000000000000000000000000000000111111100000000000000000000000000000000000000000000000000000000000000000000000000000000000000000000000000000000000000000]
br_ln269           (br               ) [ 0000000000000000000000000000000000000000000001111111100000000000000000000000000000000000000000000000000000000000000000000000000000000000000000000000000000000000000000]
add_ln269          (add              ) [ 0000000000000000000000000000000000000000000001111101100000000000000000000000000000000000000000000000000000000000000000000000000000000000000000000000000000000000000000]
ctx_addr_3         (getelementptr    ) [ 0000000000000000000000000000000000000000000000100001000000000000000000000000000000000000000000000000000000000000000000000000000000000000000000000000000000000000000000]
xor_ln269          (xor              ) [ 0000000000000000000000000000000000000000000000110001100000000000000000000000000000000000000000000000000000000000000000000000000000000000000000000000000000000000000000]
zext_ln269         (zext             ) [ 0000000000000000000000000000000000000000000000000000000000000000000000000000000000000000000000000000000000000000000000000000000000000000000000000000000000000000000000]
ctx_addr_5         (getelementptr    ) [ 0000000000000000000000000000000000000000000000100001000000000000000000000000000000000000000000000000000000000000000000000000000000000000000000000000000000000000000000]
store_ln269        (store            ) [ 0000000000000000000000000000000000000000000000000000000000000000000000000000000000000000000000000000000000000000000000000000000000000000000000000000000000000000000000]
store_ln269        (store            ) [ 0000000000000000000000000000000000000000000000000000000000000000000000000000000000000000000000000000000000000000000000000000000000000000000000000000000000000000000000]
specpipeline_ln0   (specpipeline     ) [ 0000000000000000000000000000000000000000000000000000000000000000000000000000000000000000000000000000000000000000000000000000000000000000000000000000000000000000000000]
specloopname_ln269 (specloopname     ) [ 0000000000000000000000000000000000000000000000000000000000000000000000000000000000000000000000000000000000000000000000000000000000000000000000000000000000000000000000]
store_ln269        (store            ) [ 0000000000000000000000000000000000000000000000000000000000000000000000000000000000000000000000000000000000000000000000000000000000000000000000000000000000000000000000]
empty_12           (speclooptripcount) [ 0000000000000000000000000000000000000000000000000000000000000000000000000000000000000000000000000000000000000000000000000000000000000000000000000000000000000000000000]
rcon_1             (alloca           ) [ 0000000000000000000000000000000000000000000000000000011111111111111111111111111111111111111111111111111111111111111111111110000000000000000000000000000000000000000000]
buf_addr_1         (getelementptr    ) [ 0000000000000000000000000000000000000000000000000000001111111111111111111111111111111111111111111111111111111111111111111111110000000000000000000000000000000000000000]
buf_addr_2         (getelementptr    ) [ 0000000000000000000000000000000000000000000000000000001111111111111111111111111111111111111111111111111111111111111111111111100000000000000000000000000000000000000000]
buf_addr_3         (getelementptr    ) [ 0000000000000000000000000000000000000000000000000000001111111111111111111111111111111111111111111111111111111111111111111111111000000000000000000000000000000000000000]
buf_addr_4         (getelementptr    ) [ 0000000000000000000000000000000000000000000000000000001111111111111111111111111111111111111111111111111111111111111111111111110000000000000000000000000000000000000000]
buf_addr_5         (getelementptr    ) [ 0000000000000000000000000000000000000000000000000000001111111111111111111111111111111111111111111111111111111111111111111111111100000000000000000000000000000000000000]
buf_addr_6         (getelementptr    ) [ 0000000000000000000000000000000000000000000000000000001111111111111111111111111111111111111111111111111111111111111111111111111000000000000000000000000000000000000000]
buf_addr_7         (getelementptr    ) [ 0000000000000000000000000000000000000000000000000000001111111111111111111111111111111111111111111111111111111111111111111111111110000000000000000000000000000000000000]
buf_addr_8         (getelementptr    ) [ 0000000000000000000000000000000000000000000000000000001111111111111111111111111111111111111111111111111111111111111111111111111100000000000000000000000000000000000000]
buf_addr_9         (getelementptr    ) [ 0000000000000000000000000000000000000000000000000000001111111111111111111111111111111111111111111111111111111111111111111111111111000000000000000000000000000000000000]
buf_addr_10        (getelementptr    ) [ 0000000000000000000000000000000000000000000000000000001111111111111111111111111111111111111111111111111111111111111111111111111110000000000000000000000000000000000000]
buf_addr_11        (getelementptr    ) [ 0000000000000000000000000000000000000000000000000000001111111111111111111111111111111111111111111111111111111111111111111111111111100000000000000000000000000000000000]
buf_addr_12        (getelementptr    ) [ 0000000000000000000000000000000000000000000000000000001111111111111111111111111111111111111111111111111111111111111111111111111111000000000000000000000000000000000000]
buf_addr_14        (getelementptr    ) [ 0000000000000000000000000000000000000000000000000000001111111111111111111111111111111111111111111111111110000000000000000000000000000000000000000000000000000000000000]
buf_addr_16        (getelementptr    ) [ 0000000000000000000000000000000000000000000000000000001111111111111111111111111111111111111111111111111110000000000000000000000000000000000000000000000000000000000000]
buf_addr_17        (getelementptr    ) [ 0000000000000000000000000000000000000000000000000000001111111111111111111111111111111111111111111111111110000000000000000000000000000000000000000000000000000000000000]
buf_addr_18        (getelementptr    ) [ 0000000000000000000000000000000000000000000000000000001111111111111111111111111111111111111111111111111110000000000000000000000000000000000000000000000000000000000000]
ctx_addr_7         (getelementptr    ) [ 0000000000000000000000000000000000000000000000000000001111111111111111111111111111111111111111111111111110000000000000000000000000000000000000000000000000000000000000]
ctx_addr_8         (getelementptr    ) [ 0000000000000000000000000000000000000000000000000000001111111111111111111111111111111111111111111111111110000000000000000000000000000000000000000000000000000000000000]
ctx_addr_9         (getelementptr    ) [ 0000000000000000000000000000000000000000000000000000001111111111111111111111111111111111111111111111111110000000000000000000000000000000000000000000000000000000000000]
ctx_addr_10        (getelementptr    ) [ 0000000000000000000000000000000000000000000000000000001111111111111111111111111111111111111111111111111110000000000000000000000000000000000000000000000000000000000000]
ctx_addr_11        (getelementptr    ) [ 0000000000000000000000000000000000000000000000000000001111111111111111111111111111111111111111111111111110000000000000000000000000000000000000000000000000000000000000]
ctx_addr_12        (getelementptr    ) [ 0000000000000000000000000000000000000000000000000000001111111111111111111111111111111111111111111111111110000000000000000000000000000000000000000000000000000000000000]
ctx_addr_13        (getelementptr    ) [ 0000000000000000000000000000000000000000000000000000001111111111111111111111111111111111111111111111111110000000000000000000000000000000000000000000000000000000000000]
ctx_addr_14        (getelementptr    ) [ 0000000000000000000000000000000000000000000000000000001111111111111111111111111111111111111111111111111110000000000000000000000000000000000000000000000000000000000000]
ctx_addr_15        (getelementptr    ) [ 0000000000000000000000000000000000000000000000000000001111111111111111111111111111111111111111111111111110000000000000000000000000000000000000000000000000000000000000]
ctx_addr_16        (getelementptr    ) [ 0000000000000000000000000000000000000000000000000000001111111111111111111111111111111111111111111111111110000000000000000000000000000000000000000000000000000000000000]
ctx_addr_17        (getelementptr    ) [ 0000000000000000000000000000000000000000000000000000001111111111111111111111111111111111111111111111111110000000000000000000000000000000000000000000000000000000000000]
ctx_addr_18        (getelementptr    ) [ 0000000000000000000000000000000000000000000000000000001111111111111111111111111111111111111111111111111110000000000000000000000000000000000000000000000000000000000000]
ctx_addr_19        (getelementptr    ) [ 0000000000000000000000000000000000000000000000000000001111111111111111111111111111111111111111111111111110000000000000000000000000000000000000000000000000000000000000]
ctx_addr_20        (getelementptr    ) [ 0000000000000000000000000000000000000000000000000000001111111111111111111111111111111111111111111111111110000000000000000000000000000000000000000000000000000000000000]
ctx_addr_21        (getelementptr    ) [ 0000000000000000000000000000000000000000000000000000001111111111111111111111111111111111111111111111111110000000000000000000000000000000000000000000000000000000000000]
ctx_addr_22        (getelementptr    ) [ 0000000000000000000000000000000000000000000000000000001111111111111111111111111111111111111111111111111110000000000000000000000000000000000000000000000000000000000000]
ctx_addr_23        (getelementptr    ) [ 0000000000000000000000000000000000000000000000000000001111111111111111111111111111111111111111111111111110000000000000000000000000000000000000000000000000000000000000]
ctx_addr_24        (getelementptr    ) [ 0000000000000000000000000000000000000000000000000000001111111111111111111111111111111111111111111111111110000000000000000000000000000000000000000000000000000000000000]
ctx_addr_25        (getelementptr    ) [ 0000000000000000000000000000000000000000000000000000001111111111111111111111111111111111111111111111111110000000000000000000000000000000000000000000000000000000000000]
ctx_addr_26        (getelementptr    ) [ 0000000000000000000000000000000000000000000000000000001111111111111111111111111111111111111111111111111110000000000000000000000000000000000000000000000000000000000000]
ctx_addr_27        (getelementptr    ) [ 0000000000000000000000000000000000000000000000000000001111111111111111111111111111111111111111111111111110000000000000000000000000000000000000000000000000000000000000]
ctx_addr_28        (getelementptr    ) [ 0000000000000000000000000000000000000000000000000000001111111111111111111111111111111111111111111111111110000000000000000000000000000000000000000000000000000000000000]
ctx_addr_29        (getelementptr    ) [ 0000000000000000000000000000000000000000000000000000001111111111111111111111111111111111111111111111111110000000000000000000000000000000000000000000000000000000000000]
ctx_addr_30        (getelementptr    ) [ 0000000000000000000000000000000000000000000000000000001111111111111111111111111111111111111111111111111110000000000000000000000000000000000000000000000000000000000000]
ctx_addr_31        (getelementptr    ) [ 0000000000000000000000000000000000000000000000000000001111111111111111111111111111111111111111111111111110000000000000000000000000000000000000000000000000000000000000]
ctx_addr_32        (getelementptr    ) [ 0000000000000000000000000000000000000000000000000000001111111111111111111111111111111111111111111111111110000000000000000000000000000000000000000000000000000000000000]
ctx_addr_33        (getelementptr    ) [ 0000000000000000000000000000000000000000000000000000001111111111111111111111111111111111111111111111111110000000000000000000000000000000000000000000000000000000000000]
ctx_addr_34        (getelementptr    ) [ 0000000000000000000000000000000000000000000000000000001111111111111111111111111111111111111111111111111110000000000000000000000000000000000000000000000000000000000000]
ctx_addr_35        (getelementptr    ) [ 0000000000000000000000000000000000000000000000000000001111111111111111111111111111111111111111111111111110000000000000000000000000000000000000000000000000000000000000]
ctx_addr_36        (getelementptr    ) [ 0000000000000000000000000000000000000000000000000000001111111111111111111111111111111111111111111111111110000000000000000000000000000000000000000000000000000000000000]
ctx_addr_37        (getelementptr    ) [ 0000000000000000000000000000000000000000000000000000001111111111111111111111111111111111111111111111111110000000000000000000000000000000000000000000000000000000000000]
ctx_addr_38        (getelementptr    ) [ 0000000000000000000000000000000000000000000000000000001111111111111111111111111111111111111111111111111110000000000000000000000000000000000000000000000000000000000000]
store_ln338        (store            ) [ 0000000000000000000000000000000000000000000000000000000000000000000000000000000000000000000000000000000000000000000000000000000000000000000000000000000000000000000000]
br_ln338           (br               ) [ 0000000000000000000000000000000000000000000000000000011111111111111111111111111111111111111111111111111110000000000000000000000000000000000000000000000000000000000000]
i_3                (phi              ) [ 0000000000000000000000000000000000000000000000000000001111111111111111111111111111111111111111111111111110000000000000000000000000000000000000000000000000000000000000]
specpipeline_ln0   (specpipeline     ) [ 0000000000000000000000000000000000000000000000000000000000000000000000000000000000000000000000000000000000000000000000000000000000000000000000000000000000000000000000]
icmp_ln338         (icmp             ) [ 0000000000000000000000000000000000000000000000000000001111111111111111111111111111111111111111111111111110000000000000000000000000000000000000000000000000000000000000]
empty_13           (speclooptripcount) [ 0000000000000000000000000000000000000000000000000000000000000000000000000000000000000000000000000000000000000000000000000000000000000000000000000000000000000000000000]
br_ln338           (br               ) [ 0000000000000000000000000000000000000000000000000000000000000000000000000000000000000000000000000000000000000000000000000000000000000000000000000000000000000000000000]
trunc_ln343        (trunc            ) [ 0000000000000000000000000000000000000000000000000000001111111111111111111111111111111111111111111111111110000000000000000000000000000000000000000000000000000000000000]
br_ln343           (br               ) [ 0000000000000000000000000000000000000000000000000000000000000000000000000000000000000000000000000000000000000000000000000000000000000000000000000000000000000000000000]
rcon_1_load_1      (load             ) [ 0000000000000000000000000000000000000000000000000000000011111111110000000000000000000000000000000000000000000000000000000000000000000000000000000000000000000000000000]
ctx_load_19        (load             ) [ 0000000000000000000000000000000000000000000000000000000000111111111111111111111111111110000000000000000000000000000000000000000000000000000000000000000000000000000000]
ctx_load_34        (load             ) [ 0000000000000000000000000000000000000000000000000000000000111111111111111111111111111111111100000000000000000000000000000000000000000000000000000000000000000000000000]
ctx_load_20        (load             ) [ 0000000000000000000000000000000000000000000000000000000000011111111111111111111111111100000000000000000000000000000000000000000000000000000000000000000000000000000000]
ctx_load_21        (load             ) [ 0000000000000000000000000000000000000000000000000000000000011111111111111111111111111111100000000000000000000000000000000000000000000000000000000000000000000000000000]
ctx_load_22        (load             ) [ 0000000000000000000000000000000000000000000000000000000000001111111111111111111111111111100000000000000000000000000000000000000000000000000000000000000000000000000000]
ctx_load_23        (load             ) [ 0000000000000000000000000000000000000000000000000000000000001111111111111111111111111111000000000000000000000000000000000000000000000000000000000000000000000000000000]
buf_load_20        (load             ) [ 0000000000000000000000000000000000000000000000000000000000000100000000000000000000000000000000000000000000000000000000000000000000000000000000000000000000000000000000]
ctx_load_24        (load             ) [ 0000000000000000000000000000000000000000000000000000000000000111111111111111111111111100000000000000000000000000000000000000000000000000000000000000000000000000000000]
ctx_load_25        (load             ) [ 0000000000000000000000000000000000000000000000000000000000000111111111111111111111111111110000000000000000000000000000000000000000000000000000000000000000000000000000]
buf_load_7         (load             ) [ 0000000000000000000000000000000000000000000000000000000000000011000000000000000000000000000000000000000000000000000000000000000000000000000000000000000000000000000000]
zext_ln253_11      (zext             ) [ 0000000000000000000000000000000000000000000000000000000000000000000000000000000000000000000000000000000000000000000000000000000000000000000000000000000000000000000000]
sbox_addr_11       (getelementptr    ) [ 0000000000000000000000000000000000000000000000000000000000000011100000000000000000000000000000000000000000000000000000000000000000000000000000000000000000000000000000]
buf_load_25        (load             ) [ 0000000000000000000000000000000000000000000000000000000000000010000000000000000000000000000000000000000000000000000000000000000000000000000000000000000000000000000000]
ctx_load_26        (load             ) [ 0000000000000000000000000000000000000000000000000000000000000011111111111111111111111111110000000000000000000000000000000000000000000000000000000000000000000000000000]
ctx_load_27        (load             ) [ 0000000000000000000000000000000000000000000000000000000000000011111111111111111111111111000000000000000000000000000000000000000000000000000000000000000000000000000000]
buf_load_9         (load             ) [ 0000000000000000000000000000000000000000000000000000000000000001100000000000000000000000000000000000000000000000000000000000000000000000000000000000000000000000000000]
buf_load_15        (load             ) [ 0000000000000000000000000000000000000000000000000000000000000001110000000000000000000000000000000000000000000000000000000000000000000000000000000000000000000000000000]
zext_ln253_16      (zext             ) [ 0000000000000000000000000000000000000000000000000000000000000000000000000000000000000000000000000000000000000000000000000000000000000000000000000000000000000000000000]
sbox_addr_16       (getelementptr    ) [ 0000000000000000000000000000000000000000000000000000000000000001110000000000000000000000000000000000000000000000000000000000000000000000000000000000000000000000000000]
ctx_load_28        (load             ) [ 0000000000000000000000000000000000000000000000000000000000000001111111111111111111111110000000000000000000000000000000000000000000000000000000000000000000000000000000]
ctx_load_29        (load             ) [ 0000000000000000000000000000000000000000000000000000000000000001111111111111111111111111111000000000000000000000000000000000000000000000000000000000000000000000000000]
zext_ln253_3       (zext             ) [ 0000000000000000000000000000000000000000000000000000000000000000000000000000000000000000000000000000000000000000000000000000000000000000000000000000000000000000000000]
sbox_addr_3        (getelementptr    ) [ 0000000000000000000000000000000000000000000000000000000000000000111000000000000000000000000000000000000000000000000000000000000000000000000000000000000000000000000000]
buf_load_16        (load             ) [ 0000000000000000000000000000000000000000000000000000000000000000111000000000000000000000000000000000000000000000000000000000000000000000000000000000000000000000000000]
buf_load_17        (load             ) [ 0000000000000000000000000000000000000000000000000000000000000000111100000000000000000000000000000000000000000000000000000000000000000000000000000000000000000000000000]
ctx_load_30        (load             ) [ 0000000000000000000000000000000000000000000000000000000000000000111111111111111111111111111000000000000000000000000000000000000000000000000000000000000000000000000000]
ctx_load_31        (load             ) [ 0000000000000000000000000000000000000000000000000000000000000000111111111111110000000000000000000000000000000000000000000000000000000000000000000000000000000000000000]
zext_ln253_4       (zext             ) [ 0000000000000000000000000000000000000000000000000000000000000000000000000000000000000000000000000000000000000000000000000000000000000000000000000000000000000000000000]
sbox_addr_4        (getelementptr    ) [ 0000000000000000000000000000000000000000000000000000000000000000011100000000000000000000000000000000000000000000000000000000000000000000000000000000000000000000000000]
sbox_load_11       (load             ) [ 0000000000000000000000000000000000000000000000000000000000000000011111111111000000000000000000000000000000000000000000000000000000000000000000000000000000000000000000]
buf_load_21        (load             ) [ 0000000000000000000000000000000000000000000000000000000000000000011110000000000000000000000000000000000000000000000000000000000000000000000000000000000000000000000000]
buf_load_24        (load             ) [ 0000000000000000000000000000000000000000000000000000000000000000011111000000000000000000000000000000000000000000000000000000000000000000000000000000000000000000000000]
ctx_load_32        (load             ) [ 0000000000000000000000000000000000000000000000000000000000000000011111111111110000000000000000000000000000000000000000000000000000000000000000000000000000000000000000]
ctx_load_33        (load             ) [ 0000000000000000000000000000000000000000000000000000000000000000011111111111111000000000000000000000000000000000000000000000000000000000000000000000000000000000000000]
buf_load_2         (load             ) [ 0000000000000000000000000000000000000000000000000000000000000000001111100000000000000000000000000000000000000000000000000000000000000000000000000000000000000000000000]
buf_load_3         (load             ) [ 0000000000000000000000000000000000000000000000000000000000000000001111110000000000000000000000000000000000000000000000000000000000000000000000000000000000000000000000]
zext_ln253_6       (zext             ) [ 0000000000000000000000000000000000000000000000000000000000000000000000000000000000000000000000000000000000000000000000000000000000000000000000000000000000000000000000]
sbox_addr_6        (getelementptr    ) [ 0000000000000000000000000000000000000000000000000000000000000000001110000000000000000000000000000000000000000000000000000000000000000000000000000000000000000000000000]
sbox_load_16       (load             ) [ 0000000000000000000000000000000000000000000000000000000000000000001111111111000000000000000000000000000000000000000000000000000000000000000000000000000000000000000000]
sbox_load_3        (load             ) [ 0000000000000000000000000000000000000000000000000000000000000000000111111111111110000000000000000000000000000000000000000000000000000000000000000000000000000000000000]
zext_ln253_7       (zext             ) [ 0000000000000000000000000000000000000000000000000000000000000000000000000000000000000000000000000000000000000000000000000000000000000000000000000000000000000000000000]
sbox_addr_7        (getelementptr    ) [ 0000000000000000000000000000000000000000000000000000000000000000000111000000000000000000000000000000000000000000000000000000000000000000000000000000000000000000000000]
buf_load_19        (load             ) [ 0000000000000000000000000000000000000000000000000000000000000000000111111000000000000000000000000000000000000000000000000000000000000000000000000000000000000000000000]
buf_load_23        (load             ) [ 0000000000000000000000000000000000000000000000000000000000000000000111111100000000000000000000000000000000000000000000000000000000000000000000000000000000000000000000]
sbox_load_4        (load             ) [ 0000000000000000000000000000000000000000000000000000000000000000000011111111111100000000000000000000000000000000000000000000000000000000000000000000000000000000000000]
buf_load_13        (load             ) [ 0000000000000000000000000000000000000000000000000000000000000000000011111110000000000000000000000000000000000000000000000000000000000000000000000000000000000000000000]
zext_ln253_8       (zext             ) [ 0000000000000000000000000000000000000000000000000000000000000000000000000000000000000000000000000000000000000000000000000000000000000000000000000000000000000000000000]
sbox_addr_8        (getelementptr    ) [ 0000000000000000000000000000000000000000000000000000000000000000000011100000000000000000000000000000000000000000000000000000000000000000000000000000000000000000000000]
buf_load_18        (load             ) [ 0000000000000000000000000000000000000000000000000000000000000000000011111111000000000000000000000000000000000000000000000000000000000000000000000000000000000000000000]
i_6                (load             ) [ 0000000000000000000000000000000000000000000000000000000000000000000001111110000000000000000000000000000000000000000000000000000000000000000000000000000000000000000000]
zext_ln253_12      (zext             ) [ 0000000000000000000000000000000000000000000000000000000000000000000000000000000000000000000000000000000000000000000000000000000000000000000000000000000000000000000000]
sbox_addr_12       (getelementptr    ) [ 0000000000000000000000000000000000000000000000000000000000000000000001110000000000000000000000000000000000000000000000000000000000000000000000000000000000000000000000]
buf_load_22        (load             ) [ 0000000000000000000000000000000000000000000000000000000000000000000001111111100000000000000000000000000000000000000000000000000000000000000000000000000000000000000000]
sbox_load_7        (load             ) [ 0000000000000000000000000000000000000000000000000000000000000000000000111111111111100000000000000000000000000000000000000000000000000000000000000000000000000000000000]
zext_ln253_15      (zext             ) [ 0000000000000000000000000000000000000000000000000000000000000000000000000000000000000000000000000000000000000000000000000000000000000000000000000000000000000000000000]
sbox_addr_15       (getelementptr    ) [ 0000000000000000000000000000000000000000000000000000000000000000000000111000000000000000000000000000000000000000000000000000000000000000000000000000000000000000000000]
zext_ln253_1       (zext             ) [ 0000000000000000000000000000000000000000000000000000000000000000000000000000000000000000000000000000000000000000000000000000000000000000000000000000000000000000000000]
sbox_addr_1        (getelementptr    ) [ 0000000000000000000000000000000000000000000000000000000000000000000000011100000000000000000000000000000000000000000000000000000000000000000000000000000000000000000000]
sbox_load_8        (load             ) [ 0000000000000000000000000000000000000000000000000000000000000000000000011111111110000000000000000000000000000000000000000000000000000000000000000000000000000000000000]
zext_ln253_2       (zext             ) [ 0000000000000000000000000000000000000000000000000000000000000000000000000000000000000000000000000000000000000000000000000000000000000000000000000000000000000000000000]
sbox_addr_2        (getelementptr    ) [ 0000000000000000000000000000000000000000000000000000000000000000000000001110000000000000000000000000000000000000000000000000000000000000000000000000000000000000000000]
sbox_load_12       (load             ) [ 0000000000000000000000000000000000000000000000000000000000000000000000001111111111100000000000000000000000000000000000000000000000000000000000000000000000000000000000]
zext_ln253_10      (zext             ) [ 0000000000000000000000000000000000000000000000000000000000000000000000000000000000000000000000000000000000000000000000000000000000000000000000000000000000000000000000]
sbox_addr_10       (getelementptr    ) [ 0000000000000000000000000000000000000000000000000000000000000000000000000111000000000000000000000000000000000000000000000000000000000000000000000000000000000000000000]
i_5                (load             ) [ 0000000000000000000000000000000000000000000000000000000000000000000000000111111100000000000000000000000000000000000000000000000000000000000000000000000000000000000000]
xor_ln293          (xor              ) [ 0000000000000000000000000000000000000000000000000000000000000000000000000111000000000000000000000000000000000000000000000000000000000000000000000000000000000000000000]
sbox_load_1        (load             ) [ 0000000000000000000000000000000000000000000000000000000000000000000000000011000000000000000000000000000000000000000000000000000000000000000000000000000000000000000000]
zext_ln253_14      (zext             ) [ 0000000000000000000000000000000000000000000000000000000000000000000000000000000000000000000000000000000000000000000000000000000000000000000000000000000000000000000000]
sbox_addr_14       (getelementptr    ) [ 0000000000000000000000000000000000000000000000000000000000000000000000000011100000000000000000000000000000000000000000000000000000000000000000000000000000000000000000]
xor_ln293_1        (xor              ) [ 0000000000000000000000000000000000000000000000000000000000000000000000000011100000000000000000000000000000000000000000000000000000000000000000000000000000000000000000]
j_2                (load             ) [ 0000000000000000000000000000000000000000000000000000000000000000000000000001111110000000000000000000000000000000000000000000000000000000000000000000000000000000000000]
zext_ln253_5       (zext             ) [ 0000000000000000000000000000000000000000000000000000000000000000000000000000000000000000000000000000000000000000000000000000000000000000000000000000000000000000000000]
sbox_addr_5        (getelementptr    ) [ 0000000000000000000000000000000000000000000000000000000000000000000000000001110000000000000000000000000000000000000000000000000000000000000000000000000000000000000000]
xor_ln293_2        (xor              ) [ 0000000000000000000000000000000000000000000000000000000000000000000000000001000000000000000000000000000000000000000000000000000000000000000000000000000000000000000000]
xor_ln294_2        (xor              ) [ 0000000000000000000000000000000000000000000000000000000000000000000000000001000000000000000000000000000000000000000000000000000000000000000000000000000000000000000000]
xor_ln295          (xor              ) [ 0000000000000000000000000000000000000000000000000000000000000000000000000001000000000000000000000000000000000000000000000000000000000000000000000000000000000000000000]
zext_ln253_9       (zext             ) [ 0000000000000000000000000000000000000000000000000000000000000000000000000000000000000000000000000000000000000000000000000000000000000000000000000000000000000000000000]
sbox_addr_9        (getelementptr    ) [ 0000000000000000000000000000000000000000000000000000000000000000000000000000111000000000000000000000000000000000000000000000000000000000000000000000000000000000000000]
sbox_load_10       (load             ) [ 0000000000000000000000000000000000000000000000000000000000000000000000000000111000000000000000000000000000000000000000000000000000000000000000000000000000000000000000]
tmp                (bitselect        ) [ 0000000000000000000000000000000000000000000000000000000000000000000000000000000000000000000000000000000000000000000000000000000000000000000000000000000000000000000000]
shl_ln245          (shl              ) [ 0000000000000000000000000000000000000000000000000000000000000000000000000000000000000000000000000000000000000000000000000000000000000000000000000000000000000000000000]
xor_ln245          (xor              ) [ 0000000000000000000000000000000000000000000000000000000000000000000000000000000000000000000000000000000000000000000000000000000000000000000000000000000000000000000000]
select_ln245       (select           ) [ 0000000000000000000000000000000000000000000000000000000000000000000000000000000000000000000000000000000000000000000000000000000000000000000000000000000000000000000000]
xor_ln294          (xor              ) [ 0000000000000000000000000000000000000000000000000000000000000000000000000000000000000000000000000000000000000000000000000000000000000000000000000000000000000000000000]
xor_ln294_1        (xor              ) [ 0000000000000000000000000000000000000000000000000000000000000000000000000000111111111111111100000000000000000000000000000000000000000000000000000000000000000000000000]
tmp_1              (bitselect        ) [ 0000000000000000000000000000000000000000000000000000000000000000000000000000000000000000000000000000000000000000000000000000000000000000000000000000000000000000000000]
shl_ln245_1        (shl              ) [ 0000000000000000000000000000000000000000000000000000000000000000000000000000000000000000000000000000000000000000000000000000000000000000000000000000000000000000000000]
xor_ln245_1        (xor              ) [ 0000000000000000000000000000000000000000000000000000000000000000000000000000000000000000000000000000000000000000000000000000000000000000000000000000000000000000000000]
select_ln245_1     (select           ) [ 0000000000000000000000000000000000000000000000000000000000000000000000000000000000000000000000000000000000000000000000000000000000000000000000000000000000000000000000]
xor_ln294_3        (xor              ) [ 0000000000000000000000000000000000000000000000000000000000000000000000000000000000000000000000000000000000000000000000000000000000000000000000000000000000000000000000]
xor_ln294_4        (xor              ) [ 0000000000000000000000000000000000000000000000000000000000000000000000000000111000000000000000000000000000000000000000000000000000000000000000000000000000000000000000]
tmp_2              (bitselect        ) [ 0000000000000000000000000000000000000000000000000000000000000000000000000000000000000000000000000000000000000000000000000000000000000000000000000000000000000000000000]
shl_ln245_2        (shl              ) [ 0000000000000000000000000000000000000000000000000000000000000000000000000000000000000000000000000000000000000000000000000000000000000000000000000000000000000000000000]
xor_ln245_2        (xor              ) [ 0000000000000000000000000000000000000000000000000000000000000000000000000000000000000000000000000000000000000000000000000000000000000000000000000000000000000000000000]
select_ln245_2     (select           ) [ 0000000000000000000000000000000000000000000000000000000000000000000000000000000000000000000000000000000000000000000000000000000000000000000000000000000000000000000000]
xor_ln295_1        (xor              ) [ 0000000000000000000000000000000000000000000000000000000000000000000000000000000000000000000000000000000000000000000000000000000000000000000000000000000000000000000000]
xor_ln295_2        (xor              ) [ 0000000000000000000000000000000000000000000000000000000000000000000000000000110000000000000000000000000000000000000000000000000000000000000000000000000000000000000000]
xor_ln295_3        (xor              ) [ 0000000000000000000000000000000000000000000000000000000000000000000000000000100000000000000000000000000000000000000000000000000000000000000000000000000000000000000000]
zext_ln253_13      (zext             ) [ 0000000000000000000000000000000000000000000000000000000000000000000000000000000000000000000000000000000000000000000000000000000000000000000000000000000000000000000000]
sbox_addr_13       (getelementptr    ) [ 0000000000000000000000000000000000000000000000000000000000000000000000000000011100000000000000000000000000000000000000000000000000000000000000000000000000000000000000]
sbox_load_14       (load             ) [ 0000000000000000000000000000000000000000000000000000000000000000000000000000011100000000000000000000000000000000000000000000000000000000000000000000000000000000000000]
tmp_3              (bitselect        ) [ 0000000000000000000000000000000000000000000000000000000000000000000000000000000000000000000000000000000000000000000000000000000000000000000000000000000000000000000000]
shl_ln245_3        (shl              ) [ 0000000000000000000000000000000000000000000000000000000000000000000000000000000000000000000000000000000000000000000000000000000000000000000000000000000000000000000000]
xor_ln245_3        (xor              ) [ 0000000000000000000000000000000000000000000000000000000000000000000000000000000000000000000000000000000000000000000000000000000000000000000000000000000000000000000000]
select_ln245_3     (select           ) [ 0000000000000000000000000000000000000000000000000000000000000000000000000000000000000000000000000000000000000000000000000000000000000000000000000000000000000000000000]
xor_ln295_4        (xor              ) [ 0000000000000000000000000000000000000000000000000000000000000000000000000000011000000000000000000000000000000000000000000000000000000000000000000000000000000000000000]
xor_ln293_9        (xor              ) [ 0000000000000000000000000000000000000000000000000000000000000000000000000000011100000000000000000000000000000000000000000000000000000000000000000000000000000000000000]
sbox_load_5        (load             ) [ 0000000000000000000000000000000000000000000000000000000000000000000000000000001100000000000000000000000000000000000000000000000000000000000000000000000000000000000000]
store_ln294        (store            ) [ 0000000000000000000000000000000000000000000000000000000000000000000000000000000000000000000000000000000000000000000000000000000000000000000000000000000000000000000000]
store_ln295        (store            ) [ 0000000000000000000000000000000000000000000000000000000000000000000000000000000000000000000000000000000000000000000000000000000000000000000000000000000000000000000000]
xor_ln293_6        (xor              ) [ 0000000000000000000000000000000000000000000000000000000000000000000000000000001110000000000000000000000000000000000000000000000000000000000000000000000000000000000000]
xor_ln293_10       (xor              ) [ 0000000000000000000000000000000000000000000000000000000000000000000000000000001100000000000000000000000000000000000000000000000000000000000000000000000000000000000000]
xor_ln261_29       (xor              ) [ 0000000000000000000000000000000000000000000000000000000000000000000000000000001100000000000000000000000000000000000000000000000000000000000000000000000000000000000000]
xor_ln261_30       (xor              ) [ 0000000000000000000000000000000000000000000000000000000000000000000000000000001100000000000000000000000000000000000000000000000000000000000000000000000000000000000000]
sbox_load_9        (load             ) [ 0000000000000000000000000000000000000000000000000000000000000000000000000000000110000000000000000000000000000000000000000000000000000000000000000000000000000000000000]
store_ln294        (store            ) [ 0000000000000000000000000000000000000000000000000000000000000000000000000000000000000000000000000000000000000000000000000000000000000000000000000000000000000000000000]
store_ln295        (store            ) [ 0000000000000000000000000000000000000000000000000000000000000000000000000000000000000000000000000000000000000000000000000000000000000000000000000000000000000000000000]
xor_ln293_7        (xor              ) [ 0000000000000000000000000000000000000000000000000000000000000000000000000000000110000000000000000000000000000000000000000000000000000000000000000000000000000000000000]
xor_ln293_11       (xor              ) [ 0000000000000000000000000000000000000000000000000000000000000000000000000000000100000000000000000000000000000000000000000000000000000000000000000000000000000000000000]
xor_ln294_17       (xor              ) [ 0000000000000000000000000000000000000000000000000000000000000000000000000000000100000000000000000000000000000000000000000000000000000000000000000000000000000000000000]
xor_ln295_15       (xor              ) [ 0000000000000000000000000000000000000000000000000000000000000000000000000000000100000000000000000000000000000000000000000000000000000000000000000000000000000000000000]
xor_ln295_18       (xor              ) [ 0000000000000000000000000000000000000000000000000000000000000000000000000000000100000000000000000000000000000000000000000000000000000000000000000000000000000000000000]
xor_ln261_31       (xor              ) [ 0000000000000000000000000000000000000000000000000000000000000000000000000000000110000000000000000000000000000000000000000000000000000000000000000000000000000000000000]
j_1                (load             ) [ 0000000000000000000000000000000000000000000000000000000000000000000000000000000011000000000000000000000000000000000000000000000000000000000000000000000000000000000000]
xor_ln293_3        (xor              ) [ 0000000000000000000000000000000000000000000000000000000000000000000000000000000011100000000000000000000000000000000000000000000000000000000000000000000000000000000000]
xor_ln293_8        (xor              ) [ 0000000000000000000000000000000000000000000000000000000000000000000000000000000010000000000000000000000000000000000000000000000000000000000000000000000000000000000000]
xor_ln294_12       (xor              ) [ 0000000000000000000000000000000000000000000000000000000000000000000000000000000010000000000000000000000000000000000000000000000000000000000000000000000000000000000000]
xor_ln295_10       (xor              ) [ 0000000000000000000000000000000000000000000000000000000000000000000000000000000010000000000000000000000000000000000000000000000000000000000000000000000000000000000000]
xor_ln295_13       (xor              ) [ 0000000000000000000000000000000000000000000000000000000000000000000000000000000010000000000000000000000000000000000000000000000000000000000000000000000000000000000000]
tmp_12             (bitselect        ) [ 0000000000000000000000000000000000000000000000000000000000000000000000000000000000000000000000000000000000000000000000000000000000000000000000000000000000000000000000]
shl_ln245_12       (shl              ) [ 0000000000000000000000000000000000000000000000000000000000000000000000000000000000000000000000000000000000000000000000000000000000000000000000000000000000000000000000]
xor_ln245_12       (xor              ) [ 0000000000000000000000000000000000000000000000000000000000000000000000000000000000000000000000000000000000000000000000000000000000000000000000000000000000000000000000]
select_ln245_12    (select           ) [ 0000000000000000000000000000000000000000000000000000000000000000000000000000000000000000000000000000000000000000000000000000000000000000000000000000000000000000000000]
xor_ln294_15       (xor              ) [ 0000000000000000000000000000000000000000000000000000000000000000000000000000000000000000000000000000000000000000000000000000000000000000000000000000000000000000000000]
xor_ln294_16       (xor              ) [ 0000000000000000000000000000000000000000000000000000000000000000000000000000000011111111100000000000000000000000000000000000000000000000000000000000000000000000000000]
tmp_13             (bitselect        ) [ 0000000000000000000000000000000000000000000000000000000000000000000000000000000000000000000000000000000000000000000000000000000000000000000000000000000000000000000000]
shl_ln245_13       (shl              ) [ 0000000000000000000000000000000000000000000000000000000000000000000000000000000000000000000000000000000000000000000000000000000000000000000000000000000000000000000000]
xor_ln245_13       (xor              ) [ 0000000000000000000000000000000000000000000000000000000000000000000000000000000000000000000000000000000000000000000000000000000000000000000000000000000000000000000000]
select_ln245_13    (select           ) [ 0000000000000000000000000000000000000000000000000000000000000000000000000000000000000000000000000000000000000000000000000000000000000000000000000000000000000000000000]
xor_ln294_18       (xor              ) [ 0000000000000000000000000000000000000000000000000000000000000000000000000000000000000000000000000000000000000000000000000000000000000000000000000000000000000000000000]
xor_ln294_19       (xor              ) [ 0000000000000000000000000000000000000000000000000000000000000000000000000000000011111111100000000000000000000000000000000000000000000000000000000000000000000000000000]
tmp_14             (bitselect        ) [ 0000000000000000000000000000000000000000000000000000000000000000000000000000000000000000000000000000000000000000000000000000000000000000000000000000000000000000000000]
shl_ln245_14       (shl              ) [ 0000000000000000000000000000000000000000000000000000000000000000000000000000000000000000000000000000000000000000000000000000000000000000000000000000000000000000000000]
xor_ln245_14       (xor              ) [ 0000000000000000000000000000000000000000000000000000000000000000000000000000000000000000000000000000000000000000000000000000000000000000000000000000000000000000000000]
select_ln245_14    (select           ) [ 0000000000000000000000000000000000000000000000000000000000000000000000000000000000000000000000000000000000000000000000000000000000000000000000000000000000000000000000]
xor_ln295_16       (xor              ) [ 0000000000000000000000000000000000000000000000000000000000000000000000000000000000000000000000000000000000000000000000000000000000000000000000000000000000000000000000]
xor_ln295_17       (xor              ) [ 0000000000000000000000000000000000000000000000000000000000000000000000000000000011111100000000000000000000000000000000000000000000000000000000000000000000000000000000]
tmp_15             (bitselect        ) [ 0000000000000000000000000000000000000000000000000000000000000000000000000000000000000000000000000000000000000000000000000000000000000000000000000000000000000000000000]
shl_ln245_15       (shl              ) [ 0000000000000000000000000000000000000000000000000000000000000000000000000000000000000000000000000000000000000000000000000000000000000000000000000000000000000000000000]
xor_ln245_15       (xor              ) [ 0000000000000000000000000000000000000000000000000000000000000000000000000000000000000000000000000000000000000000000000000000000000000000000000000000000000000000000000]
select_ln245_15    (select           ) [ 0000000000000000000000000000000000000000000000000000000000000000000000000000000000000000000000000000000000000000000000000000000000000000000000000000000000000000000000]
xor_ln295_19       (xor              ) [ 0000000000000000000000000000000000000000000000000000000000000000000000000000000011111110000000000000000000000000000000000000000000000000000000000000000000000000000000]
store_ln261        (store            ) [ 0000000000000000000000000000000000000000000000000000000000000000000000000000000000000000000000000000000000000000000000000000000000000000000000000000000000000000000000]
store_ln261        (store            ) [ 0000000000000000000000000000000000000000000000000000000000000000000000000000000000000000000000000000000000000000000000000000000000000000000000000000000000000000000000]
xor_ln293_4        (xor              ) [ 0000000000000000000000000000000000000000000000000000000000000000000000000000000001000000000000000000000000000000000000000000000000000000000000000000000000000000000000]
xor_ln294_7        (xor              ) [ 0000000000000000000000000000000000000000000000000000000000000000000000000000000001100000000000000000000000000000000000000000000000000000000000000000000000000000000000]
xor_ln295_5        (xor              ) [ 0000000000000000000000000000000000000000000000000000000000000000000000000000000001000000000000000000000000000000000000000000000000000000000000000000000000000000000000]
xor_ln295_8        (xor              ) [ 0000000000000000000000000000000000000000000000000000000000000000000000000000000001000000000000000000000000000000000000000000000000000000000000000000000000000000000000]
tmp_8              (bitselect        ) [ 0000000000000000000000000000000000000000000000000000000000000000000000000000000000000000000000000000000000000000000000000000000000000000000000000000000000000000000000]
shl_ln245_8        (shl              ) [ 0000000000000000000000000000000000000000000000000000000000000000000000000000000000000000000000000000000000000000000000000000000000000000000000000000000000000000000000]
xor_ln245_8        (xor              ) [ 0000000000000000000000000000000000000000000000000000000000000000000000000000000000000000000000000000000000000000000000000000000000000000000000000000000000000000000000]
select_ln245_8     (select           ) [ 0000000000000000000000000000000000000000000000000000000000000000000000000000000000000000000000000000000000000000000000000000000000000000000000000000000000000000000000]
xor_ln294_10       (xor              ) [ 0000000000000000000000000000000000000000000000000000000000000000000000000000000000000000000000000000000000000000000000000000000000000000000000000000000000000000000000]
xor_ln294_11       (xor              ) [ 0000000000000000000000000000000000000000000000000000000000000000000000000000000001111111110000000000000000000000000000000000000000000000000000000000000000000000000000]
tmp_9              (bitselect        ) [ 0000000000000000000000000000000000000000000000000000000000000000000000000000000000000000000000000000000000000000000000000000000000000000000000000000000000000000000000]
shl_ln245_9        (shl              ) [ 0000000000000000000000000000000000000000000000000000000000000000000000000000000000000000000000000000000000000000000000000000000000000000000000000000000000000000000000]
xor_ln245_9        (xor              ) [ 0000000000000000000000000000000000000000000000000000000000000000000000000000000000000000000000000000000000000000000000000000000000000000000000000000000000000000000000]
select_ln245_9     (select           ) [ 0000000000000000000000000000000000000000000000000000000000000000000000000000000000000000000000000000000000000000000000000000000000000000000000000000000000000000000000]
xor_ln294_13       (xor              ) [ 0000000000000000000000000000000000000000000000000000000000000000000000000000000000000000000000000000000000000000000000000000000000000000000000000000000000000000000000]
xor_ln294_14       (xor              ) [ 0000000000000000000000000000000000000000000000000000000000000000000000000000000001111111110000000000000000000000000000000000000000000000000000000000000000000000000000]
tmp_10             (bitselect        ) [ 0000000000000000000000000000000000000000000000000000000000000000000000000000000000000000000000000000000000000000000000000000000000000000000000000000000000000000000000]
shl_ln245_10       (shl              ) [ 0000000000000000000000000000000000000000000000000000000000000000000000000000000000000000000000000000000000000000000000000000000000000000000000000000000000000000000000]
xor_ln245_10       (xor              ) [ 0000000000000000000000000000000000000000000000000000000000000000000000000000000000000000000000000000000000000000000000000000000000000000000000000000000000000000000000]
select_ln245_10    (select           ) [ 0000000000000000000000000000000000000000000000000000000000000000000000000000000000000000000000000000000000000000000000000000000000000000000000000000000000000000000000]
xor_ln295_11       (xor              ) [ 0000000000000000000000000000000000000000000000000000000000000000000000000000000000000000000000000000000000000000000000000000000000000000000000000000000000000000000000]
xor_ln295_12       (xor              ) [ 0000000000000000000000000000000000000000000000000000000000000000000000000000000001111100000000000000000000000000000000000000000000000000000000000000000000000000000000]
tmp_11             (bitselect        ) [ 0000000000000000000000000000000000000000000000000000000000000000000000000000000000000000000000000000000000000000000000000000000000000000000000000000000000000000000000]
shl_ln245_11       (shl              ) [ 0000000000000000000000000000000000000000000000000000000000000000000000000000000000000000000000000000000000000000000000000000000000000000000000000000000000000000000000]
xor_ln245_11       (xor              ) [ 0000000000000000000000000000000000000000000000000000000000000000000000000000000000000000000000000000000000000000000000000000000000000000000000000000000000000000000000]
select_ln245_11    (select           ) [ 0000000000000000000000000000000000000000000000000000000000000000000000000000000000000000000000000000000000000000000000000000000000000000000000000000000000000000000000]
xor_ln295_14       (xor              ) [ 0000000000000000000000000000000000000000000000000000000000000000000000000000000001111111000000000000000000000000000000000000000000000000000000000000000000000000000000]
store_ln261        (store            ) [ 0000000000000000000000000000000000000000000000000000000000000000000000000000000000000000000000000000000000000000000000000000000000000000000000000000000000000000000000]
xor_ln293_5        (xor              ) [ 0000000000000000000000000000000000000000000000000000000000000000000000000000000000100000000000000000000000000000000000000000000000000000000000000000000000000000000000]
tmp_6              (bitselect        ) [ 0000000000000000000000000000000000000000000000000000000000000000000000000000000000000000000000000000000000000000000000000000000000000000000000000000000000000000000000]
shl_ln245_6        (shl              ) [ 0000000000000000000000000000000000000000000000000000000000000000000000000000000000000000000000000000000000000000000000000000000000000000000000000000000000000000000000]
xor_ln245_6        (xor              ) [ 0000000000000000000000000000000000000000000000000000000000000000000000000000000000000000000000000000000000000000000000000000000000000000000000000000000000000000000000]
select_ln245_6     (select           ) [ 0000000000000000000000000000000000000000000000000000000000000000000000000000000000000000000000000000000000000000000000000000000000000000000000000000000000000000000000]
xor_ln295_6        (xor              ) [ 0000000000000000000000000000000000000000000000000000000000000000000000000000000000000000000000000000000000000000000000000000000000000000000000000000000000000000000000]
xor_ln295_7        (xor              ) [ 0000000000000000000000000000000000000000000000000000000000000000000000000000000000111110000000000000000000000000000000000000000000000000000000000000000000000000000000]
tmp_7              (bitselect        ) [ 0000000000000000000000000000000000000000000000000000000000000000000000000000000000000000000000000000000000000000000000000000000000000000000000000000000000000000000000]
shl_ln245_7        (shl              ) [ 0000000000000000000000000000000000000000000000000000000000000000000000000000000000000000000000000000000000000000000000000000000000000000000000000000000000000000000000]
xor_ln245_7        (xor              ) [ 0000000000000000000000000000000000000000000000000000000000000000000000000000000000000000000000000000000000000000000000000000000000000000000000000000000000000000000000]
select_ln245_7     (select           ) [ 0000000000000000000000000000000000000000000000000000000000000000000000000000000000000000000000000000000000000000000000000000000000000000000000000000000000000000000000]
xor_ln295_9        (xor              ) [ 0000000000000000000000000000000000000000000000000000000000000000000000000000000000111111000000000000000000000000000000000000000000000000000000000000000000000000000000]
store_ln295        (store            ) [ 0000000000000000000000000000000000000000000000000000000000000000000000000000000000000000000000000000000000000000000000000000000000000000000000000000000000000000000000]
store_ln295        (store            ) [ 0000000000000000000000000000000000000000000000000000000000000000000000000000000000000000000000000000000000000000000000000000000000000000000000000000000000000000000000]
buf_load_40        (load             ) [ 0000000000000000000000000000000000000000000000000000000000000000000000000000000000111111111111110000000000000000000000000000000000000000000000000000000000000000000000]
buf_load_42        (load             ) [ 0000000000000000000000000000000000000000000000000000000000000000000000000000000000111111111111100000000000000000000000000000000000000000000000000000000000000000000000]
tmp_4              (bitselect        ) [ 0000000000000000000000000000000000000000000000000000000000000000000000000000000000000000000000000000000000000000000000000000000000000000000000000000000000000000000000]
shl_ln245_4        (shl              ) [ 0000000000000000000000000000000000000000000000000000000000000000000000000000000000000000000000000000000000000000000000000000000000000000000000000000000000000000000000]
xor_ln245_4        (xor              ) [ 0000000000000000000000000000000000000000000000000000000000000000000000000000000000000000000000000000000000000000000000000000000000000000000000000000000000000000000000]
select_ln245_4     (select           ) [ 0000000000000000000000000000000000000000000000000000000000000000000000000000000000000000000000000000000000000000000000000000000000000000000000000000000000000000000000]
xor_ln294_5        (xor              ) [ 0000000000000000000000000000000000000000000000000000000000000000000000000000000000000000000000000000000000000000000000000000000000000000000000000000000000000000000000]
xor_ln294_6        (xor              ) [ 0000000000000000000000000000000000000000000000000000000000000000000000000000000000011111111000000000000000000000000000000000000000000000000000000000000000000000000000]
tmp_5              (bitselect        ) [ 0000000000000000000000000000000000000000000000000000000000000000000000000000000000000000000000000000000000000000000000000000000000000000000000000000000000000000000000]
shl_ln245_5        (shl              ) [ 0000000000000000000000000000000000000000000000000000000000000000000000000000000000000000000000000000000000000000000000000000000000000000000000000000000000000000000000]
xor_ln245_5        (xor              ) [ 0000000000000000000000000000000000000000000000000000000000000000000000000000000000000000000000000000000000000000000000000000000000000000000000000000000000000000000000]
select_ln245_5     (select           ) [ 0000000000000000000000000000000000000000000000000000000000000000000000000000000000000000000000000000000000000000000000000000000000000000000000000000000000000000000000]
xor_ln294_8        (xor              ) [ 0000000000000000000000000000000000000000000000000000000000000000000000000000000000000000000000000000000000000000000000000000000000000000000000000000000000000000000000]
xor_ln294_9        (xor              ) [ 0000000000000000000000000000000000000000000000000000000000000000000000000000000000011111111000000000000000000000000000000000000000000000000000000000000000000000000000]
store_ln295        (store            ) [ 0000000000000000000000000000000000000000000000000000000000000000000000000000000000000000000000000000000000000000000000000000000000000000000000000000000000000000000000]
store_ln295        (store            ) [ 0000000000000000000000000000000000000000000000000000000000000000000000000000000000000000000000000000000000000000000000000000000000000000000000000000000000000000000000]
buf_load_39        (load             ) [ 0000000000000000000000000000000000000000000000000000000000000000000000000000000000011111111111111000000000000000000000000000000000000000000000000000000000000000000000]
buf_load_41        (load             ) [ 0000000000000000000000000000000000000000000000000000000000000000000000000000000000011111111111100000000000000000000000000000000000000000000000000000000000000000000000]
store_ln295        (store            ) [ 0000000000000000000000000000000000000000000000000000000000000000000000000000000000000000000000000000000000000000000000000000000000000000000000000000000000000000000000]
store_ln295        (store            ) [ 0000000000000000000000000000000000000000000000000000000000000000000000000000000000000000000000000000000000000000000000000000000000000000000000000000000000000000000000]
store_ln294        (store            ) [ 0000000000000000000000000000000000000000000000000000000000000000000000000000000000000000000000000000000000000000000000000000000000000000000000000000000000000000000000]
store_ln294        (store            ) [ 0000000000000000000000000000000000000000000000000000000000000000000000000000000000000000000000000000000000000000000000000000000000000000000000000000000000000000000000]
store_ln294        (store            ) [ 0000000000000000000000000000000000000000000000000000000000000000000000000000000000000000000000000000000000000000000000000000000000000000000000000000000000000000000000]
store_ln294        (store            ) [ 0000000000000000000000000000000000000000000000000000000000000000000000000000000000000000000000000000000000000000000000000000000000000000000000000000000000000000000000]
xor_ln261_18       (xor              ) [ 0000000000000000000000000000000000000000000000000000000000000000000000000000000000000011000000000000000000000000000000000000000000000000000000000000000000000000000000]
xor_ln261_22       (xor              ) [ 0000000000000000000000000000000000000000000000000000000000000000000000000000000000000011000000000000000000000000000000000000000000000000000000000000000000000000000000]
specloopname_ln327 (specloopname     ) [ 0000000000000000000000000000000000000000000000000000000000000000000000000000000000000000000000000000000000000000000000000000000000000000000000000000000000000000000000]
store_ln294        (store            ) [ 0000000000000000000000000000000000000000000000000000000000000000000000000000000000000000000000000000000000000000000000000000000000000000000000000000000000000000000000]
store_ln294        (store            ) [ 0000000000000000000000000000000000000000000000000000000000000000000000000000000000000000000000000000000000000000000000000000000000000000000000000000000000000000000000]
xor_ln261_17       (xor              ) [ 0000000000000000000000000000000000000000000000000000000000000000000000000000000000000001100000000000000000000000000000000000000000000000000000000000000000000000000000]
xor_ln261_26       (xor              ) [ 0000000000000000000000000000000000000000000000000000000000000000000000000000000000000001100000000000000000000000000000000000000000000000000000000000000000000000000000]
store_ln261        (store            ) [ 0000000000000000000000000000000000000000000000000000000000000000000000000000000000000000000000000000000000000000000000000000000000000000000000000000000000000000000000]
xor_ln261_21       (xor              ) [ 0000000000000000000000000000000000000000000000000000000000000000000000000000000000000000110000000000000000000000000000000000000000000000000000000000000000000000000000]
store_ln261        (store            ) [ 0000000000000000000000000000000000000000000000000000000000000000000000000000000000000000000000000000000000000000000000000000000000000000000000000000000000000000000000]
xor_ln261_25       (xor              ) [ 0000000000000000000000000000000000000000000000000000000000000000000000000000000000000000110000000000000000000000000000000000000000000000000000000000000000000000000000]
store_ln261        (store            ) [ 0000000000000000000000000000000000000000000000000000000000000000000000000000000000000000000000000000000000000000000000000000000000000000000000000000000000000000000000]
xor_ln261_19       (xor              ) [ 0000000000000000000000000000000000000000000000000000000000000000000000000000000000000000011000000000000000000000000000000000000000000000000000000000000000000000000000]
xor_ln261_20       (xor              ) [ 0000000000000000000000000000000000000000000000000000000000000000000000000000000000000000011000000000000000000000000000000000000000000000000000000000000000000000000000]
store_ln261        (store            ) [ 0000000000000000000000000000000000000000000000000000000000000000000000000000000000000000000000000000000000000000000000000000000000000000000000000000000000000000000000]
rcon_2             (call             ) [ 0000000000000000000000000000000000000000000000000000000000000000000000000000000000000000001000000000000000000000000000000000000000000000000000000000000000000000000000]
buf_load_28        (load             ) [ 0000000000000000000000000000000000000000000000000000000000000000000000000000000000000000001111111110000000000000000000000000000000000000000000000000000000000000000000]
buf_load_32        (load             ) [ 0000000000000000000000000000000000000000000000000000001000000000000000000000000000000000001111111111100000000000000000000000000000000000000000000000000000000000000000]
store_ln261        (store            ) [ 0000000000000000000000000000000000000000000000000000000000000000000000000000000000000000000000000000000000000000000000000000000000000000000000000000000000000000000000]
xor_ln261_23       (xor              ) [ 0000000000000000000000000000000000000000000000000000000000000000000000000000000000000000001100000000000000000000000000000000000000000000000000000000000000000000000000]
xor_ln261_24       (xor              ) [ 0000000000000000000000000000000000000000000000000000000000000000000000000000000000000000001100000000000000000000000000000000000000000000000000000000000000000000000000]
store_ln261        (store            ) [ 0000000000000000000000000000000000000000000000000000000000000000000000000000000000000000000000000000000000000000000000000000000000000000000000000000000000000000000000]
buf_load_26        (load             ) [ 0000000000000000000000000000000000000000000000000000000000000000000000000000000000000000000111111110000000000000000000000000000000000000000000000000000000000000000000]
buf_load_36        (load             ) [ 0000000000000000000000000000000000000000000000000000000000000000000000000000000000000000000111111100000000000000000000000000000000000000000000000000000000000000000000]
store_ln344        (store            ) [ 0000000000000000000000000000000000000000000000000000000000000000000000000000000000000000000000000000000000000000000000000000000000000000000000000000000000000000000000]
store_ln261        (store            ) [ 0000000000000000000000000000000000000000000000000000000000000000000000000000000000000000000000000000000000000000000000000000000000000000000000000000000000000000000000]
store_ln261        (store            ) [ 0000000000000000000000000000000000000000000000000000000000000000000000000000000000000000000000000000000000000000000000000000000000000000000000000000000000000000000000]
xor_ln261_27       (xor              ) [ 0000000000000000000000000000000000000000000000000000000000000000000000000000000000000000000110000000000000000000000000000000000000000000000000000000000000000000000000]
xor_ln261_28       (xor              ) [ 0000000000000000000000000000000000000000000000000000000000000000000000000000000000000000000110000000000000000000000000000000000000000000000000000000000000000000000000]
buf_load_31        (load             ) [ 0000000000000000000000000000000000000000000000000000001000000000000000000000000000000000000011111111100000000000000000000000000000000000000000000000000000000000000000]
buf_load_35        (load             ) [ 0000000000000000000000000000000000000000000000000000001110000000000000000000000000000000000011111111111000000000000000000000000000000000000000000000000000000000000000]
store_ln261        (store            ) [ 0000000000000000000000000000000000000000000000000000000000000000000000000000000000000000000000000000000000000000000000000000000000000000000000000000000000000000000000]
store_ln261        (store            ) [ 0000000000000000000000000000000000000000000000000000000000000000000000000000000000000000000000000000000000000000000000000000000000000000000000000000000000000000000000]
xor_ln261_32       (xor              ) [ 0000000000000000000000000000000000000000000000000000000000000000000000000000000000000000000011111000000000000000000000000000000000000000000000000000000000000000000000]
buf_load_29        (load             ) [ 0000000000000000000000000000000000000000000000000000000000000000000000000000000000000000000001111111000000000000000000000000000000000000000000000000000000000000000000]
buf_load_30        (load             ) [ 0000000000000000000000000000000000000000000000000000000000000000000000000000000000000000000001111111000000000000000000000000000000000000000000000000000000000000000000]
store_ln261        (store            ) [ 0000000000000000000000000000000000000000000000000000000000000000000000000000000000000000000000000000000000000000000000000000000000000000000000000000000000000000000000]
store_ln261        (store            ) [ 0000000000000000000000000000000000000000000000000000000000000000000000000000000000000000000000000000000000000000000000000000000000000000000000000000000000000000000000]
br_ln0             (br               ) [ 0000000000000000000000000000000000000000000000000000001111111111111111111111111111111111111111111111111110000000000000000000000000000000000000000000000000000000000000]
buf_load_33        (load             ) [ 0000000000000000000000000000000000000000000000000000001100000000000000000000000000000000000000111111110000000000000000000000000000000000000000000000000000000000000000]
buf_load_34        (load             ) [ 0000000000000000000000000000000000000000000000000000001100000000000000000000000000000000000000111111110000000000000000000000000000000000000000000000000000000000000000]
ctx_load_17        (load             ) [ 0000000000000000000000000000000000000000000000000000000000000000000000000000000000000000000000100000000000000000000000000000000000000000000000000000000000000000000000]
ctx_load_18        (load             ) [ 0000000000000000000000000000000000000000000000000000000000000000000000000000000000000000000000100000000000000000000000000000000000000000000000000000000000000000000000]
buf_load_37        (load             ) [ 0000000000000000000000000000000000000000000000000000000000000000000000000000000000000000000000011100000000000000000000000000000000000000000000000000000000000000000000]
buf_load_38        (load             ) [ 0000000000000000000000000000000000000000000000000000000000000000000000000000000000000000000000011000000000000000000000000000000000000000000000000000000000000000000000]
ctx_load_15        (load             ) [ 0000000000000000000000000000000000000000000000000000000000000000000000000000000000000000000000011000000000000000000000000000000000000000000000000000000000000000000000]
ctx_load_16        (load             ) [ 0000000000000000000000000000000000000000000000000000000000000000000000000000000000000000000000010000000000000000000000000000000000000000000000000000000000000000000000]
xor_ln261_15       (xor              ) [ 0000000000000000000000000000000000000000000000000000000000000000000000000000000000000000000000011000000000000000000000000000000000000000000000000000000000000000000000]
xor_ln261_16       (xor              ) [ 0000000000000000000000000000000000000000000000000000001111111111111111111111111111111111111110011111111110000000000000000000000000000000000000000000000000000000000000]
ctx_load_13        (load             ) [ 0000000000000000000000000000000000000000000000000000000000000000000000000000000000000000000000001100000000000000000000000000000000000000000000000000000000000000000000]
ctx_load_14        (load             ) [ 0000000000000000000000000000000000000000000000000000000000000000000000000000000000000000000000001000000000000000000000000000000000000000000000000000000000000000000000]
xor_ln261_14       (xor              ) [ 0000000000000000000000000000000000000000000000000000000000000000000000000000000000000000000000001100000000000000000000000000000000000000000000000000000000000000000000]
br_ln0             (br               ) [ 0000000000000000000000000000000000000000000000000000001111111111111111111111111111111111111111111111111110000000000000000000000000000000000000000000000000000000000000]
ctx_load_3         (load             ) [ 0000000000000000000000000000000000000000000000000000000000000000000000000000000000000000000000000110000000000000000000000000000000000000000000000000000000000000000000]
ctx_load_12        (load             ) [ 0000000000000000000000000000000000000000000000000000000000000000000000000000000000000000000000000100000000000000000000000000000000000000000000000000000000000000000000]
xor_ln261_12       (xor              ) [ 0000000000000000000000000000000000000000000000000000000000000000000000000000000000000000000000000110000000000000000000000000000000000000000000000000000000000000000000]
xor_ln261_13       (xor              ) [ 0000000000000000000000000000000000000000000000000000000000000000000000000000000000000000000000000110000000000000000000000000000000000000000000000000000000000000000000]
store_ln261        (store            ) [ 0000000000000000000000000000000000000000000000000000000000000000000000000000000000000000000000000000000000000000000000000000000000000000000000000000000000000000000000]
storemerge         (phi              ) [ 0000000000000000000000000000000000000000000000000000000000000000000000000000000000000000000000001100000000000000000000000000000000000000000000000000000000000000000000]
ctx_load_4         (load             ) [ 0000000000000000000000000000000000000000000000000000000000000000000000000000000000000000000000000010000000000000000000000000000000000000000000000000000000000000000000]
ctx_load_5         (load             ) [ 0000000000000000000000000000000000000000000000000000000000000000000000000000000000000000000000000011000000000000000000000000000000000000000000000000000000000000000000]
xor_ln261_10       (xor              ) [ 0000000000000000000000000000000000000000000000000000000000000000000000000000000000000000000000000011000000000000000000000000000000000000000000000000000000000000000000]
xor_ln261_11       (xor              ) [ 0000000000000000000000000000000000000000000000000000000000000000000000000000000000000000000000000011000000000000000000000000000000000000000000000000000000000000000000]
store_ln261        (store            ) [ 0000000000000000000000000000000000000000000000000000000000000000000000000000000000000000000000000000000000000000000000000000000000000000000000000000000000000000000000]
add_ln338          (add              ) [ 0000000000000000000000000000000000000000000000000000011111111111111111111111111111111111111111111111111110000000000000000000000000000000000000000000000000000000000000]
store_ln261        (store            ) [ 0000000000000000000000000000000000000000000000000000000000000000000000000000000000000000000000000000000000000000000000000000000000000000000000000000000000000000000000]
br_ln0             (br               ) [ 0000000000000000000000000000000000000000000000000000011111111111111111111111111111111111111111111111111110000000000000000000000000000000000000000000000000000000000000]
xor_ln261_1        (xor              ) [ 0000000000000000000000000000000000000000000000000000001000000000000000000000000000000000000000000001100000000000000000000000000000000000000000000000000000000000000000]
xor_ln261_2        (xor              ) [ 0000000000000000000000000000000000000000000000000000001000000000000000000000000000000000000000000001100000000000000000000000000000000000000000000000000000000000000000]
ctx_load_6         (load             ) [ 0000000000000000000000000000000000000000000000000000000000000000000000000000000000000000000000000001000000000000000000000000000000000000000000000000000000000000000000]
ctx_load_7         (load             ) [ 0000000000000000000000000000000000000000000000000000001000000000000000000000000000000000000000000001100000000000000000000000000000000000000000000000000000000000000000]
store_ln261        (store            ) [ 0000000000000000000000000000000000000000000000000000000000000000000000000000000000000000000000000000000000000000000000000000000000000000000000000000000000000000000000]
store_ln261        (store            ) [ 0000000000000000000000000000000000000000000000000000000000000000000000000000000000000000000000000000000000000000000000000000000000000000000000000000000000000000000000]
xor_ln261_3        (xor              ) [ 0000000000000000000000000000000000000000000000000000001100000000000000000000000000000000000000000000110000000000000000000000000000000000000000000000000000000000000000]
xor_ln261_4        (xor              ) [ 0000000000000000000000000000000000000000000000000000001100000000000000000000000000000000000000000000110000000000000000000000000000000000000000000000000000000000000000]
ctx_load_8         (load             ) [ 0000000000000000000000000000000000000000000000000000001000000000000000000000000000000000000000000000100000000000000000000000000000000000000000000000000000000000000000]
ctx_load_9         (load             ) [ 0000000000000000000000000000000000000000000000000000001100000000000000000000000000000000000000000000110000000000000000000000000000000000000000000000000000000000000000]
store_ln261        (store            ) [ 0000000000000000000000000000000000000000000000000000000000000000000000000000000000000000000000000000000000000000000000000000000000000000000000000000000000000000000000]
store_ln261        (store            ) [ 0000000000000000000000000000000000000000000000000000000000000000000000000000000000000000000000000000000000000000000000000000000000000000000000000000000000000000000000]
store_ln261        (store            ) [ 0000000000000000000000000000000000000000000000000000000000000000000000000000000000000000000000000000000000000000000000000000000000000000000000000000000000000000000000]
store_ln261        (store            ) [ 0000000000000000000000000000000000000000000000000000000000000000000000000000000000000000000000000000000000000000000000000000000000000000000000000000000000000000000000]
xor_ln261_5        (xor              ) [ 0000000000000000000000000000000000000000000000000000000110000000000000000000000000000000000000000000011000000000000000000000000000000000000000000000000000000000000000]
xor_ln261_6        (xor              ) [ 0000000000000000000000000000000000000000000000000000000110000000000000000000000000000000000000000000011000000000000000000000000000000000000000000000000000000000000000]
ctx_load_10        (load             ) [ 0000000000000000000000000000000000000000000000000000000100000000000000000000000000000000000000000000010000000000000000000000000000000000000000000000000000000000000000]
ctx_load_11        (load             ) [ 0000000000000000000000000000000000000000000000000000000110000000000000000000000000000000000000000000011000000000000000000000000000000000000000000000000000000000000000]
store_ln261        (store            ) [ 0000000000000000000000000000000000000000000000000000000000000000000000000000000000000000000000000000000000000000000000000000000000000000000000000000000000000000000000]
store_ln261        (store            ) [ 0000000000000000000000000000000000000000000000000000000000000000000000000000000000000000000000000000000000000000000000000000000000000000000000000000000000000000000000]
xor_ln261_7        (xor              ) [ 0000000000000000000000000000000000000000000000000000000011000000000000000000000000000000000000000000001100000000000000000000000000000000000000000000000000000000000000]
xor_ln261_8        (xor              ) [ 0000000000000000000000000000000000000000000000000000000011000000000000000000000000000000000000000000001100000000000000000000000000000000000000000000000000000000000000]
store_ln261        (store            ) [ 0000000000000000000000000000000000000000000000000000000000000000000000000000000000000000000000000000000000000000000000000000000000000000000000000000000000000000000000]
store_ln261        (store            ) [ 0000000000000000000000000000000000000000000000000000000000000000000000000000000000000000000000000000000000000000000000000000000000000000000000000000000000000000000000]
xor_ln261_9        (xor              ) [ 0000000000000000000000000000000000000000000000000000000001100000000000000000000000000000000000000000000110000000000000000000000000000000000000000000000000000000000000]
store_ln261        (store            ) [ 0000000000000000000000000000000000000000000000000000000000000000000000000000000000000000000000000000000000000000000000000000000000000000000000000000000000000000000000]
store_ln261        (store            ) [ 0000000000000000000000000000000000000000000000000000000000000000000000000000000000000000000000000000000000000000000000000000000000000000000000000000000000000000000000]
store_ln261        (store            ) [ 0000000000000000000000000000000000000000000000000000000000000000000000000000000000000000000000000000000000000000000000000000000000000000000000000000000000000000000000]
br_ln0             (br               ) [ 0000000000000000000000000000000000000000000000000000000000000000000000000000000000000000000000000000000001111111111110000000000000000000000000000000000000000000000000]
i_4                (phi              ) [ 0000000000000000000000000000000000000000000000000000000000000000000000000000000000000000000000000000000000111111111110000000000000000000000000000000000000000000000000]
add_ln253          (add              ) [ 0000000000000000000000000000000000000000000000000000000000000000000000000000000000000000000000000000000001111111111110000000000000000000000000000000000000000000000000]
i_4_cast           (zext             ) [ 0000000000000000000000000000000000000000000000000000000000000000000000000000000000000000000000000000000000000000000000000000000000000000000000000000000000000000000000]
buf_addr_13        (getelementptr    ) [ 0000000000000000000000000000000000000000000000000000000000000000000000000000000000000000000000000000000000101111111110000000000000000000000000000000000000000000000000]
icmp_ln253         (icmp             ) [ 0000000000000000000000000000000000000000000000000000000000000000000000000000000000000000000000000000000000111111111110000000000000000000000000000000000000000000000000]
br_ln253           (br               ) [ 0000000000000000000000000000000000000000000000000000000000000000000000000000000000000000000000000000000001111111111110000000000000000000000000000000000000000000000000]
buf_load_1         (load             ) [ 0000000000000000000000000000000000000000000000000000000000000000000000000000000000000000000000000000000000100001000000000000000000000000000000000000000000000000000000]
zext_ln253         (zext             ) [ 0000000000000000000000000000000000000000000000000000000000000000000000000000000000000000000000000000000000000000000000000000000000000000000000000000000000000000000000]
sbox_addr          (getelementptr    ) [ 0000000000000000000000000000000000000000000000000000000000000000000000000000000000000000000000000000000000100000111000000000000000000000000000000000000000000000000000]
sbox_load          (load             ) [ 0000000000000000000000000000000000000000000000000000000000000000000000000000000000000000000000000000000000100000000110000000000000000000000000000000000000000000000000]
specpipeline_ln0   (specpipeline     ) [ 0000000000000000000000000000000000000000000000000000000000000000000000000000000000000000000000000000000000000000000000000000000000000000000000000000000000000000000000]
specloopname_ln253 (specloopname     ) [ 0000000000000000000000000000000000000000000000000000000000000000000000000000000000000000000000000000000000000000000000000000000000000000000000000000000000000000000000]
store_ln253        (store            ) [ 0000000000000000000000000000000000000000000000000000000000000000000000000000000000000000000000000000000000000000000000000000000000000000000000000000000000000000000000]
empty_14           (speclooptripcount) [ 0000000000000000000000000000000000000000000000000000000000000000000000000000000000000000000000000000000000000000000000000000000000000000000000000000000000000000000000]
buf_load_4         (load             ) [ 0000000000000000000000000000000000000000000000000000000000000000000000000000000000000000000000000000000000000000000000000111110000000000000000000000000000000000000000]
i_7                (load             ) [ 0000000000000000000000000000000000000000000000000000000000000000000000000000000000000000000000000000000000000000000000000011110000000000000000000000000000000000000000]
buf_load_6         (load             ) [ 0000000000000000000000000000000000000000000000000000000000000000000000000000000000000000000000000000000000000000000000000011111000000000000000000000000000000000000000]
rcon_1_load        (load             ) [ 0000000000000000000000000000000000000000000000000000000000000000000000000000000000000000000000000000000000000000000000000001111111111000000000000000000000000000000000]
buf_load_5         (load             ) [ 0000000000000000000000000000000000000000000000000000000000000000000000000000000000000000000000000000000000000000000000000001100000000000000000000000000000000000000000]
buf_load_8         (load             ) [ 0000000000000000000000000000000000000000000000000000000000000000000000000000000000000000000000000000000000000000000000000001111100000000000000000000000000000000000000]
i_8                (load             ) [ 0000000000000000000000000000000000000000000000000000000000000000000000000000000000000000000000000000000000000000000000000000111000000000000000000000000000000000000000]
buf_load_10        (load             ) [ 0000000000000000000000000000000000000000000000000000000000000000000000000000000000000000000000000000000000000000000000000000111110000000000000000000000000000000000000]
store_ln278        (store            ) [ 0000000000000000000000000000000000000000000000000000000000000000000000000000000000000000000000000000000000000000000000000000000000000000000000000000000000000000000000]
j                  (load             ) [ 0000000000000000000000000000000000000000000000000000000000000000000000000000000000000000000000000000000000000000000000000000011110000000000000000000000000000000000000]
buf_load_12        (load             ) [ 0000000000000000000000000000000000000000000000000000000000000000000000000000000000000000000000000000000000000000000000000000011111000000000000000000000000000000000000]
store_ln278        (store            ) [ 0000000000000000000000000000000000000000000000000000000000000000000000000000000000000000000000000000000000000000000000000000000000000000000000000000000000000000000000]
store_ln278        (store            ) [ 0000000000000000000000000000000000000000000000000000000000000000000000000000000000000000000000000000000000000000000000000000000000000000000000000000000000000000000000]
buf_load_11        (load             ) [ 0000000000000000000000000000000000000000000000000000000000000000000000000000000000000000000000000000000000000000000000000000001100000000000000000000000000000000000000]
buf_load_14        (load             ) [ 0000000000000000000000000000000000000000000000000000000000000000000000000000000000000000000000000000000000000000000000000000001111100000000000000000000000000000000000]
store_ln278        (store            ) [ 0000000000000000000000000000000000000000000000000000000000000000000000000000000000000000000000000000000000000000000000000000000000000000000000000000000000000000000000]
store_ln279        (store            ) [ 0000000000000000000000000000000000000000000000000000000000000000000000000000000000000000000000000000000000000000000000000000000000000000000000000000000000000000000000]
j_3                (load             ) [ 0000000000000000000000000000000000000000000000000000000000000000000000000000000000000000000000000000000000000000000000000000000111000000000000000000000000000000000000]
store_ln279        (store            ) [ 0000000000000000000000000000000000000000000000000000000000000000000000000000000000000000000000000000000000000000000000000000000000000000000000000000000000000000000000]
store_ln280        (store            ) [ 0000000000000000000000000000000000000000000000000000000000000000000000000000000000000000000000000000000000000000000000000000000000000000000000000000000000000000000000]
store_ln280        (store            ) [ 0000000000000000000000000000000000000000000000000000000000000000000000000000000000000000000000000000000000000000000000000000000000000000000000000000000000000000000000]
store_ln280        (store            ) [ 0000000000000000000000000000000000000000000000000000000000000000000000000000000000000000000000000000000000000000000000000000000000000000000000000000000000000000000000]
store_ln280        (store            ) [ 0000000000000000000000000000000000000000000000000000000000000000000000000000000000000000000000000000000000000000000000000000000000000000000000000000000000000000000000]
store_ln281        (store            ) [ 0000000000000000000000000000000000000000000000000000000000000000000000000000000000000000000000000000000000000000000000000000000000000000000000000000000000000000000000]
store_ln281        (store            ) [ 0000000000000000000000000000000000000000000000000000000000000000000000000000000000000000000000000000000000000000000000000000000000000000000000000000000000000000000000]
call_ret           (call             ) [ 0000000000000000000000000000000000000000000000000000000000000000000000000000000000000000000000000000000000000000000000000000000000000000000000000000000000000000000000]
br_ln261           (br               ) [ 0000000000000000000000000000000000000000000000000000000000000000000000000000000000000000000000000000000000000000000000000000000000000000000000000000000000001111111110]
i_9                (phi              ) [ 0000000000000000000000000000000000000000000000000000000000000000000000000000000000000000000000000000000000000000000000000000000000000000000000000000000000000111111110]
add_ln261          (add              ) [ 0000000000000000000000000000000000000000000000000000000000000000000000000000000000000000000000000000000000000000000000000000000000000000000000000000000000001111111110]
i_9_cast           (zext             ) [ 0000000000000000000000000000000000000000000000000000000000000000000000000000000000000000000000000000000000000000000000000000000000000000000000000000000000000000000000]
ctx_addr_6         (getelementptr    ) [ 0000000000000000000000000000000000000000000000000000000000000000000000000000000000000000000000000000000000000000000000000000000000000000000000000000000000000101110000]
buf_addr_15        (getelementptr    ) [ 0000000000000000000000000000000000000000000000000000000000000000000000000000000000000000000000000000000000000000000000000000000000000000000000000000000000000101111110]
icmp_ln261         (icmp             ) [ 0000000000000000000000000000000000000000000000000000000000000000000000000000000000000000000000000000000000000000000000000000000000000000000000000000000000000111111110]
br_ln261           (br               ) [ 0000000000000000000000000000000000000000000000000000000000000000000000000000000000000000000000000000000000000000000000000000000000000000000000000000000000001111111110]
ctx_load_2         (load             ) [ 0000000000000000000000000000000000000000000000000000000000000000000000000000000000000000000000000000000000000000000000000000000000000000000000000000000000000100001000]
buf_load_27        (load             ) [ 0000000000000000000000000000000000000000000000000000000000000000000000000000000000000000000000000000000000000000000000000000000000000000000000000000000000000100001000]
xor_ln261          (xor              ) [ 0000000000000000000000000000000000000000000000000000000000000000000000000000000000000000000000000000000000000000000000000000000000000000000000000000000000000100000110]
specpipeline_ln0   (specpipeline     ) [ 0000000000000000000000000000000000000000000000000000000000000000000000000000000000000000000000000000000000000000000000000000000000000000000000000000000000000000000000]
specloopname_ln261 (specloopname     ) [ 0000000000000000000000000000000000000000000000000000000000000000000000000000000000000000000000000000000000000000000000000000000000000000000000000000000000000000000000]
store_ln261        (store            ) [ 0000000000000000000000000000000000000000000000000000000000000000000000000000000000000000000000000000000000000000000000000000000000000000000000000000000000000000000000]
empty_15           (speclooptripcount) [ 0000000000000000000000000000000000000000000000000000000000000000000000000000000000000000000000000000000000000000000000000000000000000000000000000000000000000000000000]
ret_ln350          (ret              ) [ 0000000000000000000000000000000000000000000000000000000000000000000000000000000000000000000000000000000000000000000000000000000000000000000000000000000000000000000000]
</LifeTime>

<model>

<comp_list>
<comp id="0" class="1000" name="ctx">
<pin_list>
<pin id="1" dir="1" index="0" bw="1" slack="0"/>
</pin_list>
<bind>
<StgValue><ssdm name="ctx"/><MemPortTyVec>2 2 </MemPortTyVec>
</StgValue>
</bind>
</comp>

<comp id="2" class="1000" name="k">
<pin_list>
<pin id="3" dir="1" index="0" bw="1" slack="0"/>
</pin_list>
<bind>
<StgValue><ssdm name="k"/><MemPortTyVec>1 3 </MemPortTyVec>
</StgValue>
</bind>
</comp>

<comp id="4" class="1000" name="buf_r">
<pin_list>
<pin id="5" dir="1" index="0" bw="1" slack="0"/>
</pin_list>
<bind>
<StgValue><ssdm name="buf_r"/><MemPortTyVec>2 2 </MemPortTyVec>
</StgValue>
</bind>
</comp>

<comp id="6" class="1000" name="sbox">
<pin_list>
<pin id="7" dir="1" index="0" bw="1" slack="0"/>
</pin_list>
<bind>
<StgValue><ssdm name="sbox"/><MemPortTyVec>1 </MemPortTyVec>
</StgValue>
</bind>
</comp>

<comp id="8" class="1001" name="const_8">
<pin_list>
<pin id="9" dir="1" index="0" bw="1" slack="2147483647"/>
</pin_list>
<bind>
<StgValue><ssdm name="_ssdm_op_SpecTopModule"/></StgValue>
</bind>
</comp>

<comp id="10" class="1001" name="const_10">
<pin_list>
<pin id="11" dir="1" index="0" bw="1" slack="2147483647"/>
</pin_list>
<bind>
<StgValue><ssdm name="empty_0"/></StgValue>
</bind>
</comp>

<comp id="12" class="1001" name="const_12">
<pin_list>
<pin id="13" dir="1" index="0" bw="1" slack="2147483647"/>
</pin_list>
<bind>
<StgValue><ssdm name="_ssdm_op_SpecInterface"/></StgValue>
</bind>
</comp>

<comp id="14" class="1001" name="const_14">
<pin_list>
<pin id="15" dir="1" index="0" bw="1" slack="2147483647"/>
</pin_list>
<bind>
<StgValue><ssdm name="empty_6"/></StgValue>
</bind>
</comp>

<comp id="16" class="1001" name="const_16">
<pin_list>
<pin id="17" dir="1" index="0" bw="1" slack="2147483647"/>
</pin_list>
<bind>
<StgValue><ssdm name=""/></StgValue>
</bind>
</comp>

<comp id="18" class="1001" name="const_18">
<pin_list>
<pin id="19" dir="1" index="0" bw="1" slack="2147483647"/>
</pin_list>
<bind>
<StgValue><ssdm name="empty"/></StgValue>
</bind>
</comp>

<comp id="20" class="1001" name="const_20">
<pin_list>
<pin id="21" dir="1" index="0" bw="1" slack="2147483647"/>
</pin_list>
<bind>
<StgValue><ssdm name=""/></StgValue>
</bind>
</comp>

<comp id="22" class="1001" name="const_22">
<pin_list>
<pin id="23" dir="1" index="0" bw="1" slack="2147483647"/>
</pin_list>
<bind>
<StgValue><ssdm name="_ssdm_op_SpecBitsMap"/></StgValue>
</bind>
</comp>

<comp id="24" class="1001" name="const_24">
<pin_list>
<pin id="25" dir="1" index="0" bw="1" slack="1"/>
</pin_list>
<bind>
<StgValue><ssdm name=""/></StgValue>
</bind>
</comp>

<comp id="26" class="1001" name="const_26">
<pin_list>
<pin id="27" dir="1" index="0" bw="1" slack="0"/>
</pin_list>
<bind>
<StgValue><ssdm name=""/></StgValue>
</bind>
</comp>

<comp id="28" class="1001" name="const_28">
<pin_list>
<pin id="29" dir="1" index="0" bw="1" slack="0"/>
</pin_list>
<bind>
<StgValue><ssdm name=""/></StgValue>
</bind>
</comp>

<comp id="30" class="1001" name="const_30">
<pin_list>
<pin id="31" dir="1" index="0" bw="1" slack="0"/>
</pin_list>
<bind>
<StgValue><ssdm name=""/></StgValue>
</bind>
</comp>

<comp id="32" class="1001" name="const_32">
<pin_list>
<pin id="33" dir="1" index="0" bw="1" slack="2147483647"/>
</pin_list>
<bind>
<StgValue><ssdm name="_ssdm_op_SpecPipeline"/></StgValue>
</bind>
</comp>

<comp id="34" class="1001" name="const_34">
<pin_list>
<pin id="35" dir="1" index="0" bw="1" slack="0"/>
</pin_list>
<bind>
<StgValue><ssdm name=""/></StgValue>
</bind>
</comp>

<comp id="36" class="1001" name="const_36">
<pin_list>
<pin id="37" dir="1" index="0" bw="1" slack="2147483647"/>
</pin_list>
<bind>
<StgValue><ssdm name="p_str"/></StgValue>
</bind>
</comp>

<comp id="38" class="1001" name="const_38">
<pin_list>
<pin id="39" dir="1" index="0" bw="1" slack="2147483647"/>
</pin_list>
<bind>
<StgValue><ssdm name="_ssdm_op_SpecLoopTripCount"/></StgValue>
</bind>
</comp>

<comp id="40" class="1001" name="const_40">
<pin_list>
<pin id="41" dir="1" index="0" bw="1" slack="2147483647"/>
</pin_list>
<bind>
<StgValue><ssdm name=""/></StgValue>
</bind>
</comp>

<comp id="42" class="1001" name="const_42">
<pin_list>
<pin id="43" dir="1" index="0" bw="1" slack="0"/>
</pin_list>
<bind>
<StgValue><ssdm name="_ssdm_op_BitConcatenate.i7.i1.i6"/></StgValue>
</bind>
</comp>

<comp id="44" class="1001" name="const_44">
<pin_list>
<pin id="45" dir="1" index="0" bw="1" slack="0"/>
</pin_list>
<bind>
<StgValue><ssdm name=""/></StgValue>
</bind>
</comp>

<comp id="46" class="1001" name="const_46">
<pin_list>
<pin id="47" dir="1" index="0" bw="1" slack="2147483647"/>
</pin_list>
<bind>
<StgValue><ssdm name="_ssdm_op_SpecLoopName"/></StgValue>
</bind>
</comp>

<comp id="48" class="1001" name="const_48">
<pin_list>
<pin id="49" dir="1" index="0" bw="1" slack="2147483647"/>
</pin_list>
<bind>
<StgValue><ssdm name="empty_5"/></StgValue>
</bind>
</comp>

<comp id="50" class="1001" name="const_50">
<pin_list>
<pin id="51" dir="1" index="0" bw="1" slack="0"/>
</pin_list>
<bind>
<StgValue><ssdm name=""/></StgValue>
</bind>
</comp>

<comp id="52" class="1001" name="const_52">
<pin_list>
<pin id="53" dir="1" index="0" bw="1" slack="0"/>
</pin_list>
<bind>
<StgValue><ssdm name=""/></StgValue>
</bind>
</comp>

<comp id="54" class="1001" name="const_54">
<pin_list>
<pin id="55" dir="1" index="0" bw="1" slack="0"/>
</pin_list>
<bind>
<StgValue><ssdm name=""/></StgValue>
</bind>
</comp>

<comp id="56" class="1001" name="const_56">
<pin_list>
<pin id="57" dir="1" index="0" bw="1" slack="0"/>
</pin_list>
<bind>
<StgValue><ssdm name=""/></StgValue>
</bind>
</comp>

<comp id="58" class="1001" name="const_58">
<pin_list>
<pin id="59" dir="1" index="0" bw="1" slack="0"/>
</pin_list>
<bind>
<StgValue><ssdm name="aes_expandEncKey"/></StgValue>
</bind>
</comp>

<comp id="60" class="1001" name="const_60">
<pin_list>
<pin id="61" dir="1" index="0" bw="1" slack="0"/>
</pin_list>
<bind>
<StgValue><ssdm name=""/></StgValue>
</bind>
</comp>

<comp id="62" class="1001" name="const_62">
<pin_list>
<pin id="63" dir="1" index="0" bw="1" slack="2147483647"/>
</pin_list>
<bind>
<StgValue><ssdm name="empty_4"/></StgValue>
</bind>
</comp>

<comp id="64" class="1001" name="const_64">
<pin_list>
<pin id="65" dir="1" index="0" bw="1" slack="0"/>
</pin_list>
<bind>
<StgValue><ssdm name=""/></StgValue>
</bind>
</comp>

<comp id="66" class="1001" name="const_66">
<pin_list>
<pin id="67" dir="1" index="0" bw="1" slack="0"/>
</pin_list>
<bind>
<StgValue><ssdm name="_ssdm_op_BitConcatenate.i6.i2.i4"/></StgValue>
</bind>
</comp>

<comp id="68" class="1001" name="const_68">
<pin_list>
<pin id="69" dir="1" index="0" bw="1" slack="0"/>
</pin_list>
<bind>
<StgValue><ssdm name=""/></StgValue>
</bind>
</comp>

<comp id="70" class="1001" name="const_70">
<pin_list>
<pin id="71" dir="1" index="0" bw="1" slack="0"/>
</pin_list>
<bind>
<StgValue><ssdm name=""/></StgValue>
</bind>
</comp>

<comp id="72" class="1001" name="const_72">
<pin_list>
<pin id="73" dir="1" index="0" bw="1" slack="0"/>
</pin_list>
<bind>
<StgValue><ssdm name="_ssdm_op_BitConcatenate.i5.i1.i4"/></StgValue>
</bind>
</comp>

<comp id="74" class="1001" name="const_74">
<pin_list>
<pin id="75" dir="1" index="0" bw="1" slack="0"/>
</pin_list>
<bind>
<StgValue><ssdm name=""/></StgValue>
</bind>
</comp>

<comp id="76" class="1001" name="const_76">
<pin_list>
<pin id="77" dir="1" index="0" bw="1" slack="2147483647"/>
</pin_list>
<bind>
<StgValue><ssdm name="empty_3"/></StgValue>
</bind>
</comp>

<comp id="78" class="1001" name="const_78">
<pin_list>
<pin id="79" dir="1" index="0" bw="1" slack="0"/>
</pin_list>
<bind>
<StgValue><ssdm name=""/></StgValue>
</bind>
</comp>

<comp id="80" class="1001" name="const_80">
<pin_list>
<pin id="81" dir="1" index="0" bw="1" slack="0"/>
</pin_list>
<bind>
<StgValue><ssdm name=""/></StgValue>
</bind>
</comp>

<comp id="82" class="1001" name="const_82">
<pin_list>
<pin id="83" dir="1" index="0" bw="1" slack="0"/>
</pin_list>
<bind>
<StgValue><ssdm name=""/></StgValue>
</bind>
</comp>

<comp id="84" class="1001" name="const_84">
<pin_list>
<pin id="85" dir="1" index="0" bw="1" slack="0"/>
</pin_list>
<bind>
<StgValue><ssdm name=""/></StgValue>
</bind>
</comp>

<comp id="86" class="1001" name="const_86">
<pin_list>
<pin id="87" dir="1" index="0" bw="1" slack="0"/>
</pin_list>
<bind>
<StgValue><ssdm name=""/></StgValue>
</bind>
</comp>

<comp id="88" class="1001" name="const_88">
<pin_list>
<pin id="89" dir="1" index="0" bw="1" slack="0"/>
</pin_list>
<bind>
<StgValue><ssdm name=""/></StgValue>
</bind>
</comp>

<comp id="90" class="1001" name="const_90">
<pin_list>
<pin id="91" dir="1" index="0" bw="1" slack="0"/>
</pin_list>
<bind>
<StgValue><ssdm name=""/></StgValue>
</bind>
</comp>

<comp id="92" class="1001" name="const_92">
<pin_list>
<pin id="93" dir="1" index="0" bw="1" slack="0"/>
</pin_list>
<bind>
<StgValue><ssdm name=""/></StgValue>
</bind>
</comp>

<comp id="94" class="1001" name="const_94">
<pin_list>
<pin id="95" dir="1" index="0" bw="1" slack="0"/>
</pin_list>
<bind>
<StgValue><ssdm name=""/></StgValue>
</bind>
</comp>

<comp id="96" class="1001" name="const_96">
<pin_list>
<pin id="97" dir="1" index="0" bw="1" slack="0"/>
</pin_list>
<bind>
<StgValue><ssdm name=""/></StgValue>
</bind>
</comp>

<comp id="98" class="1001" name="const_98">
<pin_list>
<pin id="99" dir="1" index="0" bw="1" slack="0"/>
</pin_list>
<bind>
<StgValue><ssdm name=""/></StgValue>
</bind>
</comp>

<comp id="100" class="1001" name="const_100">
<pin_list>
<pin id="101" dir="1" index="0" bw="1" slack="0"/>
</pin_list>
<bind>
<StgValue><ssdm name=""/></StgValue>
</bind>
</comp>

<comp id="102" class="1001" name="const_102">
<pin_list>
<pin id="103" dir="1" index="0" bw="1" slack="0"/>
</pin_list>
<bind>
<StgValue><ssdm name=""/></StgValue>
</bind>
</comp>

<comp id="104" class="1001" name="const_104">
<pin_list>
<pin id="105" dir="1" index="0" bw="1" slack="0"/>
</pin_list>
<bind>
<StgValue><ssdm name=""/></StgValue>
</bind>
</comp>

<comp id="106" class="1001" name="const_106">
<pin_list>
<pin id="107" dir="1" index="0" bw="1" slack="0"/>
</pin_list>
<bind>
<StgValue><ssdm name=""/></StgValue>
</bind>
</comp>

<comp id="108" class="1001" name="const_108">
<pin_list>
<pin id="109" dir="1" index="0" bw="1" slack="0"/>
</pin_list>
<bind>
<StgValue><ssdm name=""/></StgValue>
</bind>
</comp>

<comp id="110" class="1001" name="const_110">
<pin_list>
<pin id="111" dir="1" index="0" bw="1" slack="0"/>
</pin_list>
<bind>
<StgValue><ssdm name=""/></StgValue>
</bind>
</comp>

<comp id="112" class="1001" name="const_112">
<pin_list>
<pin id="113" dir="1" index="0" bw="1" slack="0"/>
</pin_list>
<bind>
<StgValue><ssdm name=""/></StgValue>
</bind>
</comp>

<comp id="114" class="1001" name="const_114">
<pin_list>
<pin id="115" dir="1" index="0" bw="1" slack="0"/>
</pin_list>
<bind>
<StgValue><ssdm name=""/></StgValue>
</bind>
</comp>

<comp id="116" class="1001" name="const_116">
<pin_list>
<pin id="117" dir="1" index="0" bw="1" slack="0"/>
</pin_list>
<bind>
<StgValue><ssdm name=""/></StgValue>
</bind>
</comp>

<comp id="118" class="1001" name="const_118">
<pin_list>
<pin id="119" dir="1" index="0" bw="1" slack="0"/>
</pin_list>
<bind>
<StgValue><ssdm name=""/></StgValue>
</bind>
</comp>

<comp id="120" class="1001" name="const_120">
<pin_list>
<pin id="121" dir="1" index="0" bw="1" slack="0"/>
</pin_list>
<bind>
<StgValue><ssdm name=""/></StgValue>
</bind>
</comp>

<comp id="122" class="1001" name="const_122">
<pin_list>
<pin id="123" dir="1" index="0" bw="1" slack="0"/>
</pin_list>
<bind>
<StgValue><ssdm name=""/></StgValue>
</bind>
</comp>

<comp id="124" class="1001" name="const_124">
<pin_list>
<pin id="125" dir="1" index="0" bw="1" slack="0"/>
</pin_list>
<bind>
<StgValue><ssdm name=""/></StgValue>
</bind>
</comp>

<comp id="126" class="1001" name="const_126">
<pin_list>
<pin id="127" dir="1" index="0" bw="1" slack="0"/>
</pin_list>
<bind>
<StgValue><ssdm name=""/></StgValue>
</bind>
</comp>

<comp id="128" class="1001" name="const_128">
<pin_list>
<pin id="129" dir="1" index="0" bw="1" slack="0"/>
</pin_list>
<bind>
<StgValue><ssdm name=""/></StgValue>
</bind>
</comp>

<comp id="130" class="1001" name="const_130">
<pin_list>
<pin id="131" dir="1" index="0" bw="1" slack="0"/>
</pin_list>
<bind>
<StgValue><ssdm name=""/></StgValue>
</bind>
</comp>

<comp id="132" class="1001" name="const_132">
<pin_list>
<pin id="133" dir="1" index="0" bw="1" slack="0"/>
</pin_list>
<bind>
<StgValue><ssdm name=""/></StgValue>
</bind>
</comp>

<comp id="134" class="1001" name="const_134">
<pin_list>
<pin id="135" dir="1" index="0" bw="1" slack="0"/>
</pin_list>
<bind>
<StgValue><ssdm name=""/></StgValue>
</bind>
</comp>

<comp id="136" class="1001" name="const_136">
<pin_list>
<pin id="137" dir="1" index="0" bw="1" slack="0"/>
</pin_list>
<bind>
<StgValue><ssdm name=""/></StgValue>
</bind>
</comp>

<comp id="138" class="1001" name="const_138">
<pin_list>
<pin id="139" dir="1" index="0" bw="1" slack="0"/>
</pin_list>
<bind>
<StgValue><ssdm name=""/></StgValue>
</bind>
</comp>

<comp id="140" class="1001" name="const_140">
<pin_list>
<pin id="141" dir="1" index="0" bw="1" slack="0"/>
</pin_list>
<bind>
<StgValue><ssdm name=""/></StgValue>
</bind>
</comp>

<comp id="142" class="1001" name="const_142">
<pin_list>
<pin id="143" dir="1" index="0" bw="1" slack="0"/>
</pin_list>
<bind>
<StgValue><ssdm name=""/></StgValue>
</bind>
</comp>

<comp id="144" class="1001" name="const_144">
<pin_list>
<pin id="145" dir="1" index="0" bw="1" slack="0"/>
</pin_list>
<bind>
<StgValue><ssdm name="_ssdm_op_BitSelect.i1.i8.i32"/></StgValue>
</bind>
</comp>

<comp id="146" class="1001" name="const_146">
<pin_list>
<pin id="147" dir="1" index="0" bw="1" slack="0"/>
</pin_list>
<bind>
<StgValue><ssdm name=""/></StgValue>
</bind>
</comp>

<comp id="148" class="1001" name="const_148">
<pin_list>
<pin id="149" dir="1" index="0" bw="1" slack="0"/>
</pin_list>
<bind>
<StgValue><ssdm name=""/></StgValue>
</bind>
</comp>

<comp id="150" class="1001" name="const_150">
<pin_list>
<pin id="151" dir="1" index="0" bw="1" slack="2147483647"/>
</pin_list>
<bind>
<StgValue><ssdm name="empty_2"/></StgValue>
</bind>
</comp>

<comp id="152" class="1001" name="const_152">
<pin_list>
<pin id="153" dir="1" index="0" bw="1" slack="2147483647"/>
</pin_list>
<bind>
<StgValue><ssdm name="empty_7"/></StgValue>
</bind>
</comp>

<comp id="154" class="1001" name="const_154">
<pin_list>
<pin id="155" dir="1" index="0" bw="1" slack="2147483647"/>
</pin_list>
<bind>
<StgValue><ssdm name="empty_1"/></StgValue>
</bind>
</comp>

<comp id="156" class="1004" name="rcon_1_fu_156">
<pin_list>
<pin id="157" dir="0" index="0" bw="1" slack="0"/>
<pin id="158" dir="1" index="1" bw="8" slack="0"/>
</pin_list>
<bind>
<opcode="alloca(26) " fcode="alloca"/>
<opset="rcon_1/53 "/>
</bind>
</comp>

<comp id="160" class="1004" name="k_addr_gep_fu_160">
<pin_list>
<pin id="161" dir="0" index="0" bw="8" slack="0"/>
<pin id="162" dir="0" index="1" bw="1" slack="0"/>
<pin id="163" dir="0" index="2" bw="6" slack="0"/>
<pin id="164" dir="1" index="3" bw="5" slack="0"/>
</pin_list>
<bind>
<opcode="getelementptr(29) " fcode="getelementptr"/>
<opset="k_addr/2 "/>
</bind>
</comp>

<comp id="167" class="1004" name="grp_access_fu_167">
<pin_list>
<pin id="168" dir="0" index="0" bw="5" slack="0"/>
<pin id="169" dir="0" index="1" bw="8" slack="2147483647"/>
<pin id="170" dir="0" index="2" bw="0" slack="2147483647"/>
<pin id="171" dir="1" index="3" bw="8" slack="1"/>
</pin_list>
<bind>
<opcode="load(27) " fcode="load"/>
<opset="k_load/2 "/>
</bind>
</comp>

<comp id="173" class="1004" name="ctx_addr_gep_fu_173">
<pin_list>
<pin id="174" dir="0" index="0" bw="8" slack="0"/>
<pin id="175" dir="0" index="1" bw="1" slack="0"/>
<pin id="176" dir="0" index="2" bw="7" slack="0"/>
<pin id="177" dir="1" index="3" bw="7" slack="0"/>
</pin_list>
<bind>
<opcode="getelementptr(29) " fcode="getelementptr"/>
<opset="ctx_addr/6 "/>
</bind>
</comp>

<comp id="180" class="1004" name="grp_access_fu_180">
<pin_list>
<pin id="181" dir="0" index="0" bw="7" slack="0"/>
<pin id="182" dir="0" index="1" bw="8" slack="1"/>
<pin id="183" dir="0" index="2" bw="0" slack="0"/>
<pin id="185" dir="0" index="4" bw="7" slack="1"/>
<pin id="186" dir="0" index="5" bw="8" slack="2147483647"/>
<pin id="187" dir="0" index="6" bw="0" slack="2147483647"/>
<pin id="184" dir="1" index="3" bw="8" slack="1"/>
<pin id="188" dir="1" index="7" bw="8" slack="1"/>
</pin_list>
<bind>
<opcode="load(27) store(28) " fcode="load"/>
<opset="store_ln330/6 store_ln330/6 ctx_load/46 ctx_load_1/46 store_ln269/50 store_ln269/50 ctx_load_19/54 ctx_load_34/54 ctx_load_20/55 ctx_load_21/55 ctx_load_22/56 ctx_load_23/56 ctx_load_24/57 ctx_load_25/57 ctx_load_26/58 ctx_load_27/58 ctx_load_28/59 ctx_load_29/59 ctx_load_30/60 ctx_load_31/60 ctx_load_32/61 ctx_load_33/61 ctx_load_17/90 ctx_load_18/90 ctx_load_15/91 ctx_load_16/91 ctx_load_13/92 ctx_load_14/92 ctx_load_3/93 ctx_load_12/93 ctx_load_4/94 ctx_load_5/94 ctx_load_6/95 ctx_load_7/95 ctx_load_8/96 ctx_load_9/96 ctx_load_10/97 ctx_load_11/97 ctx_load_2/158 "/>
</bind>
</comp>

<comp id="190" class="1004" name="ctx_addr_1_gep_fu_190">
<pin_list>
<pin id="191" dir="0" index="0" bw="8" slack="0"/>
<pin id="192" dir="0" index="1" bw="1" slack="0"/>
<pin id="193" dir="0" index="2" bw="6" slack="0"/>
<pin id="194" dir="1" index="3" bw="7" slack="0"/>
</pin_list>
<bind>
<opcode="getelementptr(29) " fcode="getelementptr"/>
<opset="ctx_addr_1/6 "/>
</bind>
</comp>

<comp id="198" class="1004" name="ctx_addr_2_gep_fu_198">
<pin_list>
<pin id="199" dir="0" index="0" bw="8" slack="0"/>
<pin id="200" dir="0" index="1" bw="1" slack="0"/>
<pin id="201" dir="0" index="2" bw="6" slack="0"/>
<pin id="202" dir="1" index="3" bw="7" slack="0"/>
</pin_list>
<bind>
<opcode="getelementptr(29) " fcode="getelementptr"/>
<opset="ctx_addr_2/46 "/>
</bind>
</comp>

<comp id="206" class="1004" name="buf_addr_gep_fu_206">
<pin_list>
<pin id="207" dir="0" index="0" bw="8" slack="0"/>
<pin id="208" dir="0" index="1" bw="1" slack="0"/>
<pin id="209" dir="0" index="2" bw="4" slack="0"/>
<pin id="210" dir="1" index="3" bw="4" slack="0"/>
</pin_list>
<bind>
<opcode="getelementptr(29) " fcode="getelementptr"/>
<opset="buf_addr/46 "/>
</bind>
</comp>

<comp id="213" class="1004" name="grp_access_fu_213">
<pin_list>
<pin id="214" dir="0" index="0" bw="4" slack="0"/>
<pin id="215" dir="0" index="1" bw="8" slack="1"/>
<pin id="216" dir="0" index="2" bw="0" slack="0"/>
<pin id="218" dir="0" index="4" bw="4" slack="0"/>
<pin id="219" dir="0" index="5" bw="8" slack="2147483647"/>
<pin id="220" dir="0" index="6" bw="0" slack="2147483647"/>
<pin id="217" dir="1" index="3" bw="8" slack="1"/>
<pin id="221" dir="1" index="7" bw="8" slack="1"/>
</pin_list>
<bind>
<opcode="load(27) store(28) " fcode="store"/>
<opset="buf_load/46 store_ln269/51 buf_load_20/57 buf_load_7/58 buf_load_25/58 buf_load_9/59 buf_load_15/59 buf_load_16/60 buf_load_17/60 buf_load_21/61 buf_load_24/61 buf_load_2/62 buf_load_3/62 buf_load_19/63 buf_load_23/63 buf_load_13/64 buf_load_18/64 buf_load_22/65 store_ln294/76 store_ln295/76 store_ln294/77 store_ln295/77 buf_load_40/78 buf_load_42/78 store_ln261/78 store_ln261/78 buf_load_39/79 buf_load_41/79 store_ln261/79 store_ln295/80 store_ln295/80 store_ln295/81 store_ln295/81 store_ln295/82 store_ln295/82 store_ln294/83 store_ln294/83 store_ln294/84 store_ln294/84 store_ln294/85 store_ln294/85 buf_load_28/86 buf_load_32/86 store_ln261/86 store_ln261/86 buf_load_26/87 buf_load_36/87 store_ln261/87 store_ln261/87 buf_load_31/88 buf_load_35/88 store_ln261/88 store_ln261/88 buf_load_29/89 buf_load_30/89 store_ln261/89 store_ln261/89 buf_load_33/90 buf_load_34/90 store_ln261/90 store_ln261/90 buf_load_37/91 buf_load_38/91 store_ln261/91 store_ln261/91 store_ln261/95 store_ln261/96 store_ln261/96 store_ln261/97 store_ln261/97 store_ln261/98 store_ln261/98 store_ln261/99 store_ln261/99 store_ln261/100 store_ln261/100 store_ln261/101 store_ln261/101 store_ln261/102 store_ln261/102 store_ln261/103 buf_load_1/107 store_ln253/115 buf_load_4/117 i_7/118 buf_load_6/118 buf_load_5/119 buf_load_8/119 i_8/120 buf_load_10/120 j/121 buf_load_12/121 buf_load_11/122 buf_load_14/122 store_ln278/123 j_3/123 store_ln278/124 store_ln278/124 store_ln278/125 store_ln279/125 store_ln279/126 store_ln280/126 store_ln280/127 store_ln280/127 store_ln280/128 store_ln281/128 store_ln281/129 buf_load_27/158 store_ln261/163 "/>
</bind>
</comp>

<comp id="223" class="1004" name="ctx_addr_4_gep_fu_223">
<pin_list>
<pin id="224" dir="0" index="0" bw="8" slack="0"/>
<pin id="225" dir="0" index="1" bw="1" slack="0"/>
<pin id="226" dir="0" index="2" bw="6" slack="0"/>
<pin id="227" dir="1" index="3" bw="7" slack="0"/>
</pin_list>
<bind>
<opcode="getelementptr(29) " fcode="getelementptr"/>
<opset="ctx_addr_4/46 "/>
</bind>
</comp>

<comp id="231" class="1004" name="ctx_addr_3_gep_fu_231">
<pin_list>
<pin id="232" dir="0" index="0" bw="8" slack="0"/>
<pin id="233" dir="0" index="1" bw="1" slack="0"/>
<pin id="234" dir="0" index="2" bw="4" slack="4"/>
<pin id="235" dir="1" index="3" bw="7" slack="0"/>
</pin_list>
<bind>
<opcode="getelementptr(29) " fcode="getelementptr"/>
<opset="ctx_addr_3/50 "/>
</bind>
</comp>

<comp id="239" class="1004" name="ctx_addr_5_gep_fu_239">
<pin_list>
<pin id="240" dir="0" index="0" bw="8" slack="0"/>
<pin id="241" dir="0" index="1" bw="1" slack="0"/>
<pin id="242" dir="0" index="2" bw="5" slack="0"/>
<pin id="243" dir="1" index="3" bw="7" slack="0"/>
</pin_list>
<bind>
<opcode="getelementptr(29) " fcode="getelementptr"/>
<opset="ctx_addr_5/50 "/>
</bind>
</comp>

<comp id="247" class="1004" name="buf_addr_1_gep_fu_247">
<pin_list>
<pin id="248" dir="0" index="0" bw="8" slack="0"/>
<pin id="249" dir="0" index="1" bw="1" slack="0"/>
<pin id="250" dir="0" index="2" bw="1" slack="0"/>
<pin id="251" dir="1" index="3" bw="4" slack="8"/>
</pin_list>
<bind>
<opcode="getelementptr(29) " fcode="getelementptr"/>
<opset="buf_addr_1/53 "/>
</bind>
</comp>

<comp id="255" class="1004" name="buf_addr_2_gep_fu_255">
<pin_list>
<pin id="256" dir="0" index="0" bw="8" slack="0"/>
<pin id="257" dir="0" index="1" bw="1" slack="0"/>
<pin id="258" dir="0" index="2" bw="4" slack="0"/>
<pin id="259" dir="1" index="3" bw="4" slack="4"/>
</pin_list>
<bind>
<opcode="getelementptr(29) " fcode="getelementptr"/>
<opset="buf_addr_2/53 "/>
</bind>
</comp>

<comp id="263" class="1004" name="buf_addr_3_gep_fu_263">
<pin_list>
<pin id="264" dir="0" index="0" bw="8" slack="0"/>
<pin id="265" dir="0" index="1" bw="1" slack="0"/>
<pin id="266" dir="0" index="2" bw="5" slack="0"/>
<pin id="267" dir="1" index="3" bw="4" slack="7"/>
</pin_list>
<bind>
<opcode="getelementptr(29) " fcode="getelementptr"/>
<opset="buf_addr_3/53 "/>
</bind>
</comp>

<comp id="271" class="1004" name="buf_addr_4_gep_fu_271">
<pin_list>
<pin id="272" dir="0" index="0" bw="8" slack="0"/>
<pin id="273" dir="0" index="1" bw="1" slack="0"/>
<pin id="274" dir="0" index="2" bw="5" slack="0"/>
<pin id="275" dir="1" index="3" bw="4" slack="5"/>
</pin_list>
<bind>
<opcode="getelementptr(29) " fcode="getelementptr"/>
<opset="buf_addr_4/53 "/>
</bind>
</comp>

<comp id="279" class="1004" name="buf_addr_5_gep_fu_279">
<pin_list>
<pin id="280" dir="0" index="0" bw="8" slack="0"/>
<pin id="281" dir="0" index="1" bw="1" slack="0"/>
<pin id="282" dir="0" index="2" bw="5" slack="0"/>
<pin id="283" dir="1" index="3" bw="4" slack="6"/>
</pin_list>
<bind>
<opcode="getelementptr(29) " fcode="getelementptr"/>
<opset="buf_addr_5/53 "/>
</bind>
</comp>

<comp id="287" class="1004" name="buf_addr_6_gep_fu_287">
<pin_list>
<pin id="288" dir="0" index="0" bw="8" slack="0"/>
<pin id="289" dir="0" index="1" bw="1" slack="0"/>
<pin id="290" dir="0" index="2" bw="3" slack="0"/>
<pin id="291" dir="1" index="3" bw="4" slack="10"/>
</pin_list>
<bind>
<opcode="getelementptr(29) " fcode="getelementptr"/>
<opset="buf_addr_6/53 "/>
</bind>
</comp>

<comp id="295" class="1004" name="buf_addr_7_gep_fu_295">
<pin_list>
<pin id="296" dir="0" index="0" bw="8" slack="0"/>
<pin id="297" dir="0" index="1" bw="1" slack="0"/>
<pin id="298" dir="0" index="2" bw="3" slack="0"/>
<pin id="299" dir="1" index="3" bw="4" slack="12"/>
</pin_list>
<bind>
<opcode="getelementptr(29) " fcode="getelementptr"/>
<opset="buf_addr_7/53 "/>
</bind>
</comp>

<comp id="303" class="1004" name="buf_addr_8_gep_fu_303">
<pin_list>
<pin id="304" dir="0" index="0" bw="8" slack="0"/>
<pin id="305" dir="0" index="1" bw="1" slack="0"/>
<pin id="306" dir="0" index="2" bw="5" slack="0"/>
<pin id="307" dir="1" index="3" bw="4" slack="9"/>
</pin_list>
<bind>
<opcode="getelementptr(29) " fcode="getelementptr"/>
<opset="buf_addr_8/53 "/>
</bind>
</comp>

<comp id="311" class="1004" name="buf_addr_9_gep_fu_311">
<pin_list>
<pin id="312" dir="0" index="0" bw="8" slack="0"/>
<pin id="313" dir="0" index="1" bw="1" slack="0"/>
<pin id="314" dir="0" index="2" bw="5" slack="0"/>
<pin id="315" dir="1" index="3" bw="4" slack="11"/>
</pin_list>
<bind>
<opcode="getelementptr(29) " fcode="getelementptr"/>
<opset="buf_addr_9/53 "/>
</bind>
</comp>

<comp id="319" class="1004" name="buf_addr_10_gep_fu_319">
<pin_list>
<pin id="320" dir="0" index="0" bw="8" slack="0"/>
<pin id="321" dir="0" index="1" bw="1" slack="0"/>
<pin id="322" dir="0" index="2" bw="4" slack="0"/>
<pin id="323" dir="1" index="3" bw="4" slack="11"/>
</pin_list>
<bind>
<opcode="getelementptr(29) " fcode="getelementptr"/>
<opset="buf_addr_10/53 "/>
</bind>
</comp>

<comp id="327" class="1004" name="buf_addr_11_gep_fu_327">
<pin_list>
<pin id="328" dir="0" index="0" bw="8" slack="0"/>
<pin id="329" dir="0" index="1" bw="1" slack="0"/>
<pin id="330" dir="0" index="2" bw="5" slack="0"/>
<pin id="331" dir="1" index="3" bw="4" slack="9"/>
</pin_list>
<bind>
<opcode="getelementptr(29) " fcode="getelementptr"/>
<opset="buf_addr_11/53 "/>
</bind>
</comp>

<comp id="335" class="1004" name="buf_addr_12_gep_fu_335">
<pin_list>
<pin id="336" dir="0" index="0" bw="8" slack="0"/>
<pin id="337" dir="0" index="1" bw="1" slack="0"/>
<pin id="338" dir="0" index="2" bw="4" slack="0"/>
<pin id="339" dir="1" index="3" bw="4" slack="10"/>
</pin_list>
<bind>
<opcode="getelementptr(29) " fcode="getelementptr"/>
<opset="buf_addr_12/53 "/>
</bind>
</comp>

<comp id="343" class="1004" name="buf_addr_14_gep_fu_343">
<pin_list>
<pin id="344" dir="0" index="0" bw="8" slack="0"/>
<pin id="345" dir="0" index="1" bw="1" slack="0"/>
<pin id="346" dir="0" index="2" bw="5" slack="0"/>
<pin id="347" dir="1" index="3" bw="4" slack="6"/>
</pin_list>
<bind>
<opcode="getelementptr(29) " fcode="getelementptr"/>
<opset="buf_addr_14/53 "/>
</bind>
</comp>

<comp id="351" class="1004" name="buf_addr_16_gep_fu_351">
<pin_list>
<pin id="352" dir="0" index="0" bw="8" slack="0"/>
<pin id="353" dir="0" index="1" bw="1" slack="0"/>
<pin id="354" dir="0" index="2" bw="5" slack="0"/>
<pin id="355" dir="1" index="3" bw="4" slack="7"/>
</pin_list>
<bind>
<opcode="getelementptr(29) " fcode="getelementptr"/>
<opset="buf_addr_16/53 "/>
</bind>
</comp>

<comp id="359" class="1004" name="buf_addr_17_gep_fu_359">
<pin_list>
<pin id="360" dir="0" index="0" bw="8" slack="0"/>
<pin id="361" dir="0" index="1" bw="1" slack="0"/>
<pin id="362" dir="0" index="2" bw="4" slack="0"/>
<pin id="363" dir="1" index="3" bw="4" slack="8"/>
</pin_list>
<bind>
<opcode="getelementptr(29) " fcode="getelementptr"/>
<opset="buf_addr_17/53 "/>
</bind>
</comp>

<comp id="367" class="1004" name="buf_addr_18_gep_fu_367">
<pin_list>
<pin id="368" dir="0" index="0" bw="8" slack="0"/>
<pin id="369" dir="0" index="1" bw="1" slack="0"/>
<pin id="370" dir="0" index="2" bw="1" slack="0"/>
<pin id="371" dir="1" index="3" bw="4" slack="5"/>
</pin_list>
<bind>
<opcode="getelementptr(29) " fcode="getelementptr"/>
<opset="buf_addr_18/53 "/>
</bind>
</comp>

<comp id="375" class="1004" name="ctx_addr_7_gep_fu_375">
<pin_list>
<pin id="376" dir="0" index="0" bw="8" slack="0"/>
<pin id="377" dir="0" index="1" bw="1" slack="0"/>
<pin id="378" dir="0" index="2" bw="5" slack="0"/>
<pin id="379" dir="1" index="3" bw="7" slack="40"/>
</pin_list>
<bind>
<opcode="getelementptr(29) " fcode="getelementptr"/>
<opset="ctx_addr_7/53 "/>
</bind>
</comp>

<comp id="383" class="1004" name="ctx_addr_8_gep_fu_383">
<pin_list>
<pin id="384" dir="0" index="0" bw="8" slack="0"/>
<pin id="385" dir="0" index="1" bw="1" slack="0"/>
<pin id="386" dir="0" index="2" bw="5" slack="0"/>
<pin id="387" dir="1" index="3" bw="7" slack="41"/>
</pin_list>
<bind>
<opcode="getelementptr(29) " fcode="getelementptr"/>
<opset="ctx_addr_8/53 "/>
</bind>
</comp>

<comp id="391" class="1004" name="ctx_addr_9_gep_fu_391">
<pin_list>
<pin id="392" dir="0" index="0" bw="8" slack="0"/>
<pin id="393" dir="0" index="1" bw="1" slack="0"/>
<pin id="394" dir="0" index="2" bw="5" slack="0"/>
<pin id="395" dir="1" index="3" bw="7" slack="41"/>
</pin_list>
<bind>
<opcode="getelementptr(29) " fcode="getelementptr"/>
<opset="ctx_addr_9/53 "/>
</bind>
</comp>

<comp id="399" class="1004" name="ctx_addr_10_gep_fu_399">
<pin_list>
<pin id="400" dir="0" index="0" bw="8" slack="0"/>
<pin id="401" dir="0" index="1" bw="1" slack="0"/>
<pin id="402" dir="0" index="2" bw="5" slack="0"/>
<pin id="403" dir="1" index="3" bw="7" slack="42"/>
</pin_list>
<bind>
<opcode="getelementptr(29) " fcode="getelementptr"/>
<opset="ctx_addr_10/53 "/>
</bind>
</comp>

<comp id="407" class="1004" name="ctx_addr_11_gep_fu_407">
<pin_list>
<pin id="408" dir="0" index="0" bw="8" slack="0"/>
<pin id="409" dir="0" index="1" bw="1" slack="0"/>
<pin id="410" dir="0" index="2" bw="5" slack="0"/>
<pin id="411" dir="1" index="3" bw="7" slack="42"/>
</pin_list>
<bind>
<opcode="getelementptr(29) " fcode="getelementptr"/>
<opset="ctx_addr_11/53 "/>
</bind>
</comp>

<comp id="415" class="1004" name="ctx_addr_12_gep_fu_415">
<pin_list>
<pin id="416" dir="0" index="0" bw="8" slack="0"/>
<pin id="417" dir="0" index="1" bw="1" slack="0"/>
<pin id="418" dir="0" index="2" bw="5" slack="0"/>
<pin id="419" dir="1" index="3" bw="7" slack="43"/>
</pin_list>
<bind>
<opcode="getelementptr(29) " fcode="getelementptr"/>
<opset="ctx_addr_12/53 "/>
</bind>
</comp>

<comp id="423" class="1004" name="ctx_addr_13_gep_fu_423">
<pin_list>
<pin id="424" dir="0" index="0" bw="8" slack="0"/>
<pin id="425" dir="0" index="1" bw="1" slack="0"/>
<pin id="426" dir="0" index="2" bw="5" slack="0"/>
<pin id="427" dir="1" index="3" bw="7" slack="43"/>
</pin_list>
<bind>
<opcode="getelementptr(29) " fcode="getelementptr"/>
<opset="ctx_addr_13/53 "/>
</bind>
</comp>

<comp id="431" class="1004" name="ctx_addr_14_gep_fu_431">
<pin_list>
<pin id="432" dir="0" index="0" bw="8" slack="0"/>
<pin id="433" dir="0" index="1" bw="1" slack="0"/>
<pin id="434" dir="0" index="2" bw="5" slack="0"/>
<pin id="435" dir="1" index="3" bw="7" slack="44"/>
</pin_list>
<bind>
<opcode="getelementptr(29) " fcode="getelementptr"/>
<opset="ctx_addr_14/53 "/>
</bind>
</comp>

<comp id="439" class="1004" name="ctx_addr_15_gep_fu_439">
<pin_list>
<pin id="440" dir="0" index="0" bw="8" slack="0"/>
<pin id="441" dir="0" index="1" bw="1" slack="0"/>
<pin id="442" dir="0" index="2" bw="4" slack="0"/>
<pin id="443" dir="1" index="3" bw="7" slack="44"/>
</pin_list>
<bind>
<opcode="getelementptr(29) " fcode="getelementptr"/>
<opset="ctx_addr_15/53 "/>
</bind>
</comp>

<comp id="447" class="1004" name="ctx_addr_16_gep_fu_447">
<pin_list>
<pin id="448" dir="0" index="0" bw="8" slack="0"/>
<pin id="449" dir="0" index="1" bw="1" slack="0"/>
<pin id="450" dir="0" index="2" bw="4" slack="0"/>
<pin id="451" dir="1" index="3" bw="7" slack="40"/>
</pin_list>
<bind>
<opcode="getelementptr(29) " fcode="getelementptr"/>
<opset="ctx_addr_16/53 "/>
</bind>
</comp>

<comp id="455" class="1004" name="ctx_addr_17_gep_fu_455">
<pin_list>
<pin id="456" dir="0" index="0" bw="8" slack="0"/>
<pin id="457" dir="0" index="1" bw="1" slack="0"/>
<pin id="458" dir="0" index="2" bw="4" slack="0"/>
<pin id="459" dir="1" index="3" bw="7" slack="39"/>
</pin_list>
<bind>
<opcode="getelementptr(29) " fcode="getelementptr"/>
<opset="ctx_addr_17/53 "/>
</bind>
</comp>

<comp id="463" class="1004" name="ctx_addr_18_gep_fu_463">
<pin_list>
<pin id="464" dir="0" index="0" bw="8" slack="0"/>
<pin id="465" dir="0" index="1" bw="1" slack="0"/>
<pin id="466" dir="0" index="2" bw="4" slack="0"/>
<pin id="467" dir="1" index="3" bw="7" slack="39"/>
</pin_list>
<bind>
<opcode="getelementptr(29) " fcode="getelementptr"/>
<opset="ctx_addr_18/53 "/>
</bind>
</comp>

<comp id="471" class="1004" name="ctx_addr_19_gep_fu_471">
<pin_list>
<pin id="472" dir="0" index="0" bw="8" slack="0"/>
<pin id="473" dir="0" index="1" bw="1" slack="0"/>
<pin id="474" dir="0" index="2" bw="3" slack="0"/>
<pin id="475" dir="1" index="3" bw="7" slack="38"/>
</pin_list>
<bind>
<opcode="getelementptr(29) " fcode="getelementptr"/>
<opset="ctx_addr_19/53 "/>
</bind>
</comp>

<comp id="479" class="1004" name="ctx_addr_20_gep_fu_479">
<pin_list>
<pin id="480" dir="0" index="0" bw="8" slack="0"/>
<pin id="481" dir="0" index="1" bw="1" slack="0"/>
<pin id="482" dir="0" index="2" bw="3" slack="0"/>
<pin id="483" dir="1" index="3" bw="7" slack="38"/>
</pin_list>
<bind>
<opcode="getelementptr(29) " fcode="getelementptr"/>
<opset="ctx_addr_20/53 "/>
</bind>
</comp>

<comp id="487" class="1004" name="ctx_addr_21_gep_fu_487">
<pin_list>
<pin id="488" dir="0" index="0" bw="8" slack="0"/>
<pin id="489" dir="0" index="1" bw="1" slack="0"/>
<pin id="490" dir="0" index="2" bw="1" slack="0"/>
<pin id="491" dir="1" index="3" bw="7" slack="37"/>
</pin_list>
<bind>
<opcode="getelementptr(29) " fcode="getelementptr"/>
<opset="ctx_addr_21/53 "/>
</bind>
</comp>

<comp id="495" class="1004" name="ctx_addr_22_gep_fu_495">
<pin_list>
<pin id="496" dir="0" index="0" bw="8" slack="0"/>
<pin id="497" dir="0" index="1" bw="1" slack="0"/>
<pin id="498" dir="0" index="2" bw="1" slack="0"/>
<pin id="499" dir="1" index="3" bw="7" slack="37"/>
</pin_list>
<bind>
<opcode="getelementptr(29) " fcode="getelementptr"/>
<opset="ctx_addr_22/53 "/>
</bind>
</comp>

<comp id="503" class="1004" name="ctx_addr_23_gep_fu_503">
<pin_list>
<pin id="504" dir="0" index="0" bw="8" slack="0"/>
<pin id="505" dir="0" index="1" bw="1" slack="0"/>
<pin id="506" dir="0" index="2" bw="6" slack="0"/>
<pin id="507" dir="1" index="3" bw="7" slack="1"/>
</pin_list>
<bind>
<opcode="getelementptr(29) " fcode="getelementptr"/>
<opset="ctx_addr_23/53 "/>
</bind>
</comp>

<comp id="511" class="1004" name="ctx_addr_24_gep_fu_511">
<pin_list>
<pin id="512" dir="0" index="0" bw="8" slack="0"/>
<pin id="513" dir="0" index="1" bw="1" slack="0"/>
<pin id="514" dir="0" index="2" bw="6" slack="0"/>
<pin id="515" dir="1" index="3" bw="7" slack="2"/>
</pin_list>
<bind>
<opcode="getelementptr(29) " fcode="getelementptr"/>
<opset="ctx_addr_24/53 "/>
</bind>
</comp>

<comp id="519" class="1004" name="ctx_addr_25_gep_fu_519">
<pin_list>
<pin id="520" dir="0" index="0" bw="8" slack="0"/>
<pin id="521" dir="0" index="1" bw="1" slack="0"/>
<pin id="522" dir="0" index="2" bw="6" slack="0"/>
<pin id="523" dir="1" index="3" bw="7" slack="2"/>
</pin_list>
<bind>
<opcode="getelementptr(29) " fcode="getelementptr"/>
<opset="ctx_addr_25/53 "/>
</bind>
</comp>

<comp id="527" class="1004" name="ctx_addr_26_gep_fu_527">
<pin_list>
<pin id="528" dir="0" index="0" bw="8" slack="0"/>
<pin id="529" dir="0" index="1" bw="1" slack="0"/>
<pin id="530" dir="0" index="2" bw="6" slack="0"/>
<pin id="531" dir="1" index="3" bw="7" slack="3"/>
</pin_list>
<bind>
<opcode="getelementptr(29) " fcode="getelementptr"/>
<opset="ctx_addr_26/53 "/>
</bind>
</comp>

<comp id="535" class="1004" name="ctx_addr_27_gep_fu_535">
<pin_list>
<pin id="536" dir="0" index="0" bw="8" slack="0"/>
<pin id="537" dir="0" index="1" bw="1" slack="0"/>
<pin id="538" dir="0" index="2" bw="6" slack="0"/>
<pin id="539" dir="1" index="3" bw="7" slack="3"/>
</pin_list>
<bind>
<opcode="getelementptr(29) " fcode="getelementptr"/>
<opset="ctx_addr_27/53 "/>
</bind>
</comp>

<comp id="543" class="1004" name="ctx_addr_28_gep_fu_543">
<pin_list>
<pin id="544" dir="0" index="0" bw="8" slack="0"/>
<pin id="545" dir="0" index="1" bw="1" slack="0"/>
<pin id="546" dir="0" index="2" bw="6" slack="0"/>
<pin id="547" dir="1" index="3" bw="7" slack="4"/>
</pin_list>
<bind>
<opcode="getelementptr(29) " fcode="getelementptr"/>
<opset="ctx_addr_28/53 "/>
</bind>
</comp>

<comp id="551" class="1004" name="ctx_addr_29_gep_fu_551">
<pin_list>
<pin id="552" dir="0" index="0" bw="8" slack="0"/>
<pin id="553" dir="0" index="1" bw="1" slack="0"/>
<pin id="554" dir="0" index="2" bw="6" slack="0"/>
<pin id="555" dir="1" index="3" bw="7" slack="4"/>
</pin_list>
<bind>
<opcode="getelementptr(29) " fcode="getelementptr"/>
<opset="ctx_addr_29/53 "/>
</bind>
</comp>

<comp id="559" class="1004" name="ctx_addr_30_gep_fu_559">
<pin_list>
<pin id="560" dir="0" index="0" bw="8" slack="0"/>
<pin id="561" dir="0" index="1" bw="1" slack="0"/>
<pin id="562" dir="0" index="2" bw="6" slack="0"/>
<pin id="563" dir="1" index="3" bw="7" slack="5"/>
</pin_list>
<bind>
<opcode="getelementptr(29) " fcode="getelementptr"/>
<opset="ctx_addr_30/53 "/>
</bind>
</comp>

<comp id="567" class="1004" name="ctx_addr_31_gep_fu_567">
<pin_list>
<pin id="568" dir="0" index="0" bw="8" slack="0"/>
<pin id="569" dir="0" index="1" bw="1" slack="0"/>
<pin id="570" dir="0" index="2" bw="6" slack="0"/>
<pin id="571" dir="1" index="3" bw="7" slack="5"/>
</pin_list>
<bind>
<opcode="getelementptr(29) " fcode="getelementptr"/>
<opset="ctx_addr_31/53 "/>
</bind>
</comp>

<comp id="575" class="1004" name="ctx_addr_32_gep_fu_575">
<pin_list>
<pin id="576" dir="0" index="0" bw="8" slack="0"/>
<pin id="577" dir="0" index="1" bw="1" slack="0"/>
<pin id="578" dir="0" index="2" bw="6" slack="0"/>
<pin id="579" dir="1" index="3" bw="7" slack="6"/>
</pin_list>
<bind>
<opcode="getelementptr(29) " fcode="getelementptr"/>
<opset="ctx_addr_32/53 "/>
</bind>
</comp>

<comp id="583" class="1004" name="ctx_addr_33_gep_fu_583">
<pin_list>
<pin id="584" dir="0" index="0" bw="8" slack="0"/>
<pin id="585" dir="0" index="1" bw="1" slack="0"/>
<pin id="586" dir="0" index="2" bw="6" slack="0"/>
<pin id="587" dir="1" index="3" bw="7" slack="6"/>
</pin_list>
<bind>
<opcode="getelementptr(29) " fcode="getelementptr"/>
<opset="ctx_addr_33/53 "/>
</bind>
</comp>

<comp id="591" class="1004" name="ctx_addr_34_gep_fu_591">
<pin_list>
<pin id="592" dir="0" index="0" bw="8" slack="0"/>
<pin id="593" dir="0" index="1" bw="1" slack="0"/>
<pin id="594" dir="0" index="2" bw="6" slack="0"/>
<pin id="595" dir="1" index="3" bw="7" slack="7"/>
</pin_list>
<bind>
<opcode="getelementptr(29) " fcode="getelementptr"/>
<opset="ctx_addr_34/53 "/>
</bind>
</comp>

<comp id="599" class="1004" name="ctx_addr_35_gep_fu_599">
<pin_list>
<pin id="600" dir="0" index="0" bw="8" slack="0"/>
<pin id="601" dir="0" index="1" bw="1" slack="0"/>
<pin id="602" dir="0" index="2" bw="6" slack="0"/>
<pin id="603" dir="1" index="3" bw="7" slack="7"/>
</pin_list>
<bind>
<opcode="getelementptr(29) " fcode="getelementptr"/>
<opset="ctx_addr_35/53 "/>
</bind>
</comp>

<comp id="607" class="1004" name="ctx_addr_36_gep_fu_607">
<pin_list>
<pin id="608" dir="0" index="0" bw="8" slack="0"/>
<pin id="609" dir="0" index="1" bw="1" slack="0"/>
<pin id="610" dir="0" index="2" bw="6" slack="0"/>
<pin id="611" dir="1" index="3" bw="7" slack="8"/>
</pin_list>
<bind>
<opcode="getelementptr(29) " fcode="getelementptr"/>
<opset="ctx_addr_36/53 "/>
</bind>
</comp>

<comp id="615" class="1004" name="ctx_addr_37_gep_fu_615">
<pin_list>
<pin id="616" dir="0" index="0" bw="8" slack="0"/>
<pin id="617" dir="0" index="1" bw="1" slack="0"/>
<pin id="618" dir="0" index="2" bw="6" slack="0"/>
<pin id="619" dir="1" index="3" bw="7" slack="8"/>
</pin_list>
<bind>
<opcode="getelementptr(29) " fcode="getelementptr"/>
<opset="ctx_addr_37/53 "/>
</bind>
</comp>

<comp id="623" class="1004" name="ctx_addr_38_gep_fu_623">
<pin_list>
<pin id="624" dir="0" index="0" bw="8" slack="0"/>
<pin id="625" dir="0" index="1" bw="1" slack="0"/>
<pin id="626" dir="0" index="2" bw="6" slack="0"/>
<pin id="627" dir="1" index="3" bw="7" slack="1"/>
</pin_list>
<bind>
<opcode="getelementptr(29) " fcode="getelementptr"/>
<opset="ctx_addr_38/53 "/>
</bind>
</comp>

<comp id="631" class="1004" name="sbox_addr_11_gep_fu_631">
<pin_list>
<pin id="632" dir="0" index="0" bw="8" slack="0"/>
<pin id="633" dir="0" index="1" bw="1" slack="0"/>
<pin id="634" dir="0" index="2" bw="8" slack="0"/>
<pin id="635" dir="1" index="3" bw="8" slack="0"/>
</pin_list>
<bind>
<opcode="getelementptr(29) " fcode="getelementptr"/>
<opset="sbox_addr_11/61 "/>
</bind>
</comp>

<comp id="638" class="1004" name="grp_access_fu_638">
<pin_list>
<pin id="639" dir="0" index="0" bw="8" slack="0"/>
<pin id="640" dir="0" index="1" bw="8" slack="2147483647"/>
<pin id="641" dir="0" index="2" bw="0" slack="2147483647"/>
<pin id="642" dir="1" index="3" bw="8" slack="1"/>
</pin_list>
<bind>
<opcode="load(27) " fcode="load"/>
<opset="sbox_load_11/61 sbox_load_16/62 sbox_load_3/63 sbox_load_4/64 i_6/65 sbox_load_7/66 sbox_load_8/67 sbox_load_12/68 i_5/69 sbox_load_1/70 j_2/71 sbox_load_10/72 sbox_load_14/73 sbox_load_5/74 sbox_load_9/75 j_1/76 sbox_load/111 "/>
</bind>
</comp>

<comp id="644" class="1004" name="sbox_addr_16_gep_fu_644">
<pin_list>
<pin id="645" dir="0" index="0" bw="8" slack="0"/>
<pin id="646" dir="0" index="1" bw="1" slack="0"/>
<pin id="647" dir="0" index="2" bw="8" slack="0"/>
<pin id="648" dir="1" index="3" bw="8" slack="0"/>
</pin_list>
<bind>
<opcode="getelementptr(29) " fcode="getelementptr"/>
<opset="sbox_addr_16/62 "/>
</bind>
</comp>

<comp id="652" class="1004" name="sbox_addr_3_gep_fu_652">
<pin_list>
<pin id="653" dir="0" index="0" bw="8" slack="0"/>
<pin id="654" dir="0" index="1" bw="1" slack="0"/>
<pin id="655" dir="0" index="2" bw="8" slack="0"/>
<pin id="656" dir="1" index="3" bw="8" slack="0"/>
</pin_list>
<bind>
<opcode="getelementptr(29) " fcode="getelementptr"/>
<opset="sbox_addr_3/63 "/>
</bind>
</comp>

<comp id="660" class="1004" name="sbox_addr_4_gep_fu_660">
<pin_list>
<pin id="661" dir="0" index="0" bw="8" slack="0"/>
<pin id="662" dir="0" index="1" bw="1" slack="0"/>
<pin id="663" dir="0" index="2" bw="8" slack="0"/>
<pin id="664" dir="1" index="3" bw="8" slack="0"/>
</pin_list>
<bind>
<opcode="getelementptr(29) " fcode="getelementptr"/>
<opset="sbox_addr_4/64 "/>
</bind>
</comp>

<comp id="668" class="1004" name="sbox_addr_6_gep_fu_668">
<pin_list>
<pin id="669" dir="0" index="0" bw="8" slack="0"/>
<pin id="670" dir="0" index="1" bw="1" slack="0"/>
<pin id="671" dir="0" index="2" bw="8" slack="0"/>
<pin id="672" dir="1" index="3" bw="8" slack="0"/>
</pin_list>
<bind>
<opcode="getelementptr(29) " fcode="getelementptr"/>
<opset="sbox_addr_6/65 "/>
</bind>
</comp>

<comp id="676" class="1004" name="sbox_addr_7_gep_fu_676">
<pin_list>
<pin id="677" dir="0" index="0" bw="8" slack="0"/>
<pin id="678" dir="0" index="1" bw="1" slack="0"/>
<pin id="679" dir="0" index="2" bw="8" slack="0"/>
<pin id="680" dir="1" index="3" bw="8" slack="0"/>
</pin_list>
<bind>
<opcode="getelementptr(29) " fcode="getelementptr"/>
<opset="sbox_addr_7/66 "/>
</bind>
</comp>

<comp id="684" class="1004" name="sbox_addr_8_gep_fu_684">
<pin_list>
<pin id="685" dir="0" index="0" bw="8" slack="0"/>
<pin id="686" dir="0" index="1" bw="1" slack="0"/>
<pin id="687" dir="0" index="2" bw="8" slack="0"/>
<pin id="688" dir="1" index="3" bw="8" slack="0"/>
</pin_list>
<bind>
<opcode="getelementptr(29) " fcode="getelementptr"/>
<opset="sbox_addr_8/67 "/>
</bind>
</comp>

<comp id="692" class="1004" name="sbox_addr_12_gep_fu_692">
<pin_list>
<pin id="693" dir="0" index="0" bw="8" slack="0"/>
<pin id="694" dir="0" index="1" bw="1" slack="0"/>
<pin id="695" dir="0" index="2" bw="8" slack="0"/>
<pin id="696" dir="1" index="3" bw="8" slack="0"/>
</pin_list>
<bind>
<opcode="getelementptr(29) " fcode="getelementptr"/>
<opset="sbox_addr_12/68 "/>
</bind>
</comp>

<comp id="700" class="1004" name="sbox_addr_15_gep_fu_700">
<pin_list>
<pin id="701" dir="0" index="0" bw="8" slack="0"/>
<pin id="702" dir="0" index="1" bw="1" slack="0"/>
<pin id="703" dir="0" index="2" bw="8" slack="0"/>
<pin id="704" dir="1" index="3" bw="8" slack="0"/>
</pin_list>
<bind>
<opcode="getelementptr(29) " fcode="getelementptr"/>
<opset="sbox_addr_15/69 "/>
</bind>
</comp>

<comp id="708" class="1004" name="sbox_addr_1_gep_fu_708">
<pin_list>
<pin id="709" dir="0" index="0" bw="8" slack="0"/>
<pin id="710" dir="0" index="1" bw="1" slack="0"/>
<pin id="711" dir="0" index="2" bw="8" slack="0"/>
<pin id="712" dir="1" index="3" bw="8" slack="0"/>
</pin_list>
<bind>
<opcode="getelementptr(29) " fcode="getelementptr"/>
<opset="sbox_addr_1/70 "/>
</bind>
</comp>

<comp id="716" class="1004" name="sbox_addr_2_gep_fu_716">
<pin_list>
<pin id="717" dir="0" index="0" bw="8" slack="0"/>
<pin id="718" dir="0" index="1" bw="1" slack="0"/>
<pin id="719" dir="0" index="2" bw="8" slack="0"/>
<pin id="720" dir="1" index="3" bw="8" slack="0"/>
</pin_list>
<bind>
<opcode="getelementptr(29) " fcode="getelementptr"/>
<opset="sbox_addr_2/71 "/>
</bind>
</comp>

<comp id="724" class="1004" name="sbox_addr_10_gep_fu_724">
<pin_list>
<pin id="725" dir="0" index="0" bw="8" slack="0"/>
<pin id="726" dir="0" index="1" bw="1" slack="0"/>
<pin id="727" dir="0" index="2" bw="8" slack="0"/>
<pin id="728" dir="1" index="3" bw="8" slack="0"/>
</pin_list>
<bind>
<opcode="getelementptr(29) " fcode="getelementptr"/>
<opset="sbox_addr_10/72 "/>
</bind>
</comp>

<comp id="732" class="1004" name="sbox_addr_14_gep_fu_732">
<pin_list>
<pin id="733" dir="0" index="0" bw="8" slack="0"/>
<pin id="734" dir="0" index="1" bw="1" slack="0"/>
<pin id="735" dir="0" index="2" bw="8" slack="0"/>
<pin id="736" dir="1" index="3" bw="8" slack="0"/>
</pin_list>
<bind>
<opcode="getelementptr(29) " fcode="getelementptr"/>
<opset="sbox_addr_14/73 "/>
</bind>
</comp>

<comp id="740" class="1004" name="sbox_addr_5_gep_fu_740">
<pin_list>
<pin id="741" dir="0" index="0" bw="8" slack="0"/>
<pin id="742" dir="0" index="1" bw="1" slack="0"/>
<pin id="743" dir="0" index="2" bw="8" slack="0"/>
<pin id="744" dir="1" index="3" bw="8" slack="0"/>
</pin_list>
<bind>
<opcode="getelementptr(29) " fcode="getelementptr"/>
<opset="sbox_addr_5/74 "/>
</bind>
</comp>

<comp id="748" class="1004" name="sbox_addr_9_gep_fu_748">
<pin_list>
<pin id="749" dir="0" index="0" bw="8" slack="0"/>
<pin id="750" dir="0" index="1" bw="1" slack="0"/>
<pin id="751" dir="0" index="2" bw="8" slack="0"/>
<pin id="752" dir="1" index="3" bw="8" slack="0"/>
</pin_list>
<bind>
<opcode="getelementptr(29) " fcode="getelementptr"/>
<opset="sbox_addr_9/75 "/>
</bind>
</comp>

<comp id="756" class="1004" name="sbox_addr_13_gep_fu_756">
<pin_list>
<pin id="757" dir="0" index="0" bw="8" slack="0"/>
<pin id="758" dir="0" index="1" bw="1" slack="0"/>
<pin id="759" dir="0" index="2" bw="8" slack="0"/>
<pin id="760" dir="1" index="3" bw="8" slack="0"/>
</pin_list>
<bind>
<opcode="getelementptr(29) " fcode="getelementptr"/>
<opset="sbox_addr_13/76 "/>
</bind>
</comp>

<comp id="764" class="1004" name="buf_addr_13_gep_fu_764">
<pin_list>
<pin id="765" dir="0" index="0" bw="8" slack="0"/>
<pin id="766" dir="0" index="1" bw="1" slack="0"/>
<pin id="767" dir="0" index="2" bw="4" slack="0"/>
<pin id="768" dir="1" index="3" bw="4" slack="0"/>
</pin_list>
<bind>
<opcode="getelementptr(29) " fcode="getelementptr"/>
<opset="buf_addr_13/107 "/>
</bind>
</comp>

<comp id="772" class="1004" name="sbox_addr_gep_fu_772">
<pin_list>
<pin id="773" dir="0" index="0" bw="8" slack="0"/>
<pin id="774" dir="0" index="1" bw="1" slack="0"/>
<pin id="775" dir="0" index="2" bw="8" slack="0"/>
<pin id="776" dir="1" index="3" bw="8" slack="0"/>
</pin_list>
<bind>
<opcode="getelementptr(29) " fcode="getelementptr"/>
<opset="sbox_addr/111 "/>
</bind>
</comp>

<comp id="780" class="1004" name="ctx_addr_6_gep_fu_780">
<pin_list>
<pin id="781" dir="0" index="0" bw="8" slack="0"/>
<pin id="782" dir="0" index="1" bw="1" slack="0"/>
<pin id="783" dir="0" index="2" bw="4" slack="0"/>
<pin id="784" dir="1" index="3" bw="7" slack="0"/>
</pin_list>
<bind>
<opcode="getelementptr(29) " fcode="getelementptr"/>
<opset="ctx_addr_6/158 "/>
</bind>
</comp>

<comp id="788" class="1004" name="buf_addr_15_gep_fu_788">
<pin_list>
<pin id="789" dir="0" index="0" bw="8" slack="0"/>
<pin id="790" dir="0" index="1" bw="1" slack="0"/>
<pin id="791" dir="0" index="2" bw="4" slack="0"/>
<pin id="792" dir="1" index="3" bw="4" slack="0"/>
</pin_list>
<bind>
<opcode="getelementptr(29) " fcode="getelementptr"/>
<opset="buf_addr_15/158 "/>
</bind>
</comp>

<comp id="796" class="1005" name="i_reg_796">
<pin_list>
<pin id="797" dir="0" index="0" bw="6" slack="1"/>
<pin id="798" dir="1" index="1" bw="6" slack="1"/>
</pin_list>
<bind>
<opset="i (phireg) "/>
</bind>
</comp>

<comp id="800" class="1004" name="i_phi_fu_800">
<pin_list>
<pin id="801" dir="0" index="0" bw="6" slack="1"/>
<pin id="802" dir="0" index="1" bw="0" slack="2147483647"/>
<pin id="803" dir="0" index="2" bw="1" slack="1"/>
<pin id="804" dir="0" index="3" bw="0" slack="2147483647"/>
<pin id="805" dir="1" index="4" bw="6" slack="0"/>
</pin_list>
<bind>
<opcode="phi(47) " fcode="phi"/>
<opset="i/2 "/>
</bind>
</comp>

<comp id="808" class="1005" name="rcon_0_reg_808">
<pin_list>
<pin id="809" dir="0" index="0" bw="8" slack="1"/>
<pin id="810" dir="1" index="1" bw="8" slack="1"/>
</pin_list>
<bind>
<opset="rcon_0 (phireg) "/>
</bind>
</comp>

<comp id="812" class="1004" name="rcon_0_phi_fu_812">
<pin_list>
<pin id="813" dir="0" index="0" bw="8" slack="1"/>
<pin id="814" dir="0" index="1" bw="0" slack="2147483647"/>
<pin id="815" dir="0" index="2" bw="1" slack="1"/>
<pin id="816" dir="0" index="3" bw="0" slack="2147483647"/>
<pin id="817" dir="1" index="4" bw="8" slack="1"/>
</pin_list>
<bind>
<opcode="phi(47) " fcode="phi"/>
<opset="rcon_0/9 "/>
</bind>
</comp>

<comp id="820" class="1005" name="i_1_reg_820">
<pin_list>
<pin id="821" dir="0" index="0" bw="3" slack="1"/>
<pin id="822" dir="1" index="1" bw="3" slack="1"/>
</pin_list>
<bind>
<opset="i_1 (phireg) "/>
</bind>
</comp>

<comp id="824" class="1004" name="i_1_phi_fu_824">
<pin_list>
<pin id="825" dir="0" index="0" bw="3" slack="1"/>
<pin id="826" dir="0" index="1" bw="0" slack="2147483647"/>
<pin id="827" dir="0" index="2" bw="1" slack="1"/>
<pin id="828" dir="0" index="3" bw="0" slack="2147483647"/>
<pin id="829" dir="1" index="4" bw="3" slack="0"/>
</pin_list>
<bind>
<opcode="phi(47) " fcode="phi"/>
<opset="i_1/9 "/>
</bind>
</comp>

<comp id="832" class="1005" name="i_2_reg_832">
<pin_list>
<pin id="833" dir="0" index="0" bw="4" slack="1"/>
<pin id="834" dir="1" index="1" bw="4" slack="1"/>
</pin_list>
<bind>
<opset="i_2 (phireg) "/>
</bind>
</comp>

<comp id="836" class="1004" name="i_2_phi_fu_836">
<pin_list>
<pin id="837" dir="0" index="0" bw="4" slack="1"/>
<pin id="838" dir="0" index="1" bw="0" slack="2147483647"/>
<pin id="839" dir="0" index="2" bw="1" slack="1"/>
<pin id="840" dir="0" index="3" bw="0" slack="2147483647"/>
<pin id="841" dir="1" index="4" bw="4" slack="0"/>
</pin_list>
<bind>
<opcode="phi(47) " fcode="phi"/>
<opset="i_2/46 "/>
</bind>
</comp>

<comp id="844" class="1005" name="i_3_reg_844">
<pin_list>
<pin id="845" dir="0" index="0" bw="4" slack="1"/>
<pin id="846" dir="1" index="1" bw="4" slack="1"/>
</pin_list>
<bind>
<opset="i_3 (phireg) "/>
</bind>
</comp>

<comp id="848" class="1004" name="i_3_phi_fu_848">
<pin_list>
<pin id="849" dir="0" index="0" bw="1" slack="1"/>
<pin id="850" dir="0" index="1" bw="0" slack="2147483647"/>
<pin id="851" dir="0" index="2" bw="4" slack="1"/>
<pin id="852" dir="0" index="3" bw="0" slack="2147483647"/>
<pin id="853" dir="1" index="4" bw="4" slack="0"/>
</pin_list>
<bind>
<opcode="phi(47) " fcode="phi"/>
<opset="i_3/54 "/>
</bind>
</comp>

<comp id="856" class="1005" name="storemerge_reg_856">
<pin_list>
<pin id="857" dir="0" index="0" bw="8" slack="1"/>
<pin id="858" dir="1" index="1" bw="8" slack="1"/>
</pin_list>
<bind>
<opset="storemerge (phireg) "/>
</bind>
</comp>

<comp id="860" class="1004" name="storemerge_phi_fu_860">
<pin_list>
<pin id="861" dir="0" index="0" bw="8" slack="5"/>
<pin id="862" dir="0" index="1" bw="0" slack="2147483647"/>
<pin id="863" dir="0" index="2" bw="8" slack="2"/>
<pin id="864" dir="0" index="3" bw="0" slack="2147483647"/>
<pin id="865" dir="1" index="4" bw="8" slack="0"/>
</pin_list>
<bind>
<opcode="phi(47) " fcode="phi"/>
<opset="storemerge/96 "/>
</bind>
</comp>

<comp id="868" class="1005" name="i_4_reg_868">
<pin_list>
<pin id="869" dir="0" index="0" bw="4" slack="1"/>
<pin id="870" dir="1" index="1" bw="4" slack="1"/>
</pin_list>
<bind>
<opset="i_4 (phireg) "/>
</bind>
</comp>

<comp id="872" class="1004" name="i_4_phi_fu_872">
<pin_list>
<pin id="873" dir="0" index="0" bw="4" slack="1"/>
<pin id="874" dir="0" index="1" bw="0" slack="2147483647"/>
<pin id="875" dir="0" index="2" bw="1" slack="1"/>
<pin id="876" dir="0" index="3" bw="0" slack="2147483647"/>
<pin id="877" dir="1" index="4" bw="4" slack="0"/>
</pin_list>
<bind>
<opcode="phi(47) " fcode="phi"/>
<opset="i_4/106 "/>
</bind>
</comp>

<comp id="880" class="1005" name="i_9_reg_880">
<pin_list>
<pin id="881" dir="0" index="0" bw="4" slack="1"/>
<pin id="882" dir="1" index="1" bw="4" slack="1"/>
</pin_list>
<bind>
<opset="i_9 (phireg) "/>
</bind>
</comp>

<comp id="884" class="1004" name="i_9_phi_fu_884">
<pin_list>
<pin id="885" dir="0" index="0" bw="4" slack="1"/>
<pin id="886" dir="0" index="1" bw="0" slack="2147483647"/>
<pin id="887" dir="0" index="2" bw="1" slack="1"/>
<pin id="888" dir="0" index="3" bw="0" slack="2147483647"/>
<pin id="889" dir="1" index="4" bw="4" slack="0"/>
</pin_list>
<bind>
<opcode="phi(47) " fcode="phi"/>
<opset="i_9/157 "/>
</bind>
</comp>

<comp id="892" class="1004" name="grp_aes_expandEncKey_fu_892">
<pin_list>
<pin id="893" dir="0" index="0" bw="8" slack="0"/>
<pin id="894" dir="0" index="1" bw="8" slack="0"/>
<pin id="895" dir="0" index="2" bw="7" slack="0"/>
<pin id="896" dir="0" index="3" bw="8" slack="0"/>
<pin id="897" dir="0" index="4" bw="8" slack="0"/>
<pin id="898" dir="1" index="5" bw="8" slack="1"/>
</pin_list>
<bind>
<opcode="call(48) " fcode="call"/>
<opset="rcon/10 rcon_2/55 call_ret/122 "/>
</bind>
</comp>

<comp id="905" class="1004" name="grp_load_fu_905">
<pin_list>
<pin id="906" dir="0" index="0" bw="8" slack="2"/>
<pin id="907" dir="1" index="1" bw="8" slack="0"/>
</pin_list>
<bind>
<opcode="load(27) " fcode="load"/>
<opset="rcon_1_load_1/55 rcon_1_load/122 "/>
</bind>
</comp>

<comp id="909" class="1005" name="reg_909">
<pin_list>
<pin id="910" dir="0" index="0" bw="8" slack="1"/>
<pin id="911" dir="1" index="1" bw="8" slack="1"/>
</pin_list>
<bind>
<opset="rcon rcon_2 "/>
</bind>
</comp>

<comp id="914" class="1005" name="reg_914">
<pin_list>
<pin id="915" dir="0" index="0" bw="8" slack="1"/>
<pin id="916" dir="1" index="1" bw="8" slack="1"/>
</pin_list>
<bind>
<opset="ctx_load ctx_load_19 ctx_load_17 ctx_load_15 ctx_load_3 ctx_load_6 ctx_load_8 ctx_load_10 ctx_load_2 "/>
</bind>
</comp>

<comp id="920" class="1005" name="reg_920">
<pin_list>
<pin id="921" dir="0" index="0" bw="8" slack="1"/>
<pin id="922" dir="1" index="1" bw="8" slack="1"/>
</pin_list>
<bind>
<opset="buf_load buf_load_20 buf_load_7 buf_load_16 buf_load_19 buf_load_40 buf_load_1 buf_load_4 buf_load_11 buf_load_27 "/>
</bind>
</comp>

<comp id="927" class="1005" name="reg_927">
<pin_list>
<pin id="928" dir="0" index="0" bw="8" slack="1"/>
<pin id="929" dir="1" index="1" bw="8" slack="1"/>
</pin_list>
<bind>
<opset="ctx_load_1 ctx_load_34 ctx_load_18 ctx_load_16 ctx_load_13 ctx_load_4 ctx_load_7 ctx_load_11 "/>
</bind>
</comp>

<comp id="933" class="1005" name="reg_933">
<pin_list>
<pin id="934" dir="0" index="0" bw="8" slack="1"/>
<pin id="935" dir="1" index="1" bw="8" slack="1"/>
</pin_list>
<bind>
<opset="rcon_1_load_1 rcon_1_load "/>
</bind>
</comp>

<comp id="938" class="1005" name="reg_938">
<pin_list>
<pin id="939" dir="0" index="0" bw="8" slack="1"/>
<pin id="940" dir="1" index="1" bw="8" slack="1"/>
</pin_list>
<bind>
<opset="ctx_load_20 ctx_load_14 ctx_load_12 ctx_load_5 ctx_load_9 "/>
</bind>
</comp>

<comp id="943" class="1005" name="reg_943">
<pin_list>
<pin id="944" dir="0" index="0" bw="8" slack="1"/>
<pin id="945" dir="1" index="1" bw="8" slack="1"/>
</pin_list>
<bind>
<opset="buf_load_25 buf_load_9 buf_load_21 buf_load_22 buf_load_42 buf_load_37 i_7 buf_load_14 "/>
</bind>
</comp>

<comp id="949" class="1005" name="reg_949">
<pin_list>
<pin id="950" dir="0" index="0" bw="8" slack="2"/>
<pin id="951" dir="1" index="1" bw="8" slack="2"/>
</pin_list>
<bind>
<opset="buf_load_15 buf_load_2 buf_load_39 buf_load_6 j_3 "/>
</bind>
</comp>

<comp id="956" class="1005" name="reg_956">
<pin_list>
<pin id="957" dir="0" index="0" bw="8" slack="1"/>
<pin id="958" dir="1" index="1" bw="8" slack="1"/>
</pin_list>
<bind>
<opset="buf_load_17 buf_load_13 buf_load_41 buf_load_38 buf_load_5 j "/>
</bind>
</comp>

<comp id="962" class="1005" name="reg_962">
<pin_list>
<pin id="963" dir="0" index="0" bw="8" slack="1"/>
<pin id="964" dir="1" index="1" bw="8" slack="1"/>
</pin_list>
<bind>
<opset="sbox_load_11 sbox_load_10 sbox_load_9 sbox_load "/>
</bind>
</comp>

<comp id="967" class="1005" name="reg_967">
<pin_list>
<pin id="968" dir="0" index="0" bw="8" slack="4"/>
<pin id="969" dir="1" index="1" bw="8" slack="4"/>
</pin_list>
<bind>
<opset="buf_load_24 buf_load_28 buf_load_8 "/>
</bind>
</comp>

<comp id="973" class="1005" name="reg_973">
<pin_list>
<pin id="974" dir="0" index="0" bw="8" slack="2"/>
<pin id="975" dir="1" index="1" bw="8" slack="2"/>
</pin_list>
<bind>
<opset="buf_load_3 buf_load_32 i_8 "/>
</bind>
</comp>

<comp id="979" class="1005" name="reg_979">
<pin_list>
<pin id="980" dir="0" index="0" bw="8" slack="1"/>
<pin id="981" dir="1" index="1" bw="8" slack="1"/>
</pin_list>
<bind>
<opset="sbox_load_16 sbox_load_14 j_1 "/>
</bind>
</comp>

<comp id="983" class="1005" name="reg_983">
<pin_list>
<pin id="984" dir="0" index="0" bw="8" slack="4"/>
<pin id="985" dir="1" index="1" bw="8" slack="4"/>
</pin_list>
<bind>
<opset="buf_load_23 buf_load_26 buf_load_10 "/>
</bind>
</comp>

<comp id="989" class="1005" name="reg_989">
<pin_list>
<pin id="990" dir="0" index="0" bw="8" slack="4"/>
<pin id="991" dir="1" index="1" bw="8" slack="4"/>
</pin_list>
<bind>
<opset="buf_load_18 buf_load_36 buf_load_12 "/>
</bind>
</comp>

<comp id="994" class="1005" name="reg_994">
<pin_list>
<pin id="995" dir="0" index="0" bw="8" slack="5"/>
<pin id="996" dir="1" index="1" bw="8" slack="5"/>
</pin_list>
<bind>
<opset="i_6 j_2 "/>
</bind>
</comp>

<comp id="998" class="1005" name="reg_998">
<pin_list>
<pin id="999" dir="0" index="0" bw="8" slack="1"/>
<pin id="1000" dir="1" index="1" bw="8" slack="1"/>
</pin_list>
<bind>
<opset="sbox_load_1 sbox_load_5 "/>
</bind>
</comp>

<comp id="1002" class="1004" name="grp_fu_1002">
<pin_list>
<pin id="1003" dir="0" index="0" bw="8" slack="1"/>
<pin id="1004" dir="0" index="1" bw="8" slack="1"/>
<pin id="1005" dir="1" index="2" bw="8" slack="1"/>
</pin_list>
<bind>
<opcode="xor(25) " fcode="xor"/>
<opset="xor_ln269/50 xor_ln261/162 "/>
</bind>
</comp>

<comp id="1008" class="1004" name="grp_fu_1008">
<pin_list>
<pin id="1009" dir="0" index="0" bw="8" slack="1"/>
<pin id="1010" dir="0" index="1" bw="8" slack="3"/>
<pin id="1011" dir="1" index="2" bw="8" slack="1"/>
</pin_list>
<bind>
<opcode="xor(25) " fcode="xor"/>
<opset="xor_ln293/72 xor_ln295_10/79 "/>
</bind>
</comp>

<comp id="1014" class="1004" name="grp_fu_1014">
<pin_list>
<pin id="1015" dir="0" index="0" bw="8" slack="3"/>
<pin id="1016" dir="0" index="1" bw="8" slack="1"/>
<pin id="1017" dir="1" index="2" bw="8" slack="1"/>
</pin_list>
<bind>
<opcode="xor(25) " fcode="xor"/>
<opset="xor_ln261_16/94 xor_ln261_11/97 "/>
</bind>
</comp>

<comp id="1020" class="1005" name="reg_1020">
<pin_list>
<pin id="1021" dir="0" index="0" bw="8" slack="1"/>
<pin id="1022" dir="1" index="1" bw="8" slack="1"/>
</pin_list>
<bind>
<opset="xor_ln269 xor_ln261 "/>
</bind>
</comp>

<comp id="1026" class="1005" name="reg_1026">
<pin_list>
<pin id="1027" dir="0" index="0" bw="8" slack="1"/>
<pin id="1028" dir="1" index="1" bw="8" slack="1"/>
</pin_list>
<bind>
<opset="xor_ln293 xor_ln295_10 "/>
</bind>
</comp>

<comp id="1030" class="1004" name="grp_fu_1030">
<pin_list>
<pin id="1031" dir="0" index="0" bw="6" slack="0"/>
<pin id="1032" dir="0" index="1" bw="1" slack="0"/>
<pin id="1033" dir="1" index="2" bw="6" slack="1"/>
</pin_list>
<bind>
<opcode="add(8) " fcode="add"/>
<opset="add_ln329/2 "/>
</bind>
</comp>

<comp id="1036" class="1004" name="icmp_ln329_fu_1036">
<pin_list>
<pin id="1037" dir="0" index="0" bw="6" slack="0"/>
<pin id="1038" dir="0" index="1" bw="6" slack="0"/>
<pin id="1039" dir="1" index="2" bw="1" slack="1"/>
</pin_list>
<bind>
<opcode="icmp(45) " fcode="icmp"/>
<opset="icmp_ln329/2 "/>
</bind>
</comp>

<comp id="1042" class="1004" name="i_cast12_fu_1042">
<pin_list>
<pin id="1043" dir="0" index="0" bw="6" slack="0"/>
<pin id="1044" dir="1" index="1" bw="64" slack="0"/>
</pin_list>
<bind>
<opcode="zext(34) " fcode="zext"/>
<opset="i_cast12/2 "/>
</bind>
</comp>

<comp id="1047" class="1004" name="or_ln_fu_1047">
<pin_list>
<pin id="1048" dir="0" index="0" bw="7" slack="0"/>
<pin id="1049" dir="0" index="1" bw="1" slack="0"/>
<pin id="1050" dir="0" index="2" bw="6" slack="3"/>
<pin id="1051" dir="1" index="3" bw="7" slack="1"/>
</pin_list>
<bind>
<opcode="bitconcatenate(1004) " fcode="bitconcatenate"/>
<opset="or_ln/5 "/>
</bind>
</comp>

<comp id="1055" class="1004" name="xor_ln330_fu_1055">
<pin_list>
<pin id="1056" dir="0" index="0" bw="6" slack="3"/>
<pin id="1057" dir="0" index="1" bw="6" slack="0"/>
<pin id="1058" dir="1" index="2" bw="6" slack="1"/>
</pin_list>
<bind>
<opcode="xor(25) " fcode="xor"/>
<opset="xor_ln330/5 "/>
</bind>
</comp>

<comp id="1061" class="1004" name="zext_ln330_fu_1061">
<pin_list>
<pin id="1062" dir="0" index="0" bw="7" slack="1"/>
<pin id="1063" dir="1" index="1" bw="64" slack="0"/>
</pin_list>
<bind>
<opcode="zext(34) " fcode="zext"/>
<opset="zext_ln330/6 "/>
</bind>
</comp>

<comp id="1065" class="1004" name="zext_ln330_1_fu_1065">
<pin_list>
<pin id="1066" dir="0" index="0" bw="6" slack="1"/>
<pin id="1067" dir="1" index="1" bw="64" slack="0"/>
</pin_list>
<bind>
<opcode="zext(34) " fcode="zext"/>
<opset="zext_ln330_1/6 "/>
</bind>
</comp>

<comp id="1069" class="1004" name="icmp_ln332_fu_1069">
<pin_list>
<pin id="1070" dir="0" index="0" bw="3" slack="0"/>
<pin id="1071" dir="0" index="1" bw="3" slack="0"/>
<pin id="1072" dir="1" index="2" bw="1" slack="1"/>
</pin_list>
<bind>
<opcode="icmp(45) " fcode="icmp"/>
<opset="icmp_ln332/9 "/>
</bind>
</comp>

<comp id="1075" class="1004" name="grp_fu_1075">
<pin_list>
<pin id="1076" dir="0" index="0" bw="3" slack="33"/>
<pin id="1077" dir="0" index="1" bw="1" slack="0"/>
<pin id="1078" dir="1" index="2" bw="3" slack="1"/>
</pin_list>
<bind>
<opcode="add(8) " fcode="add"/>
<opset="add_ln332/42 "/>
</bind>
</comp>

<comp id="1081" class="1004" name="trunc_ln269_cast13_fu_1081">
<pin_list>
<pin id="1082" dir="0" index="0" bw="4" slack="0"/>
<pin id="1083" dir="1" index="1" bw="64" slack="0"/>
</pin_list>
<bind>
<opcode="zext(34) " fcode="zext"/>
<opset="trunc_ln269_cast13/46 "/>
</bind>
</comp>

<comp id="1086" class="1004" name="or_ln1_fu_1086">
<pin_list>
<pin id="1087" dir="0" index="0" bw="6" slack="0"/>
<pin id="1088" dir="0" index="1" bw="2" slack="0"/>
<pin id="1089" dir="0" index="2" bw="4" slack="0"/>
<pin id="1090" dir="1" index="3" bw="6" slack="0"/>
</pin_list>
<bind>
<opcode="bitconcatenate(1004) " fcode="bitconcatenate"/>
<opset="or_ln1/46 "/>
</bind>
</comp>

<comp id="1094" class="1004" name="zext_ln269_1_fu_1094">
<pin_list>
<pin id="1095" dir="0" index="0" bw="6" slack="0"/>
<pin id="1096" dir="1" index="1" bw="64" slack="0"/>
</pin_list>
<bind>
<opcode="zext(34) " fcode="zext"/>
<opset="zext_ln269_1/46 "/>
</bind>
</comp>

<comp id="1099" class="1004" name="or_ln269_2_fu_1099">
<pin_list>
<pin id="1100" dir="0" index="0" bw="6" slack="0"/>
<pin id="1101" dir="0" index="1" bw="1" slack="0"/>
<pin id="1102" dir="0" index="2" bw="4" slack="0"/>
<pin id="1103" dir="1" index="3" bw="6" slack="0"/>
</pin_list>
<bind>
<opcode="bitconcatenate(1004) " fcode="bitconcatenate"/>
<opset="or_ln269_2/46 "/>
</bind>
</comp>

<comp id="1107" class="1004" name="zext_ln269_2_fu_1107">
<pin_list>
<pin id="1108" dir="0" index="0" bw="6" slack="0"/>
<pin id="1109" dir="1" index="1" bw="64" slack="0"/>
</pin_list>
<bind>
<opcode="zext(34) " fcode="zext"/>
<opset="zext_ln269_2/46 "/>
</bind>
</comp>

<comp id="1112" class="1004" name="grp_fu_1112">
<pin_list>
<pin id="1113" dir="0" index="0" bw="4" slack="3"/>
<pin id="1114" dir="0" index="1" bw="1" slack="0"/>
<pin id="1115" dir="1" index="2" bw="4" slack="1"/>
</pin_list>
<bind>
<opcode="add(8) " fcode="add"/>
<opset="add_ln269/49 "/>
</bind>
</comp>

<comp id="1118" class="1004" name="or_ln269_1_fu_1118">
<pin_list>
<pin id="1119" dir="0" index="0" bw="5" slack="0"/>
<pin id="1120" dir="0" index="1" bw="1" slack="0"/>
<pin id="1121" dir="0" index="2" bw="4" slack="3"/>
<pin id="1122" dir="1" index="3" bw="5" slack="1"/>
</pin_list>
<bind>
<opcode="bitconcatenate(1004) " fcode="bitconcatenate"/>
<opset="or_ln269_1/49 "/>
</bind>
</comp>

<comp id="1126" class="1004" name="icmp_ln269_fu_1126">
<pin_list>
<pin id="1127" dir="0" index="0" bw="4" slack="3"/>
<pin id="1128" dir="0" index="1" bw="4" slack="0"/>
<pin id="1129" dir="1" index="2" bw="1" slack="1"/>
</pin_list>
<bind>
<opcode="icmp(45) " fcode="icmp"/>
<opset="icmp_ln269/49 "/>
</bind>
</comp>

<comp id="1132" class="1004" name="zext_ln269_fu_1132">
<pin_list>
<pin id="1133" dir="0" index="0" bw="5" slack="1"/>
<pin id="1134" dir="1" index="1" bw="64" slack="0"/>
</pin_list>
<bind>
<opcode="zext(34) " fcode="zext"/>
<opset="zext_ln269/50 "/>
</bind>
</comp>

<comp id="1136" class="1004" name="store_ln338_store_fu_1136">
<pin_list>
<pin id="1137" dir="0" index="0" bw="1" slack="0"/>
<pin id="1138" dir="0" index="1" bw="8" slack="0"/>
<pin id="1139" dir="1" index="2" bw="0" slack="2147483647"/>
</pin_list>
<bind>
<opcode="store(28) " fcode="store"/>
<opset="store_ln338/53 "/>
</bind>
</comp>

<comp id="1141" class="1004" name="icmp_ln338_fu_1141">
<pin_list>
<pin id="1142" dir="0" index="0" bw="4" slack="0"/>
<pin id="1143" dir="0" index="1" bw="4" slack="0"/>
<pin id="1144" dir="1" index="2" bw="1" slack="1"/>
</pin_list>
<bind>
<opcode="icmp(45) " fcode="icmp"/>
<opset="icmp_ln338/54 "/>
</bind>
</comp>

<comp id="1147" class="1004" name="trunc_ln343_fu_1147">
<pin_list>
<pin id="1148" dir="0" index="0" bw="4" slack="0"/>
<pin id="1149" dir="1" index="1" bw="1" slack="1"/>
</pin_list>
<bind>
<opcode="trunc(33) " fcode="trunc"/>
<opset="trunc_ln343/54 "/>
</bind>
</comp>

<comp id="1151" class="1004" name="zext_ln253_11_fu_1151">
<pin_list>
<pin id="1152" dir="0" index="0" bw="8" slack="1"/>
<pin id="1153" dir="1" index="1" bw="64" slack="0"/>
</pin_list>
<bind>
<opcode="zext(34) " fcode="zext"/>
<opset="zext_ln253_11/61 "/>
</bind>
</comp>

<comp id="1156" class="1004" name="zext_ln253_16_fu_1156">
<pin_list>
<pin id="1157" dir="0" index="0" bw="8" slack="1"/>
<pin id="1158" dir="1" index="1" bw="64" slack="0"/>
</pin_list>
<bind>
<opcode="zext(34) " fcode="zext"/>
<opset="zext_ln253_16/62 "/>
</bind>
</comp>

<comp id="1161" class="1004" name="zext_ln253_3_fu_1161">
<pin_list>
<pin id="1162" dir="0" index="0" bw="8" slack="2"/>
<pin id="1163" dir="1" index="1" bw="64" slack="0"/>
</pin_list>
<bind>
<opcode="zext(34) " fcode="zext"/>
<opset="zext_ln253_3/63 "/>
</bind>
</comp>

<comp id="1166" class="1004" name="zext_ln253_4_fu_1166">
<pin_list>
<pin id="1167" dir="0" index="0" bw="8" slack="2"/>
<pin id="1168" dir="1" index="1" bw="64" slack="0"/>
</pin_list>
<bind>
<opcode="zext(34) " fcode="zext"/>
<opset="zext_ln253_4/64 "/>
</bind>
</comp>

<comp id="1171" class="1004" name="zext_ln253_6_fu_1171">
<pin_list>
<pin id="1172" dir="0" index="0" bw="8" slack="3"/>
<pin id="1173" dir="1" index="1" bw="64" slack="0"/>
</pin_list>
<bind>
<opcode="zext(34) " fcode="zext"/>
<opset="zext_ln253_6/65 "/>
</bind>
</comp>

<comp id="1176" class="1004" name="zext_ln253_7_fu_1176">
<pin_list>
<pin id="1177" dir="0" index="0" bw="8" slack="3"/>
<pin id="1178" dir="1" index="1" bw="64" slack="0"/>
</pin_list>
<bind>
<opcode="zext(34) " fcode="zext"/>
<opset="zext_ln253_7/66 "/>
</bind>
</comp>

<comp id="1181" class="1004" name="zext_ln253_8_fu_1181">
<pin_list>
<pin id="1182" dir="0" index="0" bw="8" slack="4"/>
<pin id="1183" dir="1" index="1" bw="64" slack="0"/>
</pin_list>
<bind>
<opcode="zext(34) " fcode="zext"/>
<opset="zext_ln253_8/67 "/>
</bind>
</comp>

<comp id="1186" class="1004" name="zext_ln253_12_fu_1186">
<pin_list>
<pin id="1187" dir="0" index="0" bw="8" slack="4"/>
<pin id="1188" dir="1" index="1" bw="64" slack="0"/>
</pin_list>
<bind>
<opcode="zext(34) " fcode="zext"/>
<opset="zext_ln253_12/68 "/>
</bind>
</comp>

<comp id="1191" class="1004" name="zext_ln253_15_fu_1191">
<pin_list>
<pin id="1192" dir="0" index="0" bw="8" slack="5"/>
<pin id="1193" dir="1" index="1" bw="64" slack="0"/>
</pin_list>
<bind>
<opcode="zext(34) " fcode="zext"/>
<opset="zext_ln253_15/69 "/>
</bind>
</comp>

<comp id="1196" class="1004" name="zext_ln253_1_fu_1196">
<pin_list>
<pin id="1197" dir="0" index="0" bw="8" slack="5"/>
<pin id="1198" dir="1" index="1" bw="64" slack="0"/>
</pin_list>
<bind>
<opcode="zext(34) " fcode="zext"/>
<opset="zext_ln253_1/70 "/>
</bind>
</comp>

<comp id="1201" class="1004" name="zext_ln253_2_fu_1201">
<pin_list>
<pin id="1202" dir="0" index="0" bw="8" slack="6"/>
<pin id="1203" dir="1" index="1" bw="64" slack="0"/>
</pin_list>
<bind>
<opcode="zext(34) " fcode="zext"/>
<opset="zext_ln253_2/71 "/>
</bind>
</comp>

<comp id="1206" class="1004" name="zext_ln253_10_fu_1206">
<pin_list>
<pin id="1207" dir="0" index="0" bw="8" slack="6"/>
<pin id="1208" dir="1" index="1" bw="64" slack="0"/>
</pin_list>
<bind>
<opcode="zext(34) " fcode="zext"/>
<opset="zext_ln253_10/72 "/>
</bind>
</comp>

<comp id="1211" class="1004" name="zext_ln253_14_fu_1211">
<pin_list>
<pin id="1212" dir="0" index="0" bw="8" slack="7"/>
<pin id="1213" dir="1" index="1" bw="64" slack="0"/>
</pin_list>
<bind>
<opcode="zext(34) " fcode="zext"/>
<opset="zext_ln253_14/73 "/>
</bind>
</comp>

<comp id="1216" class="1004" name="xor_ln293_1_fu_1216">
<pin_list>
<pin id="1217" dir="0" index="0" bw="8" slack="5"/>
<pin id="1218" dir="0" index="1" bw="8" slack="1"/>
<pin id="1219" dir="1" index="2" bw="8" slack="1"/>
</pin_list>
<bind>
<opcode="xor(25) " fcode="xor"/>
<opset="xor_ln293_1/73 "/>
</bind>
</comp>

<comp id="1222" class="1004" name="zext_ln253_5_fu_1222">
<pin_list>
<pin id="1223" dir="0" index="0" bw="8" slack="7"/>
<pin id="1224" dir="1" index="1" bw="64" slack="0"/>
</pin_list>
<bind>
<opcode="zext(34) " fcode="zext"/>
<opset="zext_ln253_5/74 "/>
</bind>
</comp>

<comp id="1227" class="1004" name="xor_ln293_2_fu_1227">
<pin_list>
<pin id="1228" dir="0" index="0" bw="8" slack="1"/>
<pin id="1229" dir="0" index="1" bw="8" slack="1"/>
<pin id="1230" dir="1" index="2" bw="8" slack="1"/>
</pin_list>
<bind>
<opcode="xor(25) " fcode="xor"/>
<opset="xor_ln293_2/74 "/>
</bind>
</comp>

<comp id="1232" class="1004" name="xor_ln294_2_fu_1232">
<pin_list>
<pin id="1233" dir="0" index="0" bw="8" slack="6"/>
<pin id="1234" dir="0" index="1" bw="8" slack="10"/>
<pin id="1235" dir="1" index="2" bw="8" slack="1"/>
</pin_list>
<bind>
<opcode="xor(25) " fcode="xor"/>
<opset="xor_ln294_2/74 "/>
</bind>
</comp>

<comp id="1238" class="1004" name="xor_ln295_fu_1238">
<pin_list>
<pin id="1239" dir="0" index="0" bw="8" slack="1"/>
<pin id="1240" dir="0" index="1" bw="8" slack="6"/>
<pin id="1241" dir="1" index="2" bw="8" slack="1"/>
</pin_list>
<bind>
<opcode="xor(25) " fcode="xor"/>
<opset="xor_ln295/74 "/>
</bind>
</comp>

<comp id="1244" class="1004" name="zext_ln253_9_fu_1244">
<pin_list>
<pin id="1245" dir="0" index="0" bw="8" slack="8"/>
<pin id="1246" dir="1" index="1" bw="64" slack="0"/>
</pin_list>
<bind>
<opcode="zext(34) " fcode="zext"/>
<opset="zext_ln253_9/75 "/>
</bind>
</comp>

<comp id="1249" class="1004" name="tmp_fu_1249">
<pin_list>
<pin id="1250" dir="0" index="0" bw="1" slack="0"/>
<pin id="1251" dir="0" index="1" bw="8" slack="3"/>
<pin id="1252" dir="0" index="2" bw="4" slack="0"/>
<pin id="1253" dir="1" index="3" bw="1" slack="0"/>
</pin_list>
<bind>
<opcode="bitselect(1000) " fcode="bitselect"/>
<opset="tmp/75 "/>
</bind>
</comp>

<comp id="1257" class="1004" name="shl_ln245_fu_1257">
<pin_list>
<pin id="1258" dir="0" index="0" bw="8" slack="3"/>
<pin id="1259" dir="0" index="1" bw="1" slack="0"/>
<pin id="1260" dir="1" index="2" bw="8" slack="0"/>
</pin_list>
<bind>
<opcode="shl(20) " fcode="shl"/>
<opset="shl_ln245/75 "/>
</bind>
</comp>

<comp id="1263" class="1004" name="xor_ln245_fu_1263">
<pin_list>
<pin id="1264" dir="0" index="0" bw="8" slack="0"/>
<pin id="1265" dir="0" index="1" bw="8" slack="0"/>
<pin id="1266" dir="1" index="2" bw="8" slack="0"/>
</pin_list>
<bind>
<opcode="xor(25) " fcode="xor"/>
<opset="xor_ln245/75 "/>
</bind>
</comp>

<comp id="1269" class="1004" name="select_ln245_fu_1269">
<pin_list>
<pin id="1270" dir="0" index="0" bw="1" slack="0"/>
<pin id="1271" dir="0" index="1" bw="8" slack="0"/>
<pin id="1272" dir="0" index="2" bw="8" slack="0"/>
<pin id="1273" dir="1" index="3" bw="8" slack="0"/>
</pin_list>
<bind>
<opcode="select(49) " fcode="select"/>
<opset="select_ln245/75 "/>
</bind>
</comp>

<comp id="1277" class="1004" name="xor_ln294_fu_1277">
<pin_list>
<pin id="1278" dir="0" index="0" bw="8" slack="1"/>
<pin id="1279" dir="0" index="1" bw="8" slack="0"/>
<pin id="1280" dir="1" index="2" bw="8" slack="0"/>
</pin_list>
<bind>
<opcode="xor(25) " fcode="xor"/>
<opset="xor_ln294/75 "/>
</bind>
</comp>

<comp id="1282" class="1004" name="xor_ln294_1_fu_1282">
<pin_list>
<pin id="1283" dir="0" index="0" bw="8" slack="0"/>
<pin id="1284" dir="0" index="1" bw="8" slack="10"/>
<pin id="1285" dir="1" index="2" bw="8" slack="1"/>
</pin_list>
<bind>
<opcode="xor(25) " fcode="xor"/>
<opset="xor_ln294_1/75 "/>
</bind>
</comp>

<comp id="1288" class="1004" name="tmp_1_fu_1288">
<pin_list>
<pin id="1289" dir="0" index="0" bw="1" slack="0"/>
<pin id="1290" dir="0" index="1" bw="8" slack="1"/>
<pin id="1291" dir="0" index="2" bw="4" slack="0"/>
<pin id="1292" dir="1" index="3" bw="1" slack="0"/>
</pin_list>
<bind>
<opcode="bitselect(1000) " fcode="bitselect"/>
<opset="tmp_1/75 "/>
</bind>
</comp>

<comp id="1295" class="1004" name="shl_ln245_1_fu_1295">
<pin_list>
<pin id="1296" dir="0" index="0" bw="8" slack="1"/>
<pin id="1297" dir="0" index="1" bw="1" slack="0"/>
<pin id="1298" dir="1" index="2" bw="8" slack="0"/>
</pin_list>
<bind>
<opcode="shl(20) " fcode="shl"/>
<opset="shl_ln245_1/75 "/>
</bind>
</comp>

<comp id="1300" class="1004" name="xor_ln245_1_fu_1300">
<pin_list>
<pin id="1301" dir="0" index="0" bw="8" slack="0"/>
<pin id="1302" dir="0" index="1" bw="8" slack="0"/>
<pin id="1303" dir="1" index="2" bw="8" slack="0"/>
</pin_list>
<bind>
<opcode="xor(25) " fcode="xor"/>
<opset="xor_ln245_1/75 "/>
</bind>
</comp>

<comp id="1306" class="1004" name="select_ln245_1_fu_1306">
<pin_list>
<pin id="1307" dir="0" index="0" bw="1" slack="0"/>
<pin id="1308" dir="0" index="1" bw="8" slack="0"/>
<pin id="1309" dir="0" index="2" bw="8" slack="0"/>
<pin id="1310" dir="1" index="3" bw="8" slack="0"/>
</pin_list>
<bind>
<opcode="select(49) " fcode="select"/>
<opset="select_ln245_1/75 "/>
</bind>
</comp>

<comp id="1314" class="1004" name="xor_ln294_3_fu_1314">
<pin_list>
<pin id="1315" dir="0" index="0" bw="8" slack="1"/>
<pin id="1316" dir="0" index="1" bw="8" slack="0"/>
<pin id="1317" dir="1" index="2" bw="8" slack="0"/>
</pin_list>
<bind>
<opcode="xor(25) " fcode="xor"/>
<opset="xor_ln294_3/75 "/>
</bind>
</comp>

<comp id="1319" class="1004" name="xor_ln294_4_fu_1319">
<pin_list>
<pin id="1320" dir="0" index="0" bw="8" slack="0"/>
<pin id="1321" dir="0" index="1" bw="8" slack="11"/>
<pin id="1322" dir="1" index="2" bw="8" slack="2"/>
</pin_list>
<bind>
<opcode="xor(25) " fcode="xor"/>
<opset="xor_ln294_4/75 "/>
</bind>
</comp>

<comp id="1325" class="1004" name="tmp_2_fu_1325">
<pin_list>
<pin id="1326" dir="0" index="0" bw="1" slack="0"/>
<pin id="1327" dir="0" index="1" bw="8" slack="1"/>
<pin id="1328" dir="0" index="2" bw="4" slack="0"/>
<pin id="1329" dir="1" index="3" bw="1" slack="0"/>
</pin_list>
<bind>
<opcode="bitselect(1000) " fcode="bitselect"/>
<opset="tmp_2/75 "/>
</bind>
</comp>

<comp id="1332" class="1004" name="shl_ln245_2_fu_1332">
<pin_list>
<pin id="1333" dir="0" index="0" bw="8" slack="1"/>
<pin id="1334" dir="0" index="1" bw="1" slack="0"/>
<pin id="1335" dir="1" index="2" bw="8" slack="0"/>
</pin_list>
<bind>
<opcode="shl(20) " fcode="shl"/>
<opset="shl_ln245_2/75 "/>
</bind>
</comp>

<comp id="1337" class="1004" name="xor_ln245_2_fu_1337">
<pin_list>
<pin id="1338" dir="0" index="0" bw="8" slack="0"/>
<pin id="1339" dir="0" index="1" bw="8" slack="0"/>
<pin id="1340" dir="1" index="2" bw="8" slack="0"/>
</pin_list>
<bind>
<opcode="xor(25) " fcode="xor"/>
<opset="xor_ln245_2/75 "/>
</bind>
</comp>

<comp id="1343" class="1004" name="select_ln245_2_fu_1343">
<pin_list>
<pin id="1344" dir="0" index="0" bw="1" slack="0"/>
<pin id="1345" dir="0" index="1" bw="8" slack="0"/>
<pin id="1346" dir="0" index="2" bw="8" slack="0"/>
<pin id="1347" dir="1" index="3" bw="8" slack="0"/>
</pin_list>
<bind>
<opcode="select(49) " fcode="select"/>
<opset="select_ln245_2/75 "/>
</bind>
</comp>

<comp id="1351" class="1004" name="xor_ln295_1_fu_1351">
<pin_list>
<pin id="1352" dir="0" index="0" bw="8" slack="3"/>
<pin id="1353" dir="0" index="1" bw="8" slack="0"/>
<pin id="1354" dir="1" index="2" bw="8" slack="0"/>
</pin_list>
<bind>
<opcode="xor(25) " fcode="xor"/>
<opset="xor_ln295_1/75 "/>
</bind>
</comp>

<comp id="1357" class="1004" name="xor_ln295_2_fu_1357">
<pin_list>
<pin id="1358" dir="0" index="0" bw="8" slack="0"/>
<pin id="1359" dir="0" index="1" bw="8" slack="2"/>
<pin id="1360" dir="1" index="2" bw="8" slack="1"/>
</pin_list>
<bind>
<opcode="xor(25) " fcode="xor"/>
<opset="xor_ln295_2/75 "/>
</bind>
</comp>

<comp id="1363" class="1004" name="xor_ln295_3_fu_1363">
<pin_list>
<pin id="1364" dir="0" index="0" bw="8" slack="2"/>
<pin id="1365" dir="0" index="1" bw="8" slack="10"/>
<pin id="1366" dir="1" index="2" bw="8" slack="1"/>
</pin_list>
<bind>
<opcode="xor(25) " fcode="xor"/>
<opset="xor_ln295_3/75 "/>
</bind>
</comp>

<comp id="1369" class="1004" name="zext_ln253_13_fu_1369">
<pin_list>
<pin id="1370" dir="0" index="0" bw="8" slack="8"/>
<pin id="1371" dir="1" index="1" bw="64" slack="0"/>
</pin_list>
<bind>
<opcode="zext(34) " fcode="zext"/>
<opset="zext_ln253_13/76 "/>
</bind>
</comp>

<comp id="1374" class="1004" name="tmp_3_fu_1374">
<pin_list>
<pin id="1375" dir="0" index="0" bw="1" slack="0"/>
<pin id="1376" dir="0" index="1" bw="8" slack="1"/>
<pin id="1377" dir="0" index="2" bw="4" slack="0"/>
<pin id="1378" dir="1" index="3" bw="1" slack="0"/>
</pin_list>
<bind>
<opcode="bitselect(1000) " fcode="bitselect"/>
<opset="tmp_3/76 "/>
</bind>
</comp>

<comp id="1381" class="1004" name="shl_ln245_3_fu_1381">
<pin_list>
<pin id="1382" dir="0" index="0" bw="8" slack="1"/>
<pin id="1383" dir="0" index="1" bw="1" slack="0"/>
<pin id="1384" dir="1" index="2" bw="8" slack="0"/>
</pin_list>
<bind>
<opcode="shl(20) " fcode="shl"/>
<opset="shl_ln245_3/76 "/>
</bind>
</comp>

<comp id="1386" class="1004" name="xor_ln245_3_fu_1386">
<pin_list>
<pin id="1387" dir="0" index="0" bw="8" slack="0"/>
<pin id="1388" dir="0" index="1" bw="8" slack="0"/>
<pin id="1389" dir="1" index="2" bw="8" slack="0"/>
</pin_list>
<bind>
<opcode="xor(25) " fcode="xor"/>
<opset="xor_ln245_3/76 "/>
</bind>
</comp>

<comp id="1392" class="1004" name="select_ln245_3_fu_1392">
<pin_list>
<pin id="1393" dir="0" index="0" bw="1" slack="0"/>
<pin id="1394" dir="0" index="1" bw="8" slack="0"/>
<pin id="1395" dir="0" index="2" bw="8" slack="0"/>
<pin id="1396" dir="1" index="3" bw="8" slack="0"/>
</pin_list>
<bind>
<opcode="select(49) " fcode="select"/>
<opset="select_ln245_3/76 "/>
</bind>
</comp>

<comp id="1400" class="1004" name="xor_ln295_4_fu_1400">
<pin_list>
<pin id="1401" dir="0" index="0" bw="8" slack="0"/>
<pin id="1402" dir="0" index="1" bw="8" slack="3"/>
<pin id="1403" dir="1" index="2" bw="8" slack="1"/>
</pin_list>
<bind>
<opcode="xor(25) " fcode="xor"/>
<opset="xor_ln295_4/76 "/>
</bind>
</comp>

<comp id="1405" class="1004" name="xor_ln293_9_fu_1405">
<pin_list>
<pin id="1406" dir="0" index="0" bw="8" slack="4"/>
<pin id="1407" dir="0" index="1" bw="8" slack="9"/>
<pin id="1408" dir="1" index="2" bw="8" slack="1"/>
</pin_list>
<bind>
<opcode="xor(25) " fcode="xor"/>
<opset="xor_ln293_9/76 "/>
</bind>
</comp>

<comp id="1409" class="1004" name="xor_ln293_6_fu_1409">
<pin_list>
<pin id="1410" dir="0" index="0" bw="8" slack="11"/>
<pin id="1411" dir="0" index="1" bw="8" slack="7"/>
<pin id="1412" dir="1" index="2" bw="8" slack="1"/>
</pin_list>
<bind>
<opcode="xor(25) " fcode="xor"/>
<opset="xor_ln293_6/77 "/>
</bind>
</comp>

<comp id="1413" class="1004" name="xor_ln293_10_fu_1413">
<pin_list>
<pin id="1414" dir="0" index="0" bw="8" slack="2"/>
<pin id="1415" dir="0" index="1" bw="8" slack="1"/>
<pin id="1416" dir="1" index="2" bw="8" slack="1"/>
</pin_list>
<bind>
<opcode="xor(25) " fcode="xor"/>
<opset="xor_ln293_10/77 "/>
</bind>
</comp>

<comp id="1418" class="1004" name="xor_ln261_29_fu_1418">
<pin_list>
<pin id="1419" dir="0" index="0" bw="8" slack="14"/>
<pin id="1420" dir="0" index="1" bw="8" slack="1"/>
<pin id="1421" dir="1" index="2" bw="8" slack="1"/>
</pin_list>
<bind>
<opcode="xor(25) " fcode="xor"/>
<opset="xor_ln261_29/77 "/>
</bind>
</comp>

<comp id="1422" class="1004" name="xor_ln261_30_fu_1422">
<pin_list>
<pin id="1423" dir="0" index="0" bw="8" slack="13"/>
<pin id="1424" dir="0" index="1" bw="8" slack="2"/>
<pin id="1425" dir="1" index="2" bw="8" slack="1"/>
</pin_list>
<bind>
<opcode="xor(25) " fcode="xor"/>
<opset="xor_ln261_30/77 "/>
</bind>
</comp>

<comp id="1426" class="1004" name="xor_ln293_7_fu_1426">
<pin_list>
<pin id="1427" dir="0" index="0" bw="8" slack="2"/>
<pin id="1428" dir="0" index="1" bw="8" slack="1"/>
<pin id="1429" dir="1" index="2" bw="8" slack="1"/>
</pin_list>
<bind>
<opcode="xor(25) " fcode="xor"/>
<opset="xor_ln293_7/78 "/>
</bind>
</comp>

<comp id="1431" class="1004" name="xor_ln293_11_fu_1431">
<pin_list>
<pin id="1432" dir="0" index="0" bw="8" slack="1"/>
<pin id="1433" dir="0" index="1" bw="8" slack="1"/>
<pin id="1434" dir="1" index="2" bw="8" slack="1"/>
</pin_list>
<bind>
<opcode="xor(25) " fcode="xor"/>
<opset="xor_ln293_11/78 "/>
</bind>
</comp>

<comp id="1436" class="1004" name="xor_ln294_17_fu_1436">
<pin_list>
<pin id="1437" dir="0" index="0" bw="8" slack="3"/>
<pin id="1438" dir="0" index="1" bw="8" slack="6"/>
<pin id="1439" dir="1" index="2" bw="8" slack="1"/>
</pin_list>
<bind>
<opcode="xor(25) " fcode="xor"/>
<opset="xor_ln294_17/78 "/>
</bind>
</comp>

<comp id="1441" class="1004" name="xor_ln295_15_fu_1441">
<pin_list>
<pin id="1442" dir="0" index="0" bw="8" slack="1"/>
<pin id="1443" dir="0" index="1" bw="8" slack="3"/>
<pin id="1444" dir="1" index="2" bw="8" slack="1"/>
</pin_list>
<bind>
<opcode="xor(25) " fcode="xor"/>
<opset="xor_ln295_15/78 "/>
</bind>
</comp>

<comp id="1447" class="1004" name="xor_ln295_18_fu_1447">
<pin_list>
<pin id="1448" dir="0" index="0" bw="8" slack="1"/>
<pin id="1449" dir="0" index="1" bw="8" slack="11"/>
<pin id="1450" dir="1" index="2" bw="8" slack="1"/>
</pin_list>
<bind>
<opcode="xor(25) " fcode="xor"/>
<opset="xor_ln295_18/78 "/>
</bind>
</comp>

<comp id="1452" class="1004" name="xor_ln261_31_fu_1452">
<pin_list>
<pin id="1453" dir="0" index="0" bw="8" slack="14"/>
<pin id="1454" dir="0" index="1" bw="8" slack="3"/>
<pin id="1455" dir="1" index="2" bw="8" slack="1"/>
</pin_list>
<bind>
<opcode="xor(25) " fcode="xor"/>
<opset="xor_ln261_31/78 "/>
</bind>
</comp>

<comp id="1456" class="1004" name="xor_ln293_3_fu_1456">
<pin_list>
<pin id="1457" dir="0" index="0" bw="8" slack="10"/>
<pin id="1458" dir="0" index="1" bw="8" slack="8"/>
<pin id="1459" dir="1" index="2" bw="8" slack="1"/>
</pin_list>
<bind>
<opcode="xor(25) " fcode="xor"/>
<opset="xor_ln293_3/79 "/>
</bind>
</comp>

<comp id="1460" class="1004" name="xor_ln293_8_fu_1460">
<pin_list>
<pin id="1461" dir="0" index="0" bw="8" slack="1"/>
<pin id="1462" dir="0" index="1" bw="8" slack="1"/>
<pin id="1463" dir="1" index="2" bw="8" slack="1"/>
</pin_list>
<bind>
<opcode="xor(25) " fcode="xor"/>
<opset="xor_ln293_8/79 "/>
</bind>
</comp>

<comp id="1465" class="1004" name="xor_ln294_12_fu_1465">
<pin_list>
<pin id="1466" dir="0" index="0" bw="8" slack="3"/>
<pin id="1467" dir="0" index="1" bw="8" slack="13"/>
<pin id="1468" dir="1" index="2" bw="8" slack="1"/>
</pin_list>
<bind>
<opcode="xor(25) " fcode="xor"/>
<opset="xor_ln294_12/79 "/>
</bind>
</comp>

<comp id="1470" class="1004" name="xor_ln295_13_fu_1470">
<pin_list>
<pin id="1471" dir="0" index="0" bw="8" slack="1"/>
<pin id="1472" dir="0" index="1" bw="8" slack="9"/>
<pin id="1473" dir="1" index="2" bw="8" slack="1"/>
</pin_list>
<bind>
<opcode="xor(25) " fcode="xor"/>
<opset="xor_ln295_13/79 "/>
</bind>
</comp>

<comp id="1475" class="1004" name="tmp_12_fu_1475">
<pin_list>
<pin id="1476" dir="0" index="0" bw="1" slack="0"/>
<pin id="1477" dir="0" index="1" bw="8" slack="3"/>
<pin id="1478" dir="0" index="2" bw="4" slack="0"/>
<pin id="1479" dir="1" index="3" bw="1" slack="0"/>
</pin_list>
<bind>
<opcode="bitselect(1000) " fcode="bitselect"/>
<opset="tmp_12/79 "/>
</bind>
</comp>

<comp id="1482" class="1004" name="shl_ln245_12_fu_1482">
<pin_list>
<pin id="1483" dir="0" index="0" bw="8" slack="3"/>
<pin id="1484" dir="0" index="1" bw="1" slack="0"/>
<pin id="1485" dir="1" index="2" bw="8" slack="0"/>
</pin_list>
<bind>
<opcode="shl(20) " fcode="shl"/>
<opset="shl_ln245_12/79 "/>
</bind>
</comp>

<comp id="1487" class="1004" name="xor_ln245_12_fu_1487">
<pin_list>
<pin id="1488" dir="0" index="0" bw="8" slack="0"/>
<pin id="1489" dir="0" index="1" bw="8" slack="0"/>
<pin id="1490" dir="1" index="2" bw="8" slack="0"/>
</pin_list>
<bind>
<opcode="xor(25) " fcode="xor"/>
<opset="xor_ln245_12/79 "/>
</bind>
</comp>

<comp id="1493" class="1004" name="select_ln245_12_fu_1493">
<pin_list>
<pin id="1494" dir="0" index="0" bw="1" slack="0"/>
<pin id="1495" dir="0" index="1" bw="8" slack="0"/>
<pin id="1496" dir="0" index="2" bw="8" slack="0"/>
<pin id="1497" dir="1" index="3" bw="8" slack="0"/>
</pin_list>
<bind>
<opcode="select(49) " fcode="select"/>
<opset="select_ln245_12/79 "/>
</bind>
</comp>

<comp id="1501" class="1004" name="xor_ln294_15_fu_1501">
<pin_list>
<pin id="1502" dir="0" index="0" bw="8" slack="1"/>
<pin id="1503" dir="0" index="1" bw="8" slack="0"/>
<pin id="1504" dir="1" index="2" bw="8" slack="0"/>
</pin_list>
<bind>
<opcode="xor(25) " fcode="xor"/>
<opset="xor_ln294_15/79 "/>
</bind>
</comp>

<comp id="1506" class="1004" name="xor_ln294_16_fu_1506">
<pin_list>
<pin id="1507" dir="0" index="0" bw="8" slack="0"/>
<pin id="1508" dir="0" index="1" bw="8" slack="12"/>
<pin id="1509" dir="1" index="2" bw="8" slack="6"/>
</pin_list>
<bind>
<opcode="xor(25) " fcode="xor"/>
<opset="xor_ln294_16/79 "/>
</bind>
</comp>

<comp id="1511" class="1004" name="tmp_13_fu_1511">
<pin_list>
<pin id="1512" dir="0" index="0" bw="1" slack="0"/>
<pin id="1513" dir="0" index="1" bw="8" slack="1"/>
<pin id="1514" dir="0" index="2" bw="4" slack="0"/>
<pin id="1515" dir="1" index="3" bw="1" slack="0"/>
</pin_list>
<bind>
<opcode="bitselect(1000) " fcode="bitselect"/>
<opset="tmp_13/79 "/>
</bind>
</comp>

<comp id="1518" class="1004" name="shl_ln245_13_fu_1518">
<pin_list>
<pin id="1519" dir="0" index="0" bw="8" slack="1"/>
<pin id="1520" dir="0" index="1" bw="1" slack="0"/>
<pin id="1521" dir="1" index="2" bw="8" slack="0"/>
</pin_list>
<bind>
<opcode="shl(20) " fcode="shl"/>
<opset="shl_ln245_13/79 "/>
</bind>
</comp>

<comp id="1523" class="1004" name="xor_ln245_13_fu_1523">
<pin_list>
<pin id="1524" dir="0" index="0" bw="8" slack="0"/>
<pin id="1525" dir="0" index="1" bw="8" slack="0"/>
<pin id="1526" dir="1" index="2" bw="8" slack="0"/>
</pin_list>
<bind>
<opcode="xor(25) " fcode="xor"/>
<opset="xor_ln245_13/79 "/>
</bind>
</comp>

<comp id="1529" class="1004" name="select_ln245_13_fu_1529">
<pin_list>
<pin id="1530" dir="0" index="0" bw="1" slack="0"/>
<pin id="1531" dir="0" index="1" bw="8" slack="0"/>
<pin id="1532" dir="0" index="2" bw="8" slack="0"/>
<pin id="1533" dir="1" index="3" bw="8" slack="0"/>
</pin_list>
<bind>
<opcode="select(49) " fcode="select"/>
<opset="select_ln245_13/79 "/>
</bind>
</comp>

<comp id="1537" class="1004" name="xor_ln294_18_fu_1537">
<pin_list>
<pin id="1538" dir="0" index="0" bw="8" slack="1"/>
<pin id="1539" dir="0" index="1" bw="8" slack="0"/>
<pin id="1540" dir="1" index="2" bw="8" slack="0"/>
</pin_list>
<bind>
<opcode="xor(25) " fcode="xor"/>
<opset="xor_ln294_18/79 "/>
</bind>
</comp>

<comp id="1542" class="1004" name="xor_ln294_19_fu_1542">
<pin_list>
<pin id="1543" dir="0" index="0" bw="8" slack="0"/>
<pin id="1544" dir="0" index="1" bw="8" slack="7"/>
<pin id="1545" dir="1" index="2" bw="8" slack="6"/>
</pin_list>
<bind>
<opcode="xor(25) " fcode="xor"/>
<opset="xor_ln294_19/79 "/>
</bind>
</comp>

<comp id="1547" class="1004" name="tmp_14_fu_1547">
<pin_list>
<pin id="1548" dir="0" index="0" bw="1" slack="0"/>
<pin id="1549" dir="0" index="1" bw="8" slack="1"/>
<pin id="1550" dir="0" index="2" bw="4" slack="0"/>
<pin id="1551" dir="1" index="3" bw="1" slack="0"/>
</pin_list>
<bind>
<opcode="bitselect(1000) " fcode="bitselect"/>
<opset="tmp_14/79 "/>
</bind>
</comp>

<comp id="1554" class="1004" name="shl_ln245_14_fu_1554">
<pin_list>
<pin id="1555" dir="0" index="0" bw="8" slack="1"/>
<pin id="1556" dir="0" index="1" bw="1" slack="0"/>
<pin id="1557" dir="1" index="2" bw="8" slack="0"/>
</pin_list>
<bind>
<opcode="shl(20) " fcode="shl"/>
<opset="shl_ln245_14/79 "/>
</bind>
</comp>

<comp id="1559" class="1004" name="xor_ln245_14_fu_1559">
<pin_list>
<pin id="1560" dir="0" index="0" bw="8" slack="0"/>
<pin id="1561" dir="0" index="1" bw="8" slack="0"/>
<pin id="1562" dir="1" index="2" bw="8" slack="0"/>
</pin_list>
<bind>
<opcode="xor(25) " fcode="xor"/>
<opset="xor_ln245_14/79 "/>
</bind>
</comp>

<comp id="1565" class="1004" name="select_ln245_14_fu_1565">
<pin_list>
<pin id="1566" dir="0" index="0" bw="1" slack="0"/>
<pin id="1567" dir="0" index="1" bw="8" slack="0"/>
<pin id="1568" dir="0" index="2" bw="8" slack="0"/>
<pin id="1569" dir="1" index="3" bw="8" slack="0"/>
</pin_list>
<bind>
<opcode="select(49) " fcode="select"/>
<opset="select_ln245_14/79 "/>
</bind>
</comp>

<comp id="1573" class="1004" name="xor_ln295_16_fu_1573">
<pin_list>
<pin id="1574" dir="0" index="0" bw="8" slack="3"/>
<pin id="1575" dir="0" index="1" bw="8" slack="0"/>
<pin id="1576" dir="1" index="2" bw="8" slack="0"/>
</pin_list>
<bind>
<opcode="xor(25) " fcode="xor"/>
<opset="xor_ln295_16/79 "/>
</bind>
</comp>

<comp id="1578" class="1004" name="xor_ln295_17_fu_1578">
<pin_list>
<pin id="1579" dir="0" index="0" bw="8" slack="0"/>
<pin id="1580" dir="0" index="1" bw="8" slack="2"/>
<pin id="1581" dir="1" index="2" bw="8" slack="1"/>
</pin_list>
<bind>
<opcode="xor(25) " fcode="xor"/>
<opset="xor_ln295_17/79 "/>
</bind>
</comp>

<comp id="1584" class="1004" name="tmp_15_fu_1584">
<pin_list>
<pin id="1585" dir="0" index="0" bw="1" slack="0"/>
<pin id="1586" dir="0" index="1" bw="8" slack="1"/>
<pin id="1587" dir="0" index="2" bw="4" slack="0"/>
<pin id="1588" dir="1" index="3" bw="1" slack="0"/>
</pin_list>
<bind>
<opcode="bitselect(1000) " fcode="bitselect"/>
<opset="tmp_15/79 "/>
</bind>
</comp>

<comp id="1591" class="1004" name="shl_ln245_15_fu_1591">
<pin_list>
<pin id="1592" dir="0" index="0" bw="8" slack="1"/>
<pin id="1593" dir="0" index="1" bw="1" slack="0"/>
<pin id="1594" dir="1" index="2" bw="8" slack="0"/>
</pin_list>
<bind>
<opcode="shl(20) " fcode="shl"/>
<opset="shl_ln245_15/79 "/>
</bind>
</comp>

<comp id="1596" class="1004" name="xor_ln245_15_fu_1596">
<pin_list>
<pin id="1597" dir="0" index="0" bw="8" slack="0"/>
<pin id="1598" dir="0" index="1" bw="8" slack="0"/>
<pin id="1599" dir="1" index="2" bw="8" slack="0"/>
</pin_list>
<bind>
<opcode="xor(25) " fcode="xor"/>
<opset="xor_ln245_15/79 "/>
</bind>
</comp>

<comp id="1602" class="1004" name="select_ln245_15_fu_1602">
<pin_list>
<pin id="1603" dir="0" index="0" bw="1" slack="0"/>
<pin id="1604" dir="0" index="1" bw="8" slack="0"/>
<pin id="1605" dir="0" index="2" bw="8" slack="0"/>
<pin id="1606" dir="1" index="3" bw="8" slack="0"/>
</pin_list>
<bind>
<opcode="select(49) " fcode="select"/>
<opset="select_ln245_15/79 "/>
</bind>
</comp>

<comp id="1610" class="1004" name="xor_ln295_19_fu_1610">
<pin_list>
<pin id="1611" dir="0" index="0" bw="8" slack="0"/>
<pin id="1612" dir="0" index="1" bw="8" slack="2"/>
<pin id="1613" dir="1" index="2" bw="8" slack="1"/>
</pin_list>
<bind>
<opcode="xor(25) " fcode="xor"/>
<opset="xor_ln295_19/79 "/>
</bind>
</comp>

<comp id="1615" class="1004" name="xor_ln293_4_fu_1615">
<pin_list>
<pin id="1616" dir="0" index="0" bw="8" slack="6"/>
<pin id="1617" dir="0" index="1" bw="8" slack="1"/>
<pin id="1618" dir="1" index="2" bw="8" slack="1"/>
</pin_list>
<bind>
<opcode="xor(25) " fcode="xor"/>
<opset="xor_ln293_4/80 "/>
</bind>
</comp>

<comp id="1620" class="1004" name="xor_ln294_7_fu_1620">
<pin_list>
<pin id="1621" dir="0" index="0" bw="8" slack="6"/>
<pin id="1622" dir="0" index="1" bw="8" slack="11"/>
<pin id="1623" dir="1" index="2" bw="8" slack="2"/>
</pin_list>
<bind>
<opcode="xor(25) " fcode="xor"/>
<opset="xor_ln294_7/80 "/>
</bind>
</comp>

<comp id="1625" class="1004" name="xor_ln295_5_fu_1625">
<pin_list>
<pin id="1626" dir="0" index="0" bw="8" slack="1"/>
<pin id="1627" dir="0" index="1" bw="8" slack="6"/>
<pin id="1628" dir="1" index="2" bw="8" slack="1"/>
</pin_list>
<bind>
<opcode="xor(25) " fcode="xor"/>
<opset="xor_ln295_5/80 "/>
</bind>
</comp>

<comp id="1631" class="1004" name="xor_ln295_8_fu_1631">
<pin_list>
<pin id="1632" dir="0" index="0" bw="8" slack="1"/>
<pin id="1633" dir="0" index="1" bw="8" slack="9"/>
<pin id="1634" dir="1" index="2" bw="8" slack="1"/>
</pin_list>
<bind>
<opcode="xor(25) " fcode="xor"/>
<opset="xor_ln295_8/80 "/>
</bind>
</comp>

<comp id="1636" class="1004" name="tmp_8_fu_1636">
<pin_list>
<pin id="1637" dir="0" index="0" bw="1" slack="0"/>
<pin id="1638" dir="0" index="1" bw="8" slack="3"/>
<pin id="1639" dir="0" index="2" bw="4" slack="0"/>
<pin id="1640" dir="1" index="3" bw="1" slack="0"/>
</pin_list>
<bind>
<opcode="bitselect(1000) " fcode="bitselect"/>
<opset="tmp_8/80 "/>
</bind>
</comp>

<comp id="1643" class="1004" name="shl_ln245_8_fu_1643">
<pin_list>
<pin id="1644" dir="0" index="0" bw="8" slack="3"/>
<pin id="1645" dir="0" index="1" bw="1" slack="0"/>
<pin id="1646" dir="1" index="2" bw="8" slack="0"/>
</pin_list>
<bind>
<opcode="shl(20) " fcode="shl"/>
<opset="shl_ln245_8/80 "/>
</bind>
</comp>

<comp id="1648" class="1004" name="xor_ln245_8_fu_1648">
<pin_list>
<pin id="1649" dir="0" index="0" bw="8" slack="0"/>
<pin id="1650" dir="0" index="1" bw="8" slack="0"/>
<pin id="1651" dir="1" index="2" bw="8" slack="0"/>
</pin_list>
<bind>
<opcode="xor(25) " fcode="xor"/>
<opset="xor_ln245_8/80 "/>
</bind>
</comp>

<comp id="1654" class="1004" name="select_ln245_8_fu_1654">
<pin_list>
<pin id="1655" dir="0" index="0" bw="1" slack="0"/>
<pin id="1656" dir="0" index="1" bw="8" slack="0"/>
<pin id="1657" dir="0" index="2" bw="8" slack="0"/>
<pin id="1658" dir="1" index="3" bw="8" slack="0"/>
</pin_list>
<bind>
<opcode="select(49) " fcode="select"/>
<opset="select_ln245_8/80 "/>
</bind>
</comp>

<comp id="1662" class="1004" name="xor_ln294_10_fu_1662">
<pin_list>
<pin id="1663" dir="0" index="0" bw="8" slack="1"/>
<pin id="1664" dir="0" index="1" bw="8" slack="0"/>
<pin id="1665" dir="1" index="2" bw="8" slack="0"/>
</pin_list>
<bind>
<opcode="xor(25) " fcode="xor"/>
<opset="xor_ln294_10/80 "/>
</bind>
</comp>

<comp id="1667" class="1004" name="xor_ln294_11_fu_1667">
<pin_list>
<pin id="1668" dir="0" index="0" bw="8" slack="0"/>
<pin id="1669" dir="0" index="1" bw="8" slack="10"/>
<pin id="1670" dir="1" index="2" bw="8" slack="4"/>
</pin_list>
<bind>
<opcode="xor(25) " fcode="xor"/>
<opset="xor_ln294_11/80 "/>
</bind>
</comp>

<comp id="1672" class="1004" name="tmp_9_fu_1672">
<pin_list>
<pin id="1673" dir="0" index="0" bw="1" slack="0"/>
<pin id="1674" dir="0" index="1" bw="8" slack="1"/>
<pin id="1675" dir="0" index="2" bw="4" slack="0"/>
<pin id="1676" dir="1" index="3" bw="1" slack="0"/>
</pin_list>
<bind>
<opcode="bitselect(1000) " fcode="bitselect"/>
<opset="tmp_9/80 "/>
</bind>
</comp>

<comp id="1679" class="1004" name="shl_ln245_9_fu_1679">
<pin_list>
<pin id="1680" dir="0" index="0" bw="8" slack="1"/>
<pin id="1681" dir="0" index="1" bw="1" slack="0"/>
<pin id="1682" dir="1" index="2" bw="8" slack="0"/>
</pin_list>
<bind>
<opcode="shl(20) " fcode="shl"/>
<opset="shl_ln245_9/80 "/>
</bind>
</comp>

<comp id="1684" class="1004" name="xor_ln245_9_fu_1684">
<pin_list>
<pin id="1685" dir="0" index="0" bw="8" slack="0"/>
<pin id="1686" dir="0" index="1" bw="8" slack="0"/>
<pin id="1687" dir="1" index="2" bw="8" slack="0"/>
</pin_list>
<bind>
<opcode="xor(25) " fcode="xor"/>
<opset="xor_ln245_9/80 "/>
</bind>
</comp>

<comp id="1690" class="1004" name="select_ln245_9_fu_1690">
<pin_list>
<pin id="1691" dir="0" index="0" bw="1" slack="0"/>
<pin id="1692" dir="0" index="1" bw="8" slack="0"/>
<pin id="1693" dir="0" index="2" bw="8" slack="0"/>
<pin id="1694" dir="1" index="3" bw="8" slack="0"/>
</pin_list>
<bind>
<opcode="select(49) " fcode="select"/>
<opset="select_ln245_9/80 "/>
</bind>
</comp>

<comp id="1698" class="1004" name="xor_ln294_13_fu_1698">
<pin_list>
<pin id="1699" dir="0" index="0" bw="8" slack="1"/>
<pin id="1700" dir="0" index="1" bw="8" slack="0"/>
<pin id="1701" dir="1" index="2" bw="8" slack="0"/>
</pin_list>
<bind>
<opcode="xor(25) " fcode="xor"/>
<opset="xor_ln294_13/80 "/>
</bind>
</comp>

<comp id="1703" class="1004" name="xor_ln294_14_fu_1703">
<pin_list>
<pin id="1704" dir="0" index="0" bw="8" slack="0"/>
<pin id="1705" dir="0" index="1" bw="8" slack="14"/>
<pin id="1706" dir="1" index="2" bw="8" slack="4"/>
</pin_list>
<bind>
<opcode="xor(25) " fcode="xor"/>
<opset="xor_ln294_14/80 "/>
</bind>
</comp>

<comp id="1708" class="1004" name="tmp_10_fu_1708">
<pin_list>
<pin id="1709" dir="0" index="0" bw="1" slack="0"/>
<pin id="1710" dir="0" index="1" bw="8" slack="1"/>
<pin id="1711" dir="0" index="2" bw="4" slack="0"/>
<pin id="1712" dir="1" index="3" bw="1" slack="0"/>
</pin_list>
<bind>
<opcode="bitselect(1000) " fcode="bitselect"/>
<opset="tmp_10/80 "/>
</bind>
</comp>

<comp id="1716" class="1004" name="shl_ln245_10_fu_1716">
<pin_list>
<pin id="1717" dir="0" index="0" bw="8" slack="1"/>
<pin id="1718" dir="0" index="1" bw="1" slack="0"/>
<pin id="1719" dir="1" index="2" bw="8" slack="0"/>
</pin_list>
<bind>
<opcode="shl(20) " fcode="shl"/>
<opset="shl_ln245_10/80 "/>
</bind>
</comp>

<comp id="1722" class="1004" name="xor_ln245_10_fu_1722">
<pin_list>
<pin id="1723" dir="0" index="0" bw="8" slack="0"/>
<pin id="1724" dir="0" index="1" bw="8" slack="0"/>
<pin id="1725" dir="1" index="2" bw="8" slack="0"/>
</pin_list>
<bind>
<opcode="xor(25) " fcode="xor"/>
<opset="xor_ln245_10/80 "/>
</bind>
</comp>

<comp id="1728" class="1004" name="select_ln245_10_fu_1728">
<pin_list>
<pin id="1729" dir="0" index="0" bw="1" slack="0"/>
<pin id="1730" dir="0" index="1" bw="8" slack="0"/>
<pin id="1731" dir="0" index="2" bw="8" slack="0"/>
<pin id="1732" dir="1" index="3" bw="8" slack="0"/>
</pin_list>
<bind>
<opcode="select(49) " fcode="select"/>
<opset="select_ln245_10/80 "/>
</bind>
</comp>

<comp id="1736" class="1004" name="xor_ln295_11_fu_1736">
<pin_list>
<pin id="1737" dir="0" index="0" bw="8" slack="3"/>
<pin id="1738" dir="0" index="1" bw="8" slack="0"/>
<pin id="1739" dir="1" index="2" bw="8" slack="0"/>
</pin_list>
<bind>
<opcode="xor(25) " fcode="xor"/>
<opset="xor_ln295_11/80 "/>
</bind>
</comp>

<comp id="1741" class="1004" name="xor_ln295_12_fu_1741">
<pin_list>
<pin id="1742" dir="0" index="0" bw="8" slack="0"/>
<pin id="1743" dir="0" index="1" bw="8" slack="2"/>
<pin id="1744" dir="1" index="2" bw="8" slack="1"/>
</pin_list>
<bind>
<opcode="xor(25) " fcode="xor"/>
<opset="xor_ln295_12/80 "/>
</bind>
</comp>

<comp id="1747" class="1004" name="tmp_11_fu_1747">
<pin_list>
<pin id="1748" dir="0" index="0" bw="1" slack="0"/>
<pin id="1749" dir="0" index="1" bw="8" slack="1"/>
<pin id="1750" dir="0" index="2" bw="4" slack="0"/>
<pin id="1751" dir="1" index="3" bw="1" slack="0"/>
</pin_list>
<bind>
<opcode="bitselect(1000) " fcode="bitselect"/>
<opset="tmp_11/80 "/>
</bind>
</comp>

<comp id="1754" class="1004" name="shl_ln245_11_fu_1754">
<pin_list>
<pin id="1755" dir="0" index="0" bw="8" slack="1"/>
<pin id="1756" dir="0" index="1" bw="1" slack="0"/>
<pin id="1757" dir="1" index="2" bw="8" slack="0"/>
</pin_list>
<bind>
<opcode="shl(20) " fcode="shl"/>
<opset="shl_ln245_11/80 "/>
</bind>
</comp>

<comp id="1759" class="1004" name="xor_ln245_11_fu_1759">
<pin_list>
<pin id="1760" dir="0" index="0" bw="8" slack="0"/>
<pin id="1761" dir="0" index="1" bw="8" slack="0"/>
<pin id="1762" dir="1" index="2" bw="8" slack="0"/>
</pin_list>
<bind>
<opcode="xor(25) " fcode="xor"/>
<opset="xor_ln245_11/80 "/>
</bind>
</comp>

<comp id="1765" class="1004" name="select_ln245_11_fu_1765">
<pin_list>
<pin id="1766" dir="0" index="0" bw="1" slack="0"/>
<pin id="1767" dir="0" index="1" bw="8" slack="0"/>
<pin id="1768" dir="0" index="2" bw="8" slack="0"/>
<pin id="1769" dir="1" index="3" bw="8" slack="0"/>
</pin_list>
<bind>
<opcode="select(49) " fcode="select"/>
<opset="select_ln245_11/80 "/>
</bind>
</comp>

<comp id="1773" class="1004" name="xor_ln295_14_fu_1773">
<pin_list>
<pin id="1774" dir="0" index="0" bw="8" slack="0"/>
<pin id="1775" dir="0" index="1" bw="8" slack="2"/>
<pin id="1776" dir="1" index="2" bw="8" slack="1"/>
</pin_list>
<bind>
<opcode="xor(25) " fcode="xor"/>
<opset="xor_ln295_14/80 "/>
</bind>
</comp>

<comp id="1778" class="1004" name="xor_ln293_5_fu_1778">
<pin_list>
<pin id="1779" dir="0" index="0" bw="8" slack="2"/>
<pin id="1780" dir="0" index="1" bw="8" slack="1"/>
<pin id="1781" dir="1" index="2" bw="8" slack="1"/>
</pin_list>
<bind>
<opcode="xor(25) " fcode="xor"/>
<opset="xor_ln293_5/81 "/>
</bind>
</comp>

<comp id="1783" class="1004" name="tmp_6_fu_1783">
<pin_list>
<pin id="1784" dir="0" index="0" bw="1" slack="0"/>
<pin id="1785" dir="0" index="1" bw="8" slack="1"/>
<pin id="1786" dir="0" index="2" bw="4" slack="0"/>
<pin id="1787" dir="1" index="3" bw="1" slack="0"/>
</pin_list>
<bind>
<opcode="bitselect(1000) " fcode="bitselect"/>
<opset="tmp_6/81 "/>
</bind>
</comp>

<comp id="1790" class="1004" name="shl_ln245_6_fu_1790">
<pin_list>
<pin id="1791" dir="0" index="0" bw="8" slack="1"/>
<pin id="1792" dir="0" index="1" bw="1" slack="0"/>
<pin id="1793" dir="1" index="2" bw="8" slack="0"/>
</pin_list>
<bind>
<opcode="shl(20) " fcode="shl"/>
<opset="shl_ln245_6/81 "/>
</bind>
</comp>

<comp id="1795" class="1004" name="xor_ln245_6_fu_1795">
<pin_list>
<pin id="1796" dir="0" index="0" bw="8" slack="0"/>
<pin id="1797" dir="0" index="1" bw="8" slack="0"/>
<pin id="1798" dir="1" index="2" bw="8" slack="0"/>
</pin_list>
<bind>
<opcode="xor(25) " fcode="xor"/>
<opset="xor_ln245_6/81 "/>
</bind>
</comp>

<comp id="1801" class="1004" name="select_ln245_6_fu_1801">
<pin_list>
<pin id="1802" dir="0" index="0" bw="1" slack="0"/>
<pin id="1803" dir="0" index="1" bw="8" slack="0"/>
<pin id="1804" dir="0" index="2" bw="8" slack="0"/>
<pin id="1805" dir="1" index="3" bw="8" slack="0"/>
</pin_list>
<bind>
<opcode="select(49) " fcode="select"/>
<opset="select_ln245_6/81 "/>
</bind>
</comp>

<comp id="1809" class="1004" name="xor_ln295_6_fu_1809">
<pin_list>
<pin id="1810" dir="0" index="0" bw="8" slack="2"/>
<pin id="1811" dir="0" index="1" bw="8" slack="0"/>
<pin id="1812" dir="1" index="2" bw="8" slack="0"/>
</pin_list>
<bind>
<opcode="xor(25) " fcode="xor"/>
<opset="xor_ln295_6/81 "/>
</bind>
</comp>

<comp id="1814" class="1004" name="xor_ln295_7_fu_1814">
<pin_list>
<pin id="1815" dir="0" index="0" bw="8" slack="0"/>
<pin id="1816" dir="0" index="1" bw="8" slack="2"/>
<pin id="1817" dir="1" index="2" bw="8" slack="1"/>
</pin_list>
<bind>
<opcode="xor(25) " fcode="xor"/>
<opset="xor_ln295_7/81 "/>
</bind>
</comp>

<comp id="1820" class="1004" name="tmp_7_fu_1820">
<pin_list>
<pin id="1821" dir="0" index="0" bw="1" slack="0"/>
<pin id="1822" dir="0" index="1" bw="8" slack="1"/>
<pin id="1823" dir="0" index="2" bw="4" slack="0"/>
<pin id="1824" dir="1" index="3" bw="1" slack="0"/>
</pin_list>
<bind>
<opcode="bitselect(1000) " fcode="bitselect"/>
<opset="tmp_7/81 "/>
</bind>
</comp>

<comp id="1827" class="1004" name="shl_ln245_7_fu_1827">
<pin_list>
<pin id="1828" dir="0" index="0" bw="8" slack="1"/>
<pin id="1829" dir="0" index="1" bw="1" slack="0"/>
<pin id="1830" dir="1" index="2" bw="8" slack="0"/>
</pin_list>
<bind>
<opcode="shl(20) " fcode="shl"/>
<opset="shl_ln245_7/81 "/>
</bind>
</comp>

<comp id="1832" class="1004" name="xor_ln245_7_fu_1832">
<pin_list>
<pin id="1833" dir="0" index="0" bw="8" slack="0"/>
<pin id="1834" dir="0" index="1" bw="8" slack="0"/>
<pin id="1835" dir="1" index="2" bw="8" slack="0"/>
</pin_list>
<bind>
<opcode="xor(25) " fcode="xor"/>
<opset="xor_ln245_7/81 "/>
</bind>
</comp>

<comp id="1838" class="1004" name="select_ln245_7_fu_1838">
<pin_list>
<pin id="1839" dir="0" index="0" bw="1" slack="0"/>
<pin id="1840" dir="0" index="1" bw="8" slack="0"/>
<pin id="1841" dir="0" index="2" bw="8" slack="0"/>
<pin id="1842" dir="1" index="3" bw="8" slack="0"/>
</pin_list>
<bind>
<opcode="select(49) " fcode="select"/>
<opset="select_ln245_7/81 "/>
</bind>
</comp>

<comp id="1846" class="1004" name="xor_ln295_9_fu_1846">
<pin_list>
<pin id="1847" dir="0" index="0" bw="8" slack="0"/>
<pin id="1848" dir="0" index="1" bw="8" slack="1"/>
<pin id="1849" dir="1" index="2" bw="8" slack="1"/>
</pin_list>
<bind>
<opcode="xor(25) " fcode="xor"/>
<opset="xor_ln295_9/81 "/>
</bind>
</comp>

<comp id="1851" class="1004" name="tmp_4_fu_1851">
<pin_list>
<pin id="1852" dir="0" index="0" bw="1" slack="0"/>
<pin id="1853" dir="0" index="1" bw="8" slack="3"/>
<pin id="1854" dir="0" index="2" bw="4" slack="0"/>
<pin id="1855" dir="1" index="3" bw="1" slack="0"/>
</pin_list>
<bind>
<opcode="bitselect(1000) " fcode="bitselect"/>
<opset="tmp_4/82 "/>
</bind>
</comp>

<comp id="1858" class="1004" name="shl_ln245_4_fu_1858">
<pin_list>
<pin id="1859" dir="0" index="0" bw="8" slack="3"/>
<pin id="1860" dir="0" index="1" bw="1" slack="0"/>
<pin id="1861" dir="1" index="2" bw="8" slack="0"/>
</pin_list>
<bind>
<opcode="shl(20) " fcode="shl"/>
<opset="shl_ln245_4/82 "/>
</bind>
</comp>

<comp id="1863" class="1004" name="xor_ln245_4_fu_1863">
<pin_list>
<pin id="1864" dir="0" index="0" bw="8" slack="0"/>
<pin id="1865" dir="0" index="1" bw="8" slack="0"/>
<pin id="1866" dir="1" index="2" bw="8" slack="0"/>
</pin_list>
<bind>
<opcode="xor(25) " fcode="xor"/>
<opset="xor_ln245_4/82 "/>
</bind>
</comp>

<comp id="1869" class="1004" name="select_ln245_4_fu_1869">
<pin_list>
<pin id="1870" dir="0" index="0" bw="1" slack="0"/>
<pin id="1871" dir="0" index="1" bw="8" slack="0"/>
<pin id="1872" dir="0" index="2" bw="8" slack="0"/>
<pin id="1873" dir="1" index="3" bw="8" slack="0"/>
</pin_list>
<bind>
<opcode="select(49) " fcode="select"/>
<opset="select_ln245_4/82 "/>
</bind>
</comp>

<comp id="1877" class="1004" name="xor_ln294_5_fu_1877">
<pin_list>
<pin id="1878" dir="0" index="0" bw="8" slack="1"/>
<pin id="1879" dir="0" index="1" bw="8" slack="0"/>
<pin id="1880" dir="1" index="2" bw="8" slack="0"/>
</pin_list>
<bind>
<opcode="xor(25) " fcode="xor"/>
<opset="xor_ln294_5/82 "/>
</bind>
</comp>

<comp id="1882" class="1004" name="xor_ln294_6_fu_1882">
<pin_list>
<pin id="1883" dir="0" index="0" bw="8" slack="0"/>
<pin id="1884" dir="0" index="1" bw="8" slack="11"/>
<pin id="1885" dir="1" index="2" bw="8" slack="1"/>
</pin_list>
<bind>
<opcode="xor(25) " fcode="xor"/>
<opset="xor_ln294_6/82 "/>
</bind>
</comp>

<comp id="1887" class="1004" name="tmp_5_fu_1887">
<pin_list>
<pin id="1888" dir="0" index="0" bw="1" slack="0"/>
<pin id="1889" dir="0" index="1" bw="8" slack="2"/>
<pin id="1890" dir="0" index="2" bw="4" slack="0"/>
<pin id="1891" dir="1" index="3" bw="1" slack="0"/>
</pin_list>
<bind>
<opcode="bitselect(1000) " fcode="bitselect"/>
<opset="tmp_5/82 "/>
</bind>
</comp>

<comp id="1894" class="1004" name="shl_ln245_5_fu_1894">
<pin_list>
<pin id="1895" dir="0" index="0" bw="8" slack="2"/>
<pin id="1896" dir="0" index="1" bw="1" slack="0"/>
<pin id="1897" dir="1" index="2" bw="8" slack="0"/>
</pin_list>
<bind>
<opcode="shl(20) " fcode="shl"/>
<opset="shl_ln245_5/82 "/>
</bind>
</comp>

<comp id="1899" class="1004" name="xor_ln245_5_fu_1899">
<pin_list>
<pin id="1900" dir="0" index="0" bw="8" slack="0"/>
<pin id="1901" dir="0" index="1" bw="8" slack="0"/>
<pin id="1902" dir="1" index="2" bw="8" slack="0"/>
</pin_list>
<bind>
<opcode="xor(25) " fcode="xor"/>
<opset="xor_ln245_5/82 "/>
</bind>
</comp>

<comp id="1905" class="1004" name="select_ln245_5_fu_1905">
<pin_list>
<pin id="1906" dir="0" index="0" bw="1" slack="0"/>
<pin id="1907" dir="0" index="1" bw="8" slack="0"/>
<pin id="1908" dir="0" index="2" bw="8" slack="0"/>
<pin id="1909" dir="1" index="3" bw="8" slack="0"/>
</pin_list>
<bind>
<opcode="select(49) " fcode="select"/>
<opset="select_ln245_5/82 "/>
</bind>
</comp>

<comp id="1913" class="1004" name="xor_ln294_8_fu_1913">
<pin_list>
<pin id="1914" dir="0" index="0" bw="8" slack="1"/>
<pin id="1915" dir="0" index="1" bw="8" slack="0"/>
<pin id="1916" dir="1" index="2" bw="8" slack="0"/>
</pin_list>
<bind>
<opcode="xor(25) " fcode="xor"/>
<opset="xor_ln294_8/82 "/>
</bind>
</comp>

<comp id="1918" class="1004" name="xor_ln294_9_fu_1918">
<pin_list>
<pin id="1919" dir="0" index="0" bw="8" slack="0"/>
<pin id="1920" dir="0" index="1" bw="8" slack="13"/>
<pin id="1921" dir="1" index="2" bw="8" slack="1"/>
</pin_list>
<bind>
<opcode="xor(25) " fcode="xor"/>
<opset="xor_ln294_9/82 "/>
</bind>
</comp>

<comp id="1923" class="1004" name="xor_ln261_18_fu_1923">
<pin_list>
<pin id="1924" dir="0" index="0" bw="8" slack="27"/>
<pin id="1925" dir="0" index="1" bw="8" slack="6"/>
<pin id="1926" dir="1" index="2" bw="8" slack="1"/>
</pin_list>
<bind>
<opcode="xor(25) " fcode="xor"/>
<opset="xor_ln261_18/85 "/>
</bind>
</comp>

<comp id="1928" class="1004" name="xor_ln261_22_fu_1928">
<pin_list>
<pin id="1929" dir="0" index="0" bw="8" slack="25"/>
<pin id="1930" dir="0" index="1" bw="8" slack="5"/>
<pin id="1931" dir="1" index="2" bw="8" slack="1"/>
</pin_list>
<bind>
<opcode="xor(25) " fcode="xor"/>
<opset="xor_ln261_22/85 "/>
</bind>
</comp>

<comp id="1932" class="1004" name="xor_ln261_17_fu_1932">
<pin_list>
<pin id="1933" dir="0" index="0" bw="8" slack="29"/>
<pin id="1934" dir="0" index="1" bw="8" slack="7"/>
<pin id="1935" dir="1" index="2" bw="8" slack="1"/>
</pin_list>
<bind>
<opcode="xor(25) " fcode="xor"/>
<opset="xor_ln261_17/86 "/>
</bind>
</comp>

<comp id="1937" class="1004" name="xor_ln261_26_fu_1937">
<pin_list>
<pin id="1938" dir="0" index="0" bw="8" slack="24"/>
<pin id="1939" dir="0" index="1" bw="8" slack="5"/>
<pin id="1940" dir="1" index="2" bw="8" slack="1"/>
</pin_list>
<bind>
<opcode="xor(25) " fcode="xor"/>
<opset="xor_ln261_26/86 "/>
</bind>
</comp>

<comp id="1941" class="1004" name="xor_ln261_21_fu_1941">
<pin_list>
<pin id="1942" dir="0" index="0" bw="8" slack="28"/>
<pin id="1943" dir="0" index="1" bw="8" slack="7"/>
<pin id="1944" dir="1" index="2" bw="8" slack="1"/>
</pin_list>
<bind>
<opcode="xor(25) " fcode="xor"/>
<opset="xor_ln261_21/87 "/>
</bind>
</comp>

<comp id="1945" class="1004" name="xor_ln261_25_fu_1945">
<pin_list>
<pin id="1946" dir="0" index="0" bw="8" slack="26"/>
<pin id="1947" dir="0" index="1" bw="8" slack="6"/>
<pin id="1948" dir="1" index="2" bw="8" slack="1"/>
</pin_list>
<bind>
<opcode="xor(25) " fcode="xor"/>
<opset="xor_ln261_25/87 "/>
</bind>
</comp>

<comp id="1949" class="1004" name="xor_ln261_19_fu_1949">
<pin_list>
<pin id="1950" dir="0" index="0" bw="8" slack="30"/>
<pin id="1951" dir="0" index="1" bw="8" slack="9"/>
<pin id="1952" dir="1" index="2" bw="8" slack="1"/>
</pin_list>
<bind>
<opcode="xor(25) " fcode="xor"/>
<opset="xor_ln261_19/88 "/>
</bind>
</comp>

<comp id="1953" class="1004" name="xor_ln261_20_fu_1953">
<pin_list>
<pin id="1954" dir="0" index="0" bw="8" slack="29"/>
<pin id="1955" dir="0" index="1" bw="8" slack="9"/>
<pin id="1956" dir="1" index="2" bw="8" slack="1"/>
</pin_list>
<bind>
<opcode="xor(25) " fcode="xor"/>
<opset="xor_ln261_20/88 "/>
</bind>
</comp>

<comp id="1957" class="1004" name="xor_ln261_23_fu_1957">
<pin_list>
<pin id="1958" dir="0" index="0" bw="8" slack="29"/>
<pin id="1959" dir="0" index="1" bw="8" slack="9"/>
<pin id="1960" dir="1" index="2" bw="8" slack="1"/>
</pin_list>
<bind>
<opcode="xor(25) " fcode="xor"/>
<opset="xor_ln261_23/89 "/>
</bind>
</comp>

<comp id="1961" class="1004" name="xor_ln261_24_fu_1961">
<pin_list>
<pin id="1962" dir="0" index="0" bw="8" slack="28"/>
<pin id="1963" dir="0" index="1" bw="8" slack="9"/>
<pin id="1964" dir="1" index="2" bw="8" slack="1"/>
</pin_list>
<bind>
<opcode="xor(25) " fcode="xor"/>
<opset="xor_ln261_24/89 "/>
</bind>
</comp>

<comp id="1965" class="1004" name="store_ln344_store_fu_1965">
<pin_list>
<pin id="1966" dir="0" index="0" bw="8" slack="1"/>
<pin id="1967" dir="0" index="1" bw="8" slack="37"/>
<pin id="1968" dir="1" index="2" bw="0" slack="2147483647"/>
</pin_list>
<bind>
<opcode="store(28) " fcode="store"/>
<opset="store_ln344/90 "/>
</bind>
</comp>

<comp id="1970" class="1004" name="xor_ln261_27_fu_1970">
<pin_list>
<pin id="1971" dir="0" index="0" bw="8" slack="28"/>
<pin id="1972" dir="0" index="1" bw="8" slack="8"/>
<pin id="1973" dir="1" index="2" bw="8" slack="1"/>
</pin_list>
<bind>
<opcode="xor(25) " fcode="xor"/>
<opset="xor_ln261_27/90 "/>
</bind>
</comp>

<comp id="1974" class="1004" name="xor_ln261_28_fu_1974">
<pin_list>
<pin id="1975" dir="0" index="0" bw="8" slack="27"/>
<pin id="1976" dir="0" index="1" bw="8" slack="8"/>
<pin id="1977" dir="1" index="2" bw="8" slack="1"/>
</pin_list>
<bind>
<opcode="xor(25) " fcode="xor"/>
<opset="xor_ln261_28/90 "/>
</bind>
</comp>

<comp id="1978" class="1004" name="xor_ln261_32_fu_1978">
<pin_list>
<pin id="1979" dir="0" index="0" bw="8" slack="34"/>
<pin id="1980" dir="0" index="1" bw="8" slack="16"/>
<pin id="1981" dir="1" index="2" bw="8" slack="5"/>
</pin_list>
<bind>
<opcode="xor(25) " fcode="xor"/>
<opset="xor_ln261_32/91 "/>
</bind>
</comp>

<comp id="1983" class="1004" name="xor_ln261_15_fu_1983">
<pin_list>
<pin id="1984" dir="0" index="0" bw="8" slack="12"/>
<pin id="1985" dir="0" index="1" bw="8" slack="1"/>
<pin id="1986" dir="1" index="2" bw="8" slack="1"/>
</pin_list>
<bind>
<opcode="xor(25) " fcode="xor"/>
<opset="xor_ln261_15/94 "/>
</bind>
</comp>

<comp id="1989" class="1004" name="xor_ln261_14_fu_1989">
<pin_list>
<pin id="1990" dir="0" index="0" bw="8" slack="14"/>
<pin id="1991" dir="0" index="1" bw="8" slack="1"/>
<pin id="1992" dir="1" index="2" bw="8" slack="1"/>
</pin_list>
<bind>
<opcode="xor(25) " fcode="xor"/>
<opset="xor_ln261_14/95 "/>
</bind>
</comp>

<comp id="1995" class="1004" name="xor_ln261_12_fu_1995">
<pin_list>
<pin id="1996" dir="0" index="0" bw="8" slack="2"/>
<pin id="1997" dir="0" index="1" bw="8" slack="1"/>
<pin id="1998" dir="1" index="2" bw="8" slack="1"/>
</pin_list>
<bind>
<opcode="xor(25) " fcode="xor"/>
<opset="xor_ln261_12/96 "/>
</bind>
</comp>

<comp id="2001" class="1004" name="xor_ln261_13_fu_2001">
<pin_list>
<pin id="2002" dir="0" index="0" bw="8" slack="14"/>
<pin id="2003" dir="0" index="1" bw="8" slack="2"/>
<pin id="2004" dir="1" index="2" bw="8" slack="1"/>
</pin_list>
<bind>
<opcode="xor(25) " fcode="xor"/>
<opset="xor_ln261_13/96 "/>
</bind>
</comp>

<comp id="2007" class="1004" name="grp_fu_2007">
<pin_list>
<pin id="2008" dir="0" index="0" bw="4" slack="42"/>
<pin id="2009" dir="0" index="1" bw="1" slack="0"/>
<pin id="2010" dir="1" index="2" bw="4" slack="1"/>
</pin_list>
<bind>
<opcode="add(8) " fcode="add"/>
<opset="add_ln338/96 "/>
</bind>
</comp>

<comp id="2013" class="1004" name="xor_ln261_10_fu_2013">
<pin_list>
<pin id="2014" dir="0" index="0" bw="8" slack="7"/>
<pin id="2015" dir="0" index="1" bw="8" slack="1"/>
<pin id="2016" dir="1" index="2" bw="8" slack="1"/>
</pin_list>
<bind>
<opcode="xor(25) " fcode="xor"/>
<opset="xor_ln261_10/97 "/>
</bind>
</comp>

<comp id="2019" class="1004" name="xor_ln261_1_fu_2019">
<pin_list>
<pin id="2020" dir="0" index="0" bw="8" slack="8"/>
<pin id="2021" dir="0" index="1" bw="8" slack="2"/>
<pin id="2022" dir="1" index="2" bw="8" slack="1"/>
</pin_list>
<bind>
<opcode="xor(25) " fcode="xor"/>
<opset="xor_ln261_1/98 "/>
</bind>
</comp>

<comp id="2025" class="1004" name="xor_ln261_2_fu_2025">
<pin_list>
<pin id="2026" dir="0" index="0" bw="8" slack="9"/>
<pin id="2027" dir="0" index="1" bw="8" slack="1"/>
<pin id="2028" dir="1" index="2" bw="8" slack="1"/>
</pin_list>
<bind>
<opcode="xor(25) " fcode="xor"/>
<opset="xor_ln261_2/98 "/>
</bind>
</comp>

<comp id="2031" class="1004" name="xor_ln261_3_fu_2031">
<pin_list>
<pin id="2032" dir="0" index="0" bw="8" slack="7"/>
<pin id="2033" dir="0" index="1" bw="8" slack="2"/>
<pin id="2034" dir="1" index="2" bw="8" slack="1"/>
</pin_list>
<bind>
<opcode="xor(25) " fcode="xor"/>
<opset="xor_ln261_3/99 "/>
</bind>
</comp>

<comp id="2036" class="1004" name="xor_ln261_4_fu_2036">
<pin_list>
<pin id="2037" dir="0" index="0" bw="8" slack="7"/>
<pin id="2038" dir="0" index="1" bw="8" slack="1"/>
<pin id="2039" dir="1" index="2" bw="8" slack="1"/>
</pin_list>
<bind>
<opcode="xor(25) " fcode="xor"/>
<opset="xor_ln261_4/99 "/>
</bind>
</comp>

<comp id="2041" class="1004" name="xor_ln261_5_fu_2041">
<pin_list>
<pin id="2042" dir="0" index="0" bw="8" slack="9"/>
<pin id="2043" dir="0" index="1" bw="8" slack="2"/>
<pin id="2044" dir="1" index="2" bw="8" slack="1"/>
</pin_list>
<bind>
<opcode="xor(25) " fcode="xor"/>
<opset="xor_ln261_5/100 "/>
</bind>
</comp>

<comp id="2046" class="1004" name="xor_ln261_6_fu_2046">
<pin_list>
<pin id="2047" dir="0" index="0" bw="8" slack="11"/>
<pin id="2048" dir="0" index="1" bw="8" slack="1"/>
<pin id="2049" dir="1" index="2" bw="8" slack="1"/>
</pin_list>
<bind>
<opcode="xor(25) " fcode="xor"/>
<opset="xor_ln261_6/100 "/>
</bind>
</comp>

<comp id="2052" class="1004" name="xor_ln261_7_fu_2052">
<pin_list>
<pin id="2053" dir="0" index="0" bw="8" slack="8"/>
<pin id="2054" dir="0" index="1" bw="8" slack="2"/>
<pin id="2055" dir="1" index="2" bw="8" slack="1"/>
</pin_list>
<bind>
<opcode="xor(25) " fcode="xor"/>
<opset="xor_ln261_7/101 "/>
</bind>
</comp>

<comp id="2057" class="1004" name="xor_ln261_8_fu_2057">
<pin_list>
<pin id="2058" dir="0" index="0" bw="8" slack="8"/>
<pin id="2059" dir="0" index="1" bw="8" slack="1"/>
<pin id="2060" dir="1" index="2" bw="8" slack="1"/>
</pin_list>
<bind>
<opcode="xor(25) " fcode="xor"/>
<opset="xor_ln261_8/101 "/>
</bind>
</comp>

<comp id="2062" class="1004" name="xor_ln261_9_fu_2062">
<pin_list>
<pin id="2063" dir="0" index="0" bw="8" slack="11"/>
<pin id="2064" dir="0" index="1" bw="8" slack="2"/>
<pin id="2065" dir="1" index="2" bw="8" slack="1"/>
</pin_list>
<bind>
<opcode="xor(25) " fcode="xor"/>
<opset="xor_ln261_9/102 "/>
</bind>
</comp>

<comp id="2067" class="1004" name="grp_fu_2067">
<pin_list>
<pin id="2068" dir="0" index="0" bw="4" slack="0"/>
<pin id="2069" dir="0" index="1" bw="1" slack="0"/>
<pin id="2070" dir="1" index="2" bw="4" slack="1"/>
</pin_list>
<bind>
<opcode="add(8) " fcode="add"/>
<opset="add_ln253/106 "/>
</bind>
</comp>

<comp id="2073" class="1004" name="i_4_cast_fu_2073">
<pin_list>
<pin id="2074" dir="0" index="0" bw="4" slack="1"/>
<pin id="2075" dir="1" index="1" bw="64" slack="0"/>
</pin_list>
<bind>
<opcode="zext(34) " fcode="zext"/>
<opset="i_4_cast/107 "/>
</bind>
</comp>

<comp id="2078" class="1004" name="icmp_ln253_fu_2078">
<pin_list>
<pin id="2079" dir="0" index="0" bw="4" slack="1"/>
<pin id="2080" dir="0" index="1" bw="4" slack="0"/>
<pin id="2081" dir="1" index="2" bw="1" slack="1"/>
</pin_list>
<bind>
<opcode="icmp(45) " fcode="icmp"/>
<opset="icmp_ln253/107 "/>
</bind>
</comp>

<comp id="2084" class="1004" name="zext_ln253_fu_2084">
<pin_list>
<pin id="2085" dir="0" index="0" bw="8" slack="1"/>
<pin id="2086" dir="1" index="1" bw="64" slack="0"/>
</pin_list>
<bind>
<opcode="zext(34) " fcode="zext"/>
<opset="zext_ln253/111 "/>
</bind>
</comp>

<comp id="2089" class="1004" name="grp_fu_2089">
<pin_list>
<pin id="2090" dir="0" index="0" bw="4" slack="0"/>
<pin id="2091" dir="0" index="1" bw="1" slack="0"/>
<pin id="2092" dir="1" index="2" bw="4" slack="1"/>
</pin_list>
<bind>
<opcode="add(8) " fcode="add"/>
<opset="add_ln261/157 "/>
</bind>
</comp>

<comp id="2095" class="1004" name="i_9_cast_fu_2095">
<pin_list>
<pin id="2096" dir="0" index="0" bw="4" slack="1"/>
<pin id="2097" dir="1" index="1" bw="64" slack="0"/>
</pin_list>
<bind>
<opcode="zext(34) " fcode="zext"/>
<opset="i_9_cast/158 "/>
</bind>
</comp>

<comp id="2101" class="1004" name="icmp_ln261_fu_2101">
<pin_list>
<pin id="2102" dir="0" index="0" bw="4" slack="1"/>
<pin id="2103" dir="0" index="1" bw="4" slack="0"/>
<pin id="2104" dir="1" index="2" bw="1" slack="1"/>
</pin_list>
<bind>
<opcode="icmp(45) " fcode="icmp"/>
<opset="icmp_ln261/158 "/>
</bind>
</comp>

<comp id="2107" class="1005" name="icmp_ln329_reg_2107">
<pin_list>
<pin id="2108" dir="0" index="0" bw="1" slack="1"/>
<pin id="2109" dir="1" index="1" bw="1" slack="2147483647"/>
</pin_list>
<bind>
<opset="icmp_ln329 "/>
</bind>
</comp>

<comp id="2111" class="1005" name="k_addr_reg_2111">
<pin_list>
<pin id="2112" dir="0" index="0" bw="5" slack="1"/>
<pin id="2113" dir="1" index="1" bw="5" slack="1"/>
</pin_list>
<bind>
<opset="k_addr "/>
</bind>
</comp>

<comp id="2116" class="1005" name="add_ln329_reg_2116">
<pin_list>
<pin id="2117" dir="0" index="0" bw="6" slack="1"/>
<pin id="2118" dir="1" index="1" bw="6" slack="1"/>
</pin_list>
<bind>
<opset="add_ln329 "/>
</bind>
</comp>

<comp id="2121" class="1005" name="k_load_reg_2121">
<pin_list>
<pin id="2122" dir="0" index="0" bw="8" slack="1"/>
<pin id="2123" dir="1" index="1" bw="8" slack="1"/>
</pin_list>
<bind>
<opset="k_load "/>
</bind>
</comp>

<comp id="2127" class="1005" name="or_ln_reg_2127">
<pin_list>
<pin id="2128" dir="0" index="0" bw="7" slack="1"/>
<pin id="2129" dir="1" index="1" bw="7" slack="1"/>
</pin_list>
<bind>
<opset="or_ln "/>
</bind>
</comp>

<comp id="2132" class="1005" name="xor_ln330_reg_2132">
<pin_list>
<pin id="2133" dir="0" index="0" bw="6" slack="1"/>
<pin id="2134" dir="1" index="1" bw="6" slack="1"/>
</pin_list>
<bind>
<opset="xor_ln330 "/>
</bind>
</comp>

<comp id="2137" class="1005" name="ctx_addr_reg_2137">
<pin_list>
<pin id="2138" dir="0" index="0" bw="7" slack="1"/>
<pin id="2139" dir="1" index="1" bw="7" slack="1"/>
</pin_list>
<bind>
<opset="ctx_addr "/>
</bind>
</comp>

<comp id="2142" class="1005" name="ctx_addr_1_reg_2142">
<pin_list>
<pin id="2143" dir="0" index="0" bw="7" slack="1"/>
<pin id="2144" dir="1" index="1" bw="7" slack="1"/>
</pin_list>
<bind>
<opset="ctx_addr_1 "/>
</bind>
</comp>

<comp id="2147" class="1005" name="icmp_ln332_reg_2147">
<pin_list>
<pin id="2148" dir="0" index="0" bw="1" slack="1"/>
<pin id="2149" dir="1" index="1" bw="1" slack="2147483647"/>
</pin_list>
<bind>
<opset="icmp_ln332 "/>
</bind>
</comp>

<comp id="2151" class="1005" name="add_ln332_reg_2151">
<pin_list>
<pin id="2152" dir="0" index="0" bw="3" slack="1"/>
<pin id="2153" dir="1" index="1" bw="3" slack="1"/>
</pin_list>
<bind>
<opset="add_ln332 "/>
</bind>
</comp>

<comp id="2156" class="1005" name="trunc_ln269_cast13_reg_2156">
<pin_list>
<pin id="2157" dir="0" index="0" bw="64" slack="4"/>
<pin id="2158" dir="1" index="1" bw="64" slack="4"/>
</pin_list>
<bind>
<opset="trunc_ln269_cast13 "/>
</bind>
</comp>

<comp id="2161" class="1005" name="ctx_addr_2_reg_2161">
<pin_list>
<pin id="2162" dir="0" index="0" bw="7" slack="1"/>
<pin id="2163" dir="1" index="1" bw="7" slack="1"/>
</pin_list>
<bind>
<opset="ctx_addr_2 "/>
</bind>
</comp>

<comp id="2166" class="1005" name="buf_addr_reg_2166">
<pin_list>
<pin id="2167" dir="0" index="0" bw="4" slack="1"/>
<pin id="2168" dir="1" index="1" bw="4" slack="1"/>
</pin_list>
<bind>
<opset="buf_addr "/>
</bind>
</comp>

<comp id="2172" class="1005" name="ctx_addr_4_reg_2172">
<pin_list>
<pin id="2173" dir="0" index="0" bw="7" slack="1"/>
<pin id="2174" dir="1" index="1" bw="7" slack="1"/>
</pin_list>
<bind>
<opset="ctx_addr_4 "/>
</bind>
</comp>

<comp id="2177" class="1005" name="or_ln269_1_reg_2177">
<pin_list>
<pin id="2178" dir="0" index="0" bw="5" slack="1"/>
<pin id="2179" dir="1" index="1" bw="5" slack="1"/>
</pin_list>
<bind>
<opset="or_ln269_1 "/>
</bind>
</comp>

<comp id="2182" class="1005" name="icmp_ln269_reg_2182">
<pin_list>
<pin id="2183" dir="0" index="0" bw="1" slack="1"/>
<pin id="2184" dir="1" index="1" bw="1" slack="2147483647"/>
</pin_list>
<bind>
<opset="icmp_ln269 "/>
</bind>
</comp>

<comp id="2186" class="1005" name="add_ln269_reg_2186">
<pin_list>
<pin id="2187" dir="0" index="0" bw="4" slack="1"/>
<pin id="2188" dir="1" index="1" bw="4" slack="1"/>
</pin_list>
<bind>
<opset="add_ln269 "/>
</bind>
</comp>

<comp id="2191" class="1005" name="ctx_addr_3_reg_2191">
<pin_list>
<pin id="2192" dir="0" index="0" bw="7" slack="1"/>
<pin id="2193" dir="1" index="1" bw="7" slack="1"/>
</pin_list>
<bind>
<opset="ctx_addr_3 "/>
</bind>
</comp>

<comp id="2196" class="1005" name="ctx_addr_5_reg_2196">
<pin_list>
<pin id="2197" dir="0" index="0" bw="7" slack="1"/>
<pin id="2198" dir="1" index="1" bw="7" slack="1"/>
</pin_list>
<bind>
<opset="ctx_addr_5 "/>
</bind>
</comp>

<comp id="2201" class="1005" name="rcon_1_reg_2201">
<pin_list>
<pin id="2202" dir="0" index="0" bw="8" slack="0"/>
<pin id="2203" dir="1" index="1" bw="8" slack="0"/>
</pin_list>
<bind>
<opset="rcon_1 "/>
</bind>
</comp>

<comp id="2208" class="1005" name="buf_addr_1_reg_2208">
<pin_list>
<pin id="2209" dir="0" index="0" bw="4" slack="8"/>
<pin id="2210" dir="1" index="1" bw="4" slack="8"/>
</pin_list>
<bind>
<opset="buf_addr_1 "/>
</bind>
</comp>

<comp id="2214" class="1005" name="buf_addr_2_reg_2214">
<pin_list>
<pin id="2215" dir="0" index="0" bw="4" slack="4"/>
<pin id="2216" dir="1" index="1" bw="4" slack="4"/>
</pin_list>
<bind>
<opset="buf_addr_2 "/>
</bind>
</comp>

<comp id="2220" class="1005" name="buf_addr_3_reg_2220">
<pin_list>
<pin id="2221" dir="0" index="0" bw="4" slack="7"/>
<pin id="2222" dir="1" index="1" bw="4" slack="7"/>
</pin_list>
<bind>
<opset="buf_addr_3 "/>
</bind>
</comp>

<comp id="2226" class="1005" name="buf_addr_4_reg_2226">
<pin_list>
<pin id="2227" dir="0" index="0" bw="4" slack="5"/>
<pin id="2228" dir="1" index="1" bw="4" slack="5"/>
</pin_list>
<bind>
<opset="buf_addr_4 "/>
</bind>
</comp>

<comp id="2232" class="1005" name="buf_addr_5_reg_2232">
<pin_list>
<pin id="2233" dir="0" index="0" bw="4" slack="6"/>
<pin id="2234" dir="1" index="1" bw="4" slack="6"/>
</pin_list>
<bind>
<opset="buf_addr_5 "/>
</bind>
</comp>

<comp id="2238" class="1005" name="buf_addr_6_reg_2238">
<pin_list>
<pin id="2239" dir="0" index="0" bw="4" slack="10"/>
<pin id="2240" dir="1" index="1" bw="4" slack="10"/>
</pin_list>
<bind>
<opset="buf_addr_6 "/>
</bind>
</comp>

<comp id="2244" class="1005" name="buf_addr_7_reg_2244">
<pin_list>
<pin id="2245" dir="0" index="0" bw="4" slack="12"/>
<pin id="2246" dir="1" index="1" bw="4" slack="12"/>
</pin_list>
<bind>
<opset="buf_addr_7 "/>
</bind>
</comp>

<comp id="2250" class="1005" name="buf_addr_8_reg_2250">
<pin_list>
<pin id="2251" dir="0" index="0" bw="4" slack="9"/>
<pin id="2252" dir="1" index="1" bw="4" slack="9"/>
</pin_list>
<bind>
<opset="buf_addr_8 "/>
</bind>
</comp>

<comp id="2256" class="1005" name="buf_addr_9_reg_2256">
<pin_list>
<pin id="2257" dir="0" index="0" bw="4" slack="11"/>
<pin id="2258" dir="1" index="1" bw="4" slack="11"/>
</pin_list>
<bind>
<opset="buf_addr_9 "/>
</bind>
</comp>

<comp id="2262" class="1005" name="buf_addr_10_reg_2262">
<pin_list>
<pin id="2263" dir="0" index="0" bw="4" slack="11"/>
<pin id="2264" dir="1" index="1" bw="4" slack="11"/>
</pin_list>
<bind>
<opset="buf_addr_10 "/>
</bind>
</comp>

<comp id="2267" class="1005" name="buf_addr_11_reg_2267">
<pin_list>
<pin id="2268" dir="0" index="0" bw="4" slack="9"/>
<pin id="2269" dir="1" index="1" bw="4" slack="9"/>
</pin_list>
<bind>
<opset="buf_addr_11 "/>
</bind>
</comp>

<comp id="2273" class="1005" name="buf_addr_12_reg_2273">
<pin_list>
<pin id="2274" dir="0" index="0" bw="4" slack="10"/>
<pin id="2275" dir="1" index="1" bw="4" slack="10"/>
</pin_list>
<bind>
<opset="buf_addr_12 "/>
</bind>
</comp>

<comp id="2279" class="1005" name="buf_addr_14_reg_2279">
<pin_list>
<pin id="2280" dir="0" index="0" bw="4" slack="6"/>
<pin id="2281" dir="1" index="1" bw="4" slack="6"/>
</pin_list>
<bind>
<opset="buf_addr_14 "/>
</bind>
</comp>

<comp id="2285" class="1005" name="buf_addr_16_reg_2285">
<pin_list>
<pin id="2286" dir="0" index="0" bw="4" slack="7"/>
<pin id="2287" dir="1" index="1" bw="4" slack="7"/>
</pin_list>
<bind>
<opset="buf_addr_16 "/>
</bind>
</comp>

<comp id="2291" class="1005" name="buf_addr_17_reg_2291">
<pin_list>
<pin id="2292" dir="0" index="0" bw="4" slack="8"/>
<pin id="2293" dir="1" index="1" bw="4" slack="8"/>
</pin_list>
<bind>
<opset="buf_addr_17 "/>
</bind>
</comp>

<comp id="2297" class="1005" name="buf_addr_18_reg_2297">
<pin_list>
<pin id="2298" dir="0" index="0" bw="4" slack="5"/>
<pin id="2299" dir="1" index="1" bw="4" slack="5"/>
</pin_list>
<bind>
<opset="buf_addr_18 "/>
</bind>
</comp>

<comp id="2303" class="1005" name="ctx_addr_7_reg_2303">
<pin_list>
<pin id="2304" dir="0" index="0" bw="7" slack="40"/>
<pin id="2305" dir="1" index="1" bw="7" slack="40"/>
</pin_list>
<bind>
<opset="ctx_addr_7 "/>
</bind>
</comp>

<comp id="2308" class="1005" name="ctx_addr_8_reg_2308">
<pin_list>
<pin id="2309" dir="0" index="0" bw="7" slack="41"/>
<pin id="2310" dir="1" index="1" bw="7" slack="41"/>
</pin_list>
<bind>
<opset="ctx_addr_8 "/>
</bind>
</comp>

<comp id="2313" class="1005" name="ctx_addr_9_reg_2313">
<pin_list>
<pin id="2314" dir="0" index="0" bw="7" slack="41"/>
<pin id="2315" dir="1" index="1" bw="7" slack="41"/>
</pin_list>
<bind>
<opset="ctx_addr_9 "/>
</bind>
</comp>

<comp id="2318" class="1005" name="ctx_addr_10_reg_2318">
<pin_list>
<pin id="2319" dir="0" index="0" bw="7" slack="42"/>
<pin id="2320" dir="1" index="1" bw="7" slack="42"/>
</pin_list>
<bind>
<opset="ctx_addr_10 "/>
</bind>
</comp>

<comp id="2323" class="1005" name="ctx_addr_11_reg_2323">
<pin_list>
<pin id="2324" dir="0" index="0" bw="7" slack="42"/>
<pin id="2325" dir="1" index="1" bw="7" slack="42"/>
</pin_list>
<bind>
<opset="ctx_addr_11 "/>
</bind>
</comp>

<comp id="2328" class="1005" name="ctx_addr_12_reg_2328">
<pin_list>
<pin id="2329" dir="0" index="0" bw="7" slack="43"/>
<pin id="2330" dir="1" index="1" bw="7" slack="43"/>
</pin_list>
<bind>
<opset="ctx_addr_12 "/>
</bind>
</comp>

<comp id="2333" class="1005" name="ctx_addr_13_reg_2333">
<pin_list>
<pin id="2334" dir="0" index="0" bw="7" slack="43"/>
<pin id="2335" dir="1" index="1" bw="7" slack="43"/>
</pin_list>
<bind>
<opset="ctx_addr_13 "/>
</bind>
</comp>

<comp id="2338" class="1005" name="ctx_addr_14_reg_2338">
<pin_list>
<pin id="2339" dir="0" index="0" bw="7" slack="44"/>
<pin id="2340" dir="1" index="1" bw="7" slack="44"/>
</pin_list>
<bind>
<opset="ctx_addr_14 "/>
</bind>
</comp>

<comp id="2343" class="1005" name="ctx_addr_15_reg_2343">
<pin_list>
<pin id="2344" dir="0" index="0" bw="7" slack="44"/>
<pin id="2345" dir="1" index="1" bw="7" slack="44"/>
</pin_list>
<bind>
<opset="ctx_addr_15 "/>
</bind>
</comp>

<comp id="2348" class="1005" name="ctx_addr_16_reg_2348">
<pin_list>
<pin id="2349" dir="0" index="0" bw="7" slack="40"/>
<pin id="2350" dir="1" index="1" bw="7" slack="40"/>
</pin_list>
<bind>
<opset="ctx_addr_16 "/>
</bind>
</comp>

<comp id="2353" class="1005" name="ctx_addr_17_reg_2353">
<pin_list>
<pin id="2354" dir="0" index="0" bw="7" slack="39"/>
<pin id="2355" dir="1" index="1" bw="7" slack="39"/>
</pin_list>
<bind>
<opset="ctx_addr_17 "/>
</bind>
</comp>

<comp id="2358" class="1005" name="ctx_addr_18_reg_2358">
<pin_list>
<pin id="2359" dir="0" index="0" bw="7" slack="39"/>
<pin id="2360" dir="1" index="1" bw="7" slack="39"/>
</pin_list>
<bind>
<opset="ctx_addr_18 "/>
</bind>
</comp>

<comp id="2363" class="1005" name="ctx_addr_19_reg_2363">
<pin_list>
<pin id="2364" dir="0" index="0" bw="7" slack="38"/>
<pin id="2365" dir="1" index="1" bw="7" slack="38"/>
</pin_list>
<bind>
<opset="ctx_addr_19 "/>
</bind>
</comp>

<comp id="2368" class="1005" name="ctx_addr_20_reg_2368">
<pin_list>
<pin id="2369" dir="0" index="0" bw="7" slack="38"/>
<pin id="2370" dir="1" index="1" bw="7" slack="38"/>
</pin_list>
<bind>
<opset="ctx_addr_20 "/>
</bind>
</comp>

<comp id="2373" class="1005" name="ctx_addr_21_reg_2373">
<pin_list>
<pin id="2374" dir="0" index="0" bw="7" slack="37"/>
<pin id="2375" dir="1" index="1" bw="7" slack="37"/>
</pin_list>
<bind>
<opset="ctx_addr_21 "/>
</bind>
</comp>

<comp id="2378" class="1005" name="ctx_addr_22_reg_2378">
<pin_list>
<pin id="2379" dir="0" index="0" bw="7" slack="37"/>
<pin id="2380" dir="1" index="1" bw="7" slack="37"/>
</pin_list>
<bind>
<opset="ctx_addr_22 "/>
</bind>
</comp>

<comp id="2383" class="1005" name="ctx_addr_23_reg_2383">
<pin_list>
<pin id="2384" dir="0" index="0" bw="7" slack="1"/>
<pin id="2385" dir="1" index="1" bw="7" slack="1"/>
</pin_list>
<bind>
<opset="ctx_addr_23 "/>
</bind>
</comp>

<comp id="2388" class="1005" name="ctx_addr_24_reg_2388">
<pin_list>
<pin id="2389" dir="0" index="0" bw="7" slack="2"/>
<pin id="2390" dir="1" index="1" bw="7" slack="2"/>
</pin_list>
<bind>
<opset="ctx_addr_24 "/>
</bind>
</comp>

<comp id="2393" class="1005" name="ctx_addr_25_reg_2393">
<pin_list>
<pin id="2394" dir="0" index="0" bw="7" slack="2"/>
<pin id="2395" dir="1" index="1" bw="7" slack="2"/>
</pin_list>
<bind>
<opset="ctx_addr_25 "/>
</bind>
</comp>

<comp id="2398" class="1005" name="ctx_addr_26_reg_2398">
<pin_list>
<pin id="2399" dir="0" index="0" bw="7" slack="3"/>
<pin id="2400" dir="1" index="1" bw="7" slack="3"/>
</pin_list>
<bind>
<opset="ctx_addr_26 "/>
</bind>
</comp>

<comp id="2403" class="1005" name="ctx_addr_27_reg_2403">
<pin_list>
<pin id="2404" dir="0" index="0" bw="7" slack="3"/>
<pin id="2405" dir="1" index="1" bw="7" slack="3"/>
</pin_list>
<bind>
<opset="ctx_addr_27 "/>
</bind>
</comp>

<comp id="2408" class="1005" name="ctx_addr_28_reg_2408">
<pin_list>
<pin id="2409" dir="0" index="0" bw="7" slack="4"/>
<pin id="2410" dir="1" index="1" bw="7" slack="4"/>
</pin_list>
<bind>
<opset="ctx_addr_28 "/>
</bind>
</comp>

<comp id="2413" class="1005" name="ctx_addr_29_reg_2413">
<pin_list>
<pin id="2414" dir="0" index="0" bw="7" slack="4"/>
<pin id="2415" dir="1" index="1" bw="7" slack="4"/>
</pin_list>
<bind>
<opset="ctx_addr_29 "/>
</bind>
</comp>

<comp id="2418" class="1005" name="ctx_addr_30_reg_2418">
<pin_list>
<pin id="2419" dir="0" index="0" bw="7" slack="5"/>
<pin id="2420" dir="1" index="1" bw="7" slack="5"/>
</pin_list>
<bind>
<opset="ctx_addr_30 "/>
</bind>
</comp>

<comp id="2423" class="1005" name="ctx_addr_31_reg_2423">
<pin_list>
<pin id="2424" dir="0" index="0" bw="7" slack="5"/>
<pin id="2425" dir="1" index="1" bw="7" slack="5"/>
</pin_list>
<bind>
<opset="ctx_addr_31 "/>
</bind>
</comp>

<comp id="2428" class="1005" name="ctx_addr_32_reg_2428">
<pin_list>
<pin id="2429" dir="0" index="0" bw="7" slack="6"/>
<pin id="2430" dir="1" index="1" bw="7" slack="6"/>
</pin_list>
<bind>
<opset="ctx_addr_32 "/>
</bind>
</comp>

<comp id="2433" class="1005" name="ctx_addr_33_reg_2433">
<pin_list>
<pin id="2434" dir="0" index="0" bw="7" slack="6"/>
<pin id="2435" dir="1" index="1" bw="7" slack="6"/>
</pin_list>
<bind>
<opset="ctx_addr_33 "/>
</bind>
</comp>

<comp id="2438" class="1005" name="ctx_addr_34_reg_2438">
<pin_list>
<pin id="2439" dir="0" index="0" bw="7" slack="7"/>
<pin id="2440" dir="1" index="1" bw="7" slack="7"/>
</pin_list>
<bind>
<opset="ctx_addr_34 "/>
</bind>
</comp>

<comp id="2443" class="1005" name="ctx_addr_35_reg_2443">
<pin_list>
<pin id="2444" dir="0" index="0" bw="7" slack="7"/>
<pin id="2445" dir="1" index="1" bw="7" slack="7"/>
</pin_list>
<bind>
<opset="ctx_addr_35 "/>
</bind>
</comp>

<comp id="2448" class="1005" name="ctx_addr_36_reg_2448">
<pin_list>
<pin id="2449" dir="0" index="0" bw="7" slack="8"/>
<pin id="2450" dir="1" index="1" bw="7" slack="8"/>
</pin_list>
<bind>
<opset="ctx_addr_36 "/>
</bind>
</comp>

<comp id="2453" class="1005" name="ctx_addr_37_reg_2453">
<pin_list>
<pin id="2454" dir="0" index="0" bw="7" slack="8"/>
<pin id="2455" dir="1" index="1" bw="7" slack="8"/>
</pin_list>
<bind>
<opset="ctx_addr_37 "/>
</bind>
</comp>

<comp id="2458" class="1005" name="ctx_addr_38_reg_2458">
<pin_list>
<pin id="2459" dir="0" index="0" bw="7" slack="1"/>
<pin id="2460" dir="1" index="1" bw="7" slack="1"/>
</pin_list>
<bind>
<opset="ctx_addr_38 "/>
</bind>
</comp>

<comp id="2463" class="1005" name="icmp_ln338_reg_2463">
<pin_list>
<pin id="2464" dir="0" index="0" bw="1" slack="1"/>
<pin id="2465" dir="1" index="1" bw="1" slack="2147483647"/>
</pin_list>
<bind>
<opset="icmp_ln338 "/>
</bind>
</comp>

<comp id="2467" class="1005" name="trunc_ln343_reg_2467">
<pin_list>
<pin id="2468" dir="0" index="0" bw="1" slack="1"/>
<pin id="2469" dir="1" index="1" bw="1" slack="2147483647"/>
</pin_list>
<bind>
<opset="trunc_ln343 "/>
</bind>
</comp>

<comp id="2471" class="1005" name="ctx_load_21_reg_2471">
<pin_list>
<pin id="2472" dir="0" index="0" bw="8" slack="30"/>
<pin id="2473" dir="1" index="1" bw="8" slack="30"/>
</pin_list>
<bind>
<opset="ctx_load_21 "/>
</bind>
</comp>

<comp id="2476" class="1005" name="ctx_load_22_reg_2476">
<pin_list>
<pin id="2477" dir="0" index="0" bw="8" slack="29"/>
<pin id="2478" dir="1" index="1" bw="8" slack="29"/>
</pin_list>
<bind>
<opset="ctx_load_22 "/>
</bind>
</comp>

<comp id="2481" class="1005" name="ctx_load_23_reg_2481">
<pin_list>
<pin id="2482" dir="0" index="0" bw="8" slack="28"/>
<pin id="2483" dir="1" index="1" bw="8" slack="28"/>
</pin_list>
<bind>
<opset="ctx_load_23 "/>
</bind>
</comp>

<comp id="2486" class="1005" name="ctx_load_24_reg_2486">
<pin_list>
<pin id="2487" dir="0" index="0" bw="8" slack="25"/>
<pin id="2488" dir="1" index="1" bw="8" slack="25"/>
</pin_list>
<bind>
<opset="ctx_load_24 "/>
</bind>
</comp>

<comp id="2491" class="1005" name="ctx_load_25_reg_2491">
<pin_list>
<pin id="2492" dir="0" index="0" bw="8" slack="29"/>
<pin id="2493" dir="1" index="1" bw="8" slack="29"/>
</pin_list>
<bind>
<opset="ctx_load_25 "/>
</bind>
</comp>

<comp id="2496" class="1005" name="sbox_addr_11_reg_2496">
<pin_list>
<pin id="2497" dir="0" index="0" bw="8" slack="1"/>
<pin id="2498" dir="1" index="1" bw="8" slack="1"/>
</pin_list>
<bind>
<opset="sbox_addr_11 "/>
</bind>
</comp>

<comp id="2501" class="1005" name="ctx_load_26_reg_2501">
<pin_list>
<pin id="2502" dir="0" index="0" bw="8" slack="28"/>
<pin id="2503" dir="1" index="1" bw="8" slack="28"/>
</pin_list>
<bind>
<opset="ctx_load_26 "/>
</bind>
</comp>

<comp id="2506" class="1005" name="ctx_load_27_reg_2506">
<pin_list>
<pin id="2507" dir="0" index="0" bw="8" slack="26"/>
<pin id="2508" dir="1" index="1" bw="8" slack="26"/>
</pin_list>
<bind>
<opset="ctx_load_27 "/>
</bind>
</comp>

<comp id="2511" class="1005" name="sbox_addr_16_reg_2511">
<pin_list>
<pin id="2512" dir="0" index="0" bw="8" slack="1"/>
<pin id="2513" dir="1" index="1" bw="8" slack="1"/>
</pin_list>
<bind>
<opset="sbox_addr_16 "/>
</bind>
</comp>

<comp id="2516" class="1005" name="ctx_load_28_reg_2516">
<pin_list>
<pin id="2517" dir="0" index="0" bw="8" slack="24"/>
<pin id="2518" dir="1" index="1" bw="8" slack="24"/>
</pin_list>
<bind>
<opset="ctx_load_28 "/>
</bind>
</comp>

<comp id="2521" class="1005" name="ctx_load_29_reg_2521">
<pin_list>
<pin id="2522" dir="0" index="0" bw="8" slack="28"/>
<pin id="2523" dir="1" index="1" bw="8" slack="28"/>
</pin_list>
<bind>
<opset="ctx_load_29 "/>
</bind>
</comp>

<comp id="2526" class="1005" name="sbox_addr_3_reg_2526">
<pin_list>
<pin id="2527" dir="0" index="0" bw="8" slack="1"/>
<pin id="2528" dir="1" index="1" bw="8" slack="1"/>
</pin_list>
<bind>
<opset="sbox_addr_3 "/>
</bind>
</comp>

<comp id="2531" class="1005" name="ctx_load_30_reg_2531">
<pin_list>
<pin id="2532" dir="0" index="0" bw="8" slack="27"/>
<pin id="2533" dir="1" index="1" bw="8" slack="27"/>
</pin_list>
<bind>
<opset="ctx_load_30 "/>
</bind>
</comp>

<comp id="2536" class="1005" name="ctx_load_31_reg_2536">
<pin_list>
<pin id="2537" dir="0" index="0" bw="8" slack="14"/>
<pin id="2538" dir="1" index="1" bw="8" slack="14"/>
</pin_list>
<bind>
<opset="ctx_load_31 "/>
</bind>
</comp>

<comp id="2541" class="1005" name="sbox_addr_4_reg_2541">
<pin_list>
<pin id="2542" dir="0" index="0" bw="8" slack="1"/>
<pin id="2543" dir="1" index="1" bw="8" slack="1"/>
</pin_list>
<bind>
<opset="sbox_addr_4 "/>
</bind>
</comp>

<comp id="2546" class="1005" name="ctx_load_32_reg_2546">
<pin_list>
<pin id="2547" dir="0" index="0" bw="8" slack="13"/>
<pin id="2548" dir="1" index="1" bw="8" slack="13"/>
</pin_list>
<bind>
<opset="ctx_load_32 "/>
</bind>
</comp>

<comp id="2551" class="1005" name="ctx_load_33_reg_2551">
<pin_list>
<pin id="2552" dir="0" index="0" bw="8" slack="14"/>
<pin id="2553" dir="1" index="1" bw="8" slack="14"/>
</pin_list>
<bind>
<opset="ctx_load_33 "/>
</bind>
</comp>

<comp id="2556" class="1005" name="sbox_addr_6_reg_2556">
<pin_list>
<pin id="2557" dir="0" index="0" bw="8" slack="1"/>
<pin id="2558" dir="1" index="1" bw="8" slack="1"/>
</pin_list>
<bind>
<opset="sbox_addr_6 "/>
</bind>
</comp>

<comp id="2561" class="1005" name="sbox_load_3_reg_2561">
<pin_list>
<pin id="2562" dir="0" index="0" bw="8" slack="11"/>
<pin id="2563" dir="1" index="1" bw="8" slack="11"/>
</pin_list>
<bind>
<opset="sbox_load_3 "/>
</bind>
</comp>

<comp id="2568" class="1005" name="sbox_addr_7_reg_2568">
<pin_list>
<pin id="2569" dir="0" index="0" bw="8" slack="1"/>
<pin id="2570" dir="1" index="1" bw="8" slack="1"/>
</pin_list>
<bind>
<opset="sbox_addr_7 "/>
</bind>
</comp>

<comp id="2573" class="1005" name="sbox_load_4_reg_2573">
<pin_list>
<pin id="2574" dir="0" index="0" bw="8" slack="9"/>
<pin id="2575" dir="1" index="1" bw="8" slack="9"/>
</pin_list>
<bind>
<opset="sbox_load_4 "/>
</bind>
</comp>

<comp id="2580" class="1005" name="sbox_addr_8_reg_2580">
<pin_list>
<pin id="2581" dir="0" index="0" bw="8" slack="1"/>
<pin id="2582" dir="1" index="1" bw="8" slack="1"/>
</pin_list>
<bind>
<opset="sbox_addr_8 "/>
</bind>
</comp>

<comp id="2585" class="1005" name="sbox_addr_12_reg_2585">
<pin_list>
<pin id="2586" dir="0" index="0" bw="8" slack="1"/>
<pin id="2587" dir="1" index="1" bw="8" slack="1"/>
</pin_list>
<bind>
<opset="sbox_addr_12 "/>
</bind>
</comp>

<comp id="2590" class="1005" name="sbox_load_7_reg_2590">
<pin_list>
<pin id="2591" dir="0" index="0" bw="8" slack="10"/>
<pin id="2592" dir="1" index="1" bw="8" slack="10"/>
</pin_list>
<bind>
<opset="sbox_load_7 "/>
</bind>
</comp>

<comp id="2597" class="1005" name="sbox_addr_15_reg_2597">
<pin_list>
<pin id="2598" dir="0" index="0" bw="8" slack="1"/>
<pin id="2599" dir="1" index="1" bw="8" slack="1"/>
</pin_list>
<bind>
<opset="sbox_addr_15 "/>
</bind>
</comp>

<comp id="2602" class="1005" name="sbox_addr_1_reg_2602">
<pin_list>
<pin id="2603" dir="0" index="0" bw="8" slack="1"/>
<pin id="2604" dir="1" index="1" bw="8" slack="1"/>
</pin_list>
<bind>
<opset="sbox_addr_1 "/>
</bind>
</comp>

<comp id="2607" class="1005" name="sbox_load_8_reg_2607">
<pin_list>
<pin id="2608" dir="0" index="0" bw="8" slack="7"/>
<pin id="2609" dir="1" index="1" bw="8" slack="7"/>
</pin_list>
<bind>
<opset="sbox_load_8 "/>
</bind>
</comp>

<comp id="2614" class="1005" name="sbox_addr_2_reg_2614">
<pin_list>
<pin id="2615" dir="0" index="0" bw="8" slack="1"/>
<pin id="2616" dir="1" index="1" bw="8" slack="1"/>
</pin_list>
<bind>
<opset="sbox_addr_2 "/>
</bind>
</comp>

<comp id="2619" class="1005" name="sbox_load_12_reg_2619">
<pin_list>
<pin id="2620" dir="0" index="0" bw="8" slack="8"/>
<pin id="2621" dir="1" index="1" bw="8" slack="8"/>
</pin_list>
<bind>
<opset="sbox_load_12 "/>
</bind>
</comp>

<comp id="2626" class="1005" name="sbox_addr_10_reg_2626">
<pin_list>
<pin id="2627" dir="0" index="0" bw="8" slack="1"/>
<pin id="2628" dir="1" index="1" bw="8" slack="1"/>
</pin_list>
<bind>
<opset="sbox_addr_10 "/>
</bind>
</comp>

<comp id="2631" class="1005" name="i_5_reg_2631">
<pin_list>
<pin id="2632" dir="0" index="0" bw="8" slack="4"/>
<pin id="2633" dir="1" index="1" bw="8" slack="4"/>
</pin_list>
<bind>
<opset="i_5 "/>
</bind>
</comp>

<comp id="2638" class="1005" name="sbox_addr_14_reg_2638">
<pin_list>
<pin id="2639" dir="0" index="0" bw="8" slack="1"/>
<pin id="2640" dir="1" index="1" bw="8" slack="1"/>
</pin_list>
<bind>
<opset="sbox_addr_14 "/>
</bind>
</comp>

<comp id="2643" class="1005" name="xor_ln293_1_reg_2643">
<pin_list>
<pin id="2644" dir="0" index="0" bw="8" slack="1"/>
<pin id="2645" dir="1" index="1" bw="8" slack="1"/>
</pin_list>
<bind>
<opset="xor_ln293_1 "/>
</bind>
</comp>

<comp id="2649" class="1005" name="sbox_addr_5_reg_2649">
<pin_list>
<pin id="2650" dir="0" index="0" bw="8" slack="1"/>
<pin id="2651" dir="1" index="1" bw="8" slack="1"/>
</pin_list>
<bind>
<opset="sbox_addr_5 "/>
</bind>
</comp>

<comp id="2654" class="1005" name="xor_ln293_2_reg_2654">
<pin_list>
<pin id="2655" dir="0" index="0" bw="8" slack="1"/>
<pin id="2656" dir="1" index="1" bw="8" slack="1"/>
</pin_list>
<bind>
<opset="xor_ln293_2 "/>
</bind>
</comp>

<comp id="2660" class="1005" name="xor_ln294_2_reg_2660">
<pin_list>
<pin id="2661" dir="0" index="0" bw="8" slack="1"/>
<pin id="2662" dir="1" index="1" bw="8" slack="1"/>
</pin_list>
<bind>
<opset="xor_ln294_2 "/>
</bind>
</comp>

<comp id="2666" class="1005" name="xor_ln295_reg_2666">
<pin_list>
<pin id="2667" dir="0" index="0" bw="8" slack="1"/>
<pin id="2668" dir="1" index="1" bw="8" slack="1"/>
</pin_list>
<bind>
<opset="xor_ln295 "/>
</bind>
</comp>

<comp id="2672" class="1005" name="sbox_addr_9_reg_2672">
<pin_list>
<pin id="2673" dir="0" index="0" bw="8" slack="1"/>
<pin id="2674" dir="1" index="1" bw="8" slack="1"/>
</pin_list>
<bind>
<opset="sbox_addr_9 "/>
</bind>
</comp>

<comp id="2677" class="1005" name="xor_ln294_1_reg_2677">
<pin_list>
<pin id="2678" dir="0" index="0" bw="8" slack="1"/>
<pin id="2679" dir="1" index="1" bw="8" slack="1"/>
</pin_list>
<bind>
<opset="xor_ln294_1 "/>
</bind>
</comp>

<comp id="2683" class="1005" name="xor_ln294_4_reg_2683">
<pin_list>
<pin id="2684" dir="0" index="0" bw="8" slack="2"/>
<pin id="2685" dir="1" index="1" bw="8" slack="2"/>
</pin_list>
<bind>
<opset="xor_ln294_4 "/>
</bind>
</comp>

<comp id="2689" class="1005" name="xor_ln295_2_reg_2689">
<pin_list>
<pin id="2690" dir="0" index="0" bw="8" slack="1"/>
<pin id="2691" dir="1" index="1" bw="8" slack="1"/>
</pin_list>
<bind>
<opset="xor_ln295_2 "/>
</bind>
</comp>

<comp id="2695" class="1005" name="xor_ln295_3_reg_2695">
<pin_list>
<pin id="2696" dir="0" index="0" bw="8" slack="1"/>
<pin id="2697" dir="1" index="1" bw="8" slack="1"/>
</pin_list>
<bind>
<opset="xor_ln295_3 "/>
</bind>
</comp>

<comp id="2701" class="1005" name="sbox_addr_13_reg_2701">
<pin_list>
<pin id="2702" dir="0" index="0" bw="8" slack="1"/>
<pin id="2703" dir="1" index="1" bw="8" slack="1"/>
</pin_list>
<bind>
<opset="sbox_addr_13 "/>
</bind>
</comp>

<comp id="2706" class="1005" name="xor_ln295_4_reg_2706">
<pin_list>
<pin id="2707" dir="0" index="0" bw="8" slack="1"/>
<pin id="2708" dir="1" index="1" bw="8" slack="1"/>
</pin_list>
<bind>
<opset="xor_ln295_4 "/>
</bind>
</comp>

<comp id="2712" class="1005" name="xor_ln293_9_reg_2712">
<pin_list>
<pin id="2713" dir="0" index="0" bw="8" slack="1"/>
<pin id="2714" dir="1" index="1" bw="8" slack="1"/>
</pin_list>
<bind>
<opset="xor_ln293_9 "/>
</bind>
</comp>

<comp id="2720" class="1005" name="xor_ln293_6_reg_2720">
<pin_list>
<pin id="2721" dir="0" index="0" bw="8" slack="1"/>
<pin id="2722" dir="1" index="1" bw="8" slack="1"/>
</pin_list>
<bind>
<opset="xor_ln293_6 "/>
</bind>
</comp>

<comp id="2728" class="1005" name="xor_ln293_10_reg_2728">
<pin_list>
<pin id="2729" dir="0" index="0" bw="8" slack="1"/>
<pin id="2730" dir="1" index="1" bw="8" slack="1"/>
</pin_list>
<bind>
<opset="xor_ln293_10 "/>
</bind>
</comp>

<comp id="2734" class="1005" name="xor_ln261_29_reg_2734">
<pin_list>
<pin id="2735" dir="0" index="0" bw="8" slack="1"/>
<pin id="2736" dir="1" index="1" bw="8" slack="1"/>
</pin_list>
<bind>
<opset="xor_ln261_29 "/>
</bind>
</comp>

<comp id="2739" class="1005" name="xor_ln261_30_reg_2739">
<pin_list>
<pin id="2740" dir="0" index="0" bw="8" slack="1"/>
<pin id="2741" dir="1" index="1" bw="8" slack="1"/>
</pin_list>
<bind>
<opset="xor_ln261_30 "/>
</bind>
</comp>

<comp id="2744" class="1005" name="xor_ln293_7_reg_2744">
<pin_list>
<pin id="2745" dir="0" index="0" bw="8" slack="1"/>
<pin id="2746" dir="1" index="1" bw="8" slack="1"/>
</pin_list>
<bind>
<opset="xor_ln293_7 "/>
</bind>
</comp>

<comp id="2750" class="1005" name="xor_ln293_11_reg_2750">
<pin_list>
<pin id="2751" dir="0" index="0" bw="8" slack="1"/>
<pin id="2752" dir="1" index="1" bw="8" slack="1"/>
</pin_list>
<bind>
<opset="xor_ln293_11 "/>
</bind>
</comp>

<comp id="2756" class="1005" name="xor_ln294_17_reg_2756">
<pin_list>
<pin id="2757" dir="0" index="0" bw="8" slack="1"/>
<pin id="2758" dir="1" index="1" bw="8" slack="1"/>
</pin_list>
<bind>
<opset="xor_ln294_17 "/>
</bind>
</comp>

<comp id="2762" class="1005" name="xor_ln295_15_reg_2762">
<pin_list>
<pin id="2763" dir="0" index="0" bw="8" slack="1"/>
<pin id="2764" dir="1" index="1" bw="8" slack="1"/>
</pin_list>
<bind>
<opset="xor_ln295_15 "/>
</bind>
</comp>

<comp id="2768" class="1005" name="xor_ln295_18_reg_2768">
<pin_list>
<pin id="2769" dir="0" index="0" bw="8" slack="1"/>
<pin id="2770" dir="1" index="1" bw="8" slack="1"/>
</pin_list>
<bind>
<opset="xor_ln295_18 "/>
</bind>
</comp>

<comp id="2774" class="1005" name="xor_ln261_31_reg_2774">
<pin_list>
<pin id="2775" dir="0" index="0" bw="8" slack="1"/>
<pin id="2776" dir="1" index="1" bw="8" slack="1"/>
</pin_list>
<bind>
<opset="xor_ln261_31 "/>
</bind>
</comp>

<comp id="2779" class="1005" name="xor_ln293_3_reg_2779">
<pin_list>
<pin id="2780" dir="0" index="0" bw="8" slack="1"/>
<pin id="2781" dir="1" index="1" bw="8" slack="1"/>
</pin_list>
<bind>
<opset="xor_ln293_3 "/>
</bind>
</comp>

<comp id="2787" class="1005" name="xor_ln293_8_reg_2787">
<pin_list>
<pin id="2788" dir="0" index="0" bw="8" slack="1"/>
<pin id="2789" dir="1" index="1" bw="8" slack="1"/>
</pin_list>
<bind>
<opset="xor_ln293_8 "/>
</bind>
</comp>

<comp id="2793" class="1005" name="xor_ln294_12_reg_2793">
<pin_list>
<pin id="2794" dir="0" index="0" bw="8" slack="1"/>
<pin id="2795" dir="1" index="1" bw="8" slack="1"/>
</pin_list>
<bind>
<opset="xor_ln294_12 "/>
</bind>
</comp>

<comp id="2799" class="1005" name="xor_ln295_13_reg_2799">
<pin_list>
<pin id="2800" dir="0" index="0" bw="8" slack="1"/>
<pin id="2801" dir="1" index="1" bw="8" slack="1"/>
</pin_list>
<bind>
<opset="xor_ln295_13 "/>
</bind>
</comp>

<comp id="2805" class="1005" name="xor_ln294_16_reg_2805">
<pin_list>
<pin id="2806" dir="0" index="0" bw="8" slack="6"/>
<pin id="2807" dir="1" index="1" bw="8" slack="6"/>
</pin_list>
<bind>
<opset="xor_ln294_16 "/>
</bind>
</comp>

<comp id="2811" class="1005" name="xor_ln294_19_reg_2811">
<pin_list>
<pin id="2812" dir="0" index="0" bw="8" slack="6"/>
<pin id="2813" dir="1" index="1" bw="8" slack="6"/>
</pin_list>
<bind>
<opset="xor_ln294_19 "/>
</bind>
</comp>

<comp id="2817" class="1005" name="xor_ln295_17_reg_2817">
<pin_list>
<pin id="2818" dir="0" index="0" bw="8" slack="1"/>
<pin id="2819" dir="1" index="1" bw="8" slack="1"/>
</pin_list>
<bind>
<opset="xor_ln295_17 "/>
</bind>
</comp>

<comp id="2823" class="1005" name="xor_ln295_19_reg_2823">
<pin_list>
<pin id="2824" dir="0" index="0" bw="8" slack="1"/>
<pin id="2825" dir="1" index="1" bw="8" slack="1"/>
</pin_list>
<bind>
<opset="xor_ln295_19 "/>
</bind>
</comp>

<comp id="2829" class="1005" name="xor_ln293_4_reg_2829">
<pin_list>
<pin id="2830" dir="0" index="0" bw="8" slack="1"/>
<pin id="2831" dir="1" index="1" bw="8" slack="1"/>
</pin_list>
<bind>
<opset="xor_ln293_4 "/>
</bind>
</comp>

<comp id="2835" class="1005" name="xor_ln294_7_reg_2835">
<pin_list>
<pin id="2836" dir="0" index="0" bw="8" slack="2"/>
<pin id="2837" dir="1" index="1" bw="8" slack="2"/>
</pin_list>
<bind>
<opset="xor_ln294_7 "/>
</bind>
</comp>

<comp id="2841" class="1005" name="xor_ln295_5_reg_2841">
<pin_list>
<pin id="2842" dir="0" index="0" bw="8" slack="1"/>
<pin id="2843" dir="1" index="1" bw="8" slack="1"/>
</pin_list>
<bind>
<opset="xor_ln295_5 "/>
</bind>
</comp>

<comp id="2847" class="1005" name="xor_ln295_8_reg_2847">
<pin_list>
<pin id="2848" dir="0" index="0" bw="8" slack="1"/>
<pin id="2849" dir="1" index="1" bw="8" slack="1"/>
</pin_list>
<bind>
<opset="xor_ln295_8 "/>
</bind>
</comp>

<comp id="2853" class="1005" name="xor_ln294_11_reg_2853">
<pin_list>
<pin id="2854" dir="0" index="0" bw="8" slack="4"/>
<pin id="2855" dir="1" index="1" bw="8" slack="4"/>
</pin_list>
<bind>
<opset="xor_ln294_11 "/>
</bind>
</comp>

<comp id="2859" class="1005" name="xor_ln294_14_reg_2859">
<pin_list>
<pin id="2860" dir="0" index="0" bw="8" slack="4"/>
<pin id="2861" dir="1" index="1" bw="8" slack="4"/>
</pin_list>
<bind>
<opset="xor_ln294_14 "/>
</bind>
</comp>

<comp id="2865" class="1005" name="xor_ln295_12_reg_2865">
<pin_list>
<pin id="2866" dir="0" index="0" bw="8" slack="1"/>
<pin id="2867" dir="1" index="1" bw="8" slack="1"/>
</pin_list>
<bind>
<opset="xor_ln295_12 "/>
</bind>
</comp>

<comp id="2871" class="1005" name="xor_ln295_14_reg_2871">
<pin_list>
<pin id="2872" dir="0" index="0" bw="8" slack="1"/>
<pin id="2873" dir="1" index="1" bw="8" slack="1"/>
</pin_list>
<bind>
<opset="xor_ln295_14 "/>
</bind>
</comp>

<comp id="2877" class="1005" name="xor_ln293_5_reg_2877">
<pin_list>
<pin id="2878" dir="0" index="0" bw="8" slack="1"/>
<pin id="2879" dir="1" index="1" bw="8" slack="1"/>
</pin_list>
<bind>
<opset="xor_ln293_5 "/>
</bind>
</comp>

<comp id="2883" class="1005" name="xor_ln295_7_reg_2883">
<pin_list>
<pin id="2884" dir="0" index="0" bw="8" slack="1"/>
<pin id="2885" dir="1" index="1" bw="8" slack="1"/>
</pin_list>
<bind>
<opset="xor_ln295_7 "/>
</bind>
</comp>

<comp id="2889" class="1005" name="xor_ln295_9_reg_2889">
<pin_list>
<pin id="2890" dir="0" index="0" bw="8" slack="1"/>
<pin id="2891" dir="1" index="1" bw="8" slack="1"/>
</pin_list>
<bind>
<opset="xor_ln295_9 "/>
</bind>
</comp>

<comp id="2895" class="1005" name="xor_ln294_6_reg_2895">
<pin_list>
<pin id="2896" dir="0" index="0" bw="8" slack="1"/>
<pin id="2897" dir="1" index="1" bw="8" slack="1"/>
</pin_list>
<bind>
<opset="xor_ln294_6 "/>
</bind>
</comp>

<comp id="2901" class="1005" name="xor_ln294_9_reg_2901">
<pin_list>
<pin id="2902" dir="0" index="0" bw="8" slack="1"/>
<pin id="2903" dir="1" index="1" bw="8" slack="1"/>
</pin_list>
<bind>
<opset="xor_ln294_9 "/>
</bind>
</comp>

<comp id="2907" class="1005" name="xor_ln261_18_reg_2907">
<pin_list>
<pin id="2908" dir="0" index="0" bw="8" slack="1"/>
<pin id="2909" dir="1" index="1" bw="8" slack="1"/>
</pin_list>
<bind>
<opset="xor_ln261_18 "/>
</bind>
</comp>

<comp id="2912" class="1005" name="xor_ln261_22_reg_2912">
<pin_list>
<pin id="2913" dir="0" index="0" bw="8" slack="1"/>
<pin id="2914" dir="1" index="1" bw="8" slack="1"/>
</pin_list>
<bind>
<opset="xor_ln261_22 "/>
</bind>
</comp>

<comp id="2917" class="1005" name="xor_ln261_17_reg_2917">
<pin_list>
<pin id="2918" dir="0" index="0" bw="8" slack="1"/>
<pin id="2919" dir="1" index="1" bw="8" slack="1"/>
</pin_list>
<bind>
<opset="xor_ln261_17 "/>
</bind>
</comp>

<comp id="2922" class="1005" name="xor_ln261_26_reg_2922">
<pin_list>
<pin id="2923" dir="0" index="0" bw="8" slack="1"/>
<pin id="2924" dir="1" index="1" bw="8" slack="1"/>
</pin_list>
<bind>
<opset="xor_ln261_26 "/>
</bind>
</comp>

<comp id="2927" class="1005" name="xor_ln261_21_reg_2927">
<pin_list>
<pin id="2928" dir="0" index="0" bw="8" slack="1"/>
<pin id="2929" dir="1" index="1" bw="8" slack="1"/>
</pin_list>
<bind>
<opset="xor_ln261_21 "/>
</bind>
</comp>

<comp id="2932" class="1005" name="xor_ln261_25_reg_2932">
<pin_list>
<pin id="2933" dir="0" index="0" bw="8" slack="1"/>
<pin id="2934" dir="1" index="1" bw="8" slack="1"/>
</pin_list>
<bind>
<opset="xor_ln261_25 "/>
</bind>
</comp>

<comp id="2937" class="1005" name="xor_ln261_19_reg_2937">
<pin_list>
<pin id="2938" dir="0" index="0" bw="8" slack="1"/>
<pin id="2939" dir="1" index="1" bw="8" slack="1"/>
</pin_list>
<bind>
<opset="xor_ln261_19 "/>
</bind>
</comp>

<comp id="2942" class="1005" name="xor_ln261_20_reg_2942">
<pin_list>
<pin id="2943" dir="0" index="0" bw="8" slack="1"/>
<pin id="2944" dir="1" index="1" bw="8" slack="1"/>
</pin_list>
<bind>
<opset="xor_ln261_20 "/>
</bind>
</comp>

<comp id="2947" class="1005" name="xor_ln261_23_reg_2947">
<pin_list>
<pin id="2948" dir="0" index="0" bw="8" slack="1"/>
<pin id="2949" dir="1" index="1" bw="8" slack="1"/>
</pin_list>
<bind>
<opset="xor_ln261_23 "/>
</bind>
</comp>

<comp id="2952" class="1005" name="xor_ln261_24_reg_2952">
<pin_list>
<pin id="2953" dir="0" index="0" bw="8" slack="1"/>
<pin id="2954" dir="1" index="1" bw="8" slack="1"/>
</pin_list>
<bind>
<opset="xor_ln261_24 "/>
</bind>
</comp>

<comp id="2957" class="1005" name="xor_ln261_27_reg_2957">
<pin_list>
<pin id="2958" dir="0" index="0" bw="8" slack="1"/>
<pin id="2959" dir="1" index="1" bw="8" slack="1"/>
</pin_list>
<bind>
<opset="xor_ln261_27 "/>
</bind>
</comp>

<comp id="2962" class="1005" name="xor_ln261_28_reg_2962">
<pin_list>
<pin id="2963" dir="0" index="0" bw="8" slack="1"/>
<pin id="2964" dir="1" index="1" bw="8" slack="1"/>
</pin_list>
<bind>
<opset="xor_ln261_28 "/>
</bind>
</comp>

<comp id="2967" class="1005" name="buf_load_31_reg_2967">
<pin_list>
<pin id="2968" dir="0" index="0" bw="8" slack="9"/>
<pin id="2969" dir="1" index="1" bw="8" slack="9"/>
</pin_list>
<bind>
<opset="buf_load_31 "/>
</bind>
</comp>

<comp id="2972" class="1005" name="buf_load_35_reg_2972">
<pin_list>
<pin id="2973" dir="0" index="0" bw="8" slack="11"/>
<pin id="2974" dir="1" index="1" bw="8" slack="11"/>
</pin_list>
<bind>
<opset="buf_load_35 "/>
</bind>
</comp>

<comp id="2977" class="1005" name="xor_ln261_32_reg_2977">
<pin_list>
<pin id="2978" dir="0" index="0" bw="8" slack="5"/>
<pin id="2979" dir="1" index="1" bw="8" slack="5"/>
</pin_list>
<bind>
<opset="xor_ln261_32 "/>
</bind>
</comp>

<comp id="2982" class="1005" name="buf_load_29_reg_2982">
<pin_list>
<pin id="2983" dir="0" index="0" bw="8" slack="7"/>
<pin id="2984" dir="1" index="1" bw="8" slack="7"/>
</pin_list>
<bind>
<opset="buf_load_29 "/>
</bind>
</comp>

<comp id="2987" class="1005" name="buf_load_30_reg_2987">
<pin_list>
<pin id="2988" dir="0" index="0" bw="8" slack="7"/>
<pin id="2989" dir="1" index="1" bw="8" slack="7"/>
</pin_list>
<bind>
<opset="buf_load_30 "/>
</bind>
</comp>

<comp id="2992" class="1005" name="buf_load_33_reg_2992">
<pin_list>
<pin id="2993" dir="0" index="0" bw="8" slack="8"/>
<pin id="2994" dir="1" index="1" bw="8" slack="8"/>
</pin_list>
<bind>
<opset="buf_load_33 "/>
</bind>
</comp>

<comp id="2997" class="1005" name="buf_load_34_reg_2997">
<pin_list>
<pin id="2998" dir="0" index="0" bw="8" slack="8"/>
<pin id="2999" dir="1" index="1" bw="8" slack="8"/>
</pin_list>
<bind>
<opset="buf_load_34 "/>
</bind>
</comp>

<comp id="3002" class="1005" name="xor_ln261_15_reg_3002">
<pin_list>
<pin id="3003" dir="0" index="0" bw="8" slack="1"/>
<pin id="3004" dir="1" index="1" bw="8" slack="1"/>
</pin_list>
<bind>
<opset="xor_ln261_15 "/>
</bind>
</comp>

<comp id="3007" class="1005" name="xor_ln261_16_reg_3007">
<pin_list>
<pin id="3008" dir="0" index="0" bw="8" slack="2"/>
<pin id="3009" dir="1" index="1" bw="8" slack="2"/>
</pin_list>
<bind>
<opset="xor_ln261_16 "/>
</bind>
</comp>

<comp id="3012" class="1005" name="xor_ln261_14_reg_3012">
<pin_list>
<pin id="3013" dir="0" index="0" bw="8" slack="1"/>
<pin id="3014" dir="1" index="1" bw="8" slack="1"/>
</pin_list>
<bind>
<opset="xor_ln261_14 "/>
</bind>
</comp>

<comp id="3017" class="1005" name="xor_ln261_12_reg_3017">
<pin_list>
<pin id="3018" dir="0" index="0" bw="8" slack="1"/>
<pin id="3019" dir="1" index="1" bw="8" slack="1"/>
</pin_list>
<bind>
<opset="xor_ln261_12 "/>
</bind>
</comp>

<comp id="3022" class="1005" name="xor_ln261_13_reg_3022">
<pin_list>
<pin id="3023" dir="0" index="0" bw="8" slack="1"/>
<pin id="3024" dir="1" index="1" bw="8" slack="1"/>
</pin_list>
<bind>
<opset="xor_ln261_13 "/>
</bind>
</comp>

<comp id="3027" class="1005" name="xor_ln261_10_reg_3027">
<pin_list>
<pin id="3028" dir="0" index="0" bw="8" slack="1"/>
<pin id="3029" dir="1" index="1" bw="8" slack="1"/>
</pin_list>
<bind>
<opset="xor_ln261_10 "/>
</bind>
</comp>

<comp id="3032" class="1005" name="xor_ln261_11_reg_3032">
<pin_list>
<pin id="3033" dir="0" index="0" bw="8" slack="1"/>
<pin id="3034" dir="1" index="1" bw="8" slack="1"/>
</pin_list>
<bind>
<opset="xor_ln261_11 "/>
</bind>
</comp>

<comp id="3037" class="1005" name="add_ln338_reg_3037">
<pin_list>
<pin id="3038" dir="0" index="0" bw="4" slack="1"/>
<pin id="3039" dir="1" index="1" bw="4" slack="1"/>
</pin_list>
<bind>
<opset="add_ln338 "/>
</bind>
</comp>

<comp id="3042" class="1005" name="xor_ln261_1_reg_3042">
<pin_list>
<pin id="3043" dir="0" index="0" bw="8" slack="1"/>
<pin id="3044" dir="1" index="1" bw="8" slack="1"/>
</pin_list>
<bind>
<opset="xor_ln261_1 "/>
</bind>
</comp>

<comp id="3047" class="1005" name="xor_ln261_2_reg_3047">
<pin_list>
<pin id="3048" dir="0" index="0" bw="8" slack="1"/>
<pin id="3049" dir="1" index="1" bw="8" slack="1"/>
</pin_list>
<bind>
<opset="xor_ln261_2 "/>
</bind>
</comp>

<comp id="3052" class="1005" name="xor_ln261_3_reg_3052">
<pin_list>
<pin id="3053" dir="0" index="0" bw="8" slack="1"/>
<pin id="3054" dir="1" index="1" bw="8" slack="1"/>
</pin_list>
<bind>
<opset="xor_ln261_3 "/>
</bind>
</comp>

<comp id="3057" class="1005" name="xor_ln261_4_reg_3057">
<pin_list>
<pin id="3058" dir="0" index="0" bw="8" slack="1"/>
<pin id="3059" dir="1" index="1" bw="8" slack="1"/>
</pin_list>
<bind>
<opset="xor_ln261_4 "/>
</bind>
</comp>

<comp id="3062" class="1005" name="xor_ln261_5_reg_3062">
<pin_list>
<pin id="3063" dir="0" index="0" bw="8" slack="1"/>
<pin id="3064" dir="1" index="1" bw="8" slack="1"/>
</pin_list>
<bind>
<opset="xor_ln261_5 "/>
</bind>
</comp>

<comp id="3067" class="1005" name="xor_ln261_6_reg_3067">
<pin_list>
<pin id="3068" dir="0" index="0" bw="8" slack="1"/>
<pin id="3069" dir="1" index="1" bw="8" slack="1"/>
</pin_list>
<bind>
<opset="xor_ln261_6 "/>
</bind>
</comp>

<comp id="3072" class="1005" name="xor_ln261_7_reg_3072">
<pin_list>
<pin id="3073" dir="0" index="0" bw="8" slack="1"/>
<pin id="3074" dir="1" index="1" bw="8" slack="1"/>
</pin_list>
<bind>
<opset="xor_ln261_7 "/>
</bind>
</comp>

<comp id="3077" class="1005" name="xor_ln261_8_reg_3077">
<pin_list>
<pin id="3078" dir="0" index="0" bw="8" slack="1"/>
<pin id="3079" dir="1" index="1" bw="8" slack="1"/>
</pin_list>
<bind>
<opset="xor_ln261_8 "/>
</bind>
</comp>

<comp id="3082" class="1005" name="xor_ln261_9_reg_3082">
<pin_list>
<pin id="3083" dir="0" index="0" bw="8" slack="1"/>
<pin id="3084" dir="1" index="1" bw="8" slack="1"/>
</pin_list>
<bind>
<opset="xor_ln261_9 "/>
</bind>
</comp>

<comp id="3087" class="1005" name="add_ln253_reg_3087">
<pin_list>
<pin id="3088" dir="0" index="0" bw="4" slack="1"/>
<pin id="3089" dir="1" index="1" bw="4" slack="1"/>
</pin_list>
<bind>
<opset="add_ln253 "/>
</bind>
</comp>

<comp id="3092" class="1005" name="buf_addr_13_reg_3092">
<pin_list>
<pin id="3093" dir="0" index="0" bw="4" slack="1"/>
<pin id="3094" dir="1" index="1" bw="4" slack="1"/>
</pin_list>
<bind>
<opset="buf_addr_13 "/>
</bind>
</comp>

<comp id="3098" class="1005" name="icmp_ln253_reg_3098">
<pin_list>
<pin id="3099" dir="0" index="0" bw="1" slack="1"/>
<pin id="3100" dir="1" index="1" bw="1" slack="2147483647"/>
</pin_list>
<bind>
<opset="icmp_ln253 "/>
</bind>
</comp>

<comp id="3102" class="1005" name="sbox_addr_reg_3102">
<pin_list>
<pin id="3103" dir="0" index="0" bw="8" slack="1"/>
<pin id="3104" dir="1" index="1" bw="8" slack="1"/>
</pin_list>
<bind>
<opset="sbox_addr "/>
</bind>
</comp>

<comp id="3107" class="1005" name="add_ln261_reg_3107">
<pin_list>
<pin id="3108" dir="0" index="0" bw="4" slack="1"/>
<pin id="3109" dir="1" index="1" bw="4" slack="1"/>
</pin_list>
<bind>
<opset="add_ln261 "/>
</bind>
</comp>

<comp id="3112" class="1005" name="ctx_addr_6_reg_3112">
<pin_list>
<pin id="3113" dir="0" index="0" bw="7" slack="1"/>
<pin id="3114" dir="1" index="1" bw="7" slack="1"/>
</pin_list>
<bind>
<opset="ctx_addr_6 "/>
</bind>
</comp>

<comp id="3117" class="1005" name="buf_addr_15_reg_3117">
<pin_list>
<pin id="3118" dir="0" index="0" bw="4" slack="1"/>
<pin id="3119" dir="1" index="1" bw="4" slack="1"/>
</pin_list>
<bind>
<opset="buf_addr_15 "/>
</bind>
</comp>

<comp id="3123" class="1005" name="icmp_ln261_reg_3123">
<pin_list>
<pin id="3124" dir="0" index="0" bw="1" slack="1"/>
<pin id="3125" dir="1" index="1" bw="1" slack="2147483647"/>
</pin_list>
<bind>
<opset="icmp_ln261 "/>
</bind>
</comp>

</comp_list>

<net_list>
<net id="159"><net_src comp="34" pin="0"/><net_sink comp="156" pin=0"/></net>

<net id="165"><net_src comp="2" pin="0"/><net_sink comp="160" pin=0"/></net>

<net id="166"><net_src comp="30" pin="0"/><net_sink comp="160" pin=1"/></net>

<net id="172"><net_src comp="160" pin="3"/><net_sink comp="167" pin=0"/></net>

<net id="178"><net_src comp="0" pin="0"/><net_sink comp="173" pin=0"/></net>

<net id="179"><net_src comp="30" pin="0"/><net_sink comp="173" pin=1"/></net>

<net id="189"><net_src comp="173" pin="3"/><net_sink comp="180" pin=2"/></net>

<net id="195"><net_src comp="0" pin="0"/><net_sink comp="190" pin=0"/></net>

<net id="196"><net_src comp="30" pin="0"/><net_sink comp="190" pin=1"/></net>

<net id="197"><net_src comp="190" pin="3"/><net_sink comp="180" pin=0"/></net>

<net id="203"><net_src comp="0" pin="0"/><net_sink comp="198" pin=0"/></net>

<net id="204"><net_src comp="30" pin="0"/><net_sink comp="198" pin=1"/></net>

<net id="205"><net_src comp="198" pin="3"/><net_sink comp="180" pin=2"/></net>

<net id="211"><net_src comp="4" pin="0"/><net_sink comp="206" pin=0"/></net>

<net id="212"><net_src comp="30" pin="0"/><net_sink comp="206" pin=1"/></net>

<net id="222"><net_src comp="206" pin="3"/><net_sink comp="213" pin=2"/></net>

<net id="228"><net_src comp="0" pin="0"/><net_sink comp="223" pin=0"/></net>

<net id="229"><net_src comp="30" pin="0"/><net_sink comp="223" pin=1"/></net>

<net id="230"><net_src comp="223" pin="3"/><net_sink comp="180" pin=0"/></net>

<net id="236"><net_src comp="0" pin="0"/><net_sink comp="231" pin=0"/></net>

<net id="237"><net_src comp="30" pin="0"/><net_sink comp="231" pin=1"/></net>

<net id="238"><net_src comp="231" pin="3"/><net_sink comp="180" pin=2"/></net>

<net id="244"><net_src comp="0" pin="0"/><net_sink comp="239" pin=0"/></net>

<net id="245"><net_src comp="30" pin="0"/><net_sink comp="239" pin=1"/></net>

<net id="246"><net_src comp="239" pin="3"/><net_sink comp="180" pin=0"/></net>

<net id="252"><net_src comp="4" pin="0"/><net_sink comp="247" pin=0"/></net>

<net id="253"><net_src comp="30" pin="0"/><net_sink comp="247" pin=1"/></net>

<net id="254"><net_src comp="80" pin="0"/><net_sink comp="247" pin=2"/></net>

<net id="260"><net_src comp="4" pin="0"/><net_sink comp="255" pin=0"/></net>

<net id="261"><net_src comp="30" pin="0"/><net_sink comp="255" pin=1"/></net>

<net id="262"><net_src comp="82" pin="0"/><net_sink comp="255" pin=2"/></net>

<net id="268"><net_src comp="4" pin="0"/><net_sink comp="263" pin=0"/></net>

<net id="269"><net_src comp="30" pin="0"/><net_sink comp="263" pin=1"/></net>

<net id="270"><net_src comp="84" pin="0"/><net_sink comp="263" pin=2"/></net>

<net id="276"><net_src comp="4" pin="0"/><net_sink comp="271" pin=0"/></net>

<net id="277"><net_src comp="30" pin="0"/><net_sink comp="271" pin=1"/></net>

<net id="278"><net_src comp="86" pin="0"/><net_sink comp="271" pin=2"/></net>

<net id="284"><net_src comp="4" pin="0"/><net_sink comp="279" pin=0"/></net>

<net id="285"><net_src comp="30" pin="0"/><net_sink comp="279" pin=1"/></net>

<net id="286"><net_src comp="88" pin="0"/><net_sink comp="279" pin=2"/></net>

<net id="292"><net_src comp="4" pin="0"/><net_sink comp="287" pin=0"/></net>

<net id="293"><net_src comp="30" pin="0"/><net_sink comp="287" pin=1"/></net>

<net id="294"><net_src comp="90" pin="0"/><net_sink comp="287" pin=2"/></net>

<net id="300"><net_src comp="4" pin="0"/><net_sink comp="295" pin=0"/></net>

<net id="301"><net_src comp="30" pin="0"/><net_sink comp="295" pin=1"/></net>

<net id="302"><net_src comp="92" pin="0"/><net_sink comp="295" pin=2"/></net>

<net id="308"><net_src comp="4" pin="0"/><net_sink comp="303" pin=0"/></net>

<net id="309"><net_src comp="30" pin="0"/><net_sink comp="303" pin=1"/></net>

<net id="310"><net_src comp="94" pin="0"/><net_sink comp="303" pin=2"/></net>

<net id="316"><net_src comp="4" pin="0"/><net_sink comp="311" pin=0"/></net>

<net id="317"><net_src comp="30" pin="0"/><net_sink comp="311" pin=1"/></net>

<net id="318"><net_src comp="96" pin="0"/><net_sink comp="311" pin=2"/></net>

<net id="324"><net_src comp="4" pin="0"/><net_sink comp="319" pin=0"/></net>

<net id="325"><net_src comp="30" pin="0"/><net_sink comp="319" pin=1"/></net>

<net id="326"><net_src comp="56" pin="0"/><net_sink comp="319" pin=2"/></net>

<net id="332"><net_src comp="4" pin="0"/><net_sink comp="327" pin=0"/></net>

<net id="333"><net_src comp="30" pin="0"/><net_sink comp="327" pin=1"/></net>

<net id="334"><net_src comp="98" pin="0"/><net_sink comp="327" pin=2"/></net>

<net id="340"><net_src comp="4" pin="0"/><net_sink comp="335" pin=0"/></net>

<net id="341"><net_src comp="30" pin="0"/><net_sink comp="335" pin=1"/></net>

<net id="342"><net_src comp="100" pin="0"/><net_sink comp="335" pin=2"/></net>

<net id="348"><net_src comp="4" pin="0"/><net_sink comp="343" pin=0"/></net>

<net id="349"><net_src comp="30" pin="0"/><net_sink comp="343" pin=1"/></net>

<net id="350"><net_src comp="102" pin="0"/><net_sink comp="343" pin=2"/></net>

<net id="356"><net_src comp="4" pin="0"/><net_sink comp="351" pin=0"/></net>

<net id="357"><net_src comp="30" pin="0"/><net_sink comp="351" pin=1"/></net>

<net id="358"><net_src comp="104" pin="0"/><net_sink comp="351" pin=2"/></net>

<net id="364"><net_src comp="4" pin="0"/><net_sink comp="359" pin=0"/></net>

<net id="365"><net_src comp="30" pin="0"/><net_sink comp="359" pin=1"/></net>

<net id="366"><net_src comp="106" pin="0"/><net_sink comp="359" pin=2"/></net>

<net id="372"><net_src comp="4" pin="0"/><net_sink comp="367" pin=0"/></net>

<net id="373"><net_src comp="30" pin="0"/><net_sink comp="367" pin=1"/></net>

<net id="374"><net_src comp="30" pin="0"/><net_sink comp="367" pin=2"/></net>

<net id="380"><net_src comp="0" pin="0"/><net_sink comp="375" pin=0"/></net>

<net id="381"><net_src comp="30" pin="0"/><net_sink comp="375" pin=1"/></net>

<net id="382"><net_src comp="94" pin="0"/><net_sink comp="375" pin=2"/></net>

<net id="388"><net_src comp="0" pin="0"/><net_sink comp="383" pin=0"/></net>

<net id="389"><net_src comp="30" pin="0"/><net_sink comp="383" pin=1"/></net>

<net id="390"><net_src comp="98" pin="0"/><net_sink comp="383" pin=2"/></net>

<net id="396"><net_src comp="0" pin="0"/><net_sink comp="391" pin=0"/></net>

<net id="397"><net_src comp="30" pin="0"/><net_sink comp="391" pin=1"/></net>

<net id="398"><net_src comp="86" pin="0"/><net_sink comp="391" pin=2"/></net>

<net id="404"><net_src comp="0" pin="0"/><net_sink comp="399" pin=0"/></net>

<net id="405"><net_src comp="30" pin="0"/><net_sink comp="399" pin=1"/></net>

<net id="406"><net_src comp="102" pin="0"/><net_sink comp="399" pin=2"/></net>

<net id="412"><net_src comp="0" pin="0"/><net_sink comp="407" pin=0"/></net>

<net id="413"><net_src comp="30" pin="0"/><net_sink comp="407" pin=1"/></net>

<net id="414"><net_src comp="96" pin="0"/><net_sink comp="407" pin=2"/></net>

<net id="420"><net_src comp="0" pin="0"/><net_sink comp="415" pin=0"/></net>

<net id="421"><net_src comp="30" pin="0"/><net_sink comp="415" pin=1"/></net>

<net id="422"><net_src comp="88" pin="0"/><net_sink comp="415" pin=2"/></net>

<net id="428"><net_src comp="0" pin="0"/><net_sink comp="423" pin=0"/></net>

<net id="429"><net_src comp="30" pin="0"/><net_sink comp="423" pin=1"/></net>

<net id="430"><net_src comp="84" pin="0"/><net_sink comp="423" pin=2"/></net>

<net id="436"><net_src comp="0" pin="0"/><net_sink comp="431" pin=0"/></net>

<net id="437"><net_src comp="30" pin="0"/><net_sink comp="431" pin=1"/></net>

<net id="438"><net_src comp="104" pin="0"/><net_sink comp="431" pin=2"/></net>

<net id="444"><net_src comp="0" pin="0"/><net_sink comp="439" pin=0"/></net>

<net id="445"><net_src comp="30" pin="0"/><net_sink comp="439" pin=1"/></net>

<net id="446"><net_src comp="56" pin="0"/><net_sink comp="439" pin=2"/></net>

<net id="452"><net_src comp="0" pin="0"/><net_sink comp="447" pin=0"/></net>

<net id="453"><net_src comp="30" pin="0"/><net_sink comp="447" pin=1"/></net>

<net id="454"><net_src comp="100" pin="0"/><net_sink comp="447" pin=2"/></net>

<net id="460"><net_src comp="0" pin="0"/><net_sink comp="455" pin=0"/></net>

<net id="461"><net_src comp="30" pin="0"/><net_sink comp="455" pin=1"/></net>

<net id="462"><net_src comp="82" pin="0"/><net_sink comp="455" pin=2"/></net>

<net id="468"><net_src comp="0" pin="0"/><net_sink comp="463" pin=0"/></net>

<net id="469"><net_src comp="30" pin="0"/><net_sink comp="463" pin=1"/></net>

<net id="470"><net_src comp="106" pin="0"/><net_sink comp="463" pin=2"/></net>

<net id="476"><net_src comp="0" pin="0"/><net_sink comp="471" pin=0"/></net>

<net id="477"><net_src comp="30" pin="0"/><net_sink comp="471" pin=1"/></net>

<net id="478"><net_src comp="92" pin="0"/><net_sink comp="471" pin=2"/></net>

<net id="484"><net_src comp="0" pin="0"/><net_sink comp="479" pin=0"/></net>

<net id="485"><net_src comp="30" pin="0"/><net_sink comp="479" pin=1"/></net>

<net id="486"><net_src comp="90" pin="0"/><net_sink comp="479" pin=2"/></net>

<net id="492"><net_src comp="0" pin="0"/><net_sink comp="487" pin=0"/></net>

<net id="493"><net_src comp="30" pin="0"/><net_sink comp="487" pin=1"/></net>

<net id="494"><net_src comp="80" pin="0"/><net_sink comp="487" pin=2"/></net>

<net id="500"><net_src comp="0" pin="0"/><net_sink comp="495" pin=0"/></net>

<net id="501"><net_src comp="30" pin="0"/><net_sink comp="495" pin=1"/></net>

<net id="502"><net_src comp="30" pin="0"/><net_sink comp="495" pin=2"/></net>

<net id="508"><net_src comp="0" pin="0"/><net_sink comp="503" pin=0"/></net>

<net id="509"><net_src comp="30" pin="0"/><net_sink comp="503" pin=1"/></net>

<net id="510"><net_src comp="108" pin="0"/><net_sink comp="503" pin=2"/></net>

<net id="516"><net_src comp="0" pin="0"/><net_sink comp="511" pin=0"/></net>

<net id="517"><net_src comp="30" pin="0"/><net_sink comp="511" pin=1"/></net>

<net id="518"><net_src comp="110" pin="0"/><net_sink comp="511" pin=2"/></net>

<net id="524"><net_src comp="0" pin="0"/><net_sink comp="519" pin=0"/></net>

<net id="525"><net_src comp="30" pin="0"/><net_sink comp="519" pin=1"/></net>

<net id="526"><net_src comp="112" pin="0"/><net_sink comp="519" pin=2"/></net>

<net id="532"><net_src comp="0" pin="0"/><net_sink comp="527" pin=0"/></net>

<net id="533"><net_src comp="30" pin="0"/><net_sink comp="527" pin=1"/></net>

<net id="534"><net_src comp="114" pin="0"/><net_sink comp="527" pin=2"/></net>

<net id="540"><net_src comp="0" pin="0"/><net_sink comp="535" pin=0"/></net>

<net id="541"><net_src comp="30" pin="0"/><net_sink comp="535" pin=1"/></net>

<net id="542"><net_src comp="116" pin="0"/><net_sink comp="535" pin=2"/></net>

<net id="548"><net_src comp="0" pin="0"/><net_sink comp="543" pin=0"/></net>

<net id="549"><net_src comp="30" pin="0"/><net_sink comp="543" pin=1"/></net>

<net id="550"><net_src comp="118" pin="0"/><net_sink comp="543" pin=2"/></net>

<net id="556"><net_src comp="0" pin="0"/><net_sink comp="551" pin=0"/></net>

<net id="557"><net_src comp="30" pin="0"/><net_sink comp="551" pin=1"/></net>

<net id="558"><net_src comp="120" pin="0"/><net_sink comp="551" pin=2"/></net>

<net id="564"><net_src comp="0" pin="0"/><net_sink comp="559" pin=0"/></net>

<net id="565"><net_src comp="30" pin="0"/><net_sink comp="559" pin=1"/></net>

<net id="566"><net_src comp="122" pin="0"/><net_sink comp="559" pin=2"/></net>

<net id="572"><net_src comp="0" pin="0"/><net_sink comp="567" pin=0"/></net>

<net id="573"><net_src comp="30" pin="0"/><net_sink comp="567" pin=1"/></net>

<net id="574"><net_src comp="124" pin="0"/><net_sink comp="567" pin=2"/></net>

<net id="580"><net_src comp="0" pin="0"/><net_sink comp="575" pin=0"/></net>

<net id="581"><net_src comp="30" pin="0"/><net_sink comp="575" pin=1"/></net>

<net id="582"><net_src comp="126" pin="0"/><net_sink comp="575" pin=2"/></net>

<net id="588"><net_src comp="0" pin="0"/><net_sink comp="583" pin=0"/></net>

<net id="589"><net_src comp="30" pin="0"/><net_sink comp="583" pin=1"/></net>

<net id="590"><net_src comp="128" pin="0"/><net_sink comp="583" pin=2"/></net>

<net id="596"><net_src comp="0" pin="0"/><net_sink comp="591" pin=0"/></net>

<net id="597"><net_src comp="30" pin="0"/><net_sink comp="591" pin=1"/></net>

<net id="598"><net_src comp="130" pin="0"/><net_sink comp="591" pin=2"/></net>

<net id="604"><net_src comp="0" pin="0"/><net_sink comp="599" pin=0"/></net>

<net id="605"><net_src comp="30" pin="0"/><net_sink comp="599" pin=1"/></net>

<net id="606"><net_src comp="132" pin="0"/><net_sink comp="599" pin=2"/></net>

<net id="612"><net_src comp="0" pin="0"/><net_sink comp="607" pin=0"/></net>

<net id="613"><net_src comp="30" pin="0"/><net_sink comp="607" pin=1"/></net>

<net id="614"><net_src comp="134" pin="0"/><net_sink comp="607" pin=2"/></net>

<net id="620"><net_src comp="0" pin="0"/><net_sink comp="615" pin=0"/></net>

<net id="621"><net_src comp="30" pin="0"/><net_sink comp="615" pin=1"/></net>

<net id="622"><net_src comp="136" pin="0"/><net_sink comp="615" pin=2"/></net>

<net id="628"><net_src comp="0" pin="0"/><net_sink comp="623" pin=0"/></net>

<net id="629"><net_src comp="30" pin="0"/><net_sink comp="623" pin=1"/></net>

<net id="630"><net_src comp="78" pin="0"/><net_sink comp="623" pin=2"/></net>

<net id="636"><net_src comp="6" pin="0"/><net_sink comp="631" pin=0"/></net>

<net id="637"><net_src comp="30" pin="0"/><net_sink comp="631" pin=1"/></net>

<net id="643"><net_src comp="631" pin="3"/><net_sink comp="638" pin=0"/></net>

<net id="649"><net_src comp="6" pin="0"/><net_sink comp="644" pin=0"/></net>

<net id="650"><net_src comp="30" pin="0"/><net_sink comp="644" pin=1"/></net>

<net id="651"><net_src comp="644" pin="3"/><net_sink comp="638" pin=0"/></net>

<net id="657"><net_src comp="6" pin="0"/><net_sink comp="652" pin=0"/></net>

<net id="658"><net_src comp="30" pin="0"/><net_sink comp="652" pin=1"/></net>

<net id="659"><net_src comp="652" pin="3"/><net_sink comp="638" pin=0"/></net>

<net id="665"><net_src comp="6" pin="0"/><net_sink comp="660" pin=0"/></net>

<net id="666"><net_src comp="30" pin="0"/><net_sink comp="660" pin=1"/></net>

<net id="667"><net_src comp="660" pin="3"/><net_sink comp="638" pin=0"/></net>

<net id="673"><net_src comp="6" pin="0"/><net_sink comp="668" pin=0"/></net>

<net id="674"><net_src comp="30" pin="0"/><net_sink comp="668" pin=1"/></net>

<net id="675"><net_src comp="668" pin="3"/><net_sink comp="638" pin=0"/></net>

<net id="681"><net_src comp="6" pin="0"/><net_sink comp="676" pin=0"/></net>

<net id="682"><net_src comp="30" pin="0"/><net_sink comp="676" pin=1"/></net>

<net id="683"><net_src comp="676" pin="3"/><net_sink comp="638" pin=0"/></net>

<net id="689"><net_src comp="6" pin="0"/><net_sink comp="684" pin=0"/></net>

<net id="690"><net_src comp="30" pin="0"/><net_sink comp="684" pin=1"/></net>

<net id="691"><net_src comp="684" pin="3"/><net_sink comp="638" pin=0"/></net>

<net id="697"><net_src comp="6" pin="0"/><net_sink comp="692" pin=0"/></net>

<net id="698"><net_src comp="30" pin="0"/><net_sink comp="692" pin=1"/></net>

<net id="699"><net_src comp="692" pin="3"/><net_sink comp="638" pin=0"/></net>

<net id="705"><net_src comp="6" pin="0"/><net_sink comp="700" pin=0"/></net>

<net id="706"><net_src comp="30" pin="0"/><net_sink comp="700" pin=1"/></net>

<net id="707"><net_src comp="700" pin="3"/><net_sink comp="638" pin=0"/></net>

<net id="713"><net_src comp="6" pin="0"/><net_sink comp="708" pin=0"/></net>

<net id="714"><net_src comp="30" pin="0"/><net_sink comp="708" pin=1"/></net>

<net id="715"><net_src comp="708" pin="3"/><net_sink comp="638" pin=0"/></net>

<net id="721"><net_src comp="6" pin="0"/><net_sink comp="716" pin=0"/></net>

<net id="722"><net_src comp="30" pin="0"/><net_sink comp="716" pin=1"/></net>

<net id="723"><net_src comp="716" pin="3"/><net_sink comp="638" pin=0"/></net>

<net id="729"><net_src comp="6" pin="0"/><net_sink comp="724" pin=0"/></net>

<net id="730"><net_src comp="30" pin="0"/><net_sink comp="724" pin=1"/></net>

<net id="731"><net_src comp="724" pin="3"/><net_sink comp="638" pin=0"/></net>

<net id="737"><net_src comp="6" pin="0"/><net_sink comp="732" pin=0"/></net>

<net id="738"><net_src comp="30" pin="0"/><net_sink comp="732" pin=1"/></net>

<net id="739"><net_src comp="732" pin="3"/><net_sink comp="638" pin=0"/></net>

<net id="745"><net_src comp="6" pin="0"/><net_sink comp="740" pin=0"/></net>

<net id="746"><net_src comp="30" pin="0"/><net_sink comp="740" pin=1"/></net>

<net id="747"><net_src comp="740" pin="3"/><net_sink comp="638" pin=0"/></net>

<net id="753"><net_src comp="6" pin="0"/><net_sink comp="748" pin=0"/></net>

<net id="754"><net_src comp="30" pin="0"/><net_sink comp="748" pin=1"/></net>

<net id="755"><net_src comp="748" pin="3"/><net_sink comp="638" pin=0"/></net>

<net id="761"><net_src comp="6" pin="0"/><net_sink comp="756" pin=0"/></net>

<net id="762"><net_src comp="30" pin="0"/><net_sink comp="756" pin=1"/></net>

<net id="763"><net_src comp="756" pin="3"/><net_sink comp="638" pin=0"/></net>

<net id="769"><net_src comp="4" pin="0"/><net_sink comp="764" pin=0"/></net>

<net id="770"><net_src comp="30" pin="0"/><net_sink comp="764" pin=1"/></net>

<net id="771"><net_src comp="764" pin="3"/><net_sink comp="213" pin=0"/></net>

<net id="777"><net_src comp="6" pin="0"/><net_sink comp="772" pin=0"/></net>

<net id="778"><net_src comp="30" pin="0"/><net_sink comp="772" pin=1"/></net>

<net id="779"><net_src comp="772" pin="3"/><net_sink comp="638" pin=0"/></net>

<net id="785"><net_src comp="0" pin="0"/><net_sink comp="780" pin=0"/></net>

<net id="786"><net_src comp="30" pin="0"/><net_sink comp="780" pin=1"/></net>

<net id="787"><net_src comp="780" pin="3"/><net_sink comp="180" pin=0"/></net>

<net id="793"><net_src comp="4" pin="0"/><net_sink comp="788" pin=0"/></net>

<net id="794"><net_src comp="30" pin="0"/><net_sink comp="788" pin=1"/></net>

<net id="795"><net_src comp="788" pin="3"/><net_sink comp="213" pin=0"/></net>

<net id="799"><net_src comp="24" pin="0"/><net_sink comp="796" pin=0"/></net>

<net id="806"><net_src comp="796" pin="1"/><net_sink comp="800" pin=2"/></net>

<net id="807"><net_src comp="800" pin="4"/><net_sink comp="796" pin=0"/></net>

<net id="811"><net_src comp="50" pin="0"/><net_sink comp="808" pin=0"/></net>

<net id="818"><net_src comp="808" pin="1"/><net_sink comp="812" pin=2"/></net>

<net id="819"><net_src comp="812" pin="4"/><net_sink comp="808" pin=0"/></net>

<net id="823"><net_src comp="52" pin="0"/><net_sink comp="820" pin=0"/></net>

<net id="830"><net_src comp="820" pin="1"/><net_sink comp="824" pin=2"/></net>

<net id="831"><net_src comp="824" pin="4"/><net_sink comp="820" pin=0"/></net>

<net id="835"><net_src comp="64" pin="0"/><net_sink comp="832" pin=0"/></net>

<net id="842"><net_src comp="832" pin="1"/><net_sink comp="836" pin=2"/></net>

<net id="843"><net_src comp="836" pin="4"/><net_sink comp="832" pin=0"/></net>

<net id="847"><net_src comp="138" pin="0"/><net_sink comp="844" pin=0"/></net>

<net id="854"><net_src comp="844" pin="1"/><net_sink comp="848" pin=0"/></net>

<net id="855"><net_src comp="848" pin="4"/><net_sink comp="844" pin=0"/></net>

<net id="859"><net_src comp="856" pin="1"/><net_sink comp="213" pin=4"/></net>

<net id="866"><net_src comp="860" pin="4"/><net_sink comp="213" pin=4"/></net>

<net id="867"><net_src comp="860" pin="4"/><net_sink comp="856" pin=0"/></net>

<net id="871"><net_src comp="64" pin="0"/><net_sink comp="868" pin=0"/></net>

<net id="878"><net_src comp="868" pin="1"/><net_sink comp="872" pin=2"/></net>

<net id="879"><net_src comp="872" pin="4"/><net_sink comp="868" pin=0"/></net>

<net id="883"><net_src comp="64" pin="0"/><net_sink comp="880" pin=0"/></net>

<net id="890"><net_src comp="880" pin="1"/><net_sink comp="884" pin=2"/></net>

<net id="891"><net_src comp="884" pin="4"/><net_sink comp="880" pin=0"/></net>

<net id="899"><net_src comp="58" pin="0"/><net_sink comp="892" pin=0"/></net>

<net id="900"><net_src comp="0" pin="0"/><net_sink comp="892" pin=1"/></net>

<net id="901"><net_src comp="60" pin="0"/><net_sink comp="892" pin=2"/></net>

<net id="902"><net_src comp="808" pin="1"/><net_sink comp="892" pin=3"/></net>

<net id="903"><net_src comp="6" pin="0"/><net_sink comp="892" pin=4"/></net>

<net id="904"><net_src comp="142" pin="0"/><net_sink comp="892" pin=2"/></net>

<net id="908"><net_src comp="905" pin="1"/><net_sink comp="892" pin=3"/></net>

<net id="912"><net_src comp="892" pin="5"/><net_sink comp="909" pin=0"/></net>

<net id="913"><net_src comp="909" pin="1"/><net_sink comp="812" pin=0"/></net>

<net id="917"><net_src comp="180" pin="7"/><net_sink comp="914" pin=0"/></net>

<net id="918"><net_src comp="914" pin="1"/><net_sink comp="180" pin=4"/></net>

<net id="919"><net_src comp="180" pin="3"/><net_sink comp="914" pin=0"/></net>

<net id="923"><net_src comp="213" pin="7"/><net_sink comp="920" pin=0"/></net>

<net id="924"><net_src comp="213" pin="3"/><net_sink comp="920" pin=0"/></net>

<net id="925"><net_src comp="920" pin="1"/><net_sink comp="213" pin=4"/></net>

<net id="926"><net_src comp="920" pin="1"/><net_sink comp="213" pin=1"/></net>

<net id="930"><net_src comp="180" pin="3"/><net_sink comp="927" pin=0"/></net>

<net id="931"><net_src comp="927" pin="1"/><net_sink comp="180" pin=1"/></net>

<net id="932"><net_src comp="180" pin="7"/><net_sink comp="927" pin=0"/></net>

<net id="936"><net_src comp="905" pin="1"/><net_sink comp="933" pin=0"/></net>

<net id="937"><net_src comp="933" pin="1"/><net_sink comp="892" pin=3"/></net>

<net id="941"><net_src comp="180" pin="7"/><net_sink comp="938" pin=0"/></net>

<net id="942"><net_src comp="180" pin="3"/><net_sink comp="938" pin=0"/></net>

<net id="946"><net_src comp="213" pin="3"/><net_sink comp="943" pin=0"/></net>

<net id="947"><net_src comp="213" pin="7"/><net_sink comp="943" pin=0"/></net>

<net id="948"><net_src comp="943" pin="1"/><net_sink comp="213" pin=1"/></net>

<net id="952"><net_src comp="213" pin="3"/><net_sink comp="949" pin=0"/></net>

<net id="953"><net_src comp="213" pin="7"/><net_sink comp="949" pin=0"/></net>

<net id="954"><net_src comp="949" pin="1"/><net_sink comp="213" pin=4"/></net>

<net id="955"><net_src comp="949" pin="1"/><net_sink comp="213" pin=1"/></net>

<net id="959"><net_src comp="213" pin="3"/><net_sink comp="956" pin=0"/></net>

<net id="960"><net_src comp="213" pin="7"/><net_sink comp="956" pin=0"/></net>

<net id="961"><net_src comp="956" pin="1"/><net_sink comp="213" pin=1"/></net>

<net id="965"><net_src comp="638" pin="3"/><net_sink comp="962" pin=0"/></net>

<net id="966"><net_src comp="962" pin="1"/><net_sink comp="213" pin=4"/></net>

<net id="970"><net_src comp="213" pin="3"/><net_sink comp="967" pin=0"/></net>

<net id="971"><net_src comp="213" pin="7"/><net_sink comp="967" pin=0"/></net>

<net id="972"><net_src comp="967" pin="1"/><net_sink comp="213" pin=4"/></net>

<net id="976"><net_src comp="213" pin="3"/><net_sink comp="973" pin=0"/></net>

<net id="977"><net_src comp="213" pin="7"/><net_sink comp="973" pin=0"/></net>

<net id="978"><net_src comp="973" pin="1"/><net_sink comp="213" pin=1"/></net>

<net id="982"><net_src comp="638" pin="3"/><net_sink comp="979" pin=0"/></net>

<net id="986"><net_src comp="213" pin="3"/><net_sink comp="983" pin=0"/></net>

<net id="987"><net_src comp="213" pin="7"/><net_sink comp="983" pin=0"/></net>

<net id="988"><net_src comp="983" pin="1"/><net_sink comp="213" pin=4"/></net>

<net id="992"><net_src comp="213" pin="3"/><net_sink comp="989" pin=0"/></net>

<net id="993"><net_src comp="989" pin="1"/><net_sink comp="213" pin=4"/></net>

<net id="997"><net_src comp="638" pin="3"/><net_sink comp="994" pin=0"/></net>

<net id="1001"><net_src comp="638" pin="3"/><net_sink comp="998" pin=0"/></net>

<net id="1006"><net_src comp="920" pin="1"/><net_sink comp="1002" pin=0"/></net>

<net id="1007"><net_src comp="914" pin="1"/><net_sink comp="1002" pin=1"/></net>

<net id="1012"><net_src comp="962" pin="1"/><net_sink comp="1008" pin=0"/></net>

<net id="1013"><net_src comp="979" pin="1"/><net_sink comp="1008" pin=1"/></net>

<net id="1018"><net_src comp="943" pin="1"/><net_sink comp="1014" pin=0"/></net>

<net id="1019"><net_src comp="927" pin="1"/><net_sink comp="1014" pin=1"/></net>

<net id="1023"><net_src comp="1002" pin="2"/><net_sink comp="1020" pin=0"/></net>

<net id="1024"><net_src comp="1020" pin="1"/><net_sink comp="213" pin=1"/></net>

<net id="1025"><net_src comp="1020" pin="1"/><net_sink comp="213" pin=4"/></net>

<net id="1029"><net_src comp="1008" pin="2"/><net_sink comp="1026" pin=0"/></net>

<net id="1034"><net_src comp="800" pin="4"/><net_sink comp="1030" pin=0"/></net>

<net id="1035"><net_src comp="26" pin="0"/><net_sink comp="1030" pin=1"/></net>

<net id="1040"><net_src comp="800" pin="4"/><net_sink comp="1036" pin=0"/></net>

<net id="1041"><net_src comp="28" pin="0"/><net_sink comp="1036" pin=1"/></net>

<net id="1045"><net_src comp="800" pin="4"/><net_sink comp="1042" pin=0"/></net>

<net id="1046"><net_src comp="1042" pin="1"/><net_sink comp="160" pin=2"/></net>

<net id="1052"><net_src comp="42" pin="0"/><net_sink comp="1047" pin=0"/></net>

<net id="1053"><net_src comp="44" pin="0"/><net_sink comp="1047" pin=1"/></net>

<net id="1054"><net_src comp="796" pin="1"/><net_sink comp="1047" pin=2"/></net>

<net id="1059"><net_src comp="796" pin="1"/><net_sink comp="1055" pin=0"/></net>

<net id="1060"><net_src comp="28" pin="0"/><net_sink comp="1055" pin=1"/></net>

<net id="1064"><net_src comp="1061" pin="1"/><net_sink comp="173" pin=2"/></net>

<net id="1068"><net_src comp="1065" pin="1"/><net_sink comp="190" pin=2"/></net>

<net id="1073"><net_src comp="824" pin="4"/><net_sink comp="1069" pin=0"/></net>

<net id="1074"><net_src comp="54" pin="0"/><net_sink comp="1069" pin=1"/></net>

<net id="1079"><net_src comp="820" pin="1"/><net_sink comp="1075" pin=0"/></net>

<net id="1080"><net_src comp="52" pin="0"/><net_sink comp="1075" pin=1"/></net>

<net id="1084"><net_src comp="836" pin="4"/><net_sink comp="1081" pin=0"/></net>

<net id="1085"><net_src comp="1081" pin="1"/><net_sink comp="206" pin=2"/></net>

<net id="1091"><net_src comp="66" pin="0"/><net_sink comp="1086" pin=0"/></net>

<net id="1092"><net_src comp="68" pin="0"/><net_sink comp="1086" pin=1"/></net>

<net id="1093"><net_src comp="836" pin="4"/><net_sink comp="1086" pin=2"/></net>

<net id="1097"><net_src comp="1086" pin="3"/><net_sink comp="1094" pin=0"/></net>

<net id="1098"><net_src comp="1094" pin="1"/><net_sink comp="198" pin=2"/></net>

<net id="1104"><net_src comp="66" pin="0"/><net_sink comp="1099" pin=0"/></net>

<net id="1105"><net_src comp="70" pin="0"/><net_sink comp="1099" pin=1"/></net>

<net id="1106"><net_src comp="836" pin="4"/><net_sink comp="1099" pin=2"/></net>

<net id="1110"><net_src comp="1099" pin="3"/><net_sink comp="1107" pin=0"/></net>

<net id="1111"><net_src comp="1107" pin="1"/><net_sink comp="223" pin=2"/></net>

<net id="1116"><net_src comp="832" pin="1"/><net_sink comp="1112" pin=0"/></net>

<net id="1117"><net_src comp="64" pin="0"/><net_sink comp="1112" pin=1"/></net>

<net id="1123"><net_src comp="72" pin="0"/><net_sink comp="1118" pin=0"/></net>

<net id="1124"><net_src comp="44" pin="0"/><net_sink comp="1118" pin=1"/></net>

<net id="1125"><net_src comp="832" pin="1"/><net_sink comp="1118" pin=2"/></net>

<net id="1130"><net_src comp="832" pin="1"/><net_sink comp="1126" pin=0"/></net>

<net id="1131"><net_src comp="74" pin="0"/><net_sink comp="1126" pin=1"/></net>

<net id="1135"><net_src comp="1132" pin="1"/><net_sink comp="239" pin=2"/></net>

<net id="1140"><net_src comp="50" pin="0"/><net_sink comp="1136" pin=0"/></net>

<net id="1145"><net_src comp="848" pin="4"/><net_sink comp="1141" pin=0"/></net>

<net id="1146"><net_src comp="140" pin="0"/><net_sink comp="1141" pin=1"/></net>

<net id="1150"><net_src comp="848" pin="4"/><net_sink comp="1147" pin=0"/></net>

<net id="1154"><net_src comp="920" pin="1"/><net_sink comp="1151" pin=0"/></net>

<net id="1155"><net_src comp="1151" pin="1"/><net_sink comp="631" pin=2"/></net>

<net id="1159"><net_src comp="943" pin="1"/><net_sink comp="1156" pin=0"/></net>

<net id="1160"><net_src comp="1156" pin="1"/><net_sink comp="644" pin=2"/></net>

<net id="1164"><net_src comp="920" pin="1"/><net_sink comp="1161" pin=0"/></net>

<net id="1165"><net_src comp="1161" pin="1"/><net_sink comp="652" pin=2"/></net>

<net id="1169"><net_src comp="943" pin="1"/><net_sink comp="1166" pin=0"/></net>

<net id="1170"><net_src comp="1166" pin="1"/><net_sink comp="660" pin=2"/></net>

<net id="1174"><net_src comp="949" pin="1"/><net_sink comp="1171" pin=0"/></net>

<net id="1175"><net_src comp="1171" pin="1"/><net_sink comp="668" pin=2"/></net>

<net id="1179"><net_src comp="920" pin="1"/><net_sink comp="1176" pin=0"/></net>

<net id="1180"><net_src comp="1176" pin="1"/><net_sink comp="676" pin=2"/></net>

<net id="1184"><net_src comp="956" pin="1"/><net_sink comp="1181" pin=0"/></net>

<net id="1185"><net_src comp="1181" pin="1"/><net_sink comp="684" pin=2"/></net>

<net id="1189"><net_src comp="943" pin="1"/><net_sink comp="1186" pin=0"/></net>

<net id="1190"><net_src comp="1186" pin="1"/><net_sink comp="692" pin=2"/></net>

<net id="1194"><net_src comp="967" pin="1"/><net_sink comp="1191" pin=0"/></net>

<net id="1195"><net_src comp="1191" pin="1"/><net_sink comp="700" pin=2"/></net>

<net id="1199"><net_src comp="949" pin="1"/><net_sink comp="1196" pin=0"/></net>

<net id="1200"><net_src comp="1196" pin="1"/><net_sink comp="708" pin=2"/></net>

<net id="1204"><net_src comp="973" pin="1"/><net_sink comp="1201" pin=0"/></net>

<net id="1205"><net_src comp="1201" pin="1"/><net_sink comp="716" pin=2"/></net>

<net id="1209"><net_src comp="920" pin="1"/><net_sink comp="1206" pin=0"/></net>

<net id="1210"><net_src comp="1206" pin="1"/><net_sink comp="724" pin=2"/></net>

<net id="1214"><net_src comp="983" pin="1"/><net_sink comp="1211" pin=0"/></net>

<net id="1215"><net_src comp="1211" pin="1"/><net_sink comp="732" pin=2"/></net>

<net id="1220"><net_src comp="994" pin="1"/><net_sink comp="1216" pin=0"/></net>

<net id="1221"><net_src comp="1026" pin="1"/><net_sink comp="1216" pin=1"/></net>

<net id="1225"><net_src comp="956" pin="1"/><net_sink comp="1222" pin=0"/></net>

<net id="1226"><net_src comp="1222" pin="1"/><net_sink comp="740" pin=2"/></net>

<net id="1231"><net_src comp="998" pin="1"/><net_sink comp="1227" pin=0"/></net>

<net id="1236"><net_src comp="994" pin="1"/><net_sink comp="1232" pin=0"/></net>

<net id="1237"><net_src comp="962" pin="1"/><net_sink comp="1232" pin=1"/></net>

<net id="1242"><net_src comp="998" pin="1"/><net_sink comp="1238" pin=0"/></net>

<net id="1243"><net_src comp="994" pin="1"/><net_sink comp="1238" pin=1"/></net>

<net id="1247"><net_src comp="989" pin="1"/><net_sink comp="1244" pin=0"/></net>

<net id="1248"><net_src comp="1244" pin="1"/><net_sink comp="748" pin=2"/></net>

<net id="1254"><net_src comp="144" pin="0"/><net_sink comp="1249" pin=0"/></net>

<net id="1255"><net_src comp="1026" pin="1"/><net_sink comp="1249" pin=1"/></net>

<net id="1256"><net_src comp="146" pin="0"/><net_sink comp="1249" pin=2"/></net>

<net id="1261"><net_src comp="1026" pin="1"/><net_sink comp="1257" pin=0"/></net>

<net id="1262"><net_src comp="50" pin="0"/><net_sink comp="1257" pin=1"/></net>

<net id="1267"><net_src comp="1257" pin="2"/><net_sink comp="1263" pin=0"/></net>

<net id="1268"><net_src comp="148" pin="0"/><net_sink comp="1263" pin=1"/></net>

<net id="1274"><net_src comp="1249" pin="3"/><net_sink comp="1269" pin=0"/></net>

<net id="1275"><net_src comp="1263" pin="2"/><net_sink comp="1269" pin=1"/></net>

<net id="1276"><net_src comp="1257" pin="2"/><net_sink comp="1269" pin=2"/></net>

<net id="1281"><net_src comp="1269" pin="3"/><net_sink comp="1277" pin=1"/></net>

<net id="1286"><net_src comp="1277" pin="2"/><net_sink comp="1282" pin=0"/></net>

<net id="1287"><net_src comp="979" pin="1"/><net_sink comp="1282" pin=1"/></net>

<net id="1293"><net_src comp="144" pin="0"/><net_sink comp="1288" pin=0"/></net>

<net id="1294"><net_src comp="146" pin="0"/><net_sink comp="1288" pin=2"/></net>

<net id="1299"><net_src comp="50" pin="0"/><net_sink comp="1295" pin=1"/></net>

<net id="1304"><net_src comp="1295" pin="2"/><net_sink comp="1300" pin=0"/></net>

<net id="1305"><net_src comp="148" pin="0"/><net_sink comp="1300" pin=1"/></net>

<net id="1311"><net_src comp="1288" pin="3"/><net_sink comp="1306" pin=0"/></net>

<net id="1312"><net_src comp="1300" pin="2"/><net_sink comp="1306" pin=1"/></net>

<net id="1313"><net_src comp="1295" pin="2"/><net_sink comp="1306" pin=2"/></net>

<net id="1318"><net_src comp="1306" pin="3"/><net_sink comp="1314" pin=1"/></net>

<net id="1323"><net_src comp="1314" pin="2"/><net_sink comp="1319" pin=0"/></net>

<net id="1324"><net_src comp="962" pin="1"/><net_sink comp="1319" pin=1"/></net>

<net id="1330"><net_src comp="144" pin="0"/><net_sink comp="1325" pin=0"/></net>

<net id="1331"><net_src comp="146" pin="0"/><net_sink comp="1325" pin=2"/></net>

<net id="1336"><net_src comp="50" pin="0"/><net_sink comp="1332" pin=1"/></net>

<net id="1341"><net_src comp="1332" pin="2"/><net_sink comp="1337" pin=0"/></net>

<net id="1342"><net_src comp="148" pin="0"/><net_sink comp="1337" pin=1"/></net>

<net id="1348"><net_src comp="1325" pin="3"/><net_sink comp="1343" pin=0"/></net>

<net id="1349"><net_src comp="1337" pin="2"/><net_sink comp="1343" pin=1"/></net>

<net id="1350"><net_src comp="1332" pin="2"/><net_sink comp="1343" pin=2"/></net>

<net id="1355"><net_src comp="1026" pin="1"/><net_sink comp="1351" pin=0"/></net>

<net id="1356"><net_src comp="1343" pin="3"/><net_sink comp="1351" pin=1"/></net>

<net id="1361"><net_src comp="1351" pin="2"/><net_sink comp="1357" pin=0"/></net>

<net id="1362"><net_src comp="998" pin="1"/><net_sink comp="1357" pin=1"/></net>

<net id="1367"><net_src comp="998" pin="1"/><net_sink comp="1363" pin=0"/></net>

<net id="1368"><net_src comp="979" pin="1"/><net_sink comp="1363" pin=1"/></net>

<net id="1372"><net_src comp="943" pin="1"/><net_sink comp="1369" pin=0"/></net>

<net id="1373"><net_src comp="1369" pin="1"/><net_sink comp="756" pin=2"/></net>

<net id="1379"><net_src comp="144" pin="0"/><net_sink comp="1374" pin=0"/></net>

<net id="1380"><net_src comp="146" pin="0"/><net_sink comp="1374" pin=2"/></net>

<net id="1385"><net_src comp="50" pin="0"/><net_sink comp="1381" pin=1"/></net>

<net id="1390"><net_src comp="1381" pin="2"/><net_sink comp="1386" pin=0"/></net>

<net id="1391"><net_src comp="148" pin="0"/><net_sink comp="1386" pin=1"/></net>

<net id="1397"><net_src comp="1374" pin="3"/><net_sink comp="1392" pin=0"/></net>

<net id="1398"><net_src comp="1386" pin="2"/><net_sink comp="1392" pin=1"/></net>

<net id="1399"><net_src comp="1381" pin="2"/><net_sink comp="1392" pin=2"/></net>

<net id="1404"><net_src comp="1392" pin="3"/><net_sink comp="1400" pin=0"/></net>

<net id="1417"><net_src comp="962" pin="1"/><net_sink comp="1413" pin=0"/></net>

<net id="1430"><net_src comp="979" pin="1"/><net_sink comp="1426" pin=0"/></net>

<net id="1435"><net_src comp="998" pin="1"/><net_sink comp="1431" pin=0"/></net>

<net id="1440"><net_src comp="962" pin="1"/><net_sink comp="1436" pin=0"/></net>

<net id="1445"><net_src comp="998" pin="1"/><net_sink comp="1441" pin=0"/></net>

<net id="1446"><net_src comp="962" pin="1"/><net_sink comp="1441" pin=1"/></net>

<net id="1451"><net_src comp="998" pin="1"/><net_sink comp="1447" pin=0"/></net>

<net id="1464"><net_src comp="962" pin="1"/><net_sink comp="1460" pin=0"/></net>

<net id="1469"><net_src comp="979" pin="1"/><net_sink comp="1465" pin=0"/></net>

<net id="1474"><net_src comp="962" pin="1"/><net_sink comp="1470" pin=0"/></net>

<net id="1480"><net_src comp="144" pin="0"/><net_sink comp="1475" pin=0"/></net>

<net id="1481"><net_src comp="146" pin="0"/><net_sink comp="1475" pin=2"/></net>

<net id="1486"><net_src comp="50" pin="0"/><net_sink comp="1482" pin=1"/></net>

<net id="1491"><net_src comp="1482" pin="2"/><net_sink comp="1487" pin=0"/></net>

<net id="1492"><net_src comp="148" pin="0"/><net_sink comp="1487" pin=1"/></net>

<net id="1498"><net_src comp="1475" pin="3"/><net_sink comp="1493" pin=0"/></net>

<net id="1499"><net_src comp="1487" pin="2"/><net_sink comp="1493" pin=1"/></net>

<net id="1500"><net_src comp="1482" pin="2"/><net_sink comp="1493" pin=2"/></net>

<net id="1505"><net_src comp="1493" pin="3"/><net_sink comp="1501" pin=1"/></net>

<net id="1510"><net_src comp="1501" pin="2"/><net_sink comp="1506" pin=0"/></net>

<net id="1516"><net_src comp="144" pin="0"/><net_sink comp="1511" pin=0"/></net>

<net id="1517"><net_src comp="146" pin="0"/><net_sink comp="1511" pin=2"/></net>

<net id="1522"><net_src comp="50" pin="0"/><net_sink comp="1518" pin=1"/></net>

<net id="1527"><net_src comp="1518" pin="2"/><net_sink comp="1523" pin=0"/></net>

<net id="1528"><net_src comp="148" pin="0"/><net_sink comp="1523" pin=1"/></net>

<net id="1534"><net_src comp="1511" pin="3"/><net_sink comp="1529" pin=0"/></net>

<net id="1535"><net_src comp="1523" pin="2"/><net_sink comp="1529" pin=1"/></net>

<net id="1536"><net_src comp="1518" pin="2"/><net_sink comp="1529" pin=2"/></net>

<net id="1541"><net_src comp="1529" pin="3"/><net_sink comp="1537" pin=1"/></net>

<net id="1546"><net_src comp="1537" pin="2"/><net_sink comp="1542" pin=0"/></net>

<net id="1552"><net_src comp="144" pin="0"/><net_sink comp="1547" pin=0"/></net>

<net id="1553"><net_src comp="146" pin="0"/><net_sink comp="1547" pin=2"/></net>

<net id="1558"><net_src comp="50" pin="0"/><net_sink comp="1554" pin=1"/></net>

<net id="1563"><net_src comp="1554" pin="2"/><net_sink comp="1559" pin=0"/></net>

<net id="1564"><net_src comp="148" pin="0"/><net_sink comp="1559" pin=1"/></net>

<net id="1570"><net_src comp="1547" pin="3"/><net_sink comp="1565" pin=0"/></net>

<net id="1571"><net_src comp="1559" pin="2"/><net_sink comp="1565" pin=1"/></net>

<net id="1572"><net_src comp="1554" pin="2"/><net_sink comp="1565" pin=2"/></net>

<net id="1577"><net_src comp="1565" pin="3"/><net_sink comp="1573" pin=1"/></net>

<net id="1582"><net_src comp="1573" pin="2"/><net_sink comp="1578" pin=0"/></net>

<net id="1583"><net_src comp="998" pin="1"/><net_sink comp="1578" pin=1"/></net>

<net id="1589"><net_src comp="144" pin="0"/><net_sink comp="1584" pin=0"/></net>

<net id="1590"><net_src comp="146" pin="0"/><net_sink comp="1584" pin=2"/></net>

<net id="1595"><net_src comp="50" pin="0"/><net_sink comp="1591" pin=1"/></net>

<net id="1600"><net_src comp="1591" pin="2"/><net_sink comp="1596" pin=0"/></net>

<net id="1601"><net_src comp="148" pin="0"/><net_sink comp="1596" pin=1"/></net>

<net id="1607"><net_src comp="1584" pin="3"/><net_sink comp="1602" pin=0"/></net>

<net id="1608"><net_src comp="1596" pin="2"/><net_sink comp="1602" pin=1"/></net>

<net id="1609"><net_src comp="1591" pin="2"/><net_sink comp="1602" pin=2"/></net>

<net id="1614"><net_src comp="1602" pin="3"/><net_sink comp="1610" pin=0"/></net>

<net id="1619"><net_src comp="994" pin="1"/><net_sink comp="1615" pin=0"/></net>

<net id="1624"><net_src comp="994" pin="1"/><net_sink comp="1620" pin=0"/></net>

<net id="1629"><net_src comp="979" pin="1"/><net_sink comp="1625" pin=0"/></net>

<net id="1630"><net_src comp="994" pin="1"/><net_sink comp="1625" pin=1"/></net>

<net id="1635"><net_src comp="979" pin="1"/><net_sink comp="1631" pin=0"/></net>

<net id="1641"><net_src comp="144" pin="0"/><net_sink comp="1636" pin=0"/></net>

<net id="1642"><net_src comp="146" pin="0"/><net_sink comp="1636" pin=2"/></net>

<net id="1647"><net_src comp="50" pin="0"/><net_sink comp="1643" pin=1"/></net>

<net id="1652"><net_src comp="1643" pin="2"/><net_sink comp="1648" pin=0"/></net>

<net id="1653"><net_src comp="148" pin="0"/><net_sink comp="1648" pin=1"/></net>

<net id="1659"><net_src comp="1636" pin="3"/><net_sink comp="1654" pin=0"/></net>

<net id="1660"><net_src comp="1648" pin="2"/><net_sink comp="1654" pin=1"/></net>

<net id="1661"><net_src comp="1643" pin="2"/><net_sink comp="1654" pin=2"/></net>

<net id="1666"><net_src comp="1654" pin="3"/><net_sink comp="1662" pin=1"/></net>

<net id="1671"><net_src comp="1662" pin="2"/><net_sink comp="1667" pin=0"/></net>

<net id="1677"><net_src comp="144" pin="0"/><net_sink comp="1672" pin=0"/></net>

<net id="1678"><net_src comp="146" pin="0"/><net_sink comp="1672" pin=2"/></net>

<net id="1683"><net_src comp="50" pin="0"/><net_sink comp="1679" pin=1"/></net>

<net id="1688"><net_src comp="1679" pin="2"/><net_sink comp="1684" pin=0"/></net>

<net id="1689"><net_src comp="148" pin="0"/><net_sink comp="1684" pin=1"/></net>

<net id="1695"><net_src comp="1672" pin="3"/><net_sink comp="1690" pin=0"/></net>

<net id="1696"><net_src comp="1684" pin="2"/><net_sink comp="1690" pin=1"/></net>

<net id="1697"><net_src comp="1679" pin="2"/><net_sink comp="1690" pin=2"/></net>

<net id="1702"><net_src comp="1690" pin="3"/><net_sink comp="1698" pin=1"/></net>

<net id="1707"><net_src comp="1698" pin="2"/><net_sink comp="1703" pin=0"/></net>

<net id="1713"><net_src comp="144" pin="0"/><net_sink comp="1708" pin=0"/></net>

<net id="1714"><net_src comp="1026" pin="1"/><net_sink comp="1708" pin=1"/></net>

<net id="1715"><net_src comp="146" pin="0"/><net_sink comp="1708" pin=2"/></net>

<net id="1720"><net_src comp="1026" pin="1"/><net_sink comp="1716" pin=0"/></net>

<net id="1721"><net_src comp="50" pin="0"/><net_sink comp="1716" pin=1"/></net>

<net id="1726"><net_src comp="1716" pin="2"/><net_sink comp="1722" pin=0"/></net>

<net id="1727"><net_src comp="148" pin="0"/><net_sink comp="1722" pin=1"/></net>

<net id="1733"><net_src comp="1708" pin="3"/><net_sink comp="1728" pin=0"/></net>

<net id="1734"><net_src comp="1722" pin="2"/><net_sink comp="1728" pin=1"/></net>

<net id="1735"><net_src comp="1716" pin="2"/><net_sink comp="1728" pin=2"/></net>

<net id="1740"><net_src comp="1728" pin="3"/><net_sink comp="1736" pin=1"/></net>

<net id="1745"><net_src comp="1736" pin="2"/><net_sink comp="1741" pin=0"/></net>

<net id="1746"><net_src comp="962" pin="1"/><net_sink comp="1741" pin=1"/></net>

<net id="1752"><net_src comp="144" pin="0"/><net_sink comp="1747" pin=0"/></net>

<net id="1753"><net_src comp="146" pin="0"/><net_sink comp="1747" pin=2"/></net>

<net id="1758"><net_src comp="50" pin="0"/><net_sink comp="1754" pin=1"/></net>

<net id="1763"><net_src comp="1754" pin="2"/><net_sink comp="1759" pin=0"/></net>

<net id="1764"><net_src comp="148" pin="0"/><net_sink comp="1759" pin=1"/></net>

<net id="1770"><net_src comp="1747" pin="3"/><net_sink comp="1765" pin=0"/></net>

<net id="1771"><net_src comp="1759" pin="2"/><net_sink comp="1765" pin=1"/></net>

<net id="1772"><net_src comp="1754" pin="2"/><net_sink comp="1765" pin=2"/></net>

<net id="1777"><net_src comp="1765" pin="3"/><net_sink comp="1773" pin=0"/></net>

<net id="1782"><net_src comp="979" pin="1"/><net_sink comp="1778" pin=0"/></net>

<net id="1788"><net_src comp="144" pin="0"/><net_sink comp="1783" pin=0"/></net>

<net id="1789"><net_src comp="146" pin="0"/><net_sink comp="1783" pin=2"/></net>

<net id="1794"><net_src comp="50" pin="0"/><net_sink comp="1790" pin=1"/></net>

<net id="1799"><net_src comp="1790" pin="2"/><net_sink comp="1795" pin=0"/></net>

<net id="1800"><net_src comp="148" pin="0"/><net_sink comp="1795" pin=1"/></net>

<net id="1806"><net_src comp="1783" pin="3"/><net_sink comp="1801" pin=0"/></net>

<net id="1807"><net_src comp="1795" pin="2"/><net_sink comp="1801" pin=1"/></net>

<net id="1808"><net_src comp="1790" pin="2"/><net_sink comp="1801" pin=2"/></net>

<net id="1813"><net_src comp="1801" pin="3"/><net_sink comp="1809" pin=1"/></net>

<net id="1818"><net_src comp="1809" pin="2"/><net_sink comp="1814" pin=0"/></net>

<net id="1819"><net_src comp="979" pin="1"/><net_sink comp="1814" pin=1"/></net>

<net id="1825"><net_src comp="144" pin="0"/><net_sink comp="1820" pin=0"/></net>

<net id="1826"><net_src comp="146" pin="0"/><net_sink comp="1820" pin=2"/></net>

<net id="1831"><net_src comp="50" pin="0"/><net_sink comp="1827" pin=1"/></net>

<net id="1836"><net_src comp="1827" pin="2"/><net_sink comp="1832" pin=0"/></net>

<net id="1837"><net_src comp="148" pin="0"/><net_sink comp="1832" pin=1"/></net>

<net id="1843"><net_src comp="1820" pin="3"/><net_sink comp="1838" pin=0"/></net>

<net id="1844"><net_src comp="1832" pin="2"/><net_sink comp="1838" pin=1"/></net>

<net id="1845"><net_src comp="1827" pin="2"/><net_sink comp="1838" pin=2"/></net>

<net id="1850"><net_src comp="1838" pin="3"/><net_sink comp="1846" pin=0"/></net>

<net id="1856"><net_src comp="144" pin="0"/><net_sink comp="1851" pin=0"/></net>

<net id="1857"><net_src comp="146" pin="0"/><net_sink comp="1851" pin=2"/></net>

<net id="1862"><net_src comp="50" pin="0"/><net_sink comp="1858" pin=1"/></net>

<net id="1867"><net_src comp="1858" pin="2"/><net_sink comp="1863" pin=0"/></net>

<net id="1868"><net_src comp="148" pin="0"/><net_sink comp="1863" pin=1"/></net>

<net id="1874"><net_src comp="1851" pin="3"/><net_sink comp="1869" pin=0"/></net>

<net id="1875"><net_src comp="1863" pin="2"/><net_sink comp="1869" pin=1"/></net>

<net id="1876"><net_src comp="1858" pin="2"/><net_sink comp="1869" pin=2"/></net>

<net id="1881"><net_src comp="1869" pin="3"/><net_sink comp="1877" pin=1"/></net>

<net id="1886"><net_src comp="1877" pin="2"/><net_sink comp="1882" pin=0"/></net>

<net id="1892"><net_src comp="144" pin="0"/><net_sink comp="1887" pin=0"/></net>

<net id="1893"><net_src comp="146" pin="0"/><net_sink comp="1887" pin=2"/></net>

<net id="1898"><net_src comp="50" pin="0"/><net_sink comp="1894" pin=1"/></net>

<net id="1903"><net_src comp="1894" pin="2"/><net_sink comp="1899" pin=0"/></net>

<net id="1904"><net_src comp="148" pin="0"/><net_sink comp="1899" pin=1"/></net>

<net id="1910"><net_src comp="1887" pin="3"/><net_sink comp="1905" pin=0"/></net>

<net id="1911"><net_src comp="1899" pin="2"/><net_sink comp="1905" pin=1"/></net>

<net id="1912"><net_src comp="1894" pin="2"/><net_sink comp="1905" pin=2"/></net>

<net id="1917"><net_src comp="1905" pin="3"/><net_sink comp="1913" pin=1"/></net>

<net id="1922"><net_src comp="1913" pin="2"/><net_sink comp="1918" pin=0"/></net>

<net id="1927"><net_src comp="938" pin="1"/><net_sink comp="1923" pin=0"/></net>

<net id="1936"><net_src comp="914" pin="1"/><net_sink comp="1932" pin=0"/></net>

<net id="1969"><net_src comp="909" pin="1"/><net_sink comp="1965" pin=0"/></net>

<net id="1982"><net_src comp="927" pin="1"/><net_sink comp="1978" pin=0"/></net>

<net id="1987"><net_src comp="956" pin="1"/><net_sink comp="1983" pin=0"/></net>

<net id="1988"><net_src comp="914" pin="1"/><net_sink comp="1983" pin=1"/></net>

<net id="1993"><net_src comp="920" pin="1"/><net_sink comp="1989" pin=0"/></net>

<net id="1994"><net_src comp="927" pin="1"/><net_sink comp="1989" pin=1"/></net>

<net id="1999"><net_src comp="956" pin="1"/><net_sink comp="1995" pin=0"/></net>

<net id="2000"><net_src comp="938" pin="1"/><net_sink comp="1995" pin=1"/></net>

<net id="2005"><net_src comp="949" pin="1"/><net_sink comp="2001" pin=0"/></net>

<net id="2006"><net_src comp="914" pin="1"/><net_sink comp="2001" pin=1"/></net>

<net id="2011"><net_src comp="844" pin="1"/><net_sink comp="2007" pin=0"/></net>

<net id="2012"><net_src comp="138" pin="0"/><net_sink comp="2007" pin=1"/></net>

<net id="2017"><net_src comp="989" pin="1"/><net_sink comp="2013" pin=0"/></net>

<net id="2018"><net_src comp="938" pin="1"/><net_sink comp="2013" pin=1"/></net>

<net id="2023"><net_src comp="983" pin="1"/><net_sink comp="2019" pin=0"/></net>

<net id="2024"><net_src comp="914" pin="1"/><net_sink comp="2019" pin=1"/></net>

<net id="2029"><net_src comp="967" pin="1"/><net_sink comp="2025" pin=0"/></net>

<net id="2030"><net_src comp="927" pin="1"/><net_sink comp="2025" pin=1"/></net>

<net id="2035"><net_src comp="938" pin="1"/><net_sink comp="2031" pin=1"/></net>

<net id="2040"><net_src comp="914" pin="1"/><net_sink comp="2036" pin=1"/></net>

<net id="2045"><net_src comp="927" pin="1"/><net_sink comp="2041" pin=1"/></net>

<net id="2050"><net_src comp="973" pin="1"/><net_sink comp="2046" pin=0"/></net>

<net id="2051"><net_src comp="914" pin="1"/><net_sink comp="2046" pin=1"/></net>

<net id="2056"><net_src comp="938" pin="1"/><net_sink comp="2052" pin=1"/></net>

<net id="2061"><net_src comp="914" pin="1"/><net_sink comp="2057" pin=1"/></net>

<net id="2066"><net_src comp="927" pin="1"/><net_sink comp="2062" pin=1"/></net>

<net id="2071"><net_src comp="872" pin="4"/><net_sink comp="2067" pin=0"/></net>

<net id="2072"><net_src comp="64" pin="0"/><net_sink comp="2067" pin=1"/></net>

<net id="2076"><net_src comp="868" pin="1"/><net_sink comp="2073" pin=0"/></net>

<net id="2077"><net_src comp="2073" pin="1"/><net_sink comp="764" pin=2"/></net>

<net id="2082"><net_src comp="868" pin="1"/><net_sink comp="2078" pin=0"/></net>

<net id="2083"><net_src comp="74" pin="0"/><net_sink comp="2078" pin=1"/></net>

<net id="2087"><net_src comp="920" pin="1"/><net_sink comp="2084" pin=0"/></net>

<net id="2088"><net_src comp="2084" pin="1"/><net_sink comp="772" pin=2"/></net>

<net id="2093"><net_src comp="884" pin="4"/><net_sink comp="2089" pin=0"/></net>

<net id="2094"><net_src comp="64" pin="0"/><net_sink comp="2089" pin=1"/></net>

<net id="2098"><net_src comp="880" pin="1"/><net_sink comp="2095" pin=0"/></net>

<net id="2099"><net_src comp="2095" pin="1"/><net_sink comp="780" pin=2"/></net>

<net id="2100"><net_src comp="2095" pin="1"/><net_sink comp="788" pin=2"/></net>

<net id="2105"><net_src comp="880" pin="1"/><net_sink comp="2101" pin=0"/></net>

<net id="2106"><net_src comp="74" pin="0"/><net_sink comp="2101" pin=1"/></net>

<net id="2110"><net_src comp="1036" pin="2"/><net_sink comp="2107" pin=0"/></net>

<net id="2114"><net_src comp="160" pin="3"/><net_sink comp="2111" pin=0"/></net>

<net id="2115"><net_src comp="2111" pin="1"/><net_sink comp="167" pin=0"/></net>

<net id="2119"><net_src comp="1030" pin="2"/><net_sink comp="2116" pin=0"/></net>

<net id="2120"><net_src comp="2116" pin="1"/><net_sink comp="800" pin=0"/></net>

<net id="2124"><net_src comp="167" pin="3"/><net_sink comp="2121" pin=0"/></net>

<net id="2125"><net_src comp="2121" pin="1"/><net_sink comp="180" pin=4"/></net>

<net id="2126"><net_src comp="2121" pin="1"/><net_sink comp="180" pin=1"/></net>

<net id="2130"><net_src comp="1047" pin="3"/><net_sink comp="2127" pin=0"/></net>

<net id="2131"><net_src comp="2127" pin="1"/><net_sink comp="1061" pin=0"/></net>

<net id="2135"><net_src comp="1055" pin="2"/><net_sink comp="2132" pin=0"/></net>

<net id="2136"><net_src comp="2132" pin="1"/><net_sink comp="1065" pin=0"/></net>

<net id="2140"><net_src comp="173" pin="3"/><net_sink comp="2137" pin=0"/></net>

<net id="2141"><net_src comp="2137" pin="1"/><net_sink comp="180" pin=2"/></net>

<net id="2145"><net_src comp="190" pin="3"/><net_sink comp="2142" pin=0"/></net>

<net id="2146"><net_src comp="2142" pin="1"/><net_sink comp="180" pin=0"/></net>

<net id="2150"><net_src comp="1069" pin="2"/><net_sink comp="2147" pin=0"/></net>

<net id="2154"><net_src comp="1075" pin="2"/><net_sink comp="2151" pin=0"/></net>

<net id="2155"><net_src comp="2151" pin="1"/><net_sink comp="824" pin=0"/></net>

<net id="2159"><net_src comp="1081" pin="1"/><net_sink comp="2156" pin=0"/></net>

<net id="2160"><net_src comp="2156" pin="1"/><net_sink comp="231" pin=2"/></net>

<net id="2164"><net_src comp="198" pin="3"/><net_sink comp="2161" pin=0"/></net>

<net id="2165"><net_src comp="2161" pin="1"/><net_sink comp="180" pin=2"/></net>

<net id="2169"><net_src comp="206" pin="3"/><net_sink comp="2166" pin=0"/></net>

<net id="2170"><net_src comp="2166" pin="1"/><net_sink comp="213" pin=2"/></net>

<net id="2171"><net_src comp="2166" pin="1"/><net_sink comp="213" pin=0"/></net>

<net id="2175"><net_src comp="223" pin="3"/><net_sink comp="2172" pin=0"/></net>

<net id="2176"><net_src comp="2172" pin="1"/><net_sink comp="180" pin=0"/></net>

<net id="2180"><net_src comp="1118" pin="3"/><net_sink comp="2177" pin=0"/></net>

<net id="2181"><net_src comp="2177" pin="1"/><net_sink comp="1132" pin=0"/></net>

<net id="2185"><net_src comp="1126" pin="2"/><net_sink comp="2182" pin=0"/></net>

<net id="2189"><net_src comp="1112" pin="2"/><net_sink comp="2186" pin=0"/></net>

<net id="2190"><net_src comp="2186" pin="1"/><net_sink comp="836" pin=0"/></net>

<net id="2194"><net_src comp="231" pin="3"/><net_sink comp="2191" pin=0"/></net>

<net id="2195"><net_src comp="2191" pin="1"/><net_sink comp="180" pin=2"/></net>

<net id="2199"><net_src comp="239" pin="3"/><net_sink comp="2196" pin=0"/></net>

<net id="2200"><net_src comp="2196" pin="1"/><net_sink comp="180" pin=0"/></net>

<net id="2204"><net_src comp="156" pin="1"/><net_sink comp="2201" pin=0"/></net>

<net id="2205"><net_src comp="2201" pin="1"/><net_sink comp="1136" pin=1"/></net>

<net id="2206"><net_src comp="2201" pin="1"/><net_sink comp="905" pin=0"/></net>

<net id="2207"><net_src comp="2201" pin="1"/><net_sink comp="1965" pin=1"/></net>

<net id="2211"><net_src comp="247" pin="3"/><net_sink comp="2208" pin=0"/></net>

<net id="2212"><net_src comp="2208" pin="1"/><net_sink comp="213" pin=0"/></net>

<net id="2213"><net_src comp="2208" pin="1"/><net_sink comp="213" pin=2"/></net>

<net id="2217"><net_src comp="255" pin="3"/><net_sink comp="2214" pin=0"/></net>

<net id="2218"><net_src comp="2214" pin="1"/><net_sink comp="213" pin=2"/></net>

<net id="2219"><net_src comp="2214" pin="1"/><net_sink comp="213" pin=0"/></net>

<net id="2223"><net_src comp="263" pin="3"/><net_sink comp="2220" pin=0"/></net>

<net id="2224"><net_src comp="2220" pin="1"/><net_sink comp="213" pin=2"/></net>

<net id="2225"><net_src comp="2220" pin="1"/><net_sink comp="213" pin=0"/></net>

<net id="2229"><net_src comp="271" pin="3"/><net_sink comp="2226" pin=0"/></net>

<net id="2230"><net_src comp="2226" pin="1"/><net_sink comp="213" pin=2"/></net>

<net id="2231"><net_src comp="2226" pin="1"/><net_sink comp="213" pin=0"/></net>

<net id="2235"><net_src comp="279" pin="3"/><net_sink comp="2232" pin=0"/></net>

<net id="2236"><net_src comp="2232" pin="1"/><net_sink comp="213" pin=0"/></net>

<net id="2237"><net_src comp="2232" pin="1"/><net_sink comp="213" pin=2"/></net>

<net id="2241"><net_src comp="287" pin="3"/><net_sink comp="2238" pin=0"/></net>

<net id="2242"><net_src comp="2238" pin="1"/><net_sink comp="213" pin=0"/></net>

<net id="2243"><net_src comp="2238" pin="1"/><net_sink comp="213" pin=2"/></net>

<net id="2247"><net_src comp="295" pin="3"/><net_sink comp="2244" pin=0"/></net>

<net id="2248"><net_src comp="2244" pin="1"/><net_sink comp="213" pin=0"/></net>

<net id="2249"><net_src comp="2244" pin="1"/><net_sink comp="213" pin=2"/></net>

<net id="2253"><net_src comp="303" pin="3"/><net_sink comp="2250" pin=0"/></net>

<net id="2254"><net_src comp="2250" pin="1"/><net_sink comp="213" pin=2"/></net>

<net id="2255"><net_src comp="2250" pin="1"/><net_sink comp="213" pin=0"/></net>

<net id="2259"><net_src comp="311" pin="3"/><net_sink comp="2256" pin=0"/></net>

<net id="2260"><net_src comp="2256" pin="1"/><net_sink comp="213" pin=2"/></net>

<net id="2261"><net_src comp="2256" pin="1"/><net_sink comp="213" pin=0"/></net>

<net id="2265"><net_src comp="319" pin="3"/><net_sink comp="2262" pin=0"/></net>

<net id="2266"><net_src comp="2262" pin="1"/><net_sink comp="213" pin=0"/></net>

<net id="2270"><net_src comp="327" pin="3"/><net_sink comp="2267" pin=0"/></net>

<net id="2271"><net_src comp="2267" pin="1"/><net_sink comp="213" pin=0"/></net>

<net id="2272"><net_src comp="2267" pin="1"/><net_sink comp="213" pin=2"/></net>

<net id="2276"><net_src comp="335" pin="3"/><net_sink comp="2273" pin=0"/></net>

<net id="2277"><net_src comp="2273" pin="1"/><net_sink comp="213" pin=2"/></net>

<net id="2278"><net_src comp="2273" pin="1"/><net_sink comp="213" pin=0"/></net>

<net id="2282"><net_src comp="343" pin="3"/><net_sink comp="2279" pin=0"/></net>

<net id="2283"><net_src comp="2279" pin="1"/><net_sink comp="213" pin=2"/></net>

<net id="2284"><net_src comp="2279" pin="1"/><net_sink comp="213" pin=0"/></net>

<net id="2288"><net_src comp="351" pin="3"/><net_sink comp="2285" pin=0"/></net>

<net id="2289"><net_src comp="2285" pin="1"/><net_sink comp="213" pin=0"/></net>

<net id="2290"><net_src comp="2285" pin="1"/><net_sink comp="213" pin=2"/></net>

<net id="2294"><net_src comp="359" pin="3"/><net_sink comp="2291" pin=0"/></net>

<net id="2295"><net_src comp="2291" pin="1"/><net_sink comp="213" pin=2"/></net>

<net id="2296"><net_src comp="2291" pin="1"/><net_sink comp="213" pin=0"/></net>

<net id="2300"><net_src comp="367" pin="3"/><net_sink comp="2297" pin=0"/></net>

<net id="2301"><net_src comp="2297" pin="1"/><net_sink comp="213" pin=0"/></net>

<net id="2302"><net_src comp="2297" pin="1"/><net_sink comp="213" pin=2"/></net>

<net id="2306"><net_src comp="375" pin="3"/><net_sink comp="2303" pin=0"/></net>

<net id="2307"><net_src comp="2303" pin="1"/><net_sink comp="180" pin=2"/></net>

<net id="2311"><net_src comp="383" pin="3"/><net_sink comp="2308" pin=0"/></net>

<net id="2312"><net_src comp="2308" pin="1"/><net_sink comp="180" pin=2"/></net>

<net id="2316"><net_src comp="391" pin="3"/><net_sink comp="2313" pin=0"/></net>

<net id="2317"><net_src comp="2313" pin="1"/><net_sink comp="180" pin=0"/></net>

<net id="2321"><net_src comp="399" pin="3"/><net_sink comp="2318" pin=0"/></net>

<net id="2322"><net_src comp="2318" pin="1"/><net_sink comp="180" pin=2"/></net>

<net id="2326"><net_src comp="407" pin="3"/><net_sink comp="2323" pin=0"/></net>

<net id="2327"><net_src comp="2323" pin="1"/><net_sink comp="180" pin=0"/></net>

<net id="2331"><net_src comp="415" pin="3"/><net_sink comp="2328" pin=0"/></net>

<net id="2332"><net_src comp="2328" pin="1"/><net_sink comp="180" pin=2"/></net>

<net id="2336"><net_src comp="423" pin="3"/><net_sink comp="2333" pin=0"/></net>

<net id="2337"><net_src comp="2333" pin="1"/><net_sink comp="180" pin=0"/></net>

<net id="2341"><net_src comp="431" pin="3"/><net_sink comp="2338" pin=0"/></net>

<net id="2342"><net_src comp="2338" pin="1"/><net_sink comp="180" pin=2"/></net>

<net id="2346"><net_src comp="439" pin="3"/><net_sink comp="2343" pin=0"/></net>

<net id="2347"><net_src comp="2343" pin="1"/><net_sink comp="180" pin=0"/></net>

<net id="2351"><net_src comp="447" pin="3"/><net_sink comp="2348" pin=0"/></net>

<net id="2352"><net_src comp="2348" pin="1"/><net_sink comp="180" pin=0"/></net>

<net id="2356"><net_src comp="455" pin="3"/><net_sink comp="2353" pin=0"/></net>

<net id="2357"><net_src comp="2353" pin="1"/><net_sink comp="180" pin=2"/></net>

<net id="2361"><net_src comp="463" pin="3"/><net_sink comp="2358" pin=0"/></net>

<net id="2362"><net_src comp="2358" pin="1"/><net_sink comp="180" pin=0"/></net>

<net id="2366"><net_src comp="471" pin="3"/><net_sink comp="2363" pin=0"/></net>

<net id="2367"><net_src comp="2363" pin="1"/><net_sink comp="180" pin=2"/></net>

<net id="2371"><net_src comp="479" pin="3"/><net_sink comp="2368" pin=0"/></net>

<net id="2372"><net_src comp="2368" pin="1"/><net_sink comp="180" pin=0"/></net>

<net id="2376"><net_src comp="487" pin="3"/><net_sink comp="2373" pin=0"/></net>

<net id="2377"><net_src comp="2373" pin="1"/><net_sink comp="180" pin=2"/></net>

<net id="2381"><net_src comp="495" pin="3"/><net_sink comp="2378" pin=0"/></net>

<net id="2382"><net_src comp="2378" pin="1"/><net_sink comp="180" pin=0"/></net>

<net id="2386"><net_src comp="503" pin="3"/><net_sink comp="2383" pin=0"/></net>

<net id="2387"><net_src comp="2383" pin="1"/><net_sink comp="180" pin=2"/></net>

<net id="2391"><net_src comp="511" pin="3"/><net_sink comp="2388" pin=0"/></net>

<net id="2392"><net_src comp="2388" pin="1"/><net_sink comp="180" pin=2"/></net>

<net id="2396"><net_src comp="519" pin="3"/><net_sink comp="2393" pin=0"/></net>

<net id="2397"><net_src comp="2393" pin="1"/><net_sink comp="180" pin=0"/></net>

<net id="2401"><net_src comp="527" pin="3"/><net_sink comp="2398" pin=0"/></net>

<net id="2402"><net_src comp="2398" pin="1"/><net_sink comp="180" pin=2"/></net>

<net id="2406"><net_src comp="535" pin="3"/><net_sink comp="2403" pin=0"/></net>

<net id="2407"><net_src comp="2403" pin="1"/><net_sink comp="180" pin=0"/></net>

<net id="2411"><net_src comp="543" pin="3"/><net_sink comp="2408" pin=0"/></net>

<net id="2412"><net_src comp="2408" pin="1"/><net_sink comp="180" pin=2"/></net>

<net id="2416"><net_src comp="551" pin="3"/><net_sink comp="2413" pin=0"/></net>

<net id="2417"><net_src comp="2413" pin="1"/><net_sink comp="180" pin=0"/></net>

<net id="2421"><net_src comp="559" pin="3"/><net_sink comp="2418" pin=0"/></net>

<net id="2422"><net_src comp="2418" pin="1"/><net_sink comp="180" pin=2"/></net>

<net id="2426"><net_src comp="567" pin="3"/><net_sink comp="2423" pin=0"/></net>

<net id="2427"><net_src comp="2423" pin="1"/><net_sink comp="180" pin=0"/></net>

<net id="2431"><net_src comp="575" pin="3"/><net_sink comp="2428" pin=0"/></net>

<net id="2432"><net_src comp="2428" pin="1"/><net_sink comp="180" pin=2"/></net>

<net id="2436"><net_src comp="583" pin="3"/><net_sink comp="2433" pin=0"/></net>

<net id="2437"><net_src comp="2433" pin="1"/><net_sink comp="180" pin=0"/></net>

<net id="2441"><net_src comp="591" pin="3"/><net_sink comp="2438" pin=0"/></net>

<net id="2442"><net_src comp="2438" pin="1"/><net_sink comp="180" pin=2"/></net>

<net id="2446"><net_src comp="599" pin="3"/><net_sink comp="2443" pin=0"/></net>

<net id="2447"><net_src comp="2443" pin="1"/><net_sink comp="180" pin=0"/></net>

<net id="2451"><net_src comp="607" pin="3"/><net_sink comp="2448" pin=0"/></net>

<net id="2452"><net_src comp="2448" pin="1"/><net_sink comp="180" pin=2"/></net>

<net id="2456"><net_src comp="615" pin="3"/><net_sink comp="2453" pin=0"/></net>

<net id="2457"><net_src comp="2453" pin="1"/><net_sink comp="180" pin=0"/></net>

<net id="2461"><net_src comp="623" pin="3"/><net_sink comp="2458" pin=0"/></net>

<net id="2462"><net_src comp="2458" pin="1"/><net_sink comp="180" pin=0"/></net>

<net id="2466"><net_src comp="1141" pin="2"/><net_sink comp="2463" pin=0"/></net>

<net id="2470"><net_src comp="1147" pin="1"/><net_sink comp="2467" pin=0"/></net>

<net id="2474"><net_src comp="180" pin="3"/><net_sink comp="2471" pin=0"/></net>

<net id="2475"><net_src comp="2471" pin="1"/><net_sink comp="1949" pin=0"/></net>

<net id="2479"><net_src comp="180" pin="7"/><net_sink comp="2476" pin=0"/></net>

<net id="2480"><net_src comp="2476" pin="1"/><net_sink comp="1953" pin=0"/></net>

<net id="2484"><net_src comp="180" pin="3"/><net_sink comp="2481" pin=0"/></net>

<net id="2485"><net_src comp="2481" pin="1"/><net_sink comp="1941" pin=0"/></net>

<net id="2489"><net_src comp="180" pin="7"/><net_sink comp="2486" pin=0"/></net>

<net id="2490"><net_src comp="2486" pin="1"/><net_sink comp="1928" pin=0"/></net>

<net id="2494"><net_src comp="180" pin="3"/><net_sink comp="2491" pin=0"/></net>

<net id="2495"><net_src comp="2491" pin="1"/><net_sink comp="1957" pin=0"/></net>

<net id="2499"><net_src comp="631" pin="3"/><net_sink comp="2496" pin=0"/></net>

<net id="2500"><net_src comp="2496" pin="1"/><net_sink comp="638" pin=0"/></net>

<net id="2504"><net_src comp="180" pin="7"/><net_sink comp="2501" pin=0"/></net>

<net id="2505"><net_src comp="2501" pin="1"/><net_sink comp="1961" pin=0"/></net>

<net id="2509"><net_src comp="180" pin="3"/><net_sink comp="2506" pin=0"/></net>

<net id="2510"><net_src comp="2506" pin="1"/><net_sink comp="1945" pin=0"/></net>

<net id="2514"><net_src comp="644" pin="3"/><net_sink comp="2511" pin=0"/></net>

<net id="2515"><net_src comp="2511" pin="1"/><net_sink comp="638" pin=0"/></net>

<net id="2519"><net_src comp="180" pin="7"/><net_sink comp="2516" pin=0"/></net>

<net id="2520"><net_src comp="2516" pin="1"/><net_sink comp="1937" pin=0"/></net>

<net id="2524"><net_src comp="180" pin="3"/><net_sink comp="2521" pin=0"/></net>

<net id="2525"><net_src comp="2521" pin="1"/><net_sink comp="1970" pin=0"/></net>

<net id="2529"><net_src comp="652" pin="3"/><net_sink comp="2526" pin=0"/></net>

<net id="2530"><net_src comp="2526" pin="1"/><net_sink comp="638" pin=0"/></net>

<net id="2534"><net_src comp="180" pin="7"/><net_sink comp="2531" pin=0"/></net>

<net id="2535"><net_src comp="2531" pin="1"/><net_sink comp="1974" pin=0"/></net>

<net id="2539"><net_src comp="180" pin="3"/><net_sink comp="2536" pin=0"/></net>

<net id="2540"><net_src comp="2536" pin="1"/><net_sink comp="1418" pin=0"/></net>

<net id="2544"><net_src comp="660" pin="3"/><net_sink comp="2541" pin=0"/></net>

<net id="2545"><net_src comp="2541" pin="1"/><net_sink comp="638" pin=0"/></net>

<net id="2549"><net_src comp="180" pin="7"/><net_sink comp="2546" pin=0"/></net>

<net id="2550"><net_src comp="2546" pin="1"/><net_sink comp="1422" pin=0"/></net>

<net id="2554"><net_src comp="180" pin="3"/><net_sink comp="2551" pin=0"/></net>

<net id="2555"><net_src comp="2551" pin="1"/><net_sink comp="1452" pin=0"/></net>

<net id="2559"><net_src comp="668" pin="3"/><net_sink comp="2556" pin=0"/></net>

<net id="2560"><net_src comp="2556" pin="1"/><net_sink comp="638" pin=0"/></net>

<net id="2564"><net_src comp="638" pin="3"/><net_sink comp="2561" pin=0"/></net>

<net id="2565"><net_src comp="2561" pin="1"/><net_sink comp="1409" pin=0"/></net>

<net id="2566"><net_src comp="2561" pin="1"/><net_sink comp="1465" pin=1"/></net>

<net id="2567"><net_src comp="2561" pin="1"/><net_sink comp="1703" pin=1"/></net>

<net id="2571"><net_src comp="676" pin="3"/><net_sink comp="2568" pin=0"/></net>

<net id="2572"><net_src comp="2568" pin="1"/><net_sink comp="638" pin=0"/></net>

<net id="2576"><net_src comp="638" pin="3"/><net_sink comp="2573" pin=0"/></net>

<net id="2577"><net_src comp="2573" pin="1"/><net_sink comp="1405" pin=1"/></net>

<net id="2578"><net_src comp="2573" pin="1"/><net_sink comp="1447" pin=1"/></net>

<net id="2579"><net_src comp="2573" pin="1"/><net_sink comp="1506" pin=1"/></net>

<net id="2583"><net_src comp="684" pin="3"/><net_sink comp="2580" pin=0"/></net>

<net id="2584"><net_src comp="2580" pin="1"/><net_sink comp="638" pin=0"/></net>

<net id="2588"><net_src comp="692" pin="3"/><net_sink comp="2585" pin=0"/></net>

<net id="2589"><net_src comp="2585" pin="1"/><net_sink comp="638" pin=0"/></net>

<net id="2593"><net_src comp="638" pin="3"/><net_sink comp="2590" pin=0"/></net>

<net id="2594"><net_src comp="2590" pin="1"/><net_sink comp="1456" pin=0"/></net>

<net id="2595"><net_src comp="2590" pin="1"/><net_sink comp="1620" pin=1"/></net>

<net id="2596"><net_src comp="2590" pin="1"/><net_sink comp="1918" pin=1"/></net>

<net id="2600"><net_src comp="700" pin="3"/><net_sink comp="2597" pin=0"/></net>

<net id="2601"><net_src comp="2597" pin="1"/><net_sink comp="638" pin=0"/></net>

<net id="2605"><net_src comp="708" pin="3"/><net_sink comp="2602" pin=0"/></net>

<net id="2606"><net_src comp="2602" pin="1"/><net_sink comp="638" pin=0"/></net>

<net id="2610"><net_src comp="638" pin="3"/><net_sink comp="2607" pin=0"/></net>

<net id="2611"><net_src comp="2607" pin="1"/><net_sink comp="1409" pin=1"/></net>

<net id="2612"><net_src comp="2607" pin="1"/><net_sink comp="1470" pin=1"/></net>

<net id="2613"><net_src comp="2607" pin="1"/><net_sink comp="1667" pin=1"/></net>

<net id="2617"><net_src comp="716" pin="3"/><net_sink comp="2614" pin=0"/></net>

<net id="2618"><net_src comp="2614" pin="1"/><net_sink comp="638" pin=0"/></net>

<net id="2622"><net_src comp="638" pin="3"/><net_sink comp="2619" pin=0"/></net>

<net id="2623"><net_src comp="2619" pin="1"/><net_sink comp="1456" pin=1"/></net>

<net id="2624"><net_src comp="2619" pin="1"/><net_sink comp="1631" pin=1"/></net>

<net id="2625"><net_src comp="2619" pin="1"/><net_sink comp="1882" pin=1"/></net>

<net id="2629"><net_src comp="724" pin="3"/><net_sink comp="2626" pin=0"/></net>

<net id="2630"><net_src comp="2626" pin="1"/><net_sink comp="638" pin=0"/></net>

<net id="2634"><net_src comp="638" pin="3"/><net_sink comp="2631" pin=0"/></net>

<net id="2635"><net_src comp="2631" pin="1"/><net_sink comp="1405" pin=0"/></net>

<net id="2636"><net_src comp="2631" pin="1"/><net_sink comp="1436" pin=1"/></net>

<net id="2637"><net_src comp="2631" pin="1"/><net_sink comp="1542" pin=1"/></net>

<net id="2641"><net_src comp="732" pin="3"/><net_sink comp="2638" pin=0"/></net>

<net id="2642"><net_src comp="2638" pin="1"/><net_sink comp="638" pin=0"/></net>

<net id="2646"><net_src comp="1216" pin="2"/><net_sink comp="2643" pin=0"/></net>

<net id="2647"><net_src comp="2643" pin="1"/><net_sink comp="1227" pin=1"/></net>

<net id="2648"><net_src comp="2643" pin="1"/><net_sink comp="1400" pin=1"/></net>

<net id="2652"><net_src comp="740" pin="3"/><net_sink comp="2649" pin=0"/></net>

<net id="2653"><net_src comp="2649" pin="1"/><net_sink comp="638" pin=0"/></net>

<net id="2657"><net_src comp="1227" pin="2"/><net_sink comp="2654" pin=0"/></net>

<net id="2658"><net_src comp="2654" pin="1"/><net_sink comp="1277" pin=0"/></net>

<net id="2659"><net_src comp="2654" pin="1"/><net_sink comp="1314" pin=0"/></net>

<net id="2663"><net_src comp="1232" pin="2"/><net_sink comp="2660" pin=0"/></net>

<net id="2664"><net_src comp="2660" pin="1"/><net_sink comp="1288" pin=1"/></net>

<net id="2665"><net_src comp="2660" pin="1"/><net_sink comp="1295" pin=0"/></net>

<net id="2669"><net_src comp="1238" pin="2"/><net_sink comp="2666" pin=0"/></net>

<net id="2670"><net_src comp="2666" pin="1"/><net_sink comp="1325" pin=1"/></net>

<net id="2671"><net_src comp="2666" pin="1"/><net_sink comp="1332" pin=0"/></net>

<net id="2675"><net_src comp="748" pin="3"/><net_sink comp="2672" pin=0"/></net>

<net id="2676"><net_src comp="2672" pin="1"/><net_sink comp="638" pin=0"/></net>

<net id="2680"><net_src comp="1282" pin="2"/><net_sink comp="2677" pin=0"/></net>

<net id="2681"><net_src comp="2677" pin="1"/><net_sink comp="213" pin=1"/></net>

<net id="2682"><net_src comp="2677" pin="1"/><net_sink comp="1978" pin=1"/></net>

<net id="2686"><net_src comp="1319" pin="2"/><net_sink comp="2683" pin=0"/></net>

<net id="2687"><net_src comp="2683" pin="1"/><net_sink comp="213" pin=1"/></net>

<net id="2688"><net_src comp="2683" pin="1"/><net_sink comp="1452" pin=1"/></net>

<net id="2692"><net_src comp="1357" pin="2"/><net_sink comp="2689" pin=0"/></net>

<net id="2693"><net_src comp="2689" pin="1"/><net_sink comp="213" pin=4"/></net>

<net id="2694"><net_src comp="2689" pin="1"/><net_sink comp="1422" pin=1"/></net>

<net id="2698"><net_src comp="1363" pin="2"/><net_sink comp="2695" pin=0"/></net>

<net id="2699"><net_src comp="2695" pin="1"/><net_sink comp="1374" pin=1"/></net>

<net id="2700"><net_src comp="2695" pin="1"/><net_sink comp="1381" pin=0"/></net>

<net id="2704"><net_src comp="756" pin="3"/><net_sink comp="2701" pin=0"/></net>

<net id="2705"><net_src comp="2701" pin="1"/><net_sink comp="638" pin=0"/></net>

<net id="2709"><net_src comp="1400" pin="2"/><net_sink comp="2706" pin=0"/></net>

<net id="2710"><net_src comp="2706" pin="1"/><net_sink comp="213" pin=4"/></net>

<net id="2711"><net_src comp="2706" pin="1"/><net_sink comp="1418" pin=1"/></net>

<net id="2715"><net_src comp="1405" pin="2"/><net_sink comp="2712" pin=0"/></net>

<net id="2716"><net_src comp="2712" pin="1"/><net_sink comp="1413" pin=1"/></net>

<net id="2717"><net_src comp="2712" pin="1"/><net_sink comp="1475" pin=1"/></net>

<net id="2718"><net_src comp="2712" pin="1"/><net_sink comp="1482" pin=0"/></net>

<net id="2719"><net_src comp="2712" pin="1"/><net_sink comp="1573" pin=0"/></net>

<net id="2723"><net_src comp="1409" pin="2"/><net_sink comp="2720" pin=0"/></net>

<net id="2724"><net_src comp="2720" pin="1"/><net_sink comp="1426" pin=1"/></net>

<net id="2725"><net_src comp="2720" pin="1"/><net_sink comp="1636" pin=1"/></net>

<net id="2726"><net_src comp="2720" pin="1"/><net_sink comp="1643" pin=0"/></net>

<net id="2727"><net_src comp="2720" pin="1"/><net_sink comp="1736" pin=0"/></net>

<net id="2731"><net_src comp="1413" pin="2"/><net_sink comp="2728" pin=0"/></net>

<net id="2732"><net_src comp="2728" pin="1"/><net_sink comp="1431" pin=1"/></net>

<net id="2733"><net_src comp="2728" pin="1"/><net_sink comp="1610" pin=1"/></net>

<net id="2737"><net_src comp="1418" pin="2"/><net_sink comp="2734" pin=0"/></net>

<net id="2738"><net_src comp="2734" pin="1"/><net_sink comp="213" pin=1"/></net>

<net id="2742"><net_src comp="1422" pin="2"/><net_sink comp="2739" pin=0"/></net>

<net id="2743"><net_src comp="2739" pin="1"/><net_sink comp="213" pin=4"/></net>

<net id="2747"><net_src comp="1426" pin="2"/><net_sink comp="2744" pin=0"/></net>

<net id="2748"><net_src comp="2744" pin="1"/><net_sink comp="1460" pin=1"/></net>

<net id="2749"><net_src comp="2744" pin="1"/><net_sink comp="1773" pin=1"/></net>

<net id="2753"><net_src comp="1431" pin="2"/><net_sink comp="2750" pin=0"/></net>

<net id="2754"><net_src comp="2750" pin="1"/><net_sink comp="1501" pin=0"/></net>

<net id="2755"><net_src comp="2750" pin="1"/><net_sink comp="1537" pin=0"/></net>

<net id="2759"><net_src comp="1436" pin="2"/><net_sink comp="2756" pin=0"/></net>

<net id="2760"><net_src comp="2756" pin="1"/><net_sink comp="1511" pin=1"/></net>

<net id="2761"><net_src comp="2756" pin="1"/><net_sink comp="1518" pin=0"/></net>

<net id="2765"><net_src comp="1441" pin="2"/><net_sink comp="2762" pin=0"/></net>

<net id="2766"><net_src comp="2762" pin="1"/><net_sink comp="1547" pin=1"/></net>

<net id="2767"><net_src comp="2762" pin="1"/><net_sink comp="1554" pin=0"/></net>

<net id="2771"><net_src comp="1447" pin="2"/><net_sink comp="2768" pin=0"/></net>

<net id="2772"><net_src comp="2768" pin="1"/><net_sink comp="1584" pin=1"/></net>

<net id="2773"><net_src comp="2768" pin="1"/><net_sink comp="1591" pin=0"/></net>

<net id="2777"><net_src comp="1452" pin="2"/><net_sink comp="2774" pin=0"/></net>

<net id="2778"><net_src comp="2774" pin="1"/><net_sink comp="213" pin=4"/></net>

<net id="2782"><net_src comp="1456" pin="2"/><net_sink comp="2779" pin=0"/></net>

<net id="2783"><net_src comp="2779" pin="1"/><net_sink comp="1615" pin=1"/></net>

<net id="2784"><net_src comp="2779" pin="1"/><net_sink comp="1809" pin=0"/></net>

<net id="2785"><net_src comp="2779" pin="1"/><net_sink comp="1851" pin=1"/></net>

<net id="2786"><net_src comp="2779" pin="1"/><net_sink comp="1858" pin=0"/></net>

<net id="2790"><net_src comp="1460" pin="2"/><net_sink comp="2787" pin=0"/></net>

<net id="2791"><net_src comp="2787" pin="1"/><net_sink comp="1662" pin=0"/></net>

<net id="2792"><net_src comp="2787" pin="1"/><net_sink comp="1698" pin=0"/></net>

<net id="2796"><net_src comp="1465" pin="2"/><net_sink comp="2793" pin=0"/></net>

<net id="2797"><net_src comp="2793" pin="1"/><net_sink comp="1672" pin=1"/></net>

<net id="2798"><net_src comp="2793" pin="1"/><net_sink comp="1679" pin=0"/></net>

<net id="2802"><net_src comp="1470" pin="2"/><net_sink comp="2799" pin=0"/></net>

<net id="2803"><net_src comp="2799" pin="1"/><net_sink comp="1747" pin=1"/></net>

<net id="2804"><net_src comp="2799" pin="1"/><net_sink comp="1754" pin=0"/></net>

<net id="2808"><net_src comp="1506" pin="2"/><net_sink comp="2805" pin=0"/></net>

<net id="2809"><net_src comp="2805" pin="1"/><net_sink comp="213" pin=4"/></net>

<net id="2810"><net_src comp="2805" pin="1"/><net_sink comp="1953" pin=1"/></net>

<net id="2814"><net_src comp="1542" pin="2"/><net_sink comp="2811" pin=0"/></net>

<net id="2815"><net_src comp="2811" pin="1"/><net_sink comp="213" pin=1"/></net>

<net id="2816"><net_src comp="2811" pin="1"/><net_sink comp="1949" pin=1"/></net>

<net id="2820"><net_src comp="1578" pin="2"/><net_sink comp="2817" pin=0"/></net>

<net id="2821"><net_src comp="2817" pin="1"/><net_sink comp="213" pin=4"/></net>

<net id="2822"><net_src comp="2817" pin="1"/><net_sink comp="1923" pin=1"/></net>

<net id="2826"><net_src comp="1610" pin="2"/><net_sink comp="2823" pin=0"/></net>

<net id="2827"><net_src comp="2823" pin="1"/><net_sink comp="213" pin=1"/></net>

<net id="2828"><net_src comp="2823" pin="1"/><net_sink comp="1932" pin=1"/></net>

<net id="2832"><net_src comp="1615" pin="2"/><net_sink comp="2829" pin=0"/></net>

<net id="2833"><net_src comp="2829" pin="1"/><net_sink comp="1778" pin=1"/></net>

<net id="2834"><net_src comp="2829" pin="1"/><net_sink comp="1846" pin=1"/></net>

<net id="2838"><net_src comp="1620" pin="2"/><net_sink comp="2835" pin=0"/></net>

<net id="2839"><net_src comp="2835" pin="1"/><net_sink comp="1887" pin=1"/></net>

<net id="2840"><net_src comp="2835" pin="1"/><net_sink comp="1894" pin=0"/></net>

<net id="2844"><net_src comp="1625" pin="2"/><net_sink comp="2841" pin=0"/></net>

<net id="2845"><net_src comp="2841" pin="1"/><net_sink comp="1783" pin=1"/></net>

<net id="2846"><net_src comp="2841" pin="1"/><net_sink comp="1790" pin=0"/></net>

<net id="2850"><net_src comp="1631" pin="2"/><net_sink comp="2847" pin=0"/></net>

<net id="2851"><net_src comp="2847" pin="1"/><net_sink comp="1820" pin=1"/></net>

<net id="2852"><net_src comp="2847" pin="1"/><net_sink comp="1827" pin=0"/></net>

<net id="2856"><net_src comp="1667" pin="2"/><net_sink comp="2853" pin=0"/></net>

<net id="2857"><net_src comp="2853" pin="1"/><net_sink comp="213" pin=4"/></net>

<net id="2858"><net_src comp="2853" pin="1"/><net_sink comp="1961" pin=1"/></net>

<net id="2862"><net_src comp="1703" pin="2"/><net_sink comp="2859" pin=0"/></net>

<net id="2863"><net_src comp="2859" pin="1"/><net_sink comp="213" pin=1"/></net>

<net id="2864"><net_src comp="2859" pin="1"/><net_sink comp="1957" pin=1"/></net>

<net id="2868"><net_src comp="1741" pin="2"/><net_sink comp="2865" pin=0"/></net>

<net id="2869"><net_src comp="2865" pin="1"/><net_sink comp="213" pin=4"/></net>

<net id="2870"><net_src comp="2865" pin="1"/><net_sink comp="1928" pin=1"/></net>

<net id="2874"><net_src comp="1773" pin="2"/><net_sink comp="2871" pin=0"/></net>

<net id="2875"><net_src comp="2871" pin="1"/><net_sink comp="213" pin=1"/></net>

<net id="2876"><net_src comp="2871" pin="1"/><net_sink comp="1941" pin=1"/></net>

<net id="2880"><net_src comp="1778" pin="2"/><net_sink comp="2877" pin=0"/></net>

<net id="2881"><net_src comp="2877" pin="1"/><net_sink comp="1877" pin=0"/></net>

<net id="2882"><net_src comp="2877" pin="1"/><net_sink comp="1913" pin=0"/></net>

<net id="2886"><net_src comp="1814" pin="2"/><net_sink comp="2883" pin=0"/></net>

<net id="2887"><net_src comp="2883" pin="1"/><net_sink comp="213" pin=4"/></net>

<net id="2888"><net_src comp="2883" pin="1"/><net_sink comp="1937" pin=1"/></net>

<net id="2892"><net_src comp="1846" pin="2"/><net_sink comp="2889" pin=0"/></net>

<net id="2893"><net_src comp="2889" pin="1"/><net_sink comp="213" pin=1"/></net>

<net id="2894"><net_src comp="2889" pin="1"/><net_sink comp="1945" pin=1"/></net>

<net id="2898"><net_src comp="1882" pin="2"/><net_sink comp="2895" pin=0"/></net>

<net id="2899"><net_src comp="2895" pin="1"/><net_sink comp="213" pin=4"/></net>

<net id="2900"><net_src comp="2895" pin="1"/><net_sink comp="1974" pin=1"/></net>

<net id="2904"><net_src comp="1918" pin="2"/><net_sink comp="2901" pin=0"/></net>

<net id="2905"><net_src comp="2901" pin="1"/><net_sink comp="213" pin=1"/></net>

<net id="2906"><net_src comp="2901" pin="1"/><net_sink comp="1970" pin=1"/></net>

<net id="2910"><net_src comp="1923" pin="2"/><net_sink comp="2907" pin=0"/></net>

<net id="2911"><net_src comp="2907" pin="1"/><net_sink comp="213" pin=4"/></net>

<net id="2915"><net_src comp="1928" pin="2"/><net_sink comp="2912" pin=0"/></net>

<net id="2916"><net_src comp="2912" pin="1"/><net_sink comp="213" pin=1"/></net>

<net id="2920"><net_src comp="1932" pin="2"/><net_sink comp="2917" pin=0"/></net>

<net id="2921"><net_src comp="2917" pin="1"/><net_sink comp="213" pin=4"/></net>

<net id="2925"><net_src comp="1937" pin="2"/><net_sink comp="2922" pin=0"/></net>

<net id="2926"><net_src comp="2922" pin="1"/><net_sink comp="213" pin=1"/></net>

<net id="2930"><net_src comp="1941" pin="2"/><net_sink comp="2927" pin=0"/></net>

<net id="2931"><net_src comp="2927" pin="1"/><net_sink comp="213" pin=4"/></net>

<net id="2935"><net_src comp="1945" pin="2"/><net_sink comp="2932" pin=0"/></net>

<net id="2936"><net_src comp="2932" pin="1"/><net_sink comp="213" pin=1"/></net>

<net id="2940"><net_src comp="1949" pin="2"/><net_sink comp="2937" pin=0"/></net>

<net id="2941"><net_src comp="2937" pin="1"/><net_sink comp="213" pin=4"/></net>

<net id="2945"><net_src comp="1953" pin="2"/><net_sink comp="2942" pin=0"/></net>

<net id="2946"><net_src comp="2942" pin="1"/><net_sink comp="213" pin=1"/></net>

<net id="2950"><net_src comp="1957" pin="2"/><net_sink comp="2947" pin=0"/></net>

<net id="2951"><net_src comp="2947" pin="1"/><net_sink comp="213" pin=4"/></net>

<net id="2955"><net_src comp="1961" pin="2"/><net_sink comp="2952" pin=0"/></net>

<net id="2956"><net_src comp="2952" pin="1"/><net_sink comp="213" pin=1"/></net>

<net id="2960"><net_src comp="1970" pin="2"/><net_sink comp="2957" pin=0"/></net>

<net id="2961"><net_src comp="2957" pin="1"/><net_sink comp="213" pin=4"/></net>

<net id="2965"><net_src comp="1974" pin="2"/><net_sink comp="2962" pin=0"/></net>

<net id="2966"><net_src comp="2962" pin="1"/><net_sink comp="213" pin=1"/></net>

<net id="2970"><net_src comp="213" pin="7"/><net_sink comp="2967" pin=0"/></net>

<net id="2971"><net_src comp="2967" pin="1"/><net_sink comp="2041" pin=0"/></net>

<net id="2975"><net_src comp="213" pin="3"/><net_sink comp="2972" pin=0"/></net>

<net id="2976"><net_src comp="2972" pin="1"/><net_sink comp="2062" pin=0"/></net>

<net id="2980"><net_src comp="1978" pin="2"/><net_sink comp="2977" pin=0"/></net>

<net id="2981"><net_src comp="2977" pin="1"/><net_sink comp="860" pin=0"/></net>

<net id="2985"><net_src comp="213" pin="7"/><net_sink comp="2982" pin=0"/></net>

<net id="2986"><net_src comp="2982" pin="1"/><net_sink comp="2031" pin=0"/></net>

<net id="2990"><net_src comp="213" pin="3"/><net_sink comp="2987" pin=0"/></net>

<net id="2991"><net_src comp="2987" pin="1"/><net_sink comp="2036" pin=0"/></net>

<net id="2995"><net_src comp="213" pin="7"/><net_sink comp="2992" pin=0"/></net>

<net id="2996"><net_src comp="2992" pin="1"/><net_sink comp="2052" pin=0"/></net>

<net id="3000"><net_src comp="213" pin="3"/><net_sink comp="2997" pin=0"/></net>

<net id="3001"><net_src comp="2997" pin="1"/><net_sink comp="2057" pin=0"/></net>

<net id="3005"><net_src comp="1983" pin="2"/><net_sink comp="3002" pin=0"/></net>

<net id="3006"><net_src comp="3002" pin="1"/><net_sink comp="213" pin=1"/></net>

<net id="3010"><net_src comp="1014" pin="2"/><net_sink comp="3007" pin=0"/></net>

<net id="3011"><net_src comp="3007" pin="1"/><net_sink comp="860" pin=2"/></net>

<net id="3015"><net_src comp="1989" pin="2"/><net_sink comp="3012" pin=0"/></net>

<net id="3016"><net_src comp="3012" pin="1"/><net_sink comp="213" pin=1"/></net>

<net id="3020"><net_src comp="1995" pin="2"/><net_sink comp="3017" pin=0"/></net>

<net id="3021"><net_src comp="3017" pin="1"/><net_sink comp="213" pin=1"/></net>

<net id="3025"><net_src comp="2001" pin="2"/><net_sink comp="3022" pin=0"/></net>

<net id="3026"><net_src comp="3022" pin="1"/><net_sink comp="213" pin=4"/></net>

<net id="3030"><net_src comp="2013" pin="2"/><net_sink comp="3027" pin=0"/></net>

<net id="3031"><net_src comp="3027" pin="1"/><net_sink comp="213" pin=1"/></net>

<net id="3035"><net_src comp="1014" pin="2"/><net_sink comp="3032" pin=0"/></net>

<net id="3036"><net_src comp="3032" pin="1"/><net_sink comp="213" pin=4"/></net>

<net id="3040"><net_src comp="2007" pin="2"/><net_sink comp="3037" pin=0"/></net>

<net id="3041"><net_src comp="3037" pin="1"/><net_sink comp="848" pin=2"/></net>

<net id="3045"><net_src comp="2019" pin="2"/><net_sink comp="3042" pin=0"/></net>

<net id="3046"><net_src comp="3042" pin="1"/><net_sink comp="213" pin=1"/></net>

<net id="3050"><net_src comp="2025" pin="2"/><net_sink comp="3047" pin=0"/></net>

<net id="3051"><net_src comp="3047" pin="1"/><net_sink comp="213" pin=4"/></net>

<net id="3055"><net_src comp="2031" pin="2"/><net_sink comp="3052" pin=0"/></net>

<net id="3056"><net_src comp="3052" pin="1"/><net_sink comp="213" pin=4"/></net>

<net id="3060"><net_src comp="2036" pin="2"/><net_sink comp="3057" pin=0"/></net>

<net id="3061"><net_src comp="3057" pin="1"/><net_sink comp="213" pin=1"/></net>

<net id="3065"><net_src comp="2041" pin="2"/><net_sink comp="3062" pin=0"/></net>

<net id="3066"><net_src comp="3062" pin="1"/><net_sink comp="213" pin=4"/></net>

<net id="3070"><net_src comp="2046" pin="2"/><net_sink comp="3067" pin=0"/></net>

<net id="3071"><net_src comp="3067" pin="1"/><net_sink comp="213" pin=1"/></net>

<net id="3075"><net_src comp="2052" pin="2"/><net_sink comp="3072" pin=0"/></net>

<net id="3076"><net_src comp="3072" pin="1"/><net_sink comp="213" pin=4"/></net>

<net id="3080"><net_src comp="2057" pin="2"/><net_sink comp="3077" pin=0"/></net>

<net id="3081"><net_src comp="3077" pin="1"/><net_sink comp="213" pin=1"/></net>

<net id="3085"><net_src comp="2062" pin="2"/><net_sink comp="3082" pin=0"/></net>

<net id="3086"><net_src comp="3082" pin="1"/><net_sink comp="213" pin=1"/></net>

<net id="3090"><net_src comp="2067" pin="2"/><net_sink comp="3087" pin=0"/></net>

<net id="3091"><net_src comp="3087" pin="1"/><net_sink comp="872" pin=0"/></net>

<net id="3095"><net_src comp="764" pin="3"/><net_sink comp="3092" pin=0"/></net>

<net id="3096"><net_src comp="3092" pin="1"/><net_sink comp="213" pin=0"/></net>

<net id="3097"><net_src comp="3092" pin="1"/><net_sink comp="213" pin=2"/></net>

<net id="3101"><net_src comp="2078" pin="2"/><net_sink comp="3098" pin=0"/></net>

<net id="3105"><net_src comp="772" pin="3"/><net_sink comp="3102" pin=0"/></net>

<net id="3106"><net_src comp="3102" pin="1"/><net_sink comp="638" pin=0"/></net>

<net id="3110"><net_src comp="2089" pin="2"/><net_sink comp="3107" pin=0"/></net>

<net id="3111"><net_src comp="3107" pin="1"/><net_sink comp="884" pin=0"/></net>

<net id="3115"><net_src comp="780" pin="3"/><net_sink comp="3112" pin=0"/></net>

<net id="3116"><net_src comp="3112" pin="1"/><net_sink comp="180" pin=0"/></net>

<net id="3120"><net_src comp="788" pin="3"/><net_sink comp="3117" pin=0"/></net>

<net id="3121"><net_src comp="3117" pin="1"/><net_sink comp="213" pin=0"/></net>

<net id="3122"><net_src comp="3117" pin="1"/><net_sink comp="213" pin=2"/></net>

<net id="3126"><net_src comp="2101" pin="2"/><net_sink comp="3123" pin=0"/></net>

</net_list>

</model> 
---------------- Datapath Model END ------------------

* FSMD analyzer results:
  - Output states:
	Port: ctx | {6 7 27 28 29 30 31 32 33 34 35 36 37 38 39 40 41 42 43 44 50 51 72 73 74 75 76 77 78 79 80 81 82 83 84 85 86 87 88 89 139 140 141 142 143 144 145 146 147 148 149 150 151 152 153 154 155 156 }
	Port: buf_r | {51 52 76 77 78 79 80 81 82 83 84 85 86 87 88 89 90 91 92 95 96 97 98 99 100 101 102 103 104 115 116 123 124 125 126 127 128 129 130 163 164 }
 - Input state : 
	Port: aes_top : ctx | {10 11 12 13 14 15 16 17 18 19 20 21 22 23 24 25 26 27 28 29 30 46 47 48 49 54 55 56 57 58 59 60 61 62 63 64 65 66 67 68 69 70 71 72 73 74 75 90 91 92 93 94 95 96 97 98 99 100 122 123 124 125 126 127 128 129 130 131 132 133 134 135 136 137 138 139 140 141 142 158 159 160 161 }
	Port: aes_top : k | {2 3 4 5 }
	Port: aes_top : buf_r | {46 47 48 49 57 58 59 60 61 62 63 64 65 66 67 68 78 79 80 81 82 86 87 88 89 90 91 92 93 94 107 108 109 110 117 118 119 120 121 122 123 124 125 126 158 159 160 161 }
	Port: aes_top : sbox | {16 17 18 19 20 21 22 24 25 26 27 28 29 30 61 62 63 64 65 66 67 68 69 70 71 72 73 74 75 76 77 78 79 111 112 113 114 128 129 130 131 132 133 134 136 137 138 139 140 141 142 }
  - Chain level:
	State 1
	State 2
		add_ln329 : 1
		icmp_ln329 : 1
		br_ln329 : 2
		i_cast12 : 1
		k_addr : 2
		k_load : 3
	State 3
	State 4
	State 5
	State 6
		ctx_addr : 1
		store_ln330 : 2
		ctx_addr_1 : 1
		store_ln330 : 2
	State 7
	State 8
	State 9
		icmp_ln332 : 1
		br_ln332 : 2
	State 10
	State 11
	State 12
	State 13
	State 14
	State 15
	State 16
	State 17
	State 18
	State 19
	State 20
	State 21
	State 22
	State 23
	State 24
	State 25
	State 26
	State 27
	State 28
	State 29
	State 30
	State 31
	State 32
	State 33
	State 34
	State 35
	State 36
	State 37
	State 38
	State 39
	State 40
	State 41
	State 42
	State 43
	State 44
	State 45
	State 46
		trunc_ln269_cast13 : 1
		or_ln1 : 1
		zext_ln269_1 : 2
		ctx_addr_2 : 3
		ctx_load : 4
		buf_addr : 2
		buf_load : 3
		or_ln269_2 : 1
		zext_ln269_2 : 2
		ctx_addr_4 : 3
		ctx_load_1 : 4
	State 47
	State 48
	State 49
		br_ln269 : 1
	State 50
		store_ln269 : 1
		ctx_addr_5 : 1
		store_ln269 : 2
	State 51
	State 52
	State 53
		store_ln338 : 1
	State 54
		icmp_ln338 : 1
		br_ln338 : 2
		trunc_ln343 : 1
		br_ln343 : 2
	State 55
		rcon_2 : 1
	State 56
	State 57
	State 58
	State 59
	State 60
	State 61
		sbox_addr_11 : 1
		sbox_load_11 : 2
	State 62
		sbox_addr_16 : 1
		sbox_load_16 : 2
	State 63
		sbox_addr_3 : 1
		sbox_load_3 : 2
	State 64
		sbox_addr_4 : 1
		sbox_load_4 : 2
	State 65
		sbox_addr_6 : 1
		i_6 : 2
	State 66
		sbox_addr_7 : 1
		sbox_load_7 : 2
	State 67
		sbox_addr_8 : 1
		sbox_load_8 : 2
	State 68
		sbox_addr_12 : 1
		sbox_load_12 : 2
	State 69
		sbox_addr_15 : 1
		i_5 : 2
	State 70
		sbox_addr_1 : 1
		sbox_load_1 : 2
	State 71
		sbox_addr_2 : 1
		j_2 : 2
	State 72
		sbox_addr_10 : 1
		sbox_load_10 : 2
	State 73
		sbox_addr_14 : 1
		sbox_load_14 : 2
	State 74
		sbox_addr_5 : 1
		sbox_load_5 : 2
	State 75
		sbox_addr_9 : 1
		sbox_load_9 : 2
		xor_ln294 : 1
		xor_ln294_1 : 1
		xor_ln294_3 : 1
		xor_ln294_4 : 1
		xor_ln295_1 : 1
		xor_ln295_2 : 1
	State 76
		sbox_addr_13 : 1
		j_1 : 2
		xor_ln295_4 : 1
	State 77
	State 78
	State 79
		xor_ln294_15 : 1
		xor_ln294_16 : 1
		xor_ln294_18 : 1
		xor_ln294_19 : 1
		xor_ln295_16 : 1
		xor_ln295_17 : 1
		xor_ln295_19 : 1
	State 80
		xor_ln294_10 : 1
		xor_ln294_11 : 1
		xor_ln294_13 : 1
		xor_ln294_14 : 1
		xor_ln295_11 : 1
		xor_ln295_12 : 1
		xor_ln295_14 : 1
	State 81
		xor_ln295_6 : 1
		xor_ln295_7 : 1
		xor_ln295_9 : 1
	State 82
		xor_ln294_5 : 1
		xor_ln294_6 : 1
		xor_ln294_8 : 1
		xor_ln294_9 : 1
	State 83
	State 84
	State 85
	State 86
	State 87
	State 88
	State 89
	State 90
	State 91
	State 92
	State 93
	State 94
	State 95
	State 96
		store_ln261 : 1
	State 97
	State 98
	State 99
	State 100
	State 101
	State 102
	State 103
	State 104
	State 105
	State 106
		add_ln253 : 1
	State 107
		buf_addr_13 : 1
		buf_load_1 : 2
		br_ln253 : 1
	State 108
	State 109
	State 110
	State 111
		sbox_addr : 1
		sbox_load : 2
	State 112
	State 113
	State 114
	State 115
	State 116
	State 117
	State 118
	State 119
	State 120
	State 121
	State 122
		call_ret : 1
	State 123
	State 124
	State 125
	State 126
	State 127
	State 128
	State 129
	State 130
	State 131
	State 132
	State 133
	State 134
	State 135
	State 136
	State 137
	State 138
	State 139
	State 140
	State 141
	State 142
	State 143
	State 144
	State 145
	State 146
	State 147
	State 148
	State 149
	State 150
	State 151
	State 152
	State 153
	State 154
	State 155
	State 156
	State 157
		add_ln261 : 1
	State 158
		ctx_addr_6 : 1
		ctx_load_2 : 2
		buf_addr_15 : 1
		buf_load_27 : 2
		br_ln261 : 1
	State 159
	State 160
	State 161
	State 162
	State 163
	State 164
	State 165


============================================================
+ Verbose Summary: Datapath Resource usage 
============================================================

* Functional unit list:
|----------|-----------------------------|---------|---------|---------|
| Operation|       Functional Unit       |  Delay  |    FF   |   LUT   |
|----------|-----------------------------|---------|---------|---------|
|   call   | grp_aes_expandEncKey_fu_892 | 22.9973 |   1949  |   1164  |
|----------|-----------------------------|---------|---------|---------|
|          |         grp_fu_1002         |    0    |    0    |    8    |
|          |         grp_fu_1008         |    0    |    0    |    8    |
|          |         grp_fu_1014         |    0    |    0    |    8    |
|          |      xor_ln330_fu_1055      |    0    |    0    |    6    |
|          |     xor_ln293_1_fu_1216     |    0    |    0    |    8    |
|          |     xor_ln293_2_fu_1227     |    0    |    0    |    8    |
|          |     xor_ln294_2_fu_1232     |    0    |    0    |    8    |
|          |      xor_ln295_fu_1238      |    0    |    0    |    8    |
|          |      xor_ln245_fu_1263      |    0    |    0    |    8    |
|          |      xor_ln294_fu_1277      |    0    |    0    |    8    |
|          |     xor_ln294_1_fu_1282     |    0    |    0    |    8    |
|          |     xor_ln245_1_fu_1300     |    0    |    0    |    8    |
|          |     xor_ln294_3_fu_1314     |    0    |    0    |    8    |
|          |     xor_ln294_4_fu_1319     |    0    |    0    |    8    |
|          |     xor_ln245_2_fu_1337     |    0    |    0    |    8    |
|          |     xor_ln295_1_fu_1351     |    0    |    0    |    8    |
|          |     xor_ln295_2_fu_1357     |    0    |    0    |    8    |
|          |     xor_ln295_3_fu_1363     |    0    |    0    |    8    |
|          |     xor_ln245_3_fu_1386     |    0    |    0    |    8    |
|          |     xor_ln295_4_fu_1400     |    0    |    0    |    8    |
|          |     xor_ln293_9_fu_1405     |    0    |    0    |    8    |
|          |     xor_ln293_6_fu_1409     |    0    |    0    |    8    |
|          |     xor_ln293_10_fu_1413    |    0    |    0    |    8    |
|          |     xor_ln261_29_fu_1418    |    0    |    0    |    8    |
|          |     xor_ln261_30_fu_1422    |    0    |    0    |    8    |
|          |     xor_ln293_7_fu_1426     |    0    |    0    |    8    |
|          |     xor_ln293_11_fu_1431    |    0    |    0    |    8    |
|          |     xor_ln294_17_fu_1436    |    0    |    0    |    8    |
|          |     xor_ln295_15_fu_1441    |    0    |    0    |    8    |
|          |     xor_ln295_18_fu_1447    |    0    |    0    |    8    |
|          |     xor_ln261_31_fu_1452    |    0    |    0    |    8    |
|          |     xor_ln293_3_fu_1456     |    0    |    0    |    8    |
|          |     xor_ln293_8_fu_1460     |    0    |    0    |    8    |
|          |     xor_ln294_12_fu_1465    |    0    |    0    |    8    |
|          |     xor_ln295_13_fu_1470    |    0    |    0    |    8    |
|          |     xor_ln245_12_fu_1487    |    0    |    0    |    8    |
|          |     xor_ln294_15_fu_1501    |    0    |    0    |    8    |
|          |     xor_ln294_16_fu_1506    |    0    |    0    |    8    |
|          |     xor_ln245_13_fu_1523    |    0    |    0    |    8    |
|          |     xor_ln294_18_fu_1537    |    0    |    0    |    8    |
|          |     xor_ln294_19_fu_1542    |    0    |    0    |    8    |
|          |     xor_ln245_14_fu_1559    |    0    |    0    |    8    |
|          |     xor_ln295_16_fu_1573    |    0    |    0    |    8    |
|          |     xor_ln295_17_fu_1578    |    0    |    0    |    8    |
|          |     xor_ln245_15_fu_1596    |    0    |    0    |    8    |
|          |     xor_ln295_19_fu_1610    |    0    |    0    |    8    |
|          |     xor_ln293_4_fu_1615     |    0    |    0    |    8    |
|          |     xor_ln294_7_fu_1620     |    0    |    0    |    8    |
|          |     xor_ln295_5_fu_1625     |    0    |    0    |    8    |
|    xor   |     xor_ln295_8_fu_1631     |    0    |    0    |    8    |
|          |     xor_ln245_8_fu_1648     |    0    |    0    |    8    |
|          |     xor_ln294_10_fu_1662    |    0    |    0    |    8    |
|          |     xor_ln294_11_fu_1667    |    0    |    0    |    8    |
|          |     xor_ln245_9_fu_1684     |    0    |    0    |    8    |
|          |     xor_ln294_13_fu_1698    |    0    |    0    |    8    |
|          |     xor_ln294_14_fu_1703    |    0    |    0    |    8    |
|          |     xor_ln245_10_fu_1722    |    0    |    0    |    8    |
|          |     xor_ln295_11_fu_1736    |    0    |    0    |    8    |
|          |     xor_ln295_12_fu_1741    |    0    |    0    |    8    |
|          |     xor_ln245_11_fu_1759    |    0    |    0    |    8    |
|          |     xor_ln295_14_fu_1773    |    0    |    0    |    8    |
|          |     xor_ln293_5_fu_1778     |    0    |    0    |    8    |
|          |     xor_ln245_6_fu_1795     |    0    |    0    |    8    |
|          |     xor_ln295_6_fu_1809     |    0    |    0    |    8    |
|          |     xor_ln295_7_fu_1814     |    0    |    0    |    8    |
|          |     xor_ln245_7_fu_1832     |    0    |    0    |    8    |
|          |     xor_ln295_9_fu_1846     |    0    |    0    |    8    |
|          |     xor_ln245_4_fu_1863     |    0    |    0    |    8    |
|          |     xor_ln294_5_fu_1877     |    0    |    0    |    8    |
|          |     xor_ln294_6_fu_1882     |    0    |    0    |    8    |
|          |     xor_ln245_5_fu_1899     |    0    |    0    |    8    |
|          |     xor_ln294_8_fu_1913     |    0    |    0    |    8    |
|          |     xor_ln294_9_fu_1918     |    0    |    0    |    8    |
|          |     xor_ln261_18_fu_1923    |    0    |    0    |    8    |
|          |     xor_ln261_22_fu_1928    |    0    |    0    |    8    |
|          |     xor_ln261_17_fu_1932    |    0    |    0    |    8    |
|          |     xor_ln261_26_fu_1937    |    0    |    0    |    8    |
|          |     xor_ln261_21_fu_1941    |    0    |    0    |    8    |
|          |     xor_ln261_25_fu_1945    |    0    |    0    |    8    |
|          |     xor_ln261_19_fu_1949    |    0    |    0    |    8    |
|          |     xor_ln261_20_fu_1953    |    0    |    0    |    8    |
|          |     xor_ln261_23_fu_1957    |    0    |    0    |    8    |
|          |     xor_ln261_24_fu_1961    |    0    |    0    |    8    |
|          |     xor_ln261_27_fu_1970    |    0    |    0    |    8    |
|          |     xor_ln261_28_fu_1974    |    0    |    0    |    8    |
|          |     xor_ln261_32_fu_1978    |    0    |    0    |    8    |
|          |     xor_ln261_15_fu_1983    |    0    |    0    |    8    |
|          |     xor_ln261_14_fu_1989    |    0    |    0    |    8    |
|          |     xor_ln261_12_fu_1995    |    0    |    0    |    8    |
|          |     xor_ln261_13_fu_2001    |    0    |    0    |    8    |
|          |     xor_ln261_10_fu_2013    |    0    |    0    |    8    |
|          |     xor_ln261_1_fu_2019     |    0    |    0    |    8    |
|          |     xor_ln261_2_fu_2025     |    0    |    0    |    8    |
|          |     xor_ln261_3_fu_2031     |    0    |    0    |    8    |
|          |     xor_ln261_4_fu_2036     |    0    |    0    |    8    |
|          |     xor_ln261_5_fu_2041     |    0    |    0    |    8    |
|          |     xor_ln261_6_fu_2046     |    0    |    0    |    8    |
|          |     xor_ln261_7_fu_2052     |    0    |    0    |    8    |
|          |     xor_ln261_8_fu_2057     |    0    |    0    |    8    |
|          |     xor_ln261_9_fu_2062     |    0    |    0    |    8    |
|----------|-----------------------------|---------|---------|---------|
|          |         grp_fu_1030         |    0    |    31   |    10   |
|          |         grp_fu_1075         |    0    |    17   |    7    |
|    add   |         grp_fu_1112         |    0    |    22   |    8    |
|          |         grp_fu_2007         |    0    |    22   |    8    |
|          |         grp_fu_2067         |    0    |    22   |    8    |
|          |         grp_fu_2089         |    0    |    22   |    8    |
|----------|-----------------------------|---------|---------|---------|
|          |     select_ln245_fu_1269    |    0    |    0    |    8    |
|          |    select_ln245_1_fu_1306   |    0    |    0    |    8    |
|          |    select_ln245_2_fu_1343   |    0    |    0    |    8    |
|          |    select_ln245_3_fu_1392   |    0    |    0    |    8    |
|          |   select_ln245_12_fu_1493   |    0    |    0    |    8    |
|          |   select_ln245_13_fu_1529   |    0    |    0    |    8    |
|          |   select_ln245_14_fu_1565   |    0    |    0    |    8    |
|  select  |   select_ln245_15_fu_1602   |    0    |    0    |    8    |
|          |    select_ln245_8_fu_1654   |    0    |    0    |    8    |
|          |    select_ln245_9_fu_1690   |    0    |    0    |    8    |
|          |   select_ln245_10_fu_1728   |    0    |    0    |    8    |
|          |   select_ln245_11_fu_1765   |    0    |    0    |    8    |
|          |    select_ln245_6_fu_1801   |    0    |    0    |    8    |
|          |    select_ln245_7_fu_1838   |    0    |    0    |    8    |
|          |    select_ln245_4_fu_1869   |    0    |    0    |    8    |
|          |    select_ln245_5_fu_1905   |    0    |    0    |    8    |
|----------|-----------------------------|---------|---------|---------|
|          |      icmp_ln329_fu_1036     |    0    |    0    |    10   |
|          |      icmp_ln332_fu_1069     |    0    |    0    |    8    |
|   icmp   |      icmp_ln269_fu_1126     |    0    |    0    |    9    |
|          |      icmp_ln338_fu_1141     |    0    |    0    |    9    |
|          |      icmp_ln253_fu_2078     |    0    |    0    |    9    |
|          |      icmp_ln261_fu_2101     |    0    |    0    |    9    |
|----------|-----------------------------|---------|---------|---------|
|          |       i_cast12_fu_1042      |    0    |    0    |    0    |
|          |      zext_ln330_fu_1061     |    0    |    0    |    0    |
|          |     zext_ln330_1_fu_1065    |    0    |    0    |    0    |
|          |  trunc_ln269_cast13_fu_1081 |    0    |    0    |    0    |
|          |     zext_ln269_1_fu_1094    |    0    |    0    |    0    |
|          |     zext_ln269_2_fu_1107    |    0    |    0    |    0    |
|          |      zext_ln269_fu_1132     |    0    |    0    |    0    |
|          |    zext_ln253_11_fu_1151    |    0    |    0    |    0    |
|          |    zext_ln253_16_fu_1156    |    0    |    0    |    0    |
|          |     zext_ln253_3_fu_1161    |    0    |    0    |    0    |
|          |     zext_ln253_4_fu_1166    |    0    |    0    |    0    |
|          |     zext_ln253_6_fu_1171    |    0    |    0    |    0    |
|   zext   |     zext_ln253_7_fu_1176    |    0    |    0    |    0    |
|          |     zext_ln253_8_fu_1181    |    0    |    0    |    0    |
|          |    zext_ln253_12_fu_1186    |    0    |    0    |    0    |
|          |    zext_ln253_15_fu_1191    |    0    |    0    |    0    |
|          |     zext_ln253_1_fu_1196    |    0    |    0    |    0    |
|          |     zext_ln253_2_fu_1201    |    0    |    0    |    0    |
|          |    zext_ln253_10_fu_1206    |    0    |    0    |    0    |
|          |    zext_ln253_14_fu_1211    |    0    |    0    |    0    |
|          |     zext_ln253_5_fu_1222    |    0    |    0    |    0    |
|          |     zext_ln253_9_fu_1244    |    0    |    0    |    0    |
|          |    zext_ln253_13_fu_1369    |    0    |    0    |    0    |
|          |       i_4_cast_fu_2073      |    0    |    0    |    0    |
|          |      zext_ln253_fu_2084     |    0    |    0    |    0    |
|          |       i_9_cast_fu_2095      |    0    |    0    |    0    |
|----------|-----------------------------|---------|---------|---------|
|          |        or_ln_fu_1047        |    0    |    0    |    0    |
|bitconcatenate|        or_ln1_fu_1086       |    0    |    0    |    0    |
|          |      or_ln269_2_fu_1099     |    0    |    0    |    0    |
|          |      or_ln269_1_fu_1118     |    0    |    0    |    0    |
|----------|-----------------------------|---------|---------|---------|
|   trunc  |     trunc_ln343_fu_1147     |    0    |    0    |    0    |
|----------|-----------------------------|---------|---------|---------|
|          |         tmp_fu_1249         |    0    |    0    |    0    |
|          |        tmp_1_fu_1288        |    0    |    0    |    0    |
|          |        tmp_2_fu_1325        |    0    |    0    |    0    |
|          |        tmp_3_fu_1374        |    0    |    0    |    0    |
|          |        tmp_12_fu_1475       |    0    |    0    |    0    |
|          |        tmp_13_fu_1511       |    0    |    0    |    0    |
|          |        tmp_14_fu_1547       |    0    |    0    |    0    |
| bitselect|        tmp_15_fu_1584       |    0    |    0    |    0    |
|          |        tmp_8_fu_1636        |    0    |    0    |    0    |
|          |        tmp_9_fu_1672        |    0    |    0    |    0    |
|          |        tmp_10_fu_1708       |    0    |    0    |    0    |
|          |        tmp_11_fu_1747       |    0    |    0    |    0    |
|          |        tmp_6_fu_1783        |    0    |    0    |    0    |
|          |        tmp_7_fu_1820        |    0    |    0    |    0    |
|          |        tmp_4_fu_1851        |    0    |    0    |    0    |
|          |        tmp_5_fu_1887        |    0    |    0    |    0    |
|----------|-----------------------------|---------|---------|---------|
|          |      shl_ln245_fu_1257      |    0    |    0    |    0    |
|          |     shl_ln245_1_fu_1295     |    0    |    0    |    0    |
|          |     shl_ln245_2_fu_1332     |    0    |    0    |    0    |
|          |     shl_ln245_3_fu_1381     |    0    |    0    |    0    |
|          |     shl_ln245_12_fu_1482    |    0    |    0    |    0    |
|          |     shl_ln245_13_fu_1518    |    0    |    0    |    0    |
|          |     shl_ln245_14_fu_1554    |    0    |    0    |    0    |
|    shl   |     shl_ln245_15_fu_1591    |    0    |    0    |    0    |
|          |     shl_ln245_8_fu_1643     |    0    |    0    |    0    |
|          |     shl_ln245_9_fu_1679     |    0    |    0    |    0    |
|          |     shl_ln245_10_fu_1716    |    0    |    0    |    0    |
|          |     shl_ln245_11_fu_1754    |    0    |    0    |    0    |
|          |     shl_ln245_6_fu_1790     |    0    |    0    |    0    |
|          |     shl_ln245_7_fu_1827     |    0    |    0    |    0    |
|          |     shl_ln245_4_fu_1858     |    0    |    0    |    0    |
|          |     shl_ln245_5_fu_1894     |    0    |    0    |    0    |
|----------|-----------------------------|---------|---------|---------|
|   Total  |                             | 22.9973 |   2085  |   2193  |
|----------|-----------------------------|---------|---------|---------|

Memories:
+----+--------+--------+--------+
|    |  BRAM  |   FF   |   LUT  |
+----+--------+--------+--------+
|sbox|    1   |   16   |    0   |
+----+--------+--------+--------+
|Total|    1   |   16   |    0   |
+----+--------+--------+--------+

* Register list:
+---------------------------+--------+
|                           |   FF   |
+---------------------------+--------+
|     add_ln253_reg_3087    |    4   |
|     add_ln261_reg_3107    |    4   |
|     add_ln269_reg_2186    |    4   |
|     add_ln329_reg_2116    |    6   |
|     add_ln332_reg_2151    |    3   |
|     add_ln338_reg_3037    |    4   |
|    buf_addr_10_reg_2262   |    4   |
|    buf_addr_11_reg_2267   |    4   |
|    buf_addr_12_reg_2273   |    4   |
|    buf_addr_13_reg_3092   |    4   |
|    buf_addr_14_reg_2279   |    4   |
|    buf_addr_15_reg_3117   |    4   |
|    buf_addr_16_reg_2285   |    4   |
|    buf_addr_17_reg_2291   |    4   |
|    buf_addr_18_reg_2297   |    4   |
|    buf_addr_1_reg_2208    |    4   |
|    buf_addr_2_reg_2214    |    4   |
|    buf_addr_3_reg_2220    |    4   |
|    buf_addr_4_reg_2226    |    4   |
|    buf_addr_5_reg_2232    |    4   |
|    buf_addr_6_reg_2238    |    4   |
|    buf_addr_7_reg_2244    |    4   |
|    buf_addr_8_reg_2250    |    4   |
|    buf_addr_9_reg_2256    |    4   |
|     buf_addr_reg_2166     |    4   |
|    buf_load_29_reg_2982   |    8   |
|    buf_load_30_reg_2987   |    8   |
|    buf_load_31_reg_2967   |    8   |
|    buf_load_33_reg_2992   |    8   |
|    buf_load_34_reg_2997   |    8   |
|    buf_load_35_reg_2972   |    8   |
|    ctx_addr_10_reg_2318   |    7   |
|    ctx_addr_11_reg_2323   |    7   |
|    ctx_addr_12_reg_2328   |    7   |
|    ctx_addr_13_reg_2333   |    7   |
|    ctx_addr_14_reg_2338   |    7   |
|    ctx_addr_15_reg_2343   |    7   |
|    ctx_addr_16_reg_2348   |    7   |
|    ctx_addr_17_reg_2353   |    7   |
|    ctx_addr_18_reg_2358   |    7   |
|    ctx_addr_19_reg_2363   |    7   |
|    ctx_addr_1_reg_2142    |    7   |
|    ctx_addr_20_reg_2368   |    7   |
|    ctx_addr_21_reg_2373   |    7   |
|    ctx_addr_22_reg_2378   |    7   |
|    ctx_addr_23_reg_2383   |    7   |
|    ctx_addr_24_reg_2388   |    7   |
|    ctx_addr_25_reg_2393   |    7   |
|    ctx_addr_26_reg_2398   |    7   |
|    ctx_addr_27_reg_2403   |    7   |
|    ctx_addr_28_reg_2408   |    7   |
|    ctx_addr_29_reg_2413   |    7   |
|    ctx_addr_2_reg_2161    |    7   |
|    ctx_addr_30_reg_2418   |    7   |
|    ctx_addr_31_reg_2423   |    7   |
|    ctx_addr_32_reg_2428   |    7   |
|    ctx_addr_33_reg_2433   |    7   |
|    ctx_addr_34_reg_2438   |    7   |
|    ctx_addr_35_reg_2443   |    7   |
|    ctx_addr_36_reg_2448   |    7   |
|    ctx_addr_37_reg_2453   |    7   |
|    ctx_addr_38_reg_2458   |    7   |
|    ctx_addr_3_reg_2191    |    7   |
|    ctx_addr_4_reg_2172    |    7   |
|    ctx_addr_5_reg_2196    |    7   |
|    ctx_addr_6_reg_3112    |    7   |
|    ctx_addr_7_reg_2303    |    7   |
|    ctx_addr_8_reg_2308    |    7   |
|    ctx_addr_9_reg_2313    |    7   |
|     ctx_addr_reg_2137     |    7   |
|    ctx_load_21_reg_2471   |    8   |
|    ctx_load_22_reg_2476   |    8   |
|    ctx_load_23_reg_2481   |    8   |
|    ctx_load_24_reg_2486   |    8   |
|    ctx_load_25_reg_2491   |    8   |
|    ctx_load_26_reg_2501   |    8   |
|    ctx_load_27_reg_2506   |    8   |
|    ctx_load_28_reg_2516   |    8   |
|    ctx_load_29_reg_2521   |    8   |
|    ctx_load_30_reg_2531   |    8   |
|    ctx_load_31_reg_2536   |    8   |
|    ctx_load_32_reg_2546   |    8   |
|    ctx_load_33_reg_2551   |    8   |
|        i_1_reg_820        |    3   |
|        i_2_reg_832        |    4   |
|        i_3_reg_844        |    4   |
|        i_4_reg_868        |    4   |
|        i_5_reg_2631       |    8   |
|        i_9_reg_880        |    4   |
|         i_reg_796         |    6   |
|    icmp_ln253_reg_3098    |    1   |
|    icmp_ln261_reg_3123    |    1   |
|    icmp_ln269_reg_2182    |    1   |
|    icmp_ln329_reg_2107    |    1   |
|    icmp_ln332_reg_2147    |    1   |
|    icmp_ln338_reg_2463    |    1   |
|      k_addr_reg_2111      |    5   |
|      k_load_reg_2121      |    8   |
|    or_ln269_1_reg_2177    |    5   |
|       or_ln_reg_2127      |    7   |
|       rcon_0_reg_808      |    8   |
|      rcon_1_reg_2201      |    8   |
|          reg_1020         |    8   |
|          reg_1026         |    8   |
|          reg_909          |    8   |
|          reg_914          |    8   |
|          reg_920          |    8   |
|          reg_927          |    8   |
|          reg_933          |    8   |
|          reg_938          |    8   |
|          reg_943          |    8   |
|          reg_949          |    8   |
|          reg_956          |    8   |
|          reg_962          |    8   |
|          reg_967          |    8   |
|          reg_973          |    8   |
|          reg_979          |    8   |
|          reg_983          |    8   |
|          reg_989          |    8   |
|          reg_994          |    8   |
|          reg_998          |    8   |
|   sbox_addr_10_reg_2626   |    8   |
|   sbox_addr_11_reg_2496   |    8   |
|   sbox_addr_12_reg_2585   |    8   |
|   sbox_addr_13_reg_2701   |    8   |
|   sbox_addr_14_reg_2638   |    8   |
|   sbox_addr_15_reg_2597   |    8   |
|   sbox_addr_16_reg_2511   |    8   |
|    sbox_addr_1_reg_2602   |    8   |
|    sbox_addr_2_reg_2614   |    8   |
|    sbox_addr_3_reg_2526   |    8   |
|    sbox_addr_4_reg_2541   |    8   |
|    sbox_addr_5_reg_2649   |    8   |
|    sbox_addr_6_reg_2556   |    8   |
|    sbox_addr_7_reg_2568   |    8   |
|    sbox_addr_8_reg_2580   |    8   |
|    sbox_addr_9_reg_2672   |    8   |
|     sbox_addr_reg_3102    |    8   |
|   sbox_load_12_reg_2619   |    8   |
|    sbox_load_3_reg_2561   |    8   |
|    sbox_load_4_reg_2573   |    8   |
|    sbox_load_7_reg_2590   |    8   |
|    sbox_load_8_reg_2607   |    8   |
|     storemerge_reg_856    |    8   |
|trunc_ln269_cast13_reg_2156|   64   |
|    trunc_ln343_reg_2467   |    1   |
|   xor_ln261_10_reg_3027   |    8   |
|   xor_ln261_11_reg_3032   |    8   |
|   xor_ln261_12_reg_3017   |    8   |
|   xor_ln261_13_reg_3022   |    8   |
|   xor_ln261_14_reg_3012   |    8   |
|   xor_ln261_15_reg_3002   |    8   |
|   xor_ln261_16_reg_3007   |    8   |
|   xor_ln261_17_reg_2917   |    8   |
|   xor_ln261_18_reg_2907   |    8   |
|   xor_ln261_19_reg_2937   |    8   |
|    xor_ln261_1_reg_3042   |    8   |
|   xor_ln261_20_reg_2942   |    8   |
|   xor_ln261_21_reg_2927   |    8   |
|   xor_ln261_22_reg_2912   |    8   |
|   xor_ln261_23_reg_2947   |    8   |
|   xor_ln261_24_reg_2952   |    8   |
|   xor_ln261_25_reg_2932   |    8   |
|   xor_ln261_26_reg_2922   |    8   |
|   xor_ln261_27_reg_2957   |    8   |
|   xor_ln261_28_reg_2962   |    8   |
|   xor_ln261_29_reg_2734   |    8   |
|    xor_ln261_2_reg_3047   |    8   |
|   xor_ln261_30_reg_2739   |    8   |
|   xor_ln261_31_reg_2774   |    8   |
|   xor_ln261_32_reg_2977   |    8   |
|    xor_ln261_3_reg_3052   |    8   |
|    xor_ln261_4_reg_3057   |    8   |
|    xor_ln261_5_reg_3062   |    8   |
|    xor_ln261_6_reg_3067   |    8   |
|    xor_ln261_7_reg_3072   |    8   |
|    xor_ln261_8_reg_3077   |    8   |
|    xor_ln261_9_reg_3082   |    8   |
|   xor_ln293_10_reg_2728   |    8   |
|   xor_ln293_11_reg_2750   |    8   |
|    xor_ln293_1_reg_2643   |    8   |
|    xor_ln293_2_reg_2654   |    8   |
|    xor_ln293_3_reg_2779   |    8   |
|    xor_ln293_4_reg_2829   |    8   |
|    xor_ln293_5_reg_2877   |    8   |
|    xor_ln293_6_reg_2720   |    8   |
|    xor_ln293_7_reg_2744   |    8   |
|    xor_ln293_8_reg_2787   |    8   |
|    xor_ln293_9_reg_2712   |    8   |
|   xor_ln294_11_reg_2853   |    8   |
|   xor_ln294_12_reg_2793   |    8   |
|   xor_ln294_14_reg_2859   |    8   |
|   xor_ln294_16_reg_2805   |    8   |
|   xor_ln294_17_reg_2756   |    8   |
|   xor_ln294_19_reg_2811   |    8   |
|    xor_ln294_1_reg_2677   |    8   |
|    xor_ln294_2_reg_2660   |    8   |
|    xor_ln294_4_reg_2683   |    8   |
|    xor_ln294_6_reg_2895   |    8   |
|    xor_ln294_7_reg_2835   |    8   |
|    xor_ln294_9_reg_2901   |    8   |
|   xor_ln295_12_reg_2865   |    8   |
|   xor_ln295_13_reg_2799   |    8   |
|   xor_ln295_14_reg_2871   |    8   |
|   xor_ln295_15_reg_2762   |    8   |
|   xor_ln295_17_reg_2817   |    8   |
|   xor_ln295_18_reg_2768   |    8   |
|   xor_ln295_19_reg_2823   |    8   |
|    xor_ln295_2_reg_2689   |    8   |
|    xor_ln295_3_reg_2695   |    8   |
|    xor_ln295_4_reg_2706   |    8   |
|    xor_ln295_5_reg_2841   |    8   |
|    xor_ln295_7_reg_2883   |    8   |
|    xor_ln295_8_reg_2847   |    8   |
|    xor_ln295_9_reg_2889   |    8   |
|     xor_ln295_reg_2666    |    8   |
|     xor_ln330_reg_2132    |    6   |
+---------------------------+--------+
|           Total           |  1573  |
+---------------------------+--------+

* Multiplexer (MUX) list: 
|-----------------------------|------|------|------|--------||---------||---------|
|             Comp            |  Pin | Size |  BW  | S x BW ||  Delay  ||   LUT   |
|-----------------------------|------|------|------|--------||---------||---------|
|      grp_access_fu_167      |  p0  |   2  |   5  |   10   ||    9    |
|      grp_access_fu_180      |  p0  |  24  |   7  |   168  ||   113   |
|      grp_access_fu_180      |  p1  |   2  |   8  |   16   ||    9    |
|      grp_access_fu_180      |  p2  |  22  |   0  |    0   ||   113   |
|      grp_access_fu_180      |  p4  |   2  |   7  |   14   ||    9    |
|      grp_access_fu_213      |  p0  |  21  |   4  |   84   ||   106   |
|      grp_access_fu_213      |  p1  |  30  |   8  |   240  ||   134   |
|      grp_access_fu_213      |  p2  |  19  |   0  |    0   ||    93   |
|      grp_access_fu_213      |  p4  |  31  |   4  |   124  ||   138   |
|      grp_access_fu_638      |  p0  |  34  |   8  |   272  ||   151   |
|          i_reg_796          |  p0  |   2  |   6  |   12   ||    9    |
|        rcon_0_reg_808       |  p0  |   2  |   8  |   16   ||    9    |
|         i_1_reg_820         |  p0  |   2  |   3  |    6   ||    9    |
|         i_2_reg_832         |  p0  |   2  |   4  |    8   ||    9    |
|         i_3_reg_844         |  p0  |   2  |   4  |    8   ||    9    |
|         i_4_reg_868         |  p0  |   2  |   4  |    8   ||    9    |
|         i_9_reg_880         |  p0  |   2  |   4  |    8   ||    9    |
| grp_aes_expandEncKey_fu_892 |  p2  |   2  |   7  |   14   |
| grp_aes_expandEncKey_fu_892 |  p3  |   3  |   8  |   24   ||    14   |
|           reg_914           |  p0  |   2  |   8  |   16   ||    9    |
|           reg_920           |  p0  |   2  |   8  |   16   ||    9    |
|           reg_927           |  p0  |   2  |   8  |   16   ||    9    |
|           reg_938           |  p0  |   2  |   8  |   16   ||    9    |
|           reg_943           |  p0  |   2  |   8  |   16   ||    9    |
|           reg_949           |  p0  |   2  |   8  |   16   ||    9    |
|           reg_956           |  p0  |   2  |   8  |   16   ||    9    |
|           reg_967           |  p0  |   2  |   8  |   16   ||    9    |
|           reg_973           |  p0  |   2  |   8  |   16   ||    9    |
|           reg_983           |  p0  |   2  |   8  |   16   ||    9    |
|-----------------------------|------|------|------|--------||---------||---------|
|            Total            |      |      |      |  1192  || 57.1127 ||   1042  |
|-----------------------------|------|------|------|--------||---------||---------|



* Summary:
+-----------+--------+--------+--------+--------+
|           |  BRAM  |  Delay |   FF   |   LUT  |
+-----------+--------+--------+--------+--------+
|  Function |    -   |   22   |  2085  |  2193  |
|   Memory  |    1   |    -   |   16   |    0   |
|Multiplexer|    -   |   57   |    -   |  1042  |
|  Register |    -   |    -   |  1573  |    -   |
+-----------+--------+--------+--------+--------+
|   Total   |    1   |   80   |  3674  |  3235  |
+-----------+--------+--------+--------+--------+
