

================================================================
== Vitis HLS Report for 'exp_32_16_s'
================================================================
* Date:           Sun Jul 20 20:01:59 2025

* Version:        2020.2 (Build 3064766 on Wed Nov 18 09:12:47 MST 2020)
* Project:        aes
* Solution:       solution1 (Vivado IP Flow Target)
* Product family: zynq
* Target device:  xc7z020-clg484-1


================================================================
== Performance Estimates
================================================================
+ Timing: 
    * Summary: 
    +--------+---------+----------+------------+
    |  Clock |  Target | Estimated| Uncertainty|
    +--------+---------+----------+------------+
    |ap_clk  |  2.00 ns|  2.454 ns|     0.54 ns|
    +--------+---------+----------+------------+

+ Latency: 
    * Summary: 
    +---------+---------+-----------+-----------+-----+-----+---------+
    |  Latency (cycles) |   Latency (absolute)  |  Interval | Pipeline|
    |   min   |   max   |    min    |    max    | min | max |   Type  |
    +---------+---------+-----------+-----------+-----+-----+---------+
    |       28|       28|  68.712 ns|  68.712 ns|    1|    1|      yes|
    +---------+---------+-----------+-----------+-----+-----+---------+

    + Detail: 
        * Instance: 
        N/A

        * Loop: 
        N/A



================================================================
== Utilization Estimates
================================================================
* Summary: 
+-----------------+---------+-----+--------+-------+-----+
|       Name      | BRAM_18K| DSP |   FF   |  LUT  | URAM|
+-----------------+---------+-----+--------+-------+-----+
|DSP              |        -|    -|       -|      -|    -|
|Expression       |        -|    -|       0|    177|    -|
|FIFO             |        -|    -|       -|      -|    -|
|Instance         |        -|    2|    1101|    186|    -|
|Memory           |        5|    -|     256|      0|    -|
|Multiplexer      |        -|    -|       -|      -|    -|
|Register         |        -|    -|    1379|    384|    -|
+-----------------+---------+-----+--------+-------+-----+
|Total            |        5|    2|    2736|    747|    0|
+-----------------+---------+-----+--------+-------+-----+
|Available        |      280|  220|  106400|  53200|    0|
+-----------------+---------+-----+--------+-------+-----+
|Utilization (%)  |        1|   ~0|       2|      1|    0|
+-----------------+---------+-----+--------+-------+-----+

+ Detail: 
    * Instance: 
    +--------------------------+-----------------------+---------+----+-----+----+-----+
    |         Instance         |         Module        | BRAM_18K| DSP|  FF | LUT| URAM|
    +--------------------------+-----------------------+---------+----+-----+----+-----+
    |add_50ns_50ns_50_2_1_U6   |add_50ns_50ns_50_2_1   |        0|   0|  229|  54|    0|
    |add_56ns_56ns_56_2_1_U3   |add_56ns_56ns_56_2_1   |        0|   0|  256|  60|    0|
    |add_56ns_56ns_56_2_1_U4   |add_56ns_56ns_56_2_1   |        0|   0|  256|  60|    0|
    |add_9ns_9ns_9_2_1_U1      |add_9ns_9ns_9_2_1      |        0|   0|   40|  12|    0|
    |mul_50ns_47ns_97_7_1_U2   |mul_50ns_47ns_97_7_1   |        0|   1|  160|   0|    0|
    |mul_50ns_50ns_100_7_1_U5  |mul_50ns_50ns_100_7_1  |        0|   1|  160|   0|    0|
    +--------------------------+-----------------------+---------+----+-----+----+-----+
    |Total                     |                       |        0|   2| 1101| 186|    0|
    +--------------------------+-----------------------+---------+----+-----+----+-----+

    * DSP: 
    N/A

    * Memory: 
    +-----------------------+---------------------------------+---------+-----+----+-----+------+-----+------+-------------+
    |         Memory        |              Module             | BRAM_18K|  FF | LUT| URAM| Words| Bits| Banks| W*Bits*Banks|
    +-----------------------+---------------------------------+---------+-----+----+-----+------+-----+------+-------------+
    |exp_x_msb_1_table_V_U  |exp_32_16_s_exp_x_msb_1_table_V  |        2|  100|   0|    0|   256|   50|     1|        12800|
    |f_x_msb_2_table_V_U    |exp_32_16_s_f_x_msb_2_table_V    |        2|   92|   0|    0|   256|   46|     1|        11776|
    |f_x_msb_3_table_V_U    |exp_32_16_s_f_x_msb_3_table_V    |        1|   64|   0|    0|    32|   32|     1|         1024|
    +-----------------------+---------------------------------+---------+-----+----+-----+------+-----+------+-------------+
    |Total                  |                                 |        5|  256|   0|    0|   544|  128|     3|        25600|
    +-----------------------+---------------------------------+---------+-----+----+-----+------+-----+------+-------------+

    * FIFO: 
    N/A

    * Expression: 
    +------------------------+----------+----+---+----+------------+------------+
    |      Variable Name     | Operation| DSP| FF| LUT| Bitwidth P0| Bitwidth P1|
    +------------------------+----------+----+---+----+------------+------------+
    |and_ln300_fu_442_p2     |       and|   0|  0|   2|           1|           1|
    |icmp_ln1496_fu_347_p2   |      icmp|   0|  0|  15|          23|          20|
    |icmp_ln1498_fu_341_p2   |      icmp|   0|  0|   9|           5|           4|
    |icmp_ln533_fu_673_p2    |      icmp|   0|  0|   9|           4|           1|
    |overf_1_fu_668_p2       |      icmp|   0|  0|   8|           2|           1|
    |or_ln300_10_fu_634_p2   |        or|   0|  0|   2|           1|           1|
    |or_ln300_1_fu_388_p2    |        or|   0|  0|   2|           1|           1|
    |or_ln300_2_fu_394_p2    |        or|   0|  0|   2|           1|           1|
    |or_ln300_3_fu_400_p2    |        or|   0|  0|   2|           1|           1|
    |or_ln300_4_fu_626_p2    |        or|   0|  0|   2|           1|           1|
    |or_ln300_5_fu_406_p2    |        or|   0|  0|   2|           1|           1|
    |or_ln300_6_fu_412_p2    |        or|   0|  0|   2|           1|           1|
    |or_ln300_7_fu_446_p2    |        or|   0|  0|   2|           1|           1|
    |or_ln300_8_fu_452_p2    |        or|   0|  0|   2|           1|           1|
    |or_ln300_9_fu_630_p2    |        or|   0|  0|   2|           1|           1|
    |or_ln300_fu_382_p2      |        or|   0|  0|   2|           1|           1|
    |or_ln533_1_fu_697_p2    |        or|   0|  0|   2|           1|           1|
    |or_ln533_fu_692_p2      |        or|   0|  0|   2|           1|           1|
    |overf_2_fu_703_p2       |        or|   0|  0|   2|           1|           1|
    |ap_return               |    select|   0|  0|  32|           1|          31|
    |p_Val2_126_fu_640_p3    |    select|   0|  0|  46|           1|          46|
    |select_ln640_fu_609_p3  |    select|   0|  0|   2|           1|           2|
    |ap_enable_pp0           |       xor|   0|  0|   2|           1|           2|
    |overf_fu_223_p2         |       xor|   0|  0|   2|           1|           1|
    |xor_ln222_10_fu_437_p2  |       xor|   0|  0|   2|           1|           1|
    |xor_ln222_2_fu_237_p2   |       xor|   0|  0|   2|           1|           1|
    |xor_ln222_3_fu_251_p2   |       xor|   0|  0|   2|           1|           1|
    |xor_ln222_4_fu_265_p2   |       xor|   0|  0|   2|           1|           1|
    |xor_ln222_5_fu_293_p2   |       xor|   0|  0|   2|           1|           1|
    |xor_ln222_6_fu_307_p2   |       xor|   0|  0|   2|           1|           1|
    |xor_ln222_7_fu_321_p2   |       xor|   0|  0|   2|           1|           1|
    |xor_ln222_8_fu_335_p2   |       xor|   0|  0|   2|           1|           1|
    |xor_ln222_9_fu_425_p2   |       xor|   0|  0|   2|           1|           1|
    |xor_ln222_fu_279_p2     |       xor|   0|  0|   2|           1|           1|
    |xor_ln640_fu_604_p2     |       xor|   0|  0|   2|           1|           2|
    +------------------------+----------+----+---+----+------------+------------+
    |Total                   |          |   0|  0| 177|          65|         135|
    +------------------------+----------+----+---+----+------------+------------+

    * Multiplexer: 
    N/A

    * Register: 
    +-----------------------------------+----+----+-----+-----------+
    |                Name               | FF | LUT| Bits| Const Bits|
    +-----------------------------------+----+----+-----+-----------+
    |ap_CS_fsm                          |   1|   0|    1|          0|
    |ap_enable_reg_pp0_iter1            |   1|   0|    1|          0|
    |ap_enable_reg_pp0_iter10           |   1|   0|    1|          0|
    |ap_enable_reg_pp0_iter11           |   1|   0|    1|          0|
    |ap_enable_reg_pp0_iter12           |   1|   0|    1|          0|
    |ap_enable_reg_pp0_iter13           |   1|   0|    1|          0|
    |ap_enable_reg_pp0_iter14           |   1|   0|    1|          0|
    |ap_enable_reg_pp0_iter15           |   1|   0|    1|          0|
    |ap_enable_reg_pp0_iter16           |   1|   0|    1|          0|
    |ap_enable_reg_pp0_iter17           |   1|   0|    1|          0|
    |ap_enable_reg_pp0_iter18           |   1|   0|    1|          0|
    |ap_enable_reg_pp0_iter19           |   1|   0|    1|          0|
    |ap_enable_reg_pp0_iter2            |   1|   0|    1|          0|
    |ap_enable_reg_pp0_iter20           |   1|   0|    1|          0|
    |ap_enable_reg_pp0_iter21           |   1|   0|    1|          0|
    |ap_enable_reg_pp0_iter22           |   1|   0|    1|          0|
    |ap_enable_reg_pp0_iter23           |   1|   0|    1|          0|
    |ap_enable_reg_pp0_iter24           |   1|   0|    1|          0|
    |ap_enable_reg_pp0_iter25           |   1|   0|    1|          0|
    |ap_enable_reg_pp0_iter26           |   1|   0|    1|          0|
    |ap_enable_reg_pp0_iter27           |   1|   0|    1|          0|
    |ap_enable_reg_pp0_iter28           |   1|   0|    1|          0|
    |ap_enable_reg_pp0_iter3            |   1|   0|    1|          0|
    |ap_enable_reg_pp0_iter4            |   1|   0|    1|          0|
    |ap_enable_reg_pp0_iter5            |   1|   0|    1|          0|
    |ap_enable_reg_pp0_iter6            |   1|   0|    1|          0|
    |ap_enable_reg_pp0_iter7            |   1|   0|    1|          0|
    |ap_enable_reg_pp0_iter8            |   1|   0|    1|          0|
    |ap_enable_reg_pp0_iter9            |   1|   0|    1|          0|
    |exp_x_msb_1_V_reg_877              |  50|   0|   50|          0|
    |exp_x_msb_2_3_4_lsb_m_1_V_reg_872  |  50|   0|   50|          0|
    |f_x_msb_3_V_reg_816                |  32|   0|   32|          0|
    |icmp_ln1496_reg_744                |   1|   0|    1|          0|
    |icmp_ln1498_reg_739                |   1|   0|    1|          0|
    |icmp_ln533_reg_930                 |   1|   0|    1|          0|
    |or_ln300_1_reg_770                 |   1|   0|    1|          0|
    |or_ln300_3_reg_775                 |   1|   0|    1|          0|
    |or_ln300_6_reg_780                 |   1|   0|    1|          0|
    |or_ln300_8_reg_785                 |   1|   0|    1|          0|
    |overf_1_reg_925                    |   1|   0|    1|          0|
    |p_Result_78_reg_795                |   5|   0|    5|          0|
    |p_Result_s_reg_749                 |   7|   0|    7|          0|
    |p_Val2_126_reg_908                 |  46|   0|   46|          0|
    |p_Val2_126_reg_908_pp0_iter27_reg  |  46|   0|   46|          0|
    |ret_V_15_reg_821                   |   9|   0|    9|          0|
    |ret_V_16_reg_862                   |  56|   0|   56|          0|
    |rhs_2_reg_827                      |  37|   0|   47|         10|
    |tmp_74_reg_915                     |   2|   0|    2|          0|
    |tmp_77_reg_920                     |   4|   0|    4|          0|
    |tmp_78_reg_754                     |   8|   0|    8|          0|
    |tmp_79_reg_759                     |   5|   0|    5|          0|
    |tmp_reg_731                        |   1|   0|    1|          0|
    |trunc_ln640_2_reg_800              |  41|   0|   41|          0|
    |trunc_ln703_s_reg_893              |  48|   0|   48|          0|
    |trunc_ln_reg_842                   |  45|   0|   45|          0|
    |x_read_reg_725                     |  32|   0|   32|          0|
    |y_l_V_reg_903                      |  50|   0|   50|          0|
    |exp_x_msb_1_V_reg_877              |  64|  32|   50|          0|
    |or_ln300_1_reg_770                 |  64|  32|    1|          0|
    |or_ln300_3_reg_775                 |  64|  32|    1|          0|
    |or_ln300_6_reg_780                 |  64|  32|    1|          0|
    |or_ln300_8_reg_785                 |  64|  32|    1|          0|
    |p_Result_s_reg_749                 |  64|  32|    7|          0|
    |ret_V_15_reg_821                   |  64|  32|    9|          0|
    |rhs_2_reg_827                      |  64|  32|   47|         10|
    |tmp_78_reg_754                     |  64|  32|    8|          0|
    |tmp_79_reg_759                     |  64|  32|    5|          0|
    |tmp_reg_731                        |  64|  32|    1|          0|
    |trunc_ln640_2_reg_800              |  64|  32|   41|          0|
    +-----------------------------------+----+----+-----+-----------+
    |Total                              |1379| 384|  793|         20|
    +-----------------------------------+----+----+-----+-----------+



================================================================
== Interface
================================================================
* Summary: 
+-----------+-----+-----+------------+--------------+--------------+
| RTL Ports | Dir | Bits|  Protocol  | Source Object|    C Type    |
+-----------+-----+-----+------------+--------------+--------------+
|ap_clk     |   in|    1|  ap_ctrl_hs|   exp<32, 16>|  return value|
|ap_rst     |   in|    1|  ap_ctrl_hs|   exp<32, 16>|  return value|
|ap_start   |   in|    1|  ap_ctrl_hs|   exp<32, 16>|  return value|
|ap_done    |  out|    1|  ap_ctrl_hs|   exp<32, 16>|  return value|
|ap_idle    |  out|    1|  ap_ctrl_hs|   exp<32, 16>|  return value|
|ap_ready   |  out|    1|  ap_ctrl_hs|   exp<32, 16>|  return value|
|ap_ce      |   in|    1|  ap_ctrl_hs|   exp<32, 16>|  return value|
|ap_return  |  out|   32|  ap_ctrl_hs|   exp<32, 16>|  return value|
|x          |   in|   32|     ap_none|             x|        scalar|
+-----------+-----+-----+------------+--------------+--------------+

============================================================
+ Verbose Summary: Synthesis Manager
============================================================
InlineROM: 1
ExposeGlobal: 0
============================================================
+ Verbose Summary: CDFG Model
============================================================
IsTopModel: 0
ResetActiveHigh: 1
IsCombinational: 2
IsDatapathOnly: 2
HasWiredReturn: 1
HasMFsm: 2
HasVarLatency: 0
IsPipeline: 1
IsRtlPipelined: 1
IsInstanceOverlapped: 0
IsDontTouch: 0
HasImplIP: 0
IsGatedGlobalClock: 0

+ Individual pipeline summary: 
  * Pipeline-0: initiation interval (II) = 1, depth = 29


============================================================
+ Verbose Summary: Schedule
============================================================
* Number of FSM states : 29
* Pipeline : 1
  Pipeline-0 : II = 1, D = 29, States = { 1 2 3 4 5 6 7 8 9 10 11 12 13 14 15 16 17 18 19 20 21 22 23 24 25 26 27 28 29 }
* Dataflow Pipeline: 0

* FSM state transitions: 
1 --> 2 
2 --> 3 
3 --> 4 
4 --> 5 
5 --> 6 
6 --> 7 
7 --> 8 
8 --> 9 
9 --> 10 
10 --> 11 
11 --> 12 
12 --> 13 
13 --> 14 
14 --> 15 
15 --> 16 
16 --> 17 
17 --> 18 
18 --> 19 
19 --> 20 
20 --> 21 
21 --> 22 
22 --> 23 
23 --> 24 
24 --> 25 
25 --> 26 
26 --> 27 
27 --> 28 
28 --> 29 
29 --> 

* FSM state operations: 

State 1 <SV = 0> <Delay = 2.44>
ST_1 : Operation 30 [1/1] (0.00ns)   --->   "%x_read = read i32 @_ssdm_op_Read.ap_auto.i32, i32 %x" [/home/rcslfpgaserver/Softwares/Xilinx/Vitis_HLS/2020.2/common/technology/autopilot/hls_exp_apfixed.h:287]   --->   Operation 30 'read' 'x_read' <Predicate = true> <Delay = 0.00>
ST_1 : Operation 31 [1/1] (0.00ns)   --->   "%p_Result_75 = partselect i5 @_ssdm_op_PartSelect.i5.i32.i32.i32, i32 %x_read, i32 16, i32 20"   --->   Operation 31 'partselect' 'p_Result_75' <Predicate = true> <Delay = 0.00>
ST_1 : Operation 32 [1/1] (0.00ns)   --->   "%trunc_ln640 = trunc i32 %x_read"   --->   Operation 32 'trunc' 'trunc_ln640' <Predicate = true> <Delay = 0.00>
ST_1 : Operation 33 [1/1] (0.00ns)   --->   "%p_Result_76 = bitconcatenate i23 @_ssdm_op_BitConcatenate.i23.i16.i7, i16 %trunc_ln640, i7 0"   --->   Operation 33 'bitconcatenate' 'p_Result_76' <Predicate = true> <Delay = 0.00>
ST_1 : Operation 34 [1/1] (0.00ns)   --->   "%tmp = bitselect i1 @_ssdm_op_BitSelect.i1.i32.i32, i32 %x_read, i32 31" [/home/rcslfpgaserver/Softwares/Xilinx/Vitis_HLS/2020.2/common/technology/autopilot/hls_exp_apfixed.h:287]   --->   Operation 34 'bitselect' 'tmp' <Predicate = true> <Delay = 0.00>
ST_1 : Operation 35 [1/1] (0.00ns) (grouped into LUT with out node or_ln300_1)   --->   "%tmp_61 = bitselect i1 @_ssdm_op_BitSelect.i1.i32.i32, i32 %x_read, i32 20"   --->   Operation 35 'bitselect' 'tmp_61' <Predicate = true> <Delay = 0.00>
ST_1 : Operation 36 [1/1] (0.00ns) (grouped into LUT with out node or_ln300_1)   --->   "%overf = xor i1 %tmp, i1 %tmp_61"   --->   Operation 36 'xor' 'overf' <Predicate = true> <Delay = 0.00> <CoreInst = "LogicGate">   --->   Core 74 'LogicGate' <Latency = 0> <II = 1> <Delay = 0.97> <FuncUnit> <Opcode : 'and' 'or' 'xor'> <InPorts = 2> <OutPorts = 1>
ST_1 : Operation 37 [1/1] (0.00ns) (grouped into LUT with out node or_ln300_1)   --->   "%tmp_62 = bitselect i1 @_ssdm_op_BitSelect.i1.i32.i32, i32 %x_read, i32 21"   --->   Operation 37 'bitselect' 'tmp_62' <Predicate = true> <Delay = 0.00>
ST_1 : Operation 38 [1/1] (0.00ns) (grouped into LUT with out node or_ln300_1)   --->   "%xor_ln222_2 = xor i1 %tmp, i1 %tmp_62"   --->   Operation 38 'xor' 'xor_ln222_2' <Predicate = true> <Delay = 0.00> <CoreInst = "LogicGate">   --->   Core 74 'LogicGate' <Latency = 0> <II = 1> <Delay = 0.97> <FuncUnit> <Opcode : 'and' 'or' 'xor'> <InPorts = 2> <OutPorts = 1>
ST_1 : Operation 39 [1/1] (0.00ns) (grouped into LUT with out node or_ln300_1)   --->   "%tmp_63 = bitselect i1 @_ssdm_op_BitSelect.i1.i32.i32, i32 %x_read, i32 22"   --->   Operation 39 'bitselect' 'tmp_63' <Predicate = true> <Delay = 0.00>
ST_1 : Operation 40 [1/1] (0.00ns) (grouped into LUT with out node or_ln300_1)   --->   "%xor_ln222_3 = xor i1 %tmp, i1 %tmp_63"   --->   Operation 40 'xor' 'xor_ln222_3' <Predicate = true> <Delay = 0.00> <CoreInst = "LogicGate">   --->   Core 74 'LogicGate' <Latency = 0> <II = 1> <Delay = 0.97> <FuncUnit> <Opcode : 'and' 'or' 'xor'> <InPorts = 2> <OutPorts = 1>
ST_1 : Operation 41 [1/1] (0.00ns) (grouped into LUT with out node or_ln300_3)   --->   "%tmp_64 = bitselect i1 @_ssdm_op_BitSelect.i1.i32.i32, i32 %x_read, i32 23"   --->   Operation 41 'bitselect' 'tmp_64' <Predicate = true> <Delay = 0.00>
ST_1 : Operation 42 [1/1] (0.00ns) (grouped into LUT with out node or_ln300_3)   --->   "%xor_ln222_4 = xor i1 %tmp, i1 %tmp_64"   --->   Operation 42 'xor' 'xor_ln222_4' <Predicate = true> <Delay = 0.00> <CoreInst = "LogicGate">   --->   Core 74 'LogicGate' <Latency = 0> <II = 1> <Delay = 0.97> <FuncUnit> <Opcode : 'and' 'or' 'xor'> <InPorts = 2> <OutPorts = 1>
ST_1 : Operation 43 [1/1] (0.00ns) (grouped into LUT with out node or_ln300_3)   --->   "%tmp_65 = bitselect i1 @_ssdm_op_BitSelect.i1.i32.i32, i32 %x_read, i32 24"   --->   Operation 43 'bitselect' 'tmp_65' <Predicate = true> <Delay = 0.00>
ST_1 : Operation 44 [1/1] (0.00ns) (grouped into LUT with out node or_ln300_3)   --->   "%xor_ln222 = xor i1 %tmp, i1 %tmp_65"   --->   Operation 44 'xor' 'xor_ln222' <Predicate = true> <Delay = 0.00> <CoreInst = "LogicGate">   --->   Core 74 'LogicGate' <Latency = 0> <II = 1> <Delay = 0.97> <FuncUnit> <Opcode : 'and' 'or' 'xor'> <InPorts = 2> <OutPorts = 1>
ST_1 : Operation 45 [1/1] (0.00ns) (grouped into LUT with out node or_ln300_3)   --->   "%tmp_66 = bitselect i1 @_ssdm_op_BitSelect.i1.i32.i32, i32 %x_read, i32 25"   --->   Operation 45 'bitselect' 'tmp_66' <Predicate = true> <Delay = 0.00>
ST_1 : Operation 46 [1/1] (0.00ns) (grouped into LUT with out node or_ln300_3)   --->   "%xor_ln222_5 = xor i1 %tmp, i1 %tmp_66"   --->   Operation 46 'xor' 'xor_ln222_5' <Predicate = true> <Delay = 0.00> <CoreInst = "LogicGate">   --->   Core 74 'LogicGate' <Latency = 0> <II = 1> <Delay = 0.97> <FuncUnit> <Opcode : 'and' 'or' 'xor'> <InPorts = 2> <OutPorts = 1>
ST_1 : Operation 47 [1/1] (0.00ns) (grouped into LUT with out node or_ln300_6)   --->   "%tmp_67 = bitselect i1 @_ssdm_op_BitSelect.i1.i32.i32, i32 %x_read, i32 26"   --->   Operation 47 'bitselect' 'tmp_67' <Predicate = true> <Delay = 0.00>
ST_1 : Operation 48 [1/1] (0.00ns) (grouped into LUT with out node or_ln300_6)   --->   "%xor_ln222_6 = xor i1 %tmp, i1 %tmp_67"   --->   Operation 48 'xor' 'xor_ln222_6' <Predicate = true> <Delay = 0.00> <CoreInst = "LogicGate">   --->   Core 74 'LogicGate' <Latency = 0> <II = 1> <Delay = 0.97> <FuncUnit> <Opcode : 'and' 'or' 'xor'> <InPorts = 2> <OutPorts = 1>
ST_1 : Operation 49 [1/1] (0.00ns) (grouped into LUT with out node or_ln300_6)   --->   "%tmp_68 = bitselect i1 @_ssdm_op_BitSelect.i1.i32.i32, i32 %x_read, i32 27"   --->   Operation 49 'bitselect' 'tmp_68' <Predicate = true> <Delay = 0.00>
ST_1 : Operation 50 [1/1] (0.00ns) (grouped into LUT with out node or_ln300_6)   --->   "%xor_ln222_7 = xor i1 %tmp, i1 %tmp_68"   --->   Operation 50 'xor' 'xor_ln222_7' <Predicate = true> <Delay = 0.00> <CoreInst = "LogicGate">   --->   Core 74 'LogicGate' <Latency = 0> <II = 1> <Delay = 0.97> <FuncUnit> <Opcode : 'and' 'or' 'xor'> <InPorts = 2> <OutPorts = 1>
ST_1 : Operation 51 [1/1] (0.00ns) (grouped into LUT with out node or_ln300_6)   --->   "%tmp_69 = bitselect i1 @_ssdm_op_BitSelect.i1.i32.i32, i32 %x_read, i32 28"   --->   Operation 51 'bitselect' 'tmp_69' <Predicate = true> <Delay = 0.00>
ST_1 : Operation 52 [1/1] (0.00ns) (grouped into LUT with out node or_ln300_6)   --->   "%xor_ln222_8 = xor i1 %tmp, i1 %tmp_69"   --->   Operation 52 'xor' 'xor_ln222_8' <Predicate = true> <Delay = 0.00> <CoreInst = "LogicGate">   --->   Core 74 'LogicGate' <Latency = 0> <II = 1> <Delay = 0.97> <FuncUnit> <Opcode : 'and' 'or' 'xor'> <InPorts = 2> <OutPorts = 1>
ST_1 : Operation 53 [1/1] (1.36ns)   --->   "%icmp_ln1498 = icmp_eq  i5 %p_Result_75, i5 15"   --->   Operation 53 'icmp' 'icmp_ln1498' <Predicate = true> <Delay = 1.36> <CoreInst = "Cmp">   --->   Core 9 'Cmp' <Latency = 0> <II = 1> <Delay = 0.95> <FuncUnit> <Opcode : 'icmp'> <InPorts = 2> <OutPorts = 1>
ST_1 : Operation 54 [1/1] (2.44ns)   --->   "%icmp_ln1496 = icmp_ugt  i23 %p_Result_76, i23 7905299"   --->   Operation 54 'icmp' 'icmp_ln1496' <Predicate = true> <Delay = 2.44> <CoreInst = "Cmp">   --->   Core 9 'Cmp' <Latency = 0> <II = 1> <Delay = 0.95> <FuncUnit> <Opcode : 'icmp'> <InPorts = 2> <OutPorts = 1>
ST_1 : Operation 55 [1/1] (0.00ns)   --->   "%p_Result_s = partselect i7 @_ssdm_op_PartSelect.i7.i32.i32.i32, i32 %x_read, i32 13, i32 19"   --->   Operation 55 'partselect' 'p_Result_s' <Predicate = true> <Delay = 0.00>
ST_1 : Operation 56 [1/1] (0.00ns)   --->   "%tmp_78 = partselect i8 @_ssdm_op_PartSelect.i8.i32.i32.i32, i32 %x_read, i32 5, i32 12"   --->   Operation 56 'partselect' 'tmp_78' <Predicate = true> <Delay = 0.00>
ST_1 : Operation 57 [1/1] (0.00ns)   --->   "%tmp_79 = trunc i32 %x_read"   --->   Operation 57 'trunc' 'tmp_79' <Predicate = true> <Delay = 0.00>
ST_1 : Operation 58 [1/1] (0.00ns)   --->   "%zext_ln534_1 = zext i8 %tmp_78"   --->   Operation 58 'zext' 'zext_ln534_1' <Predicate = true> <Delay = 0.00>
ST_1 : Operation 59 [1/1] (0.00ns)   --->   "%f_x_msb_2_table_V_addr = getelementptr i46 %f_x_msb_2_table_V, i64 0, i64 %zext_ln534_1" [/home/rcslfpgaserver/Softwares/Xilinx/Vitis_HLS/2020.2/common/technology/autopilot/hls_exp_apfixed.h:445]   --->   Operation 59 'getelementptr' 'f_x_msb_2_table_V_addr' <Predicate = true> <Delay = 0.00>
ST_1 : Operation 60 [4/4] (1.68ns)   --->   "%f_x_msb_2_V = load i8 %f_x_msb_2_table_V_addr" [/home/rcslfpgaserver/Softwares/Xilinx/Vitis_HLS/2020.2/common/technology/autopilot/hls_exp_apfixed.h:445]   --->   Operation 60 'load' 'f_x_msb_2_V' <Predicate = true> <Delay = 1.68> <CoreInst = "ROM">   --->   Core 95 'ROM' <Latency = 3> <II = 1> <Delay = 1.68> <Storage> <Opcode : 'load'> <Ports = 0> <Width = 46> <Depth = 256> <ROM>
ST_1 : Operation 61 [1/1] (0.00ns) (grouped into LUT with out node or_ln300_1)   --->   "%or_ln300 = or i1 %overf, i1 %xor_ln222_3" [/home/rcslfpgaserver/Softwares/Xilinx/Vitis_HLS/2020.2/common/technology/autopilot/hls_exp_apfixed.h:300]   --->   Operation 61 'or' 'or_ln300' <Predicate = true> <Delay = 0.00> <CoreInst = "LogicGate">   --->   Core 74 'LogicGate' <Latency = 0> <II = 1> <Delay = 0.97> <FuncUnit> <Opcode : 'and' 'or' 'xor'> <InPorts = 2> <OutPorts = 1>
ST_1 : Operation 62 [1/1] (0.97ns) (out node of the LUT)   --->   "%or_ln300_1 = or i1 %or_ln300, i1 %xor_ln222_2" [/home/rcslfpgaserver/Softwares/Xilinx/Vitis_HLS/2020.2/common/technology/autopilot/hls_exp_apfixed.h:300]   --->   Operation 62 'or' 'or_ln300_1' <Predicate = true> <Delay = 0.97> <CoreInst = "LogicGate">   --->   Core 74 'LogicGate' <Latency = 0> <II = 1> <Delay = 0.97> <FuncUnit> <Opcode : 'and' 'or' 'xor'> <InPorts = 2> <OutPorts = 1>
ST_1 : Operation 63 [1/1] (0.00ns) (grouped into LUT with out node or_ln300_3)   --->   "%or_ln300_2 = or i1 %xor_ln222, i1 %xor_ln222_5" [/home/rcslfpgaserver/Softwares/Xilinx/Vitis_HLS/2020.2/common/technology/autopilot/hls_exp_apfixed.h:300]   --->   Operation 63 'or' 'or_ln300_2' <Predicate = true> <Delay = 0.00> <CoreInst = "LogicGate">   --->   Core 74 'LogicGate' <Latency = 0> <II = 1> <Delay = 0.97> <FuncUnit> <Opcode : 'and' 'or' 'xor'> <InPorts = 2> <OutPorts = 1>
ST_1 : Operation 64 [1/1] (0.97ns) (out node of the LUT)   --->   "%or_ln300_3 = or i1 %or_ln300_2, i1 %xor_ln222_4" [/home/rcslfpgaserver/Softwares/Xilinx/Vitis_HLS/2020.2/common/technology/autopilot/hls_exp_apfixed.h:300]   --->   Operation 64 'or' 'or_ln300_3' <Predicate = true> <Delay = 0.97> <CoreInst = "LogicGate">   --->   Core 74 'LogicGate' <Latency = 0> <II = 1> <Delay = 0.97> <FuncUnit> <Opcode : 'and' 'or' 'xor'> <InPorts = 2> <OutPorts = 1>
ST_1 : Operation 65 [1/1] (0.00ns) (grouped into LUT with out node or_ln300_6)   --->   "%or_ln300_5 = or i1 %xor_ln222_7, i1 %xor_ln222_8" [/home/rcslfpgaserver/Softwares/Xilinx/Vitis_HLS/2020.2/common/technology/autopilot/hls_exp_apfixed.h:300]   --->   Operation 65 'or' 'or_ln300_5' <Predicate = true> <Delay = 0.00> <CoreInst = "LogicGate">   --->   Core 74 'LogicGate' <Latency = 0> <II = 1> <Delay = 0.97> <FuncUnit> <Opcode : 'and' 'or' 'xor'> <InPorts = 2> <OutPorts = 1>
ST_1 : Operation 66 [1/1] (0.97ns) (out node of the LUT)   --->   "%or_ln300_6 = or i1 %or_ln300_5, i1 %xor_ln222_6" [/home/rcslfpgaserver/Softwares/Xilinx/Vitis_HLS/2020.2/common/technology/autopilot/hls_exp_apfixed.h:300]   --->   Operation 66 'or' 'or_ln300_6' <Predicate = true> <Delay = 0.97> <CoreInst = "LogicGate">   --->   Core 74 'LogicGate' <Latency = 0> <II = 1> <Delay = 0.97> <FuncUnit> <Opcode : 'and' 'or' 'xor'> <InPorts = 2> <OutPorts = 1>

State 2 <SV = 1> <Delay = 1.68>
ST_2 : Operation 67 [1/1] (0.00ns) (grouped into LUT with out node or_ln300_8)   --->   "%tmp_70 = bitselect i1 @_ssdm_op_BitSelect.i1.i32.i32, i32 %x_read, i32 29"   --->   Operation 67 'bitselect' 'tmp_70' <Predicate = true> <Delay = 0.00>
ST_2 : Operation 68 [1/1] (0.00ns) (grouped into LUT with out node or_ln300_8)   --->   "%xor_ln222_9 = xor i1 %tmp, i1 %tmp_70"   --->   Operation 68 'xor' 'xor_ln222_9' <Predicate = true> <Delay = 0.00> <CoreInst = "LogicGate">   --->   Core 74 'LogicGate' <Latency = 0> <II = 1> <Delay = 0.97> <FuncUnit> <Opcode : 'and' 'or' 'xor'> <InPorts = 2> <OutPorts = 1>
ST_2 : Operation 69 [1/1] (0.00ns) (grouped into LUT with out node or_ln300_8)   --->   "%tmp_71 = bitselect i1 @_ssdm_op_BitSelect.i1.i32.i32, i32 %x_read, i32 30"   --->   Operation 69 'bitselect' 'tmp_71' <Predicate = true> <Delay = 0.00>
ST_2 : Operation 70 [1/1] (0.00ns) (grouped into LUT with out node or_ln300_8)   --->   "%xor_ln222_10 = xor i1 %tmp, i1 %tmp_71"   --->   Operation 70 'xor' 'xor_ln222_10' <Predicate = true> <Delay = 0.00> <CoreInst = "LogicGate">   --->   Core 74 'LogicGate' <Latency = 0> <II = 1> <Delay = 0.97> <FuncUnit> <Opcode : 'and' 'or' 'xor'> <InPorts = 2> <OutPorts = 1>
ST_2 : Operation 71 [1/1] (0.00ns) (grouped into LUT with out node or_ln300_8)   --->   "%and_ln300 = and i1 %icmp_ln1498, i1 %icmp_ln1496" [/home/rcslfpgaserver/Softwares/Xilinx/Vitis_HLS/2020.2/common/technology/autopilot/hls_exp_apfixed.h:300]   --->   Operation 71 'and' 'and_ln300' <Predicate = true> <Delay = 0.00> <CoreInst = "LogicGate">   --->   Core 74 'LogicGate' <Latency = 0> <II = 1> <Delay = 0.97> <FuncUnit> <Opcode : 'and' 'or' 'xor'> <InPorts = 2> <OutPorts = 1>
ST_2 : Operation 72 [3/4] (1.68ns)   --->   "%f_x_msb_2_V = load i8 %f_x_msb_2_table_V_addr" [/home/rcslfpgaserver/Softwares/Xilinx/Vitis_HLS/2020.2/common/technology/autopilot/hls_exp_apfixed.h:445]   --->   Operation 72 'load' 'f_x_msb_2_V' <Predicate = true> <Delay = 1.68> <CoreInst = "ROM">   --->   Core 95 'ROM' <Latency = 3> <II = 1> <Delay = 1.68> <Storage> <Opcode : 'load'> <Ports = 0> <Width = 46> <Depth = 256> <ROM>
ST_2 : Operation 73 [1/1] (0.00ns) (grouped into LUT with out node or_ln300_8)   --->   "%or_ln300_7 = or i1 %xor_ln222_10, i1 %and_ln300" [/home/rcslfpgaserver/Softwares/Xilinx/Vitis_HLS/2020.2/common/technology/autopilot/hls_exp_apfixed.h:300]   --->   Operation 73 'or' 'or_ln300_7' <Predicate = true> <Delay = 0.00> <CoreInst = "LogicGate">   --->   Core 74 'LogicGate' <Latency = 0> <II = 1> <Delay = 0.97> <FuncUnit> <Opcode : 'and' 'or' 'xor'> <InPorts = 2> <OutPorts = 1>
ST_2 : Operation 74 [1/1] (0.97ns) (out node of the LUT)   --->   "%or_ln300_8 = or i1 %or_ln300_7, i1 %xor_ln222_9" [/home/rcslfpgaserver/Softwares/Xilinx/Vitis_HLS/2020.2/common/technology/autopilot/hls_exp_apfixed.h:300]   --->   Operation 74 'or' 'or_ln300_8' <Predicate = true> <Delay = 0.97> <CoreInst = "LogicGate">   --->   Core 74 'LogicGate' <Latency = 0> <II = 1> <Delay = 0.97> <FuncUnit> <Opcode : 'and' 'or' 'xor'> <InPorts = 2> <OutPorts = 1>

State 3 <SV = 2> <Delay = 1.68>
ST_3 : Operation 75 [1/1] (0.00ns)   --->   "%zext_ln534 = zext i5 %tmp_79"   --->   Operation 75 'zext' 'zext_ln534' <Predicate = true> <Delay = 0.00>
ST_3 : Operation 76 [1/1] (0.00ns)   --->   "%f_x_msb_3_table_V_addr = getelementptr i32 %f_x_msb_3_table_V, i64 0, i64 %zext_ln534" [/home/rcslfpgaserver/Softwares/Xilinx/Vitis_HLS/2020.2/common/technology/autopilot/hls_exp_apfixed.h:369]   --->   Operation 76 'getelementptr' 'f_x_msb_3_table_V_addr' <Predicate = true> <Delay = 0.00>
ST_3 : Operation 77 [4/4] (1.68ns)   --->   "%f_x_msb_3_V = load i5 %f_x_msb_3_table_V_addr" [/home/rcslfpgaserver/Softwares/Xilinx/Vitis_HLS/2020.2/common/technology/autopilot/hls_exp_apfixed.h:369]   --->   Operation 77 'load' 'f_x_msb_3_V' <Predicate = true> <Delay = 1.68> <CoreInst = "ROM">   --->   Core 95 'ROM' <Latency = 3> <II = 1> <Delay = 1.68> <Storage> <Opcode : 'load'> <Ports = 0> <Width = 32> <Depth = 32> <ROM>
ST_3 : Operation 78 [2/4] (1.68ns)   --->   "%f_x_msb_2_V = load i8 %f_x_msb_2_table_V_addr" [/home/rcslfpgaserver/Softwares/Xilinx/Vitis_HLS/2020.2/common/technology/autopilot/hls_exp_apfixed.h:445]   --->   Operation 78 'load' 'f_x_msb_2_V' <Predicate = true> <Delay = 1.68> <CoreInst = "ROM">   --->   Core 95 'ROM' <Latency = 3> <II = 1> <Delay = 1.68> <Storage> <Opcode : 'load'> <Ports = 0> <Width = 46> <Depth = 256> <ROM>

State 4 <SV = 3> <Delay = 1.68>
ST_4 : Operation 79 [3/4] (1.68ns)   --->   "%f_x_msb_3_V = load i5 %f_x_msb_3_table_V_addr" [/home/rcslfpgaserver/Softwares/Xilinx/Vitis_HLS/2020.2/common/technology/autopilot/hls_exp_apfixed.h:369]   --->   Operation 79 'load' 'f_x_msb_3_V' <Predicate = true> <Delay = 1.68> <CoreInst = "ROM">   --->   Core 95 'ROM' <Latency = 3> <II = 1> <Delay = 1.68> <Storage> <Opcode : 'load'> <Ports = 0> <Width = 32> <Depth = 32> <ROM>
ST_4 : Operation 80 [1/4] (1.68ns)   --->   "%f_x_msb_2_V = load i8 %f_x_msb_2_table_V_addr" [/home/rcslfpgaserver/Softwares/Xilinx/Vitis_HLS/2020.2/common/technology/autopilot/hls_exp_apfixed.h:445]   --->   Operation 80 'load' 'f_x_msb_2_V' <Predicate = true> <Delay = 1.68> <CoreInst = "ROM">   --->   Core 95 'ROM' <Latency = 3> <II = 1> <Delay = 1.68> <Storage> <Opcode : 'load'> <Ports = 0> <Width = 46> <Depth = 256> <ROM>
ST_4 : Operation 81 [1/1] (0.00ns)   --->   "%p_Result_78 = partselect i5 @_ssdm_op_PartSelect.i5.i46.i32.i32, i46 %f_x_msb_2_V, i32 41, i32 45"   --->   Operation 81 'partselect' 'p_Result_78' <Predicate = true> <Delay = 0.00>
ST_4 : Operation 82 [1/1] (0.00ns)   --->   "%trunc_ln640_2 = trunc i46 %f_x_msb_2_V"   --->   Operation 82 'trunc' 'trunc_ln640_2' <Predicate = true> <Delay = 0.00>

State 5 <SV = 4> <Delay = 1.93>
ST_5 : Operation 83 [2/4] (1.68ns)   --->   "%f_x_msb_3_V = load i5 %f_x_msb_3_table_V_addr" [/home/rcslfpgaserver/Softwares/Xilinx/Vitis_HLS/2020.2/common/technology/autopilot/hls_exp_apfixed.h:369]   --->   Operation 83 'load' 'f_x_msb_3_V' <Predicate = true> <Delay = 1.68> <CoreInst = "ROM">   --->   Core 95 'ROM' <Latency = 3> <II = 1> <Delay = 1.68> <Storage> <Opcode : 'load'> <Ports = 0> <Width = 32> <Depth = 32> <ROM>
ST_5 : Operation 84 [1/1] (0.00ns)   --->   "%zext_ln703_1 = zext i5 %p_Result_78"   --->   Operation 84 'zext' 'zext_ln703_1' <Predicate = true> <Delay = 0.00>
ST_5 : Operation 85 [1/1] (0.00ns)   --->   "%zext_ln703_2 = zext i8 %tmp_78"   --->   Operation 85 'zext' 'zext_ln703_2' <Predicate = true> <Delay = 0.00>
ST_5 : Operation 86 [2/2] (1.93ns)   --->   "%ret_V_15 = add i9 %zext_ln703_2, i9 %zext_ln703_1"   --->   Operation 86 'add' 'ret_V_15' <Predicate = true> <Delay = 1.93> <CoreInst = "Adder">   --->   Core 1 'Adder' <Latency = 1> <II = 1> <Delay = 2.45> <FuncUnit> <Opcode : 'add' 'sub'> <InPorts = 2> <OutPorts = 1>

State 6 <SV = 5> <Delay = 1.93>
ST_6 : Operation 87 [1/4] (1.68ns)   --->   "%f_x_msb_3_V = load i5 %f_x_msb_3_table_V_addr" [/home/rcslfpgaserver/Softwares/Xilinx/Vitis_HLS/2020.2/common/technology/autopilot/hls_exp_apfixed.h:369]   --->   Operation 87 'load' 'f_x_msb_3_V' <Predicate = true> <Delay = 1.68> <CoreInst = "ROM">   --->   Core 95 'ROM' <Latency = 3> <II = 1> <Delay = 1.68> <Storage> <Opcode : 'load'> <Ports = 0> <Width = 32> <Depth = 32> <ROM>
ST_6 : Operation 88 [1/2] (1.93ns)   --->   "%ret_V_15 = add i9 %zext_ln703_2, i9 %zext_ln703_1"   --->   Operation 88 'add' 'ret_V_15' <Predicate = true> <Delay = 1.93> <CoreInst = "Adder">   --->   Core 1 'Adder' <Latency = 1> <II = 1> <Delay = 2.45> <FuncUnit> <Opcode : 'add' 'sub'> <InPorts = 2> <OutPorts = 1>

State 7 <SV = 6> <Delay = 1.93>
ST_7 : Operation 89 [1/1] (0.00ns)   --->   "%rhs_2 = bitconcatenate i47 @_ssdm_op_BitConcatenate.i47.i5.i7.i32.i3, i5 %tmp_79, i7 0, i32 %f_x_msb_3_V, i3 0"   --->   Operation 89 'bitconcatenate' 'rhs_2' <Predicate = true> <Delay = 0.00>
ST_7 : Operation 90 [1/1] (0.00ns)   --->   "%p_Result_79 = bitconcatenate i50 @_ssdm_op_BitConcatenate.i50.i9.i41, i9 %ret_V_15, i41 %trunc_ln640_2"   --->   Operation 90 'bitconcatenate' 'p_Result_79' <Predicate = true> <Delay = 0.00>
ST_7 : Operation 91 [1/1] (0.00ns)   --->   "%zext_ln1115 = zext i50 %p_Result_79"   --->   Operation 91 'zext' 'zext_ln1115' <Predicate = true> <Delay = 0.00>
ST_7 : Operation 92 [1/1] (0.00ns)   --->   "%zext_ln1118 = zext i47 %rhs_2"   --->   Operation 92 'zext' 'zext_ln1118' <Predicate = true> <Delay = 0.00>
ST_7 : Operation 93 [7/7] (1.93ns)   --->   "%r_V_26 = mul i97 %zext_ln1115, i97 %zext_ln1118"   --->   Operation 93 'mul' 'r_V_26' <Predicate = true> <Delay = 1.93> <CoreInst = "Mul_DSP">   --->   Core 5 'Mul_DSP' <Latency = 6> <II = 1> <Delay = 1.93> <FuncUnit> <Opcode : 'mul'> <InPorts = 2> <OutPorts = 1>

State 8 <SV = 7> <Delay = 1.93>
ST_8 : Operation 94 [6/7] (1.93ns)   --->   "%r_V_26 = mul i97 %zext_ln1115, i97 %zext_ln1118"   --->   Operation 94 'mul' 'r_V_26' <Predicate = true> <Delay = 1.93> <CoreInst = "Mul_DSP">   --->   Core 5 'Mul_DSP' <Latency = 6> <II = 1> <Delay = 1.93> <FuncUnit> <Opcode : 'mul'> <InPorts = 2> <OutPorts = 1>

State 9 <SV = 8> <Delay = 1.93>
ST_9 : Operation 95 [5/7] (1.93ns)   --->   "%r_V_26 = mul i97 %zext_ln1115, i97 %zext_ln1118"   --->   Operation 95 'mul' 'r_V_26' <Predicate = true> <Delay = 1.93> <CoreInst = "Mul_DSP">   --->   Core 5 'Mul_DSP' <Latency = 6> <II = 1> <Delay = 1.93> <FuncUnit> <Opcode : 'mul'> <InPorts = 2> <OutPorts = 1>

State 10 <SV = 9> <Delay = 1.93>
ST_10 : Operation 96 [4/7] (1.93ns)   --->   "%r_V_26 = mul i97 %zext_ln1115, i97 %zext_ln1118"   --->   Operation 96 'mul' 'r_V_26' <Predicate = true> <Delay = 1.93> <CoreInst = "Mul_DSP">   --->   Core 5 'Mul_DSP' <Latency = 6> <II = 1> <Delay = 1.93> <FuncUnit> <Opcode : 'mul'> <InPorts = 2> <OutPorts = 1>

State 11 <SV = 10> <Delay = 1.93>
ST_11 : Operation 97 [3/7] (1.93ns)   --->   "%r_V_26 = mul i97 %zext_ln1115, i97 %zext_ln1118"   --->   Operation 97 'mul' 'r_V_26' <Predicate = true> <Delay = 1.93> <CoreInst = "Mul_DSP">   --->   Core 5 'Mul_DSP' <Latency = 6> <II = 1> <Delay = 1.93> <FuncUnit> <Opcode : 'mul'> <InPorts = 2> <OutPorts = 1>

State 12 <SV = 11> <Delay = 1.93>
ST_12 : Operation 98 [2/7] (1.93ns)   --->   "%r_V_26 = mul i97 %zext_ln1115, i97 %zext_ln1118"   --->   Operation 98 'mul' 'r_V_26' <Predicate = true> <Delay = 1.93> <CoreInst = "Mul_DSP">   --->   Core 5 'Mul_DSP' <Latency = 6> <II = 1> <Delay = 1.93> <FuncUnit> <Opcode : 'mul'> <InPorts = 2> <OutPorts = 1>

State 13 <SV = 12> <Delay = 1.93>
ST_13 : Operation 99 [1/7] (1.93ns)   --->   "%r_V_26 = mul i97 %zext_ln1115, i97 %zext_ln1118"   --->   Operation 99 'mul' 'r_V_26' <Predicate = true> <Delay = 1.93> <CoreInst = "Mul_DSP">   --->   Core 5 'Mul_DSP' <Latency = 6> <II = 1> <Delay = 1.93> <FuncUnit> <Opcode : 'mul'> <InPorts = 2> <OutPorts = 1>
ST_13 : Operation 100 [1/1] (0.00ns)   --->   "%trunc_ln = partselect i45 @_ssdm_op_PartSelect.i45.i97.i32.i32, i97 %r_V_26, i32 52, i32 96"   --->   Operation 100 'partselect' 'trunc_ln' <Predicate = true> <Delay = 0.00>

State 14 <SV = 13> <Delay = 2.40>
ST_14 : Operation 101 [1/1] (0.00ns)   --->   "%p_Result_77 = bitconcatenate i8 @_ssdm_op_BitConcatenate.i8.i1.i7, i1 %tmp, i7 %p_Result_s"   --->   Operation 101 'bitconcatenate' 'p_Result_77' <Predicate = true> <Delay = 0.00>
ST_14 : Operation 102 [1/1] (0.00ns)   --->   "%zext_ln1192 = zext i45 %trunc_ln"   --->   Operation 102 'zext' 'zext_ln1192' <Predicate = true> <Delay = 0.00>
ST_14 : Operation 103 [1/1] (0.00ns)   --->   "%rhs_1 = bitconcatenate i56 @_ssdm_op_BitConcatenate.i56.i9.i41.i6, i9 %ret_V_15, i41 %trunc_ln640_2, i6 0"   --->   Operation 103 'bitconcatenate' 'rhs_1' <Predicate = true> <Delay = 0.00>
ST_14 : Operation 104 [2/2] (2.40ns)   --->   "%ret_V_16 = add i56 %rhs_1, i56 %zext_ln1192"   --->   Operation 104 'add' 'ret_V_16' <Predicate = true> <Delay = 2.40> <CoreInst = "Adder">   --->   Core 1 'Adder' <Latency = 1> <II = 1> <Delay = 2.45> <FuncUnit> <Opcode : 'add' 'sub'> <InPorts = 2> <OutPorts = 1>
ST_14 : Operation 105 [1/1] (0.00ns)   --->   "%zext_ln534_2 = zext i8 %p_Result_77"   --->   Operation 105 'zext' 'zext_ln534_2' <Predicate = true> <Delay = 0.00>
ST_14 : Operation 106 [1/1] (0.00ns)   --->   "%exp_x_msb_1_table_V_addr = getelementptr i50 %exp_x_msb_1_table_V, i64 0, i64 %zext_ln534_2" [/home/rcslfpgaserver/Softwares/Xilinx/Vitis_HLS/2020.2/common/technology/autopilot/hls_exp_apfixed.h:523]   --->   Operation 106 'getelementptr' 'exp_x_msb_1_table_V_addr' <Predicate = true> <Delay = 0.00>
ST_14 : Operation 107 [4/4] (1.68ns)   --->   "%exp_x_msb_1_V = load i8 %exp_x_msb_1_table_V_addr" [/home/rcslfpgaserver/Softwares/Xilinx/Vitis_HLS/2020.2/common/technology/autopilot/hls_exp_apfixed.h:523]   --->   Operation 107 'load' 'exp_x_msb_1_V' <Predicate = true> <Delay = 1.68> <CoreInst = "ROM">   --->   Core 95 'ROM' <Latency = 3> <II = 1> <Delay = 1.68> <Storage> <Opcode : 'load'> <Ports = 0> <Width = 50> <Depth = 256> <ROM>

State 15 <SV = 14> <Delay = 2.40>
ST_15 : Operation 108 [1/2] (2.40ns)   --->   "%ret_V_16 = add i56 %rhs_1, i56 %zext_ln1192"   --->   Operation 108 'add' 'ret_V_16' <Predicate = true> <Delay = 2.40> <CoreInst = "Adder">   --->   Core 1 'Adder' <Latency = 1> <II = 1> <Delay = 2.45> <FuncUnit> <Opcode : 'add' 'sub'> <InPorts = 2> <OutPorts = 1>
ST_15 : Operation 109 [3/4] (1.68ns)   --->   "%exp_x_msb_1_V = load i8 %exp_x_msb_1_table_V_addr" [/home/rcslfpgaserver/Softwares/Xilinx/Vitis_HLS/2020.2/common/technology/autopilot/hls_exp_apfixed.h:523]   --->   Operation 109 'load' 'exp_x_msb_1_V' <Predicate = true> <Delay = 1.68> <CoreInst = "ROM">   --->   Core 95 'ROM' <Latency = 3> <II = 1> <Delay = 1.68> <Storage> <Opcode : 'load'> <Ports = 0> <Width = 50> <Depth = 256> <ROM>

State 16 <SV = 15> <Delay = 2.40>
ST_16 : Operation 110 [1/1] (0.00ns)   --->   "%zext_ln1192_1 = zext i47 %rhs_2"   --->   Operation 110 'zext' 'zext_ln1192_1' <Predicate = true> <Delay = 0.00>
ST_16 : Operation 111 [2/2] (2.40ns)   --->   "%ret_V = add i56 %ret_V_16, i56 %zext_ln1192_1"   --->   Operation 111 'add' 'ret_V' <Predicate = true> <Delay = 2.40> <CoreInst = "Adder">   --->   Core 1 'Adder' <Latency = 1> <II = 1> <Delay = 2.45> <FuncUnit> <Opcode : 'add' 'sub'> <InPorts = 2> <OutPorts = 1>
ST_16 : Operation 112 [2/4] (1.68ns)   --->   "%exp_x_msb_1_V = load i8 %exp_x_msb_1_table_V_addr" [/home/rcslfpgaserver/Softwares/Xilinx/Vitis_HLS/2020.2/common/technology/autopilot/hls_exp_apfixed.h:523]   --->   Operation 112 'load' 'exp_x_msb_1_V' <Predicate = true> <Delay = 1.68> <CoreInst = "ROM">   --->   Core 95 'ROM' <Latency = 3> <II = 1> <Delay = 1.68> <Storage> <Opcode : 'load'> <Ports = 0> <Width = 50> <Depth = 256> <ROM>

State 17 <SV = 16> <Delay = 2.40>
ST_17 : Operation 113 [1/2] (2.40ns)   --->   "%ret_V = add i56 %ret_V_16, i56 %zext_ln1192_1"   --->   Operation 113 'add' 'ret_V' <Predicate = true> <Delay = 2.40> <CoreInst = "Adder">   --->   Core 1 'Adder' <Latency = 1> <II = 1> <Delay = 2.45> <FuncUnit> <Opcode : 'add' 'sub'> <InPorts = 2> <OutPorts = 1>
ST_17 : Operation 114 [1/1] (0.00ns)   --->   "%exp_x_msb_2_3_4_lsb_m_1_V = partselect i50 @_ssdm_op_PartSelect.i50.i56.i32.i32, i56 %ret_V, i32 6, i32 55"   --->   Operation 114 'partselect' 'exp_x_msb_2_3_4_lsb_m_1_V' <Predicate = true> <Delay = 0.00>
ST_17 : Operation 115 [1/4] (1.68ns)   --->   "%exp_x_msb_1_V = load i8 %exp_x_msb_1_table_V_addr" [/home/rcslfpgaserver/Softwares/Xilinx/Vitis_HLS/2020.2/common/technology/autopilot/hls_exp_apfixed.h:523]   --->   Operation 115 'load' 'exp_x_msb_1_V' <Predicate = true> <Delay = 1.68> <CoreInst = "ROM">   --->   Core 95 'ROM' <Latency = 3> <II = 1> <Delay = 1.68> <Storage> <Opcode : 'load'> <Ports = 0> <Width = 50> <Depth = 256> <ROM>

State 18 <SV = 17> <Delay = 1.93>
ST_18 : Operation 116 [1/1] (0.00ns)   --->   "%zext_ln1116 = zext i50 %exp_x_msb_1_V"   --->   Operation 116 'zext' 'zext_ln1116' <Predicate = true> <Delay = 0.00>
ST_18 : Operation 117 [1/1] (0.00ns)   --->   "%zext_ln1118_1 = zext i50 %exp_x_msb_2_3_4_lsb_m_1_V"   --->   Operation 117 'zext' 'zext_ln1118_1' <Predicate = true> <Delay = 0.00>
ST_18 : Operation 118 [7/7] (1.93ns)   --->   "%r_V = mul i100 %zext_ln1118_1, i100 %zext_ln1116"   --->   Operation 118 'mul' 'r_V' <Predicate = true> <Delay = 1.93> <CoreInst = "Mul_DSP">   --->   Core 5 'Mul_DSP' <Latency = 6> <II = 1> <Delay = 1.93> <FuncUnit> <Opcode : 'mul'> <InPorts = 2> <OutPorts = 1>

State 19 <SV = 18> <Delay = 1.93>
ST_19 : Operation 119 [6/7] (1.93ns)   --->   "%r_V = mul i100 %zext_ln1118_1, i100 %zext_ln1116"   --->   Operation 119 'mul' 'r_V' <Predicate = true> <Delay = 1.93> <CoreInst = "Mul_DSP">   --->   Core 5 'Mul_DSP' <Latency = 6> <II = 1> <Delay = 1.93> <FuncUnit> <Opcode : 'mul'> <InPorts = 2> <OutPorts = 1>

State 20 <SV = 19> <Delay = 1.93>
ST_20 : Operation 120 [5/7] (1.93ns)   --->   "%r_V = mul i100 %zext_ln1118_1, i100 %zext_ln1116"   --->   Operation 120 'mul' 'r_V' <Predicate = true> <Delay = 1.93> <CoreInst = "Mul_DSP">   --->   Core 5 'Mul_DSP' <Latency = 6> <II = 1> <Delay = 1.93> <FuncUnit> <Opcode : 'mul'> <InPorts = 2> <OutPorts = 1>

State 21 <SV = 20> <Delay = 1.93>
ST_21 : Operation 121 [4/7] (1.93ns)   --->   "%r_V = mul i100 %zext_ln1118_1, i100 %zext_ln1116"   --->   Operation 121 'mul' 'r_V' <Predicate = true> <Delay = 1.93> <CoreInst = "Mul_DSP">   --->   Core 5 'Mul_DSP' <Latency = 6> <II = 1> <Delay = 1.93> <FuncUnit> <Opcode : 'mul'> <InPorts = 2> <OutPorts = 1>

State 22 <SV = 21> <Delay = 1.93>
ST_22 : Operation 122 [3/7] (1.93ns)   --->   "%r_V = mul i100 %zext_ln1118_1, i100 %zext_ln1116"   --->   Operation 122 'mul' 'r_V' <Predicate = true> <Delay = 1.93> <CoreInst = "Mul_DSP">   --->   Core 5 'Mul_DSP' <Latency = 6> <II = 1> <Delay = 1.93> <FuncUnit> <Opcode : 'mul'> <InPorts = 2> <OutPorts = 1>

State 23 <SV = 22> <Delay = 1.93>
ST_23 : Operation 123 [2/7] (1.93ns)   --->   "%r_V = mul i100 %zext_ln1118_1, i100 %zext_ln1116"   --->   Operation 123 'mul' 'r_V' <Predicate = true> <Delay = 1.93> <CoreInst = "Mul_DSP">   --->   Core 5 'Mul_DSP' <Latency = 6> <II = 1> <Delay = 1.93> <FuncUnit> <Opcode : 'mul'> <InPorts = 2> <OutPorts = 1>

State 24 <SV = 23> <Delay = 1.93>
ST_24 : Operation 124 [1/7] (1.93ns)   --->   "%r_V = mul i100 %zext_ln1118_1, i100 %zext_ln1116"   --->   Operation 124 'mul' 'r_V' <Predicate = true> <Delay = 1.93> <CoreInst = "Mul_DSP">   --->   Core 5 'Mul_DSP' <Latency = 6> <II = 1> <Delay = 1.93> <FuncUnit> <Opcode : 'mul'> <InPorts = 2> <OutPorts = 1>
ST_24 : Operation 125 [1/1] (0.00ns)   --->   "%trunc_ln703_s = partselect i48 @_ssdm_op_PartSelect.i48.i100.i32.i32, i100 %r_V, i32 52, i32 99"   --->   Operation 125 'partselect' 'trunc_ln703_s' <Predicate = true> <Delay = 0.00>

State 25 <SV = 24> <Delay = 2.45>
ST_25 : Operation 126 [1/1] (0.00ns)   --->   "%zext_ln703 = zext i48 %trunc_ln703_s"   --->   Operation 126 'zext' 'zext_ln703' <Predicate = true> <Delay = 0.00>
ST_25 : Operation 127 [2/2] (2.45ns)   --->   "%y_l_V = add i50 %exp_x_msb_1_V, i50 %zext_ln703"   --->   Operation 127 'add' 'y_l_V' <Predicate = true> <Delay = 2.45> <CoreInst = "Adder">   --->   Core 1 'Adder' <Latency = 1> <II = 1> <Delay = 2.45> <FuncUnit> <Opcode : 'add' 'sub'> <InPorts = 2> <OutPorts = 1>

State 26 <SV = 25> <Delay = 2.45>
ST_26 : Operation 128 [1/2] (2.45ns)   --->   "%y_l_V = add i50 %exp_x_msb_1_V, i50 %zext_ln703"   --->   Operation 128 'add' 'y_l_V' <Predicate = true> <Delay = 2.45> <CoreInst = "Adder">   --->   Core 1 'Adder' <Latency = 1> <II = 1> <Delay = 2.45> <FuncUnit> <Opcode : 'add' 'sub'> <InPorts = 2> <OutPorts = 1>

State 27 <SV = 26> <Delay = 1.11>
ST_27 : Operation 129 [1/1] (0.00ns) (grouped into LUT with out node p_Val2_126)   --->   "%xor_ln640 = xor i1 %tmp, i1 1"   --->   Operation 129 'xor' 'xor_ln640' <Predicate = true> <Delay = 0.00> <CoreInst = "LogicGate">   --->   Core 74 'LogicGate' <Latency = 0> <II = 1> <Delay = 0.97> <FuncUnit> <Opcode : 'and' 'or' 'xor'> <InPorts = 2> <OutPorts = 1>
ST_27 : Operation 130 [1/1] (0.00ns) (grouped into LUT with out node p_Val2_126)   --->   "%select_ln640 = select i1 %xor_ln640, i46 70368744177663, i46 0"   --->   Operation 130 'select' 'select_ln640' <Predicate = true> <Delay = 0.00> <CoreInst = "Sel">   --->   Core 73 'Sel' <Latency = 0> <II = 1> <Delay = 0.99> <FuncUnit> <Opcode : 'select'> <InPorts = 3> <OutPorts = 1>
ST_27 : Operation 131 [1/1] (0.00ns) (grouped into LUT with out node p_Val2_126)   --->   "%y_V = partselect i46 @_ssdm_op_PartSelect.i46.i50.i32.i32, i50 %y_l_V, i32 4, i32 49"   --->   Operation 131 'partselect' 'y_V' <Predicate = true> <Delay = 0.00>
ST_27 : Operation 132 [1/1] (0.00ns) (grouped into LUT with out node p_Val2_126)   --->   "%or_ln300_4 = or i1 %or_ln300_3, i1 %or_ln300_1" [/home/rcslfpgaserver/Softwares/Xilinx/Vitis_HLS/2020.2/common/technology/autopilot/hls_exp_apfixed.h:300]   --->   Operation 132 'or' 'or_ln300_4' <Predicate = true> <Delay = 0.00> <CoreInst = "LogicGate">   --->   Core 74 'LogicGate' <Latency = 0> <II = 1> <Delay = 0.97> <FuncUnit> <Opcode : 'and' 'or' 'xor'> <InPorts = 2> <OutPorts = 1>
ST_27 : Operation 133 [1/1] (0.00ns) (grouped into LUT with out node p_Val2_126)   --->   "%or_ln300_9 = or i1 %or_ln300_8, i1 %or_ln300_6" [/home/rcslfpgaserver/Softwares/Xilinx/Vitis_HLS/2020.2/common/technology/autopilot/hls_exp_apfixed.h:300]   --->   Operation 133 'or' 'or_ln300_9' <Predicate = true> <Delay = 0.00> <CoreInst = "LogicGate">   --->   Core 74 'LogicGate' <Latency = 0> <II = 1> <Delay = 0.97> <FuncUnit> <Opcode : 'and' 'or' 'xor'> <InPorts = 2> <OutPorts = 1>
ST_27 : Operation 134 [1/1] (0.00ns) (grouped into LUT with out node p_Val2_126)   --->   "%or_ln300_10 = or i1 %or_ln300_9, i1 %or_ln300_4" [/home/rcslfpgaserver/Softwares/Xilinx/Vitis_HLS/2020.2/common/technology/autopilot/hls_exp_apfixed.h:300]   --->   Operation 134 'or' 'or_ln300_10' <Predicate = true> <Delay = 0.00> <CoreInst = "LogicGate">   --->   Core 74 'LogicGate' <Latency = 0> <II = 1> <Delay = 0.97> <FuncUnit> <Opcode : 'and' 'or' 'xor'> <InPorts = 2> <OutPorts = 1>
ST_27 : Operation 135 [1/1] (1.11ns) (out node of the LUT)   --->   "%p_Val2_126 = select i1 %or_ln300_10, i46 %select_ln640, i46 %y_V" [/home/rcslfpgaserver/Softwares/Xilinx/Vitis_HLS/2020.2/common/technology/autopilot/hls_exp_apfixed.h:300]   --->   Operation 135 'select' 'p_Val2_126' <Predicate = true> <Delay = 1.11> <CoreInst = "Sel">   --->   Core 73 'Sel' <Latency = 0> <II = 1> <Delay = 0.99> <FuncUnit> <Opcode : 'select'> <InPorts = 3> <OutPorts = 1>
ST_27 : Operation 136 [1/1] (0.00ns)   --->   "%tmp_74 = partselect i2 @_ssdm_op_PartSelect.i2.i46.i32.i32, i46 %p_Val2_126, i32 44, i32 45" [/home/rcslfpgaserver/Softwares/Xilinx/Vitis_HLS/2020.2/common/technology/autopilot/hls_exp_apfixed.h:533]   --->   Operation 136 'partselect' 'tmp_74' <Predicate = true> <Delay = 0.00>
ST_27 : Operation 137 [1/1] (0.00ns)   --->   "%tmp_77 = partselect i4 @_ssdm_op_PartSelect.i4.i46.i32.i32, i46 %p_Val2_126, i32 38, i32 41" [/home/rcslfpgaserver/Softwares/Xilinx/Vitis_HLS/2020.2/common/technology/autopilot/hls_exp_apfixed.h:533]   --->   Operation 137 'partselect' 'tmp_77' <Predicate = true> <Delay = 0.00>

State 28 <SV = 27> <Delay = 1.30>
ST_28 : Operation 138 [1/1] (0.95ns)   --->   "%overf_1 = icmp_ne  i2 %tmp_74, i2 0" [/home/rcslfpgaserver/Softwares/Xilinx/Vitis_HLS/2020.2/common/technology/autopilot/hls_exp_apfixed.h:533]   --->   Operation 138 'icmp' 'overf_1' <Predicate = true> <Delay = 0.95> <CoreInst = "Cmp">   --->   Core 9 'Cmp' <Latency = 0> <II = 1> <Delay = 0.95> <FuncUnit> <Opcode : 'icmp'> <InPorts = 2> <OutPorts = 1>
ST_28 : Operation 139 [1/1] (1.30ns)   --->   "%icmp_ln533 = icmp_ne  i4 %tmp_77, i4 0" [/home/rcslfpgaserver/Softwares/Xilinx/Vitis_HLS/2020.2/common/technology/autopilot/hls_exp_apfixed.h:533]   --->   Operation 139 'icmp' 'icmp_ln533' <Predicate = true> <Delay = 1.30> <CoreInst = "Cmp">   --->   Core 9 'Cmp' <Latency = 0> <II = 1> <Delay = 0.95> <FuncUnit> <Opcode : 'icmp'> <InPorts = 2> <OutPorts = 1>

State 29 <SV = 28> <Delay = 0.97>
ST_29 : Operation 140 [1/1] (0.00ns)   --->   "%specpipeline_ln39 = specpipeline void @_ssdm_op_SpecPipeline, i32 4294967295, i32 0, i32 0, i32 0, void @empty_1" [/home/rcslfpgaserver/Softwares/Xilinx/Vitis_HLS/2020.2/common/technology/autopilot/hls_exp_apfixed.h:39]   --->   Operation 140 'specpipeline' 'specpipeline_ln39' <Predicate = true> <Delay = 0.00>
ST_29 : Operation 141 [1/1] (0.00ns) (grouped into LUT with out node select_ln536)   --->   "%p_Result_s_98 = bitselect i1 @_ssdm_op_BitSelect.i1.i46.i32, i46 %p_Val2_126, i32 43"   --->   Operation 141 'bitselect' 'p_Result_s_98' <Predicate = true> <Delay = 0.00>
ST_29 : Operation 142 [1/1] (0.00ns) (grouped into LUT with out node select_ln536)   --->   "%p_Result_74 = bitselect i1 @_ssdm_op_BitSelect.i1.i46.i32, i46 %p_Val2_126, i32 42"   --->   Operation 142 'bitselect' 'p_Result_74' <Predicate = true> <Delay = 0.00>
ST_29 : Operation 143 [1/1] (0.00ns) (grouped into LUT with out node select_ln536)   --->   "%or_ln533 = or i1 %overf_1, i1 %p_Result_74" [/home/rcslfpgaserver/Softwares/Xilinx/Vitis_HLS/2020.2/common/technology/autopilot/hls_exp_apfixed.h:533]   --->   Operation 143 'or' 'or_ln533' <Predicate = true> <Delay = 0.00> <CoreInst = "LogicGate">   --->   Core 74 'LogicGate' <Latency = 0> <II = 1> <Delay = 0.97> <FuncUnit> <Opcode : 'and' 'or' 'xor'> <InPorts = 2> <OutPorts = 1>
ST_29 : Operation 144 [1/1] (0.00ns) (grouped into LUT with out node select_ln536)   --->   "%or_ln533_1 = or i1 %or_ln533, i1 %p_Result_s_98" [/home/rcslfpgaserver/Softwares/Xilinx/Vitis_HLS/2020.2/common/technology/autopilot/hls_exp_apfixed.h:533]   --->   Operation 144 'or' 'or_ln533_1' <Predicate = true> <Delay = 0.00> <CoreInst = "LogicGate">   --->   Core 74 'LogicGate' <Latency = 0> <II = 1> <Delay = 0.97> <FuncUnit> <Opcode : 'and' 'or' 'xor'> <InPorts = 2> <OutPorts = 1>
ST_29 : Operation 145 [1/1] (0.00ns) (grouped into LUT with out node select_ln536)   --->   "%overf_2 = or i1 %icmp_ln533, i1 %or_ln533_1" [/home/rcslfpgaserver/Softwares/Xilinx/Vitis_HLS/2020.2/common/technology/autopilot/hls_exp_apfixed.h:533]   --->   Operation 145 'or' 'overf_2' <Predicate = true> <Delay = 0.00> <CoreInst = "LogicGate">   --->   Core 74 'LogicGate' <Latency = 0> <II = 1> <Delay = 0.97> <FuncUnit> <Opcode : 'and' 'or' 'xor'> <InPorts = 2> <OutPorts = 1>
ST_29 : Operation 146 [1/1] (0.00ns) (grouped into LUT with out node select_ln536)   --->   "%tmp_s = partselect i32 @_ssdm_op_PartSelect.i32.i46.i32.i32, i46 %p_Val2_126, i32 7, i32 38"   --->   Operation 146 'partselect' 'tmp_s' <Predicate = true> <Delay = 0.00>
ST_29 : Operation 147 [1/1] (0.97ns) (out node of the LUT)   --->   "%select_ln536 = select i1 %overf_2, i32 2147483647, i32 %tmp_s" [/home/rcslfpgaserver/Softwares/Xilinx/Vitis_HLS/2020.2/common/technology/autopilot/hls_exp_apfixed.h:536]   --->   Operation 147 'select' 'select_ln536' <Predicate = true> <Delay = 0.97> <CoreInst = "Sel">   --->   Core 73 'Sel' <Latency = 0> <II = 1> <Delay = 0.99> <FuncUnit> <Opcode : 'select'> <InPorts = 3> <OutPorts = 1>
ST_29 : Operation 148 [1/1] (0.00ns)   --->   "%ret_ln953 = ret i32 %select_ln536" [/home/rcslfpgaserver/Softwares/Xilinx/Vitis_HLS/2020.2/common/technology/autopilot/hls_exp_apfixed.h:953]   --->   Operation 148 'ret' 'ret_ln953' <Predicate = true> <Delay = 0.00>


============================================================
+ Verbose Summary: Binding
============================================================
STG Binding: 
---------------- STG Properties BEGIN ----------------
- Is combinational: 0
- Is one-state seq: 0
- Is datapath-only: 0
- Is pipelined: 1
- Is top level: 0
Port [ Return ] is wired: 1; IO mode=ap_ctrl_hs:ce=0
Port [ x]:  wired=1; compound=0; hidden=0; nouse=0; global=0; static=0; extern=0; dir=0; type=0; pingpong=0; private_global=0; IO mode=ap_none:ce=0
Port [ f_x_msb_3_table_V]:  wired=0; compound=1; hidden=1; nouse=0; global=1; static=1; extern=0; dir=0; type=1; pingpong=0; private_global=0; MemPort=[1]; IO mode=ap_memory:ce=0
Port [ f_x_msb_2_table_V]:  wired=0; compound=1; hidden=1; nouse=0; global=1; static=1; extern=0; dir=0; type=1; pingpong=0; private_global=0; MemPort=[1]; IO mode=ap_memory:ce=0
Port [ exp_x_msb_1_table_V]:  wired=0; compound=1; hidden=1; nouse=0; global=1; static=1; extern=0; dir=0; type=1; pingpong=0; private_global=0; MemPort=[1]; IO mode=ap_memory:ce=0
---------------- STG Properties END ------------------

---------------- Datapath Model BEGIN ----------------

<LifeTime>
<method=bitvector/>
x_read                    (read          ) [ 011000000000000000000000000000]
p_Result_75               (partselect    ) [ 000000000000000000000000000000]
trunc_ln640               (trunc         ) [ 000000000000000000000000000000]
p_Result_76               (bitconcatenate) [ 000000000000000000000000000000]
tmp                       (bitselect     ) [ 011111111111111111111111111100]
tmp_61                    (bitselect     ) [ 000000000000000000000000000000]
overf                     (xor           ) [ 000000000000000000000000000000]
tmp_62                    (bitselect     ) [ 000000000000000000000000000000]
xor_ln222_2               (xor           ) [ 000000000000000000000000000000]
tmp_63                    (bitselect     ) [ 000000000000000000000000000000]
xor_ln222_3               (xor           ) [ 000000000000000000000000000000]
tmp_64                    (bitselect     ) [ 000000000000000000000000000000]
xor_ln222_4               (xor           ) [ 000000000000000000000000000000]
tmp_65                    (bitselect     ) [ 000000000000000000000000000000]
xor_ln222                 (xor           ) [ 000000000000000000000000000000]
tmp_66                    (bitselect     ) [ 000000000000000000000000000000]
xor_ln222_5               (xor           ) [ 000000000000000000000000000000]
tmp_67                    (bitselect     ) [ 000000000000000000000000000000]
xor_ln222_6               (xor           ) [ 000000000000000000000000000000]
tmp_68                    (bitselect     ) [ 000000000000000000000000000000]
xor_ln222_7               (xor           ) [ 000000000000000000000000000000]
tmp_69                    (bitselect     ) [ 000000000000000000000000000000]
xor_ln222_8               (xor           ) [ 000000000000000000000000000000]
icmp_ln1498               (icmp          ) [ 011000000000000000000000000000]
icmp_ln1496               (icmp          ) [ 011000000000000000000000000000]
p_Result_s                (partselect    ) [ 011111111111111000000000000000]
tmp_78                    (partselect    ) [ 011111000000000000000000000000]
tmp_79                    (trunc         ) [ 011111110000000000000000000000]
zext_ln534_1              (zext          ) [ 000000000000000000000000000000]
f_x_msb_2_table_V_addr    (getelementptr ) [ 011110000000000000000000000000]
or_ln300                  (or            ) [ 000000000000000000000000000000]
or_ln300_1                (or            ) [ 011111111111111111111111111100]
or_ln300_2                (or            ) [ 000000000000000000000000000000]
or_ln300_3                (or            ) [ 011111111111111111111111111100]
or_ln300_5                (or            ) [ 000000000000000000000000000000]
or_ln300_6                (or            ) [ 011111111111111111111111111100]
tmp_70                    (bitselect     ) [ 000000000000000000000000000000]
xor_ln222_9               (xor           ) [ 000000000000000000000000000000]
tmp_71                    (bitselect     ) [ 000000000000000000000000000000]
xor_ln222_10              (xor           ) [ 000000000000000000000000000000]
and_ln300                 (and           ) [ 000000000000000000000000000000]
or_ln300_7                (or            ) [ 000000000000000000000000000000]
or_ln300_8                (or            ) [ 010111111111111111111111111100]
zext_ln534                (zext          ) [ 000000000000000000000000000000]
f_x_msb_3_table_V_addr    (getelementptr ) [ 010011100000000000000000000000]
f_x_msb_2_V               (load          ) [ 000000000000000000000000000000]
p_Result_78               (partselect    ) [ 010001000000000000000000000000]
trunc_ln640_2             (trunc         ) [ 010001111111111000000000000000]
zext_ln703_1              (zext          ) [ 010000100000000000000000000000]
zext_ln703_2              (zext          ) [ 010000100000000000000000000000]
f_x_msb_3_V               (load          ) [ 010000010000000000000000000000]
ret_V_15                  (add           ) [ 010000011111111000000000000000]
rhs_2                     (bitconcatenate) [ 010000001111111110000000000000]
p_Result_79               (bitconcatenate) [ 000000000000000000000000000000]
zext_ln1115               (zext          ) [ 010000001111110000000000000000]
zext_ln1118               (zext          ) [ 010000001111110000000000000000]
r_V_26                    (mul           ) [ 000000000000000000000000000000]
trunc_ln                  (partselect    ) [ 010000000000001000000000000000]
p_Result_77               (bitconcatenate) [ 000000000000000000000000000000]
zext_ln1192               (zext          ) [ 010000000000000100000000000000]
rhs_1                     (bitconcatenate) [ 010000000000000100000000000000]
zext_ln534_2              (zext          ) [ 000000000000000000000000000000]
exp_x_msb_1_table_V_addr  (getelementptr ) [ 010000000000000111000000000000]
ret_V_16                  (add           ) [ 010000000000000011000000000000]
zext_ln1192_1             (zext          ) [ 010000000000000001000000000000]
ret_V                     (add           ) [ 000000000000000000000000000000]
exp_x_msb_2_3_4_lsb_m_1_V (partselect    ) [ 010000000000000000100000000000]
exp_x_msb_1_V             (load          ) [ 010000000000000000111111111000]
zext_ln1116               (zext          ) [ 010000000000000000011111100000]
zext_ln1118_1             (zext          ) [ 010000000000000000011111100000]
r_V                       (mul           ) [ 000000000000000000000000000000]
trunc_ln703_s             (partselect    ) [ 010000000000000000000000010000]
zext_ln703                (zext          ) [ 010000000000000000000000001000]
y_l_V                     (add           ) [ 010000000000000000000000000100]
xor_ln640                 (xor           ) [ 000000000000000000000000000000]
select_ln640              (select        ) [ 000000000000000000000000000000]
y_V                       (partselect    ) [ 000000000000000000000000000000]
or_ln300_4                (or            ) [ 000000000000000000000000000000]
or_ln300_9                (or            ) [ 000000000000000000000000000000]
or_ln300_10               (or            ) [ 000000000000000000000000000000]
p_Val2_126                (select        ) [ 010000000000000000000000000011]
tmp_74                    (partselect    ) [ 010000000000000000000000000010]
tmp_77                    (partselect    ) [ 010000000000000000000000000010]
overf_1                   (icmp          ) [ 010000000000000000000000000001]
icmp_ln533                (icmp          ) [ 010000000000000000000000000001]
specpipeline_ln39         (specpipeline  ) [ 000000000000000000000000000000]
p_Result_s_98             (bitselect     ) [ 000000000000000000000000000000]
p_Result_74               (bitselect     ) [ 000000000000000000000000000000]
or_ln533                  (or            ) [ 000000000000000000000000000000]
or_ln533_1                (or            ) [ 000000000000000000000000000000]
overf_2                   (or            ) [ 000000000000000000000000000000]
tmp_s                     (partselect    ) [ 000000000000000000000000000000]
select_ln536              (select        ) [ 000000000000000000000000000000]
ret_ln953                 (ret           ) [ 000000000000000000000000000000]
</LifeTime>

<model>

<comp_list>
<comp id="0" class="1000" name="x">
<pin_list>
<pin id="1" dir="1" index="0" bw="1" slack="0"/>
</pin_list>
<bind>
<StgValue><ssdm name="x"/></StgValue>
</bind>
</comp>

<comp id="2" class="1000" name="f_x_msb_3_table_V">
<pin_list>
<pin id="3" dir="1" index="0" bw="1" slack="0"/>
</pin_list>
<bind>
<StgValue><ssdm name="f_x_msb_3_table_V"/><MemPortTyVec>1 </MemPortTyVec>
</StgValue>
</bind>
</comp>

<comp id="4" class="1000" name="f_x_msb_2_table_V">
<pin_list>
<pin id="5" dir="1" index="0" bw="1" slack="0"/>
</pin_list>
<bind>
<StgValue><ssdm name="f_x_msb_2_table_V"/><MemPortTyVec>1 </MemPortTyVec>
</StgValue>
</bind>
</comp>

<comp id="6" class="1000" name="exp_x_msb_1_table_V">
<pin_list>
<pin id="7" dir="1" index="0" bw="1" slack="0"/>
</pin_list>
<bind>
<StgValue><ssdm name="exp_x_msb_1_table_V"/><MemPortTyVec>1 </MemPortTyVec>
</StgValue>
</bind>
</comp>

<comp id="8" class="1001" name="const_8">
<pin_list>
<pin id="9" dir="1" index="0" bw="1" slack="0"/>
</pin_list>
<bind>
<StgValue><ssdm name="_ssdm_op_Read.ap_auto.i32"/></StgValue>
</bind>
</comp>

<comp id="10" class="1001" name="const_10">
<pin_list>
<pin id="11" dir="1" index="0" bw="1" slack="0"/>
</pin_list>
<bind>
<StgValue><ssdm name="_ssdm_op_PartSelect.i5.i32.i32.i32"/></StgValue>
</bind>
</comp>

<comp id="12" class="1001" name="const_12">
<pin_list>
<pin id="13" dir="1" index="0" bw="1" slack="0"/>
</pin_list>
<bind>
<StgValue><ssdm name=""/></StgValue>
</bind>
</comp>

<comp id="14" class="1001" name="const_14">
<pin_list>
<pin id="15" dir="1" index="0" bw="1" slack="0"/>
</pin_list>
<bind>
<StgValue><ssdm name=""/></StgValue>
</bind>
</comp>

<comp id="16" class="1001" name="const_16">
<pin_list>
<pin id="17" dir="1" index="0" bw="1" slack="0"/>
</pin_list>
<bind>
<StgValue><ssdm name="_ssdm_op_BitConcatenate.i23.i16.i7"/></StgValue>
</bind>
</comp>

<comp id="18" class="1001" name="const_18">
<pin_list>
<pin id="19" dir="1" index="0" bw="1" slack="0"/>
</pin_list>
<bind>
<StgValue><ssdm name=""/></StgValue>
</bind>
</comp>

<comp id="20" class="1001" name="const_20">
<pin_list>
<pin id="21" dir="1" index="0" bw="1" slack="0"/>
</pin_list>
<bind>
<StgValue><ssdm name="_ssdm_op_BitSelect.i1.i32.i32"/></StgValue>
</bind>
</comp>

<comp id="22" class="1001" name="const_22">
<pin_list>
<pin id="23" dir="1" index="0" bw="1" slack="0"/>
</pin_list>
<bind>
<StgValue><ssdm name=""/></StgValue>
</bind>
</comp>

<comp id="24" class="1001" name="const_24">
<pin_list>
<pin id="25" dir="1" index="0" bw="1" slack="0"/>
</pin_list>
<bind>
<StgValue><ssdm name=""/></StgValue>
</bind>
</comp>

<comp id="26" class="1001" name="const_26">
<pin_list>
<pin id="27" dir="1" index="0" bw="1" slack="0"/>
</pin_list>
<bind>
<StgValue><ssdm name=""/></StgValue>
</bind>
</comp>

<comp id="28" class="1001" name="const_28">
<pin_list>
<pin id="29" dir="1" index="0" bw="1" slack="0"/>
</pin_list>
<bind>
<StgValue><ssdm name=""/></StgValue>
</bind>
</comp>

<comp id="30" class="1001" name="const_30">
<pin_list>
<pin id="31" dir="1" index="0" bw="1" slack="0"/>
</pin_list>
<bind>
<StgValue><ssdm name=""/></StgValue>
</bind>
</comp>

<comp id="32" class="1001" name="const_32">
<pin_list>
<pin id="33" dir="1" index="0" bw="1" slack="0"/>
</pin_list>
<bind>
<StgValue><ssdm name=""/></StgValue>
</bind>
</comp>

<comp id="34" class="1001" name="const_34">
<pin_list>
<pin id="35" dir="1" index="0" bw="1" slack="0"/>
</pin_list>
<bind>
<StgValue><ssdm name=""/></StgValue>
</bind>
</comp>

<comp id="36" class="1001" name="const_36">
<pin_list>
<pin id="37" dir="1" index="0" bw="1" slack="0"/>
</pin_list>
<bind>
<StgValue><ssdm name=""/></StgValue>
</bind>
</comp>

<comp id="38" class="1001" name="const_38">
<pin_list>
<pin id="39" dir="1" index="0" bw="1" slack="0"/>
</pin_list>
<bind>
<StgValue><ssdm name=""/></StgValue>
</bind>
</comp>

<comp id="40" class="1001" name="const_40">
<pin_list>
<pin id="41" dir="1" index="0" bw="1" slack="0"/>
</pin_list>
<bind>
<StgValue><ssdm name=""/></StgValue>
</bind>
</comp>

<comp id="42" class="1001" name="const_42">
<pin_list>
<pin id="43" dir="1" index="0" bw="1" slack="0"/>
</pin_list>
<bind>
<StgValue><ssdm name=""/></StgValue>
</bind>
</comp>

<comp id="44" class="1001" name="const_44">
<pin_list>
<pin id="45" dir="1" index="0" bw="1" slack="0"/>
</pin_list>
<bind>
<StgValue><ssdm name="_ssdm_op_PartSelect.i7.i32.i32.i32"/></StgValue>
</bind>
</comp>

<comp id="46" class="1001" name="const_46">
<pin_list>
<pin id="47" dir="1" index="0" bw="1" slack="0"/>
</pin_list>
<bind>
<StgValue><ssdm name=""/></StgValue>
</bind>
</comp>

<comp id="48" class="1001" name="const_48">
<pin_list>
<pin id="49" dir="1" index="0" bw="1" slack="0"/>
</pin_list>
<bind>
<StgValue><ssdm name=""/></StgValue>
</bind>
</comp>

<comp id="50" class="1001" name="const_50">
<pin_list>
<pin id="51" dir="1" index="0" bw="1" slack="0"/>
</pin_list>
<bind>
<StgValue><ssdm name="_ssdm_op_PartSelect.i8.i32.i32.i32"/></StgValue>
</bind>
</comp>

<comp id="52" class="1001" name="const_52">
<pin_list>
<pin id="53" dir="1" index="0" bw="1" slack="0"/>
</pin_list>
<bind>
<StgValue><ssdm name=""/></StgValue>
</bind>
</comp>

<comp id="54" class="1001" name="const_54">
<pin_list>
<pin id="55" dir="1" index="0" bw="1" slack="0"/>
</pin_list>
<bind>
<StgValue><ssdm name=""/></StgValue>
</bind>
</comp>

<comp id="56" class="1001" name="const_56">
<pin_list>
<pin id="57" dir="1" index="0" bw="1" slack="0"/>
</pin_list>
<bind>
<StgValue><ssdm name=""/></StgValue>
</bind>
</comp>

<comp id="58" class="1001" name="const_58">
<pin_list>
<pin id="59" dir="1" index="0" bw="1" slack="0"/>
</pin_list>
<bind>
<StgValue><ssdm name=""/></StgValue>
</bind>
</comp>

<comp id="60" class="1001" name="const_60">
<pin_list>
<pin id="61" dir="1" index="0" bw="1" slack="0"/>
</pin_list>
<bind>
<StgValue><ssdm name=""/></StgValue>
</bind>
</comp>

<comp id="62" class="1001" name="const_62">
<pin_list>
<pin id="63" dir="1" index="0" bw="1" slack="0"/>
</pin_list>
<bind>
<StgValue><ssdm name="_ssdm_op_PartSelect.i5.i46.i32.i32"/></StgValue>
</bind>
</comp>

<comp id="64" class="1001" name="const_64">
<pin_list>
<pin id="65" dir="1" index="0" bw="1" slack="0"/>
</pin_list>
<bind>
<StgValue><ssdm name=""/></StgValue>
</bind>
</comp>

<comp id="66" class="1001" name="const_66">
<pin_list>
<pin id="67" dir="1" index="0" bw="1" slack="0"/>
</pin_list>
<bind>
<StgValue><ssdm name=""/></StgValue>
</bind>
</comp>

<comp id="68" class="1001" name="const_68">
<pin_list>
<pin id="69" dir="1" index="0" bw="1" slack="0"/>
</pin_list>
<bind>
<StgValue><ssdm name="_ssdm_op_BitConcatenate.i47.i5.i7.i32.i3"/></StgValue>
</bind>
</comp>

<comp id="70" class="1001" name="const_70">
<pin_list>
<pin id="71" dir="1" index="0" bw="1" slack="0"/>
</pin_list>
<bind>
<StgValue><ssdm name=""/></StgValue>
</bind>
</comp>

<comp id="72" class="1001" name="const_72">
<pin_list>
<pin id="73" dir="1" index="0" bw="1" slack="0"/>
</pin_list>
<bind>
<StgValue><ssdm name="_ssdm_op_BitConcatenate.i50.i9.i41"/></StgValue>
</bind>
</comp>

<comp id="74" class="1001" name="const_74">
<pin_list>
<pin id="75" dir="1" index="0" bw="1" slack="0"/>
</pin_list>
<bind>
<StgValue><ssdm name="_ssdm_op_PartSelect.i45.i97.i32.i32"/></StgValue>
</bind>
</comp>

<comp id="76" class="1001" name="const_76">
<pin_list>
<pin id="77" dir="1" index="0" bw="1" slack="0"/>
</pin_list>
<bind>
<StgValue><ssdm name=""/></StgValue>
</bind>
</comp>

<comp id="78" class="1001" name="const_78">
<pin_list>
<pin id="79" dir="1" index="0" bw="1" slack="0"/>
</pin_list>
<bind>
<StgValue><ssdm name=""/></StgValue>
</bind>
</comp>

<comp id="80" class="1001" name="const_80">
<pin_list>
<pin id="81" dir="1" index="0" bw="1" slack="0"/>
</pin_list>
<bind>
<StgValue><ssdm name="_ssdm_op_BitConcatenate.i8.i1.i7"/></StgValue>
</bind>
</comp>

<comp id="82" class="1001" name="const_82">
<pin_list>
<pin id="83" dir="1" index="0" bw="1" slack="0"/>
</pin_list>
<bind>
<StgValue><ssdm name="_ssdm_op_BitConcatenate.i56.i9.i41.i6"/></StgValue>
</bind>
</comp>

<comp id="84" class="1001" name="const_84">
<pin_list>
<pin id="85" dir="1" index="0" bw="1" slack="0"/>
</pin_list>
<bind>
<StgValue><ssdm name=""/></StgValue>
</bind>
</comp>

<comp id="86" class="1001" name="const_86">
<pin_list>
<pin id="87" dir="1" index="0" bw="1" slack="0"/>
</pin_list>
<bind>
<StgValue><ssdm name="_ssdm_op_PartSelect.i50.i56.i32.i32"/></StgValue>
</bind>
</comp>

<comp id="88" class="1001" name="const_88">
<pin_list>
<pin id="89" dir="1" index="0" bw="1" slack="0"/>
</pin_list>
<bind>
<StgValue><ssdm name=""/></StgValue>
</bind>
</comp>

<comp id="90" class="1001" name="const_90">
<pin_list>
<pin id="91" dir="1" index="0" bw="1" slack="0"/>
</pin_list>
<bind>
<StgValue><ssdm name=""/></StgValue>
</bind>
</comp>

<comp id="92" class="1001" name="const_92">
<pin_list>
<pin id="93" dir="1" index="0" bw="1" slack="0"/>
</pin_list>
<bind>
<StgValue><ssdm name="_ssdm_op_PartSelect.i48.i100.i32.i32"/></StgValue>
</bind>
</comp>

<comp id="94" class="1001" name="const_94">
<pin_list>
<pin id="95" dir="1" index="0" bw="1" slack="0"/>
</pin_list>
<bind>
<StgValue><ssdm name=""/></StgValue>
</bind>
</comp>

<comp id="96" class="1001" name="const_96">
<pin_list>
<pin id="97" dir="1" index="0" bw="1" slack="0"/>
</pin_list>
<bind>
<StgValue><ssdm name=""/></StgValue>
</bind>
</comp>

<comp id="98" class="1001" name="const_98">
<pin_list>
<pin id="99" dir="1" index="0" bw="1" slack="0"/>
</pin_list>
<bind>
<StgValue><ssdm name=""/></StgValue>
</bind>
</comp>

<comp id="100" class="1001" name="const_100">
<pin_list>
<pin id="101" dir="1" index="0" bw="1" slack="0"/>
</pin_list>
<bind>
<StgValue><ssdm name=""/></StgValue>
</bind>
</comp>

<comp id="102" class="1001" name="const_102">
<pin_list>
<pin id="103" dir="1" index="0" bw="1" slack="0"/>
</pin_list>
<bind>
<StgValue><ssdm name="_ssdm_op_PartSelect.i46.i50.i32.i32"/></StgValue>
</bind>
</comp>

<comp id="104" class="1001" name="const_104">
<pin_list>
<pin id="105" dir="1" index="0" bw="1" slack="0"/>
</pin_list>
<bind>
<StgValue><ssdm name=""/></StgValue>
</bind>
</comp>

<comp id="106" class="1001" name="const_106">
<pin_list>
<pin id="107" dir="1" index="0" bw="1" slack="0"/>
</pin_list>
<bind>
<StgValue><ssdm name=""/></StgValue>
</bind>
</comp>

<comp id="108" class="1001" name="const_108">
<pin_list>
<pin id="109" dir="1" index="0" bw="1" slack="0"/>
</pin_list>
<bind>
<StgValue><ssdm name="_ssdm_op_PartSelect.i2.i46.i32.i32"/></StgValue>
</bind>
</comp>

<comp id="110" class="1001" name="const_110">
<pin_list>
<pin id="111" dir="1" index="0" bw="1" slack="0"/>
</pin_list>
<bind>
<StgValue><ssdm name=""/></StgValue>
</bind>
</comp>

<comp id="112" class="1001" name="const_112">
<pin_list>
<pin id="113" dir="1" index="0" bw="1" slack="0"/>
</pin_list>
<bind>
<StgValue><ssdm name="_ssdm_op_PartSelect.i4.i46.i32.i32"/></StgValue>
</bind>
</comp>

<comp id="114" class="1001" name="const_114">
<pin_list>
<pin id="115" dir="1" index="0" bw="1" slack="0"/>
</pin_list>
<bind>
<StgValue><ssdm name=""/></StgValue>
</bind>
</comp>

<comp id="116" class="1001" name="const_116">
<pin_list>
<pin id="117" dir="1" index="0" bw="1" slack="0"/>
</pin_list>
<bind>
<StgValue><ssdm name=""/></StgValue>
</bind>
</comp>

<comp id="118" class="1001" name="const_118">
<pin_list>
<pin id="119" dir="1" index="0" bw="1" slack="0"/>
</pin_list>
<bind>
<StgValue><ssdm name=""/></StgValue>
</bind>
</comp>

<comp id="120" class="1001" name="const_120">
<pin_list>
<pin id="121" dir="1" index="0" bw="1" slack="2147483647"/>
</pin_list>
<bind>
<StgValue><ssdm name="_ssdm_op_SpecPipeline"/></StgValue>
</bind>
</comp>

<comp id="122" class="1001" name="const_122">
<pin_list>
<pin id="123" dir="1" index="0" bw="1" slack="2147483647"/>
</pin_list>
<bind>
<StgValue><ssdm name=""/></StgValue>
</bind>
</comp>

<comp id="124" class="1001" name="const_124">
<pin_list>
<pin id="125" dir="1" index="0" bw="1" slack="2147483647"/>
</pin_list>
<bind>
<StgValue><ssdm name=""/></StgValue>
</bind>
</comp>

<comp id="126" class="1001" name="const_126">
<pin_list>
<pin id="127" dir="1" index="0" bw="1" slack="2147483647"/>
</pin_list>
<bind>
<StgValue><ssdm name="empty_1"/></StgValue>
</bind>
</comp>

<comp id="128" class="1001" name="const_128">
<pin_list>
<pin id="129" dir="1" index="0" bw="1" slack="0"/>
</pin_list>
<bind>
<StgValue><ssdm name="_ssdm_op_BitSelect.i1.i46.i32"/></StgValue>
</bind>
</comp>

<comp id="130" class="1001" name="const_130">
<pin_list>
<pin id="131" dir="1" index="0" bw="1" slack="0"/>
</pin_list>
<bind>
<StgValue><ssdm name=""/></StgValue>
</bind>
</comp>

<comp id="132" class="1001" name="const_132">
<pin_list>
<pin id="133" dir="1" index="0" bw="1" slack="0"/>
</pin_list>
<bind>
<StgValue><ssdm name=""/></StgValue>
</bind>
</comp>

<comp id="134" class="1001" name="const_134">
<pin_list>
<pin id="135" dir="1" index="0" bw="1" slack="0"/>
</pin_list>
<bind>
<StgValue><ssdm name="_ssdm_op_PartSelect.i32.i46.i32.i32"/></StgValue>
</bind>
</comp>

<comp id="136" class="1001" name="const_136">
<pin_list>
<pin id="137" dir="1" index="0" bw="1" slack="0"/>
</pin_list>
<bind>
<StgValue><ssdm name=""/></StgValue>
</bind>
</comp>

<comp id="138" class="1001" name="const_138">
<pin_list>
<pin id="139" dir="1" index="0" bw="1" slack="0"/>
</pin_list>
<bind>
<StgValue><ssdm name=""/></StgValue>
</bind>
</comp>

<comp id="140" class="1004" name="x_read_read_fu_140">
<pin_list>
<pin id="141" dir="0" index="0" bw="32" slack="0"/>
<pin id="142" dir="0" index="1" bw="32" slack="0"/>
<pin id="143" dir="1" index="2" bw="32" slack="0"/>
</pin_list>
<bind>
<opcode="read(1150) " fcode="read"/>
<opset="x_read/1 "/>
</bind>
</comp>

<comp id="146" class="1004" name="f_x_msb_2_table_V_addr_gep_fu_146">
<pin_list>
<pin id="147" dir="0" index="0" bw="46" slack="0"/>
<pin id="148" dir="0" index="1" bw="1" slack="0"/>
<pin id="149" dir="0" index="2" bw="8" slack="0"/>
<pin id="150" dir="1" index="3" bw="8" slack="0"/>
</pin_list>
<bind>
<opcode="getelementptr(29) " fcode="getelementptr"/>
<opset="f_x_msb_2_table_V_addr/1 "/>
</bind>
</comp>

<comp id="153" class="1004" name="grp_access_fu_153">
<pin_list>
<pin id="154" dir="0" index="0" bw="8" slack="0"/>
<pin id="155" dir="0" index="1" bw="46" slack="2147483647"/>
<pin id="156" dir="0" index="2" bw="0" slack="2147483647"/>
<pin id="157" dir="1" index="3" bw="46" slack="0"/>
</pin_list>
<bind>
<opcode="load(27) " fcode="load"/>
<opset="f_x_msb_2_V/1 "/>
</bind>
</comp>

<comp id="159" class="1004" name="f_x_msb_3_table_V_addr_gep_fu_159">
<pin_list>
<pin id="160" dir="0" index="0" bw="32" slack="0"/>
<pin id="161" dir="0" index="1" bw="1" slack="0"/>
<pin id="162" dir="0" index="2" bw="5" slack="0"/>
<pin id="163" dir="1" index="3" bw="5" slack="0"/>
</pin_list>
<bind>
<opcode="getelementptr(29) " fcode="getelementptr"/>
<opset="f_x_msb_3_table_V_addr/3 "/>
</bind>
</comp>

<comp id="166" class="1004" name="grp_access_fu_166">
<pin_list>
<pin id="167" dir="0" index="0" bw="5" slack="0"/>
<pin id="168" dir="0" index="1" bw="32" slack="2147483647"/>
<pin id="169" dir="0" index="2" bw="0" slack="2147483647"/>
<pin id="170" dir="1" index="3" bw="32" slack="1"/>
</pin_list>
<bind>
<opcode="load(27) " fcode="load"/>
<opset="f_x_msb_3_V/3 "/>
</bind>
</comp>

<comp id="172" class="1004" name="exp_x_msb_1_table_V_addr_gep_fu_172">
<pin_list>
<pin id="173" dir="0" index="0" bw="50" slack="0"/>
<pin id="174" dir="0" index="1" bw="1" slack="0"/>
<pin id="175" dir="0" index="2" bw="8" slack="0"/>
<pin id="176" dir="1" index="3" bw="8" slack="0"/>
</pin_list>
<bind>
<opcode="getelementptr(29) " fcode="getelementptr"/>
<opset="exp_x_msb_1_table_V_addr/14 "/>
</bind>
</comp>

<comp id="179" class="1004" name="grp_access_fu_179">
<pin_list>
<pin id="180" dir="0" index="0" bw="8" slack="0"/>
<pin id="181" dir="0" index="1" bw="50" slack="2147483647"/>
<pin id="182" dir="0" index="2" bw="0" slack="2147483647"/>
<pin id="183" dir="1" index="3" bw="50" slack="1"/>
</pin_list>
<bind>
<opcode="load(27) " fcode="load"/>
<opset="exp_x_msb_1_V/14 "/>
</bind>
</comp>

<comp id="185" class="1004" name="p_Result_75_fu_185">
<pin_list>
<pin id="186" dir="0" index="0" bw="5" slack="0"/>
<pin id="187" dir="0" index="1" bw="32" slack="0"/>
<pin id="188" dir="0" index="2" bw="6" slack="0"/>
<pin id="189" dir="0" index="3" bw="6" slack="0"/>
<pin id="190" dir="1" index="4" bw="5" slack="0"/>
</pin_list>
<bind>
<opcode="partselect(1002) " fcode="partselect"/>
<opset="p_Result_75/1 "/>
</bind>
</comp>

<comp id="195" class="1004" name="trunc_ln640_fu_195">
<pin_list>
<pin id="196" dir="0" index="0" bw="32" slack="0"/>
<pin id="197" dir="1" index="1" bw="16" slack="0"/>
</pin_list>
<bind>
<opcode="trunc(33) " fcode="trunc"/>
<opset="trunc_ln640/1 "/>
</bind>
</comp>

<comp id="199" class="1004" name="p_Result_76_fu_199">
<pin_list>
<pin id="200" dir="0" index="0" bw="23" slack="0"/>
<pin id="201" dir="0" index="1" bw="16" slack="0"/>
<pin id="202" dir="0" index="2" bw="1" slack="0"/>
<pin id="203" dir="1" index="3" bw="23" slack="0"/>
</pin_list>
<bind>
<opcode="bitconcatenate(1004) " fcode="bitconcatenate"/>
<opset="p_Result_76/1 "/>
</bind>
</comp>

<comp id="207" class="1004" name="tmp_fu_207">
<pin_list>
<pin id="208" dir="0" index="0" bw="1" slack="0"/>
<pin id="209" dir="0" index="1" bw="32" slack="0"/>
<pin id="210" dir="0" index="2" bw="6" slack="0"/>
<pin id="211" dir="1" index="3" bw="1" slack="0"/>
</pin_list>
<bind>
<opcode="bitselect(1000) " fcode="bitselect"/>
<opset="tmp/1 "/>
</bind>
</comp>

<comp id="215" class="1004" name="tmp_61_fu_215">
<pin_list>
<pin id="216" dir="0" index="0" bw="1" slack="0"/>
<pin id="217" dir="0" index="1" bw="32" slack="0"/>
<pin id="218" dir="0" index="2" bw="6" slack="0"/>
<pin id="219" dir="1" index="3" bw="1" slack="0"/>
</pin_list>
<bind>
<opcode="bitselect(1000) " fcode="bitselect"/>
<opset="tmp_61/1 "/>
</bind>
</comp>

<comp id="223" class="1004" name="overf_fu_223">
<pin_list>
<pin id="224" dir="0" index="0" bw="1" slack="0"/>
<pin id="225" dir="0" index="1" bw="1" slack="0"/>
<pin id="226" dir="1" index="2" bw="1" slack="0"/>
</pin_list>
<bind>
<opcode="xor(25) " fcode="xor"/>
<opset="overf/1 "/>
</bind>
</comp>

<comp id="229" class="1004" name="tmp_62_fu_229">
<pin_list>
<pin id="230" dir="0" index="0" bw="1" slack="0"/>
<pin id="231" dir="0" index="1" bw="32" slack="0"/>
<pin id="232" dir="0" index="2" bw="6" slack="0"/>
<pin id="233" dir="1" index="3" bw="1" slack="0"/>
</pin_list>
<bind>
<opcode="bitselect(1000) " fcode="bitselect"/>
<opset="tmp_62/1 "/>
</bind>
</comp>

<comp id="237" class="1004" name="xor_ln222_2_fu_237">
<pin_list>
<pin id="238" dir="0" index="0" bw="1" slack="0"/>
<pin id="239" dir="0" index="1" bw="1" slack="0"/>
<pin id="240" dir="1" index="2" bw="1" slack="0"/>
</pin_list>
<bind>
<opcode="xor(25) " fcode="xor"/>
<opset="xor_ln222_2/1 "/>
</bind>
</comp>

<comp id="243" class="1004" name="tmp_63_fu_243">
<pin_list>
<pin id="244" dir="0" index="0" bw="1" slack="0"/>
<pin id="245" dir="0" index="1" bw="32" slack="0"/>
<pin id="246" dir="0" index="2" bw="6" slack="0"/>
<pin id="247" dir="1" index="3" bw="1" slack="0"/>
</pin_list>
<bind>
<opcode="bitselect(1000) " fcode="bitselect"/>
<opset="tmp_63/1 "/>
</bind>
</comp>

<comp id="251" class="1004" name="xor_ln222_3_fu_251">
<pin_list>
<pin id="252" dir="0" index="0" bw="1" slack="0"/>
<pin id="253" dir="0" index="1" bw="1" slack="0"/>
<pin id="254" dir="1" index="2" bw="1" slack="0"/>
</pin_list>
<bind>
<opcode="xor(25) " fcode="xor"/>
<opset="xor_ln222_3/1 "/>
</bind>
</comp>

<comp id="257" class="1004" name="tmp_64_fu_257">
<pin_list>
<pin id="258" dir="0" index="0" bw="1" slack="0"/>
<pin id="259" dir="0" index="1" bw="32" slack="0"/>
<pin id="260" dir="0" index="2" bw="6" slack="0"/>
<pin id="261" dir="1" index="3" bw="1" slack="0"/>
</pin_list>
<bind>
<opcode="bitselect(1000) " fcode="bitselect"/>
<opset="tmp_64/1 "/>
</bind>
</comp>

<comp id="265" class="1004" name="xor_ln222_4_fu_265">
<pin_list>
<pin id="266" dir="0" index="0" bw="1" slack="0"/>
<pin id="267" dir="0" index="1" bw="1" slack="0"/>
<pin id="268" dir="1" index="2" bw="1" slack="0"/>
</pin_list>
<bind>
<opcode="xor(25) " fcode="xor"/>
<opset="xor_ln222_4/1 "/>
</bind>
</comp>

<comp id="271" class="1004" name="tmp_65_fu_271">
<pin_list>
<pin id="272" dir="0" index="0" bw="1" slack="0"/>
<pin id="273" dir="0" index="1" bw="32" slack="0"/>
<pin id="274" dir="0" index="2" bw="6" slack="0"/>
<pin id="275" dir="1" index="3" bw="1" slack="0"/>
</pin_list>
<bind>
<opcode="bitselect(1000) " fcode="bitselect"/>
<opset="tmp_65/1 "/>
</bind>
</comp>

<comp id="279" class="1004" name="xor_ln222_fu_279">
<pin_list>
<pin id="280" dir="0" index="0" bw="1" slack="0"/>
<pin id="281" dir="0" index="1" bw="1" slack="0"/>
<pin id="282" dir="1" index="2" bw="1" slack="0"/>
</pin_list>
<bind>
<opcode="xor(25) " fcode="xor"/>
<opset="xor_ln222/1 "/>
</bind>
</comp>

<comp id="285" class="1004" name="tmp_66_fu_285">
<pin_list>
<pin id="286" dir="0" index="0" bw="1" slack="0"/>
<pin id="287" dir="0" index="1" bw="32" slack="0"/>
<pin id="288" dir="0" index="2" bw="6" slack="0"/>
<pin id="289" dir="1" index="3" bw="1" slack="0"/>
</pin_list>
<bind>
<opcode="bitselect(1000) " fcode="bitselect"/>
<opset="tmp_66/1 "/>
</bind>
</comp>

<comp id="293" class="1004" name="xor_ln222_5_fu_293">
<pin_list>
<pin id="294" dir="0" index="0" bw="1" slack="0"/>
<pin id="295" dir="0" index="1" bw="1" slack="0"/>
<pin id="296" dir="1" index="2" bw="1" slack="0"/>
</pin_list>
<bind>
<opcode="xor(25) " fcode="xor"/>
<opset="xor_ln222_5/1 "/>
</bind>
</comp>

<comp id="299" class="1004" name="tmp_67_fu_299">
<pin_list>
<pin id="300" dir="0" index="0" bw="1" slack="0"/>
<pin id="301" dir="0" index="1" bw="32" slack="0"/>
<pin id="302" dir="0" index="2" bw="6" slack="0"/>
<pin id="303" dir="1" index="3" bw="1" slack="0"/>
</pin_list>
<bind>
<opcode="bitselect(1000) " fcode="bitselect"/>
<opset="tmp_67/1 "/>
</bind>
</comp>

<comp id="307" class="1004" name="xor_ln222_6_fu_307">
<pin_list>
<pin id="308" dir="0" index="0" bw="1" slack="0"/>
<pin id="309" dir="0" index="1" bw="1" slack="0"/>
<pin id="310" dir="1" index="2" bw="1" slack="0"/>
</pin_list>
<bind>
<opcode="xor(25) " fcode="xor"/>
<opset="xor_ln222_6/1 "/>
</bind>
</comp>

<comp id="313" class="1004" name="tmp_68_fu_313">
<pin_list>
<pin id="314" dir="0" index="0" bw="1" slack="0"/>
<pin id="315" dir="0" index="1" bw="32" slack="0"/>
<pin id="316" dir="0" index="2" bw="6" slack="0"/>
<pin id="317" dir="1" index="3" bw="1" slack="0"/>
</pin_list>
<bind>
<opcode="bitselect(1000) " fcode="bitselect"/>
<opset="tmp_68/1 "/>
</bind>
</comp>

<comp id="321" class="1004" name="xor_ln222_7_fu_321">
<pin_list>
<pin id="322" dir="0" index="0" bw="1" slack="0"/>
<pin id="323" dir="0" index="1" bw="1" slack="0"/>
<pin id="324" dir="1" index="2" bw="1" slack="0"/>
</pin_list>
<bind>
<opcode="xor(25) " fcode="xor"/>
<opset="xor_ln222_7/1 "/>
</bind>
</comp>

<comp id="327" class="1004" name="tmp_69_fu_327">
<pin_list>
<pin id="328" dir="0" index="0" bw="1" slack="0"/>
<pin id="329" dir="0" index="1" bw="32" slack="0"/>
<pin id="330" dir="0" index="2" bw="6" slack="0"/>
<pin id="331" dir="1" index="3" bw="1" slack="0"/>
</pin_list>
<bind>
<opcode="bitselect(1000) " fcode="bitselect"/>
<opset="tmp_69/1 "/>
</bind>
</comp>

<comp id="335" class="1004" name="xor_ln222_8_fu_335">
<pin_list>
<pin id="336" dir="0" index="0" bw="1" slack="0"/>
<pin id="337" dir="0" index="1" bw="1" slack="0"/>
<pin id="338" dir="1" index="2" bw="1" slack="0"/>
</pin_list>
<bind>
<opcode="xor(25) " fcode="xor"/>
<opset="xor_ln222_8/1 "/>
</bind>
</comp>

<comp id="341" class="1004" name="icmp_ln1498_fu_341">
<pin_list>
<pin id="342" dir="0" index="0" bw="5" slack="0"/>
<pin id="343" dir="0" index="1" bw="5" slack="0"/>
<pin id="344" dir="1" index="2" bw="1" slack="1"/>
</pin_list>
<bind>
<opcode="icmp(45) " fcode="icmp"/>
<opset="icmp_ln1498/1 "/>
</bind>
</comp>

<comp id="347" class="1004" name="icmp_ln1496_fu_347">
<pin_list>
<pin id="348" dir="0" index="0" bw="23" slack="0"/>
<pin id="349" dir="0" index="1" bw="23" slack="0"/>
<pin id="350" dir="1" index="2" bw="1" slack="1"/>
</pin_list>
<bind>
<opcode="icmp(45) " fcode="icmp"/>
<opset="icmp_ln1496/1 "/>
</bind>
</comp>

<comp id="353" class="1004" name="p_Result_s_fu_353">
<pin_list>
<pin id="354" dir="0" index="0" bw="7" slack="0"/>
<pin id="355" dir="0" index="1" bw="32" slack="0"/>
<pin id="356" dir="0" index="2" bw="5" slack="0"/>
<pin id="357" dir="0" index="3" bw="6" slack="0"/>
<pin id="358" dir="1" index="4" bw="7" slack="13"/>
</pin_list>
<bind>
<opcode="partselect(1002) " fcode="partselect"/>
<opset="p_Result_s/1 "/>
</bind>
</comp>

<comp id="363" class="1004" name="tmp_78_fu_363">
<pin_list>
<pin id="364" dir="0" index="0" bw="8" slack="0"/>
<pin id="365" dir="0" index="1" bw="32" slack="0"/>
<pin id="366" dir="0" index="2" bw="4" slack="0"/>
<pin id="367" dir="0" index="3" bw="5" slack="0"/>
<pin id="368" dir="1" index="4" bw="8" slack="0"/>
</pin_list>
<bind>
<opcode="partselect(1002) " fcode="partselect"/>
<opset="tmp_78/1 "/>
</bind>
</comp>

<comp id="373" class="1004" name="tmp_79_fu_373">
<pin_list>
<pin id="374" dir="0" index="0" bw="32" slack="0"/>
<pin id="375" dir="1" index="1" bw="5" slack="2"/>
</pin_list>
<bind>
<opcode="trunc(33) " fcode="trunc"/>
<opset="tmp_79/1 "/>
</bind>
</comp>

<comp id="377" class="1004" name="zext_ln534_1_fu_377">
<pin_list>
<pin id="378" dir="0" index="0" bw="8" slack="0"/>
<pin id="379" dir="1" index="1" bw="64" slack="0"/>
</pin_list>
<bind>
<opcode="zext(34) " fcode="zext"/>
<opset="zext_ln534_1/1 "/>
</bind>
</comp>

<comp id="382" class="1004" name="or_ln300_fu_382">
<pin_list>
<pin id="383" dir="0" index="0" bw="1" slack="0"/>
<pin id="384" dir="0" index="1" bw="1" slack="0"/>
<pin id="385" dir="1" index="2" bw="1" slack="0"/>
</pin_list>
<bind>
<opcode="or(24) " fcode="or"/>
<opset="or_ln300/1 "/>
</bind>
</comp>

<comp id="388" class="1004" name="or_ln300_1_fu_388">
<pin_list>
<pin id="389" dir="0" index="0" bw="1" slack="0"/>
<pin id="390" dir="0" index="1" bw="1" slack="0"/>
<pin id="391" dir="1" index="2" bw="1" slack="26"/>
</pin_list>
<bind>
<opcode="or(24) " fcode="or"/>
<opset="or_ln300_1/1 "/>
</bind>
</comp>

<comp id="394" class="1004" name="or_ln300_2_fu_394">
<pin_list>
<pin id="395" dir="0" index="0" bw="1" slack="0"/>
<pin id="396" dir="0" index="1" bw="1" slack="0"/>
<pin id="397" dir="1" index="2" bw="1" slack="0"/>
</pin_list>
<bind>
<opcode="or(24) " fcode="or"/>
<opset="or_ln300_2/1 "/>
</bind>
</comp>

<comp id="400" class="1004" name="or_ln300_3_fu_400">
<pin_list>
<pin id="401" dir="0" index="0" bw="1" slack="0"/>
<pin id="402" dir="0" index="1" bw="1" slack="0"/>
<pin id="403" dir="1" index="2" bw="1" slack="26"/>
</pin_list>
<bind>
<opcode="or(24) " fcode="or"/>
<opset="or_ln300_3/1 "/>
</bind>
</comp>

<comp id="406" class="1004" name="or_ln300_5_fu_406">
<pin_list>
<pin id="407" dir="0" index="0" bw="1" slack="0"/>
<pin id="408" dir="0" index="1" bw="1" slack="0"/>
<pin id="409" dir="1" index="2" bw="1" slack="0"/>
</pin_list>
<bind>
<opcode="or(24) " fcode="or"/>
<opset="or_ln300_5/1 "/>
</bind>
</comp>

<comp id="412" class="1004" name="or_ln300_6_fu_412">
<pin_list>
<pin id="413" dir="0" index="0" bw="1" slack="0"/>
<pin id="414" dir="0" index="1" bw="1" slack="0"/>
<pin id="415" dir="1" index="2" bw="1" slack="26"/>
</pin_list>
<bind>
<opcode="or(24) " fcode="or"/>
<opset="or_ln300_6/1 "/>
</bind>
</comp>

<comp id="418" class="1004" name="tmp_70_fu_418">
<pin_list>
<pin id="419" dir="0" index="0" bw="1" slack="0"/>
<pin id="420" dir="0" index="1" bw="32" slack="1"/>
<pin id="421" dir="0" index="2" bw="6" slack="0"/>
<pin id="422" dir="1" index="3" bw="1" slack="0"/>
</pin_list>
<bind>
<opcode="bitselect(1000) " fcode="bitselect"/>
<opset="tmp_70/2 "/>
</bind>
</comp>

<comp id="425" class="1004" name="xor_ln222_9_fu_425">
<pin_list>
<pin id="426" dir="0" index="0" bw="1" slack="1"/>
<pin id="427" dir="0" index="1" bw="1" slack="0"/>
<pin id="428" dir="1" index="2" bw="1" slack="0"/>
</pin_list>
<bind>
<opcode="xor(25) " fcode="xor"/>
<opset="xor_ln222_9/2 "/>
</bind>
</comp>

<comp id="430" class="1004" name="tmp_71_fu_430">
<pin_list>
<pin id="431" dir="0" index="0" bw="1" slack="0"/>
<pin id="432" dir="0" index="1" bw="32" slack="1"/>
<pin id="433" dir="0" index="2" bw="6" slack="0"/>
<pin id="434" dir="1" index="3" bw="1" slack="0"/>
</pin_list>
<bind>
<opcode="bitselect(1000) " fcode="bitselect"/>
<opset="tmp_71/2 "/>
</bind>
</comp>

<comp id="437" class="1004" name="xor_ln222_10_fu_437">
<pin_list>
<pin id="438" dir="0" index="0" bw="1" slack="1"/>
<pin id="439" dir="0" index="1" bw="1" slack="0"/>
<pin id="440" dir="1" index="2" bw="1" slack="0"/>
</pin_list>
<bind>
<opcode="xor(25) " fcode="xor"/>
<opset="xor_ln222_10/2 "/>
</bind>
</comp>

<comp id="442" class="1004" name="and_ln300_fu_442">
<pin_list>
<pin id="443" dir="0" index="0" bw="1" slack="1"/>
<pin id="444" dir="0" index="1" bw="1" slack="1"/>
<pin id="445" dir="1" index="2" bw="1" slack="0"/>
</pin_list>
<bind>
<opcode="and(23) " fcode="and"/>
<opset="and_ln300/2 "/>
</bind>
</comp>

<comp id="446" class="1004" name="or_ln300_7_fu_446">
<pin_list>
<pin id="447" dir="0" index="0" bw="1" slack="0"/>
<pin id="448" dir="0" index="1" bw="1" slack="0"/>
<pin id="449" dir="1" index="2" bw="1" slack="0"/>
</pin_list>
<bind>
<opcode="or(24) " fcode="or"/>
<opset="or_ln300_7/2 "/>
</bind>
</comp>

<comp id="452" class="1004" name="or_ln300_8_fu_452">
<pin_list>
<pin id="453" dir="0" index="0" bw="1" slack="0"/>
<pin id="454" dir="0" index="1" bw="1" slack="0"/>
<pin id="455" dir="1" index="2" bw="1" slack="25"/>
</pin_list>
<bind>
<opcode="or(24) " fcode="or"/>
<opset="or_ln300_8/2 "/>
</bind>
</comp>

<comp id="458" class="1004" name="zext_ln534_fu_458">
<pin_list>
<pin id="459" dir="0" index="0" bw="5" slack="2"/>
<pin id="460" dir="1" index="1" bw="64" slack="0"/>
</pin_list>
<bind>
<opcode="zext(34) " fcode="zext"/>
<opset="zext_ln534/3 "/>
</bind>
</comp>

<comp id="462" class="1004" name="p_Result_78_fu_462">
<pin_list>
<pin id="463" dir="0" index="0" bw="5" slack="0"/>
<pin id="464" dir="0" index="1" bw="46" slack="0"/>
<pin id="465" dir="0" index="2" bw="7" slack="0"/>
<pin id="466" dir="0" index="3" bw="7" slack="0"/>
<pin id="467" dir="1" index="4" bw="5" slack="1"/>
</pin_list>
<bind>
<opcode="partselect(1002) " fcode="partselect"/>
<opset="p_Result_78/4 "/>
</bind>
</comp>

<comp id="472" class="1004" name="trunc_ln640_2_fu_472">
<pin_list>
<pin id="473" dir="0" index="0" bw="46" slack="0"/>
<pin id="474" dir="1" index="1" bw="41" slack="3"/>
</pin_list>
<bind>
<opcode="trunc(33) " fcode="trunc"/>
<opset="trunc_ln640_2/4 "/>
</bind>
</comp>

<comp id="476" class="1004" name="zext_ln703_1_fu_476">
<pin_list>
<pin id="477" dir="0" index="0" bw="5" slack="1"/>
<pin id="478" dir="1" index="1" bw="9" slack="0"/>
</pin_list>
<bind>
<opcode="zext(34) " fcode="zext"/>
<opset="zext_ln703_1/5 "/>
</bind>
</comp>

<comp id="479" class="1004" name="zext_ln703_2_fu_479">
<pin_list>
<pin id="480" dir="0" index="0" bw="8" slack="4"/>
<pin id="481" dir="1" index="1" bw="9" slack="0"/>
</pin_list>
<bind>
<opcode="zext(34) " fcode="zext"/>
<opset="zext_ln703_2/5 "/>
</bind>
</comp>

<comp id="482" class="1004" name="grp_fu_482">
<pin_list>
<pin id="483" dir="0" index="0" bw="8" slack="0"/>
<pin id="484" dir="0" index="1" bw="5" slack="0"/>
<pin id="485" dir="1" index="2" bw="9" slack="1"/>
</pin_list>
<bind>
<opcode="add(8) " fcode="add"/>
<opset="ret_V_15/5 "/>
</bind>
</comp>

<comp id="488" class="1004" name="rhs_2_fu_488">
<pin_list>
<pin id="489" dir="0" index="0" bw="47" slack="0"/>
<pin id="490" dir="0" index="1" bw="5" slack="6"/>
<pin id="491" dir="0" index="2" bw="1" slack="0"/>
<pin id="492" dir="0" index="3" bw="32" slack="1"/>
<pin id="493" dir="0" index="4" bw="1" slack="0"/>
<pin id="494" dir="1" index="5" bw="47" slack="0"/>
</pin_list>
<bind>
<opcode="bitconcatenate(1004) " fcode="bitconcatenate"/>
<opset="rhs_2/7 "/>
</bind>
</comp>

<comp id="498" class="1004" name="p_Result_79_fu_498">
<pin_list>
<pin id="499" dir="0" index="0" bw="50" slack="0"/>
<pin id="500" dir="0" index="1" bw="9" slack="1"/>
<pin id="501" dir="0" index="2" bw="41" slack="3"/>
<pin id="502" dir="1" index="3" bw="50" slack="0"/>
</pin_list>
<bind>
<opcode="bitconcatenate(1004) " fcode="bitconcatenate"/>
<opset="p_Result_79/7 "/>
</bind>
</comp>

<comp id="504" class="1004" name="zext_ln1115_fu_504">
<pin_list>
<pin id="505" dir="0" index="0" bw="50" slack="0"/>
<pin id="506" dir="1" index="1" bw="97" slack="0"/>
</pin_list>
<bind>
<opcode="zext(34) " fcode="zext"/>
<opset="zext_ln1115/7 "/>
</bind>
</comp>

<comp id="508" class="1004" name="zext_ln1118_fu_508">
<pin_list>
<pin id="509" dir="0" index="0" bw="47" slack="0"/>
<pin id="510" dir="1" index="1" bw="97" slack="0"/>
</pin_list>
<bind>
<opcode="zext(34) " fcode="zext"/>
<opset="zext_ln1118/7 "/>
</bind>
</comp>

<comp id="512" class="1004" name="grp_fu_512">
<pin_list>
<pin id="513" dir="0" index="0" bw="50" slack="0"/>
<pin id="514" dir="0" index="1" bw="47" slack="0"/>
<pin id="515" dir="1" index="2" bw="97" slack="0"/>
</pin_list>
<bind>
<opcode="mul(12) " fcode="mul"/>
<opset="r_V_26/7 "/>
</bind>
</comp>

<comp id="518" class="1004" name="trunc_ln_fu_518">
<pin_list>
<pin id="519" dir="0" index="0" bw="45" slack="0"/>
<pin id="520" dir="0" index="1" bw="97" slack="0"/>
<pin id="521" dir="0" index="2" bw="7" slack="0"/>
<pin id="522" dir="0" index="3" bw="8" slack="0"/>
<pin id="523" dir="1" index="4" bw="45" slack="1"/>
</pin_list>
<bind>
<opcode="partselect(1002) " fcode="partselect"/>
<opset="trunc_ln/13 "/>
</bind>
</comp>

<comp id="528" class="1004" name="p_Result_77_fu_528">
<pin_list>
<pin id="529" dir="0" index="0" bw="8" slack="0"/>
<pin id="530" dir="0" index="1" bw="1" slack="13"/>
<pin id="531" dir="0" index="2" bw="7" slack="13"/>
<pin id="532" dir="1" index="3" bw="8" slack="0"/>
</pin_list>
<bind>
<opcode="bitconcatenate(1004) " fcode="bitconcatenate"/>
<opset="p_Result_77/14 "/>
</bind>
</comp>

<comp id="534" class="1004" name="zext_ln1192_fu_534">
<pin_list>
<pin id="535" dir="0" index="0" bw="45" slack="1"/>
<pin id="536" dir="1" index="1" bw="56" slack="0"/>
</pin_list>
<bind>
<opcode="zext(34) " fcode="zext"/>
<opset="zext_ln1192/14 "/>
</bind>
</comp>

<comp id="537" class="1004" name="rhs_1_fu_537">
<pin_list>
<pin id="538" dir="0" index="0" bw="56" slack="0"/>
<pin id="539" dir="0" index="1" bw="9" slack="8"/>
<pin id="540" dir="0" index="2" bw="41" slack="10"/>
<pin id="541" dir="0" index="3" bw="1" slack="0"/>
<pin id="542" dir="1" index="4" bw="56" slack="0"/>
</pin_list>
<bind>
<opcode="bitconcatenate(1004) " fcode="bitconcatenate"/>
<opset="rhs_1/14 "/>
</bind>
</comp>

<comp id="545" class="1004" name="grp_fu_545">
<pin_list>
<pin id="546" dir="0" index="0" bw="56" slack="0"/>
<pin id="547" dir="0" index="1" bw="45" slack="0"/>
<pin id="548" dir="1" index="2" bw="56" slack="1"/>
</pin_list>
<bind>
<opcode="add(8) " fcode="add"/>
<opset="ret_V_16/14 "/>
</bind>
</comp>

<comp id="551" class="1004" name="zext_ln534_2_fu_551">
<pin_list>
<pin id="552" dir="0" index="0" bw="8" slack="0"/>
<pin id="553" dir="1" index="1" bw="64" slack="0"/>
</pin_list>
<bind>
<opcode="zext(34) " fcode="zext"/>
<opset="zext_ln534_2/14 "/>
</bind>
</comp>

<comp id="556" class="1004" name="zext_ln1192_1_fu_556">
<pin_list>
<pin id="557" dir="0" index="0" bw="47" slack="9"/>
<pin id="558" dir="1" index="1" bw="56" slack="0"/>
</pin_list>
<bind>
<opcode="zext(34) " fcode="zext"/>
<opset="zext_ln1192_1/16 "/>
</bind>
</comp>

<comp id="559" class="1004" name="grp_fu_559">
<pin_list>
<pin id="560" dir="0" index="0" bw="56" slack="1"/>
<pin id="561" dir="0" index="1" bw="47" slack="0"/>
<pin id="562" dir="1" index="2" bw="56" slack="0"/>
</pin_list>
<bind>
<opcode="add(8) " fcode="add"/>
<opset="ret_V/16 "/>
</bind>
</comp>

<comp id="564" class="1004" name="exp_x_msb_2_3_4_lsb_m_1_V_fu_564">
<pin_list>
<pin id="565" dir="0" index="0" bw="50" slack="0"/>
<pin id="566" dir="0" index="1" bw="56" slack="0"/>
<pin id="567" dir="0" index="2" bw="4" slack="0"/>
<pin id="568" dir="0" index="3" bw="7" slack="0"/>
<pin id="569" dir="1" index="4" bw="50" slack="1"/>
</pin_list>
<bind>
<opcode="partselect(1002) " fcode="partselect"/>
<opset="exp_x_msb_2_3_4_lsb_m_1_V/17 "/>
</bind>
</comp>

<comp id="574" class="1004" name="zext_ln1116_fu_574">
<pin_list>
<pin id="575" dir="0" index="0" bw="50" slack="1"/>
<pin id="576" dir="1" index="1" bw="100" slack="0"/>
</pin_list>
<bind>
<opcode="zext(34) " fcode="zext"/>
<opset="zext_ln1116/18 "/>
</bind>
</comp>

<comp id="577" class="1004" name="zext_ln1118_1_fu_577">
<pin_list>
<pin id="578" dir="0" index="0" bw="50" slack="1"/>
<pin id="579" dir="1" index="1" bw="100" slack="0"/>
</pin_list>
<bind>
<opcode="zext(34) " fcode="zext"/>
<opset="zext_ln1118_1/18 "/>
</bind>
</comp>

<comp id="580" class="1004" name="grp_fu_580">
<pin_list>
<pin id="581" dir="0" index="0" bw="50" slack="0"/>
<pin id="582" dir="0" index="1" bw="50" slack="0"/>
<pin id="583" dir="1" index="2" bw="100" slack="0"/>
</pin_list>
<bind>
<opcode="mul(12) " fcode="mul"/>
<opset="r_V/18 "/>
</bind>
</comp>

<comp id="586" class="1004" name="trunc_ln703_s_fu_586">
<pin_list>
<pin id="587" dir="0" index="0" bw="48" slack="0"/>
<pin id="588" dir="0" index="1" bw="100" slack="0"/>
<pin id="589" dir="0" index="2" bw="7" slack="0"/>
<pin id="590" dir="0" index="3" bw="8" slack="0"/>
<pin id="591" dir="1" index="4" bw="48" slack="1"/>
</pin_list>
<bind>
<opcode="partselect(1002) " fcode="partselect"/>
<opset="trunc_ln703_s/24 "/>
</bind>
</comp>

<comp id="596" class="1004" name="zext_ln703_fu_596">
<pin_list>
<pin id="597" dir="0" index="0" bw="48" slack="1"/>
<pin id="598" dir="1" index="1" bw="50" slack="0"/>
</pin_list>
<bind>
<opcode="zext(34) " fcode="zext"/>
<opset="zext_ln703/25 "/>
</bind>
</comp>

<comp id="599" class="1004" name="grp_fu_599">
<pin_list>
<pin id="600" dir="0" index="0" bw="50" slack="8"/>
<pin id="601" dir="0" index="1" bw="48" slack="0"/>
<pin id="602" dir="1" index="2" bw="50" slack="1"/>
</pin_list>
<bind>
<opcode="add(8) " fcode="add"/>
<opset="y_l_V/25 "/>
</bind>
</comp>

<comp id="604" class="1004" name="xor_ln640_fu_604">
<pin_list>
<pin id="605" dir="0" index="0" bw="1" slack="26"/>
<pin id="606" dir="0" index="1" bw="1" slack="0"/>
<pin id="607" dir="1" index="2" bw="1" slack="0"/>
</pin_list>
<bind>
<opcode="xor(25) " fcode="xor"/>
<opset="xor_ln640/27 "/>
</bind>
</comp>

<comp id="609" class="1004" name="select_ln640_fu_609">
<pin_list>
<pin id="610" dir="0" index="0" bw="1" slack="0"/>
<pin id="611" dir="0" index="1" bw="46" slack="0"/>
<pin id="612" dir="0" index="2" bw="46" slack="0"/>
<pin id="613" dir="1" index="3" bw="46" slack="0"/>
</pin_list>
<bind>
<opcode="select(49) " fcode="select"/>
<opset="select_ln640/27 "/>
</bind>
</comp>

<comp id="617" class="1004" name="y_V_fu_617">
<pin_list>
<pin id="618" dir="0" index="0" bw="46" slack="0"/>
<pin id="619" dir="0" index="1" bw="50" slack="1"/>
<pin id="620" dir="0" index="2" bw="4" slack="0"/>
<pin id="621" dir="0" index="3" bw="7" slack="0"/>
<pin id="622" dir="1" index="4" bw="46" slack="0"/>
</pin_list>
<bind>
<opcode="partselect(1002) " fcode="partselect"/>
<opset="y_V/27 "/>
</bind>
</comp>

<comp id="626" class="1004" name="or_ln300_4_fu_626">
<pin_list>
<pin id="627" dir="0" index="0" bw="1" slack="26"/>
<pin id="628" dir="0" index="1" bw="1" slack="26"/>
<pin id="629" dir="1" index="2" bw="1" slack="0"/>
</pin_list>
<bind>
<opcode="or(24) " fcode="or"/>
<opset="or_ln300_4/27 "/>
</bind>
</comp>

<comp id="630" class="1004" name="or_ln300_9_fu_630">
<pin_list>
<pin id="631" dir="0" index="0" bw="1" slack="25"/>
<pin id="632" dir="0" index="1" bw="1" slack="26"/>
<pin id="633" dir="1" index="2" bw="1" slack="0"/>
</pin_list>
<bind>
<opcode="or(24) " fcode="or"/>
<opset="or_ln300_9/27 "/>
</bind>
</comp>

<comp id="634" class="1004" name="or_ln300_10_fu_634">
<pin_list>
<pin id="635" dir="0" index="0" bw="1" slack="0"/>
<pin id="636" dir="0" index="1" bw="1" slack="0"/>
<pin id="637" dir="1" index="2" bw="1" slack="0"/>
</pin_list>
<bind>
<opcode="or(24) " fcode="or"/>
<opset="or_ln300_10/27 "/>
</bind>
</comp>

<comp id="640" class="1004" name="p_Val2_126_fu_640">
<pin_list>
<pin id="641" dir="0" index="0" bw="1" slack="0"/>
<pin id="642" dir="0" index="1" bw="46" slack="0"/>
<pin id="643" dir="0" index="2" bw="46" slack="0"/>
<pin id="644" dir="1" index="3" bw="46" slack="0"/>
</pin_list>
<bind>
<opcode="select(49) " fcode="select"/>
<opset="p_Val2_126/27 "/>
</bind>
</comp>

<comp id="648" class="1004" name="tmp_74_fu_648">
<pin_list>
<pin id="649" dir="0" index="0" bw="2" slack="0"/>
<pin id="650" dir="0" index="1" bw="46" slack="0"/>
<pin id="651" dir="0" index="2" bw="7" slack="0"/>
<pin id="652" dir="0" index="3" bw="7" slack="0"/>
<pin id="653" dir="1" index="4" bw="2" slack="1"/>
</pin_list>
<bind>
<opcode="partselect(1002) " fcode="partselect"/>
<opset="tmp_74/27 "/>
</bind>
</comp>

<comp id="658" class="1004" name="tmp_77_fu_658">
<pin_list>
<pin id="659" dir="0" index="0" bw="4" slack="0"/>
<pin id="660" dir="0" index="1" bw="46" slack="0"/>
<pin id="661" dir="0" index="2" bw="7" slack="0"/>
<pin id="662" dir="0" index="3" bw="7" slack="0"/>
<pin id="663" dir="1" index="4" bw="4" slack="1"/>
</pin_list>
<bind>
<opcode="partselect(1002) " fcode="partselect"/>
<opset="tmp_77/27 "/>
</bind>
</comp>

<comp id="668" class="1004" name="overf_1_fu_668">
<pin_list>
<pin id="669" dir="0" index="0" bw="2" slack="1"/>
<pin id="670" dir="0" index="1" bw="2" slack="0"/>
<pin id="671" dir="1" index="2" bw="1" slack="1"/>
</pin_list>
<bind>
<opcode="icmp(45) " fcode="icmp"/>
<opset="overf_1/28 "/>
</bind>
</comp>

<comp id="673" class="1004" name="icmp_ln533_fu_673">
<pin_list>
<pin id="674" dir="0" index="0" bw="4" slack="1"/>
<pin id="675" dir="0" index="1" bw="4" slack="0"/>
<pin id="676" dir="1" index="2" bw="1" slack="1"/>
</pin_list>
<bind>
<opcode="icmp(45) " fcode="icmp"/>
<opset="icmp_ln533/28 "/>
</bind>
</comp>

<comp id="678" class="1004" name="p_Result_s_98_fu_678">
<pin_list>
<pin id="679" dir="0" index="0" bw="1" slack="0"/>
<pin id="680" dir="0" index="1" bw="46" slack="2"/>
<pin id="681" dir="0" index="2" bw="7" slack="0"/>
<pin id="682" dir="1" index="3" bw="1" slack="0"/>
</pin_list>
<bind>
<opcode="bitselect(1000) " fcode="bitselect"/>
<opset="p_Result_s_98/29 "/>
</bind>
</comp>

<comp id="685" class="1004" name="p_Result_74_fu_685">
<pin_list>
<pin id="686" dir="0" index="0" bw="1" slack="0"/>
<pin id="687" dir="0" index="1" bw="46" slack="2"/>
<pin id="688" dir="0" index="2" bw="7" slack="0"/>
<pin id="689" dir="1" index="3" bw="1" slack="0"/>
</pin_list>
<bind>
<opcode="bitselect(1000) " fcode="bitselect"/>
<opset="p_Result_74/29 "/>
</bind>
</comp>

<comp id="692" class="1004" name="or_ln533_fu_692">
<pin_list>
<pin id="693" dir="0" index="0" bw="1" slack="1"/>
<pin id="694" dir="0" index="1" bw="1" slack="0"/>
<pin id="695" dir="1" index="2" bw="1" slack="0"/>
</pin_list>
<bind>
<opcode="or(24) " fcode="or"/>
<opset="or_ln533/29 "/>
</bind>
</comp>

<comp id="697" class="1004" name="or_ln533_1_fu_697">
<pin_list>
<pin id="698" dir="0" index="0" bw="1" slack="0"/>
<pin id="699" dir="0" index="1" bw="1" slack="0"/>
<pin id="700" dir="1" index="2" bw="1" slack="0"/>
</pin_list>
<bind>
<opcode="or(24) " fcode="or"/>
<opset="or_ln533_1/29 "/>
</bind>
</comp>

<comp id="703" class="1004" name="overf_2_fu_703">
<pin_list>
<pin id="704" dir="0" index="0" bw="1" slack="1"/>
<pin id="705" dir="0" index="1" bw="1" slack="0"/>
<pin id="706" dir="1" index="2" bw="1" slack="0"/>
</pin_list>
<bind>
<opcode="or(24) " fcode="or"/>
<opset="overf_2/29 "/>
</bind>
</comp>

<comp id="708" class="1004" name="tmp_s_fu_708">
<pin_list>
<pin id="709" dir="0" index="0" bw="32" slack="0"/>
<pin id="710" dir="0" index="1" bw="46" slack="2"/>
<pin id="711" dir="0" index="2" bw="4" slack="0"/>
<pin id="712" dir="0" index="3" bw="7" slack="0"/>
<pin id="713" dir="1" index="4" bw="32" slack="0"/>
</pin_list>
<bind>
<opcode="partselect(1002) " fcode="partselect"/>
<opset="tmp_s/29 "/>
</bind>
</comp>

<comp id="717" class="1004" name="select_ln536_fu_717">
<pin_list>
<pin id="718" dir="0" index="0" bw="1" slack="0"/>
<pin id="719" dir="0" index="1" bw="32" slack="0"/>
<pin id="720" dir="0" index="2" bw="32" slack="0"/>
<pin id="721" dir="1" index="3" bw="32" slack="2147483647"/>
</pin_list>
<bind>
<opcode="select(49) " fcode="select"/>
<opset="select_ln536/29 "/>
</bind>
</comp>

<comp id="725" class="1005" name="x_read_reg_725">
<pin_list>
<pin id="726" dir="0" index="0" bw="32" slack="1"/>
<pin id="727" dir="1" index="1" bw="32" slack="1"/>
</pin_list>
<bind>
<opset="x_read "/>
</bind>
</comp>

<comp id="731" class="1005" name="tmp_reg_731">
<pin_list>
<pin id="732" dir="0" index="0" bw="1" slack="1"/>
<pin id="733" dir="1" index="1" bw="1" slack="1"/>
</pin_list>
<bind>
<opset="tmp "/>
</bind>
</comp>

<comp id="739" class="1005" name="icmp_ln1498_reg_739">
<pin_list>
<pin id="740" dir="0" index="0" bw="1" slack="1"/>
<pin id="741" dir="1" index="1" bw="1" slack="1"/>
</pin_list>
<bind>
<opset="icmp_ln1498 "/>
</bind>
</comp>

<comp id="744" class="1005" name="icmp_ln1496_reg_744">
<pin_list>
<pin id="745" dir="0" index="0" bw="1" slack="1"/>
<pin id="746" dir="1" index="1" bw="1" slack="1"/>
</pin_list>
<bind>
<opset="icmp_ln1496 "/>
</bind>
</comp>

<comp id="749" class="1005" name="p_Result_s_reg_749">
<pin_list>
<pin id="750" dir="0" index="0" bw="7" slack="13"/>
<pin id="751" dir="1" index="1" bw="7" slack="13"/>
</pin_list>
<bind>
<opset="p_Result_s "/>
</bind>
</comp>

<comp id="754" class="1005" name="tmp_78_reg_754">
<pin_list>
<pin id="755" dir="0" index="0" bw="8" slack="4"/>
<pin id="756" dir="1" index="1" bw="8" slack="4"/>
</pin_list>
<bind>
<opset="tmp_78 "/>
</bind>
</comp>

<comp id="759" class="1005" name="tmp_79_reg_759">
<pin_list>
<pin id="760" dir="0" index="0" bw="5" slack="2"/>
<pin id="761" dir="1" index="1" bw="5" slack="2"/>
</pin_list>
<bind>
<opset="tmp_79 "/>
</bind>
</comp>

<comp id="765" class="1005" name="f_x_msb_2_table_V_addr_reg_765">
<pin_list>
<pin id="766" dir="0" index="0" bw="8" slack="1"/>
<pin id="767" dir="1" index="1" bw="8" slack="1"/>
</pin_list>
<bind>
<opset="f_x_msb_2_table_V_addr "/>
</bind>
</comp>

<comp id="770" class="1005" name="or_ln300_1_reg_770">
<pin_list>
<pin id="771" dir="0" index="0" bw="1" slack="26"/>
<pin id="772" dir="1" index="1" bw="1" slack="26"/>
</pin_list>
<bind>
<opset="or_ln300_1 "/>
</bind>
</comp>

<comp id="775" class="1005" name="or_ln300_3_reg_775">
<pin_list>
<pin id="776" dir="0" index="0" bw="1" slack="26"/>
<pin id="777" dir="1" index="1" bw="1" slack="26"/>
</pin_list>
<bind>
<opset="or_ln300_3 "/>
</bind>
</comp>

<comp id="780" class="1005" name="or_ln300_6_reg_780">
<pin_list>
<pin id="781" dir="0" index="0" bw="1" slack="26"/>
<pin id="782" dir="1" index="1" bw="1" slack="26"/>
</pin_list>
<bind>
<opset="or_ln300_6 "/>
</bind>
</comp>

<comp id="785" class="1005" name="or_ln300_8_reg_785">
<pin_list>
<pin id="786" dir="0" index="0" bw="1" slack="25"/>
<pin id="787" dir="1" index="1" bw="1" slack="25"/>
</pin_list>
<bind>
<opset="or_ln300_8 "/>
</bind>
</comp>

<comp id="790" class="1005" name="f_x_msb_3_table_V_addr_reg_790">
<pin_list>
<pin id="791" dir="0" index="0" bw="5" slack="1"/>
<pin id="792" dir="1" index="1" bw="5" slack="1"/>
</pin_list>
<bind>
<opset="f_x_msb_3_table_V_addr "/>
</bind>
</comp>

<comp id="795" class="1005" name="p_Result_78_reg_795">
<pin_list>
<pin id="796" dir="0" index="0" bw="5" slack="1"/>
<pin id="797" dir="1" index="1" bw="5" slack="1"/>
</pin_list>
<bind>
<opset="p_Result_78 "/>
</bind>
</comp>

<comp id="800" class="1005" name="trunc_ln640_2_reg_800">
<pin_list>
<pin id="801" dir="0" index="0" bw="41" slack="3"/>
<pin id="802" dir="1" index="1" bw="41" slack="3"/>
</pin_list>
<bind>
<opset="trunc_ln640_2 "/>
</bind>
</comp>

<comp id="806" class="1005" name="zext_ln703_1_reg_806">
<pin_list>
<pin id="807" dir="0" index="0" bw="9" slack="1"/>
<pin id="808" dir="1" index="1" bw="9" slack="1"/>
</pin_list>
<bind>
<opset="zext_ln703_1 "/>
</bind>
</comp>

<comp id="811" class="1005" name="zext_ln703_2_reg_811">
<pin_list>
<pin id="812" dir="0" index="0" bw="9" slack="1"/>
<pin id="813" dir="1" index="1" bw="9" slack="1"/>
</pin_list>
<bind>
<opset="zext_ln703_2 "/>
</bind>
</comp>

<comp id="816" class="1005" name="f_x_msb_3_V_reg_816">
<pin_list>
<pin id="817" dir="0" index="0" bw="32" slack="1"/>
<pin id="818" dir="1" index="1" bw="32" slack="1"/>
</pin_list>
<bind>
<opset="f_x_msb_3_V "/>
</bind>
</comp>

<comp id="821" class="1005" name="ret_V_15_reg_821">
<pin_list>
<pin id="822" dir="0" index="0" bw="9" slack="1"/>
<pin id="823" dir="1" index="1" bw="9" slack="1"/>
</pin_list>
<bind>
<opset="ret_V_15 "/>
</bind>
</comp>

<comp id="827" class="1005" name="rhs_2_reg_827">
<pin_list>
<pin id="828" dir="0" index="0" bw="47" slack="9"/>
<pin id="829" dir="1" index="1" bw="47" slack="9"/>
</pin_list>
<bind>
<opset="rhs_2 "/>
</bind>
</comp>

<comp id="832" class="1005" name="zext_ln1115_reg_832">
<pin_list>
<pin id="833" dir="0" index="0" bw="97" slack="1"/>
<pin id="834" dir="1" index="1" bw="97" slack="1"/>
</pin_list>
<bind>
<opset="zext_ln1115 "/>
</bind>
</comp>

<comp id="837" class="1005" name="zext_ln1118_reg_837">
<pin_list>
<pin id="838" dir="0" index="0" bw="97" slack="1"/>
<pin id="839" dir="1" index="1" bw="97" slack="1"/>
</pin_list>
<bind>
<opset="zext_ln1118 "/>
</bind>
</comp>

<comp id="842" class="1005" name="trunc_ln_reg_842">
<pin_list>
<pin id="843" dir="0" index="0" bw="45" slack="1"/>
<pin id="844" dir="1" index="1" bw="45" slack="1"/>
</pin_list>
<bind>
<opset="trunc_ln "/>
</bind>
</comp>

<comp id="847" class="1005" name="zext_ln1192_reg_847">
<pin_list>
<pin id="848" dir="0" index="0" bw="56" slack="1"/>
<pin id="849" dir="1" index="1" bw="56" slack="1"/>
</pin_list>
<bind>
<opset="zext_ln1192 "/>
</bind>
</comp>

<comp id="852" class="1005" name="rhs_1_reg_852">
<pin_list>
<pin id="853" dir="0" index="0" bw="56" slack="1"/>
<pin id="854" dir="1" index="1" bw="56" slack="1"/>
</pin_list>
<bind>
<opset="rhs_1 "/>
</bind>
</comp>

<comp id="857" class="1005" name="exp_x_msb_1_table_V_addr_reg_857">
<pin_list>
<pin id="858" dir="0" index="0" bw="8" slack="1"/>
<pin id="859" dir="1" index="1" bw="8" slack="1"/>
</pin_list>
<bind>
<opset="exp_x_msb_1_table_V_addr "/>
</bind>
</comp>

<comp id="862" class="1005" name="ret_V_16_reg_862">
<pin_list>
<pin id="863" dir="0" index="0" bw="56" slack="1"/>
<pin id="864" dir="1" index="1" bw="56" slack="1"/>
</pin_list>
<bind>
<opset="ret_V_16 "/>
</bind>
</comp>

<comp id="867" class="1005" name="zext_ln1192_1_reg_867">
<pin_list>
<pin id="868" dir="0" index="0" bw="56" slack="1"/>
<pin id="869" dir="1" index="1" bw="56" slack="1"/>
</pin_list>
<bind>
<opset="zext_ln1192_1 "/>
</bind>
</comp>

<comp id="872" class="1005" name="exp_x_msb_2_3_4_lsb_m_1_V_reg_872">
<pin_list>
<pin id="873" dir="0" index="0" bw="50" slack="1"/>
<pin id="874" dir="1" index="1" bw="50" slack="1"/>
</pin_list>
<bind>
<opset="exp_x_msb_2_3_4_lsb_m_1_V "/>
</bind>
</comp>

<comp id="877" class="1005" name="exp_x_msb_1_V_reg_877">
<pin_list>
<pin id="878" dir="0" index="0" bw="50" slack="1"/>
<pin id="879" dir="1" index="1" bw="50" slack="1"/>
</pin_list>
<bind>
<opset="exp_x_msb_1_V "/>
</bind>
</comp>

<comp id="883" class="1005" name="zext_ln1116_reg_883">
<pin_list>
<pin id="884" dir="0" index="0" bw="100" slack="1"/>
<pin id="885" dir="1" index="1" bw="100" slack="1"/>
</pin_list>
<bind>
<opset="zext_ln1116 "/>
</bind>
</comp>

<comp id="888" class="1005" name="zext_ln1118_1_reg_888">
<pin_list>
<pin id="889" dir="0" index="0" bw="100" slack="1"/>
<pin id="890" dir="1" index="1" bw="100" slack="1"/>
</pin_list>
<bind>
<opset="zext_ln1118_1 "/>
</bind>
</comp>

<comp id="893" class="1005" name="trunc_ln703_s_reg_893">
<pin_list>
<pin id="894" dir="0" index="0" bw="48" slack="1"/>
<pin id="895" dir="1" index="1" bw="48" slack="1"/>
</pin_list>
<bind>
<opset="trunc_ln703_s "/>
</bind>
</comp>

<comp id="898" class="1005" name="zext_ln703_reg_898">
<pin_list>
<pin id="899" dir="0" index="0" bw="50" slack="1"/>
<pin id="900" dir="1" index="1" bw="50" slack="1"/>
</pin_list>
<bind>
<opset="zext_ln703 "/>
</bind>
</comp>

<comp id="903" class="1005" name="y_l_V_reg_903">
<pin_list>
<pin id="904" dir="0" index="0" bw="50" slack="1"/>
<pin id="905" dir="1" index="1" bw="50" slack="1"/>
</pin_list>
<bind>
<opset="y_l_V "/>
</bind>
</comp>

<comp id="908" class="1005" name="p_Val2_126_reg_908">
<pin_list>
<pin id="909" dir="0" index="0" bw="46" slack="2"/>
<pin id="910" dir="1" index="1" bw="46" slack="2"/>
</pin_list>
<bind>
<opset="p_Val2_126 "/>
</bind>
</comp>

<comp id="915" class="1005" name="tmp_74_reg_915">
<pin_list>
<pin id="916" dir="0" index="0" bw="2" slack="1"/>
<pin id="917" dir="1" index="1" bw="2" slack="1"/>
</pin_list>
<bind>
<opset="tmp_74 "/>
</bind>
</comp>

<comp id="920" class="1005" name="tmp_77_reg_920">
<pin_list>
<pin id="921" dir="0" index="0" bw="4" slack="1"/>
<pin id="922" dir="1" index="1" bw="4" slack="1"/>
</pin_list>
<bind>
<opset="tmp_77 "/>
</bind>
</comp>

<comp id="925" class="1005" name="overf_1_reg_925">
<pin_list>
<pin id="926" dir="0" index="0" bw="1" slack="1"/>
<pin id="927" dir="1" index="1" bw="1" slack="1"/>
</pin_list>
<bind>
<opset="overf_1 "/>
</bind>
</comp>

<comp id="930" class="1005" name="icmp_ln533_reg_930">
<pin_list>
<pin id="931" dir="0" index="0" bw="1" slack="1"/>
<pin id="932" dir="1" index="1" bw="1" slack="1"/>
</pin_list>
<bind>
<opset="icmp_ln533 "/>
</bind>
</comp>

</comp_list>

<net_list>
<net id="144"><net_src comp="8" pin="0"/><net_sink comp="140" pin=0"/></net>

<net id="145"><net_src comp="0" pin="0"/><net_sink comp="140" pin=1"/></net>

<net id="151"><net_src comp="4" pin="0"/><net_sink comp="146" pin=0"/></net>

<net id="152"><net_src comp="56" pin="0"/><net_sink comp="146" pin=1"/></net>

<net id="158"><net_src comp="146" pin="3"/><net_sink comp="153" pin=0"/></net>

<net id="164"><net_src comp="2" pin="0"/><net_sink comp="159" pin=0"/></net>

<net id="165"><net_src comp="56" pin="0"/><net_sink comp="159" pin=1"/></net>

<net id="171"><net_src comp="159" pin="3"/><net_sink comp="166" pin=0"/></net>

<net id="177"><net_src comp="6" pin="0"/><net_sink comp="172" pin=0"/></net>

<net id="178"><net_src comp="56" pin="0"/><net_sink comp="172" pin=1"/></net>

<net id="184"><net_src comp="172" pin="3"/><net_sink comp="179" pin=0"/></net>

<net id="191"><net_src comp="10" pin="0"/><net_sink comp="185" pin=0"/></net>

<net id="192"><net_src comp="140" pin="2"/><net_sink comp="185" pin=1"/></net>

<net id="193"><net_src comp="12" pin="0"/><net_sink comp="185" pin=2"/></net>

<net id="194"><net_src comp="14" pin="0"/><net_sink comp="185" pin=3"/></net>

<net id="198"><net_src comp="140" pin="2"/><net_sink comp="195" pin=0"/></net>

<net id="204"><net_src comp="16" pin="0"/><net_sink comp="199" pin=0"/></net>

<net id="205"><net_src comp="195" pin="1"/><net_sink comp="199" pin=1"/></net>

<net id="206"><net_src comp="18" pin="0"/><net_sink comp="199" pin=2"/></net>

<net id="212"><net_src comp="20" pin="0"/><net_sink comp="207" pin=0"/></net>

<net id="213"><net_src comp="140" pin="2"/><net_sink comp="207" pin=1"/></net>

<net id="214"><net_src comp="22" pin="0"/><net_sink comp="207" pin=2"/></net>

<net id="220"><net_src comp="20" pin="0"/><net_sink comp="215" pin=0"/></net>

<net id="221"><net_src comp="140" pin="2"/><net_sink comp="215" pin=1"/></net>

<net id="222"><net_src comp="14" pin="0"/><net_sink comp="215" pin=2"/></net>

<net id="227"><net_src comp="207" pin="3"/><net_sink comp="223" pin=0"/></net>

<net id="228"><net_src comp="215" pin="3"/><net_sink comp="223" pin=1"/></net>

<net id="234"><net_src comp="20" pin="0"/><net_sink comp="229" pin=0"/></net>

<net id="235"><net_src comp="140" pin="2"/><net_sink comp="229" pin=1"/></net>

<net id="236"><net_src comp="24" pin="0"/><net_sink comp="229" pin=2"/></net>

<net id="241"><net_src comp="207" pin="3"/><net_sink comp="237" pin=0"/></net>

<net id="242"><net_src comp="229" pin="3"/><net_sink comp="237" pin=1"/></net>

<net id="248"><net_src comp="20" pin="0"/><net_sink comp="243" pin=0"/></net>

<net id="249"><net_src comp="140" pin="2"/><net_sink comp="243" pin=1"/></net>

<net id="250"><net_src comp="26" pin="0"/><net_sink comp="243" pin=2"/></net>

<net id="255"><net_src comp="207" pin="3"/><net_sink comp="251" pin=0"/></net>

<net id="256"><net_src comp="243" pin="3"/><net_sink comp="251" pin=1"/></net>

<net id="262"><net_src comp="20" pin="0"/><net_sink comp="257" pin=0"/></net>

<net id="263"><net_src comp="140" pin="2"/><net_sink comp="257" pin=1"/></net>

<net id="264"><net_src comp="28" pin="0"/><net_sink comp="257" pin=2"/></net>

<net id="269"><net_src comp="207" pin="3"/><net_sink comp="265" pin=0"/></net>

<net id="270"><net_src comp="257" pin="3"/><net_sink comp="265" pin=1"/></net>

<net id="276"><net_src comp="20" pin="0"/><net_sink comp="271" pin=0"/></net>

<net id="277"><net_src comp="140" pin="2"/><net_sink comp="271" pin=1"/></net>

<net id="278"><net_src comp="30" pin="0"/><net_sink comp="271" pin=2"/></net>

<net id="283"><net_src comp="207" pin="3"/><net_sink comp="279" pin=0"/></net>

<net id="284"><net_src comp="271" pin="3"/><net_sink comp="279" pin=1"/></net>

<net id="290"><net_src comp="20" pin="0"/><net_sink comp="285" pin=0"/></net>

<net id="291"><net_src comp="140" pin="2"/><net_sink comp="285" pin=1"/></net>

<net id="292"><net_src comp="32" pin="0"/><net_sink comp="285" pin=2"/></net>

<net id="297"><net_src comp="207" pin="3"/><net_sink comp="293" pin=0"/></net>

<net id="298"><net_src comp="285" pin="3"/><net_sink comp="293" pin=1"/></net>

<net id="304"><net_src comp="20" pin="0"/><net_sink comp="299" pin=0"/></net>

<net id="305"><net_src comp="140" pin="2"/><net_sink comp="299" pin=1"/></net>

<net id="306"><net_src comp="34" pin="0"/><net_sink comp="299" pin=2"/></net>

<net id="311"><net_src comp="207" pin="3"/><net_sink comp="307" pin=0"/></net>

<net id="312"><net_src comp="299" pin="3"/><net_sink comp="307" pin=1"/></net>

<net id="318"><net_src comp="20" pin="0"/><net_sink comp="313" pin=0"/></net>

<net id="319"><net_src comp="140" pin="2"/><net_sink comp="313" pin=1"/></net>

<net id="320"><net_src comp="36" pin="0"/><net_sink comp="313" pin=2"/></net>

<net id="325"><net_src comp="207" pin="3"/><net_sink comp="321" pin=0"/></net>

<net id="326"><net_src comp="313" pin="3"/><net_sink comp="321" pin=1"/></net>

<net id="332"><net_src comp="20" pin="0"/><net_sink comp="327" pin=0"/></net>

<net id="333"><net_src comp="140" pin="2"/><net_sink comp="327" pin=1"/></net>

<net id="334"><net_src comp="38" pin="0"/><net_sink comp="327" pin=2"/></net>

<net id="339"><net_src comp="207" pin="3"/><net_sink comp="335" pin=0"/></net>

<net id="340"><net_src comp="327" pin="3"/><net_sink comp="335" pin=1"/></net>

<net id="345"><net_src comp="185" pin="4"/><net_sink comp="341" pin=0"/></net>

<net id="346"><net_src comp="40" pin="0"/><net_sink comp="341" pin=1"/></net>

<net id="351"><net_src comp="199" pin="3"/><net_sink comp="347" pin=0"/></net>

<net id="352"><net_src comp="42" pin="0"/><net_sink comp="347" pin=1"/></net>

<net id="359"><net_src comp="44" pin="0"/><net_sink comp="353" pin=0"/></net>

<net id="360"><net_src comp="140" pin="2"/><net_sink comp="353" pin=1"/></net>

<net id="361"><net_src comp="46" pin="0"/><net_sink comp="353" pin=2"/></net>

<net id="362"><net_src comp="48" pin="0"/><net_sink comp="353" pin=3"/></net>

<net id="369"><net_src comp="50" pin="0"/><net_sink comp="363" pin=0"/></net>

<net id="370"><net_src comp="140" pin="2"/><net_sink comp="363" pin=1"/></net>

<net id="371"><net_src comp="52" pin="0"/><net_sink comp="363" pin=2"/></net>

<net id="372"><net_src comp="54" pin="0"/><net_sink comp="363" pin=3"/></net>

<net id="376"><net_src comp="140" pin="2"/><net_sink comp="373" pin=0"/></net>

<net id="380"><net_src comp="363" pin="4"/><net_sink comp="377" pin=0"/></net>

<net id="381"><net_src comp="377" pin="1"/><net_sink comp="146" pin=2"/></net>

<net id="386"><net_src comp="223" pin="2"/><net_sink comp="382" pin=0"/></net>

<net id="387"><net_src comp="251" pin="2"/><net_sink comp="382" pin=1"/></net>

<net id="392"><net_src comp="382" pin="2"/><net_sink comp="388" pin=0"/></net>

<net id="393"><net_src comp="237" pin="2"/><net_sink comp="388" pin=1"/></net>

<net id="398"><net_src comp="279" pin="2"/><net_sink comp="394" pin=0"/></net>

<net id="399"><net_src comp="293" pin="2"/><net_sink comp="394" pin=1"/></net>

<net id="404"><net_src comp="394" pin="2"/><net_sink comp="400" pin=0"/></net>

<net id="405"><net_src comp="265" pin="2"/><net_sink comp="400" pin=1"/></net>

<net id="410"><net_src comp="321" pin="2"/><net_sink comp="406" pin=0"/></net>

<net id="411"><net_src comp="335" pin="2"/><net_sink comp="406" pin=1"/></net>

<net id="416"><net_src comp="406" pin="2"/><net_sink comp="412" pin=0"/></net>

<net id="417"><net_src comp="307" pin="2"/><net_sink comp="412" pin=1"/></net>

<net id="423"><net_src comp="20" pin="0"/><net_sink comp="418" pin=0"/></net>

<net id="424"><net_src comp="58" pin="0"/><net_sink comp="418" pin=2"/></net>

<net id="429"><net_src comp="418" pin="3"/><net_sink comp="425" pin=1"/></net>

<net id="435"><net_src comp="20" pin="0"/><net_sink comp="430" pin=0"/></net>

<net id="436"><net_src comp="60" pin="0"/><net_sink comp="430" pin=2"/></net>

<net id="441"><net_src comp="430" pin="3"/><net_sink comp="437" pin=1"/></net>

<net id="450"><net_src comp="437" pin="2"/><net_sink comp="446" pin=0"/></net>

<net id="451"><net_src comp="442" pin="2"/><net_sink comp="446" pin=1"/></net>

<net id="456"><net_src comp="446" pin="2"/><net_sink comp="452" pin=0"/></net>

<net id="457"><net_src comp="425" pin="2"/><net_sink comp="452" pin=1"/></net>

<net id="461"><net_src comp="458" pin="1"/><net_sink comp="159" pin=2"/></net>

<net id="468"><net_src comp="62" pin="0"/><net_sink comp="462" pin=0"/></net>

<net id="469"><net_src comp="153" pin="3"/><net_sink comp="462" pin=1"/></net>

<net id="470"><net_src comp="64" pin="0"/><net_sink comp="462" pin=2"/></net>

<net id="471"><net_src comp="66" pin="0"/><net_sink comp="462" pin=3"/></net>

<net id="475"><net_src comp="153" pin="3"/><net_sink comp="472" pin=0"/></net>

<net id="486"><net_src comp="479" pin="1"/><net_sink comp="482" pin=0"/></net>

<net id="487"><net_src comp="476" pin="1"/><net_sink comp="482" pin=1"/></net>

<net id="495"><net_src comp="68" pin="0"/><net_sink comp="488" pin=0"/></net>

<net id="496"><net_src comp="18" pin="0"/><net_sink comp="488" pin=2"/></net>

<net id="497"><net_src comp="70" pin="0"/><net_sink comp="488" pin=4"/></net>

<net id="503"><net_src comp="72" pin="0"/><net_sink comp="498" pin=0"/></net>

<net id="507"><net_src comp="498" pin="3"/><net_sink comp="504" pin=0"/></net>

<net id="511"><net_src comp="488" pin="5"/><net_sink comp="508" pin=0"/></net>

<net id="516"><net_src comp="504" pin="1"/><net_sink comp="512" pin=0"/></net>

<net id="517"><net_src comp="508" pin="1"/><net_sink comp="512" pin=1"/></net>

<net id="524"><net_src comp="74" pin="0"/><net_sink comp="518" pin=0"/></net>

<net id="525"><net_src comp="512" pin="2"/><net_sink comp="518" pin=1"/></net>

<net id="526"><net_src comp="76" pin="0"/><net_sink comp="518" pin=2"/></net>

<net id="527"><net_src comp="78" pin="0"/><net_sink comp="518" pin=3"/></net>

<net id="533"><net_src comp="80" pin="0"/><net_sink comp="528" pin=0"/></net>

<net id="543"><net_src comp="82" pin="0"/><net_sink comp="537" pin=0"/></net>

<net id="544"><net_src comp="84" pin="0"/><net_sink comp="537" pin=3"/></net>

<net id="549"><net_src comp="537" pin="4"/><net_sink comp="545" pin=0"/></net>

<net id="550"><net_src comp="534" pin="1"/><net_sink comp="545" pin=1"/></net>

<net id="554"><net_src comp="528" pin="3"/><net_sink comp="551" pin=0"/></net>

<net id="555"><net_src comp="551" pin="1"/><net_sink comp="172" pin=2"/></net>

<net id="563"><net_src comp="556" pin="1"/><net_sink comp="559" pin=1"/></net>

<net id="570"><net_src comp="86" pin="0"/><net_sink comp="564" pin=0"/></net>

<net id="571"><net_src comp="559" pin="2"/><net_sink comp="564" pin=1"/></net>

<net id="572"><net_src comp="88" pin="0"/><net_sink comp="564" pin=2"/></net>

<net id="573"><net_src comp="90" pin="0"/><net_sink comp="564" pin=3"/></net>

<net id="584"><net_src comp="577" pin="1"/><net_sink comp="580" pin=0"/></net>

<net id="585"><net_src comp="574" pin="1"/><net_sink comp="580" pin=1"/></net>

<net id="592"><net_src comp="92" pin="0"/><net_sink comp="586" pin=0"/></net>

<net id="593"><net_src comp="580" pin="2"/><net_sink comp="586" pin=1"/></net>

<net id="594"><net_src comp="76" pin="0"/><net_sink comp="586" pin=2"/></net>

<net id="595"><net_src comp="94" pin="0"/><net_sink comp="586" pin=3"/></net>

<net id="603"><net_src comp="596" pin="1"/><net_sink comp="599" pin=1"/></net>

<net id="608"><net_src comp="96" pin="0"/><net_sink comp="604" pin=1"/></net>

<net id="614"><net_src comp="604" pin="2"/><net_sink comp="609" pin=0"/></net>

<net id="615"><net_src comp="98" pin="0"/><net_sink comp="609" pin=1"/></net>

<net id="616"><net_src comp="100" pin="0"/><net_sink comp="609" pin=2"/></net>

<net id="623"><net_src comp="102" pin="0"/><net_sink comp="617" pin=0"/></net>

<net id="624"><net_src comp="104" pin="0"/><net_sink comp="617" pin=2"/></net>

<net id="625"><net_src comp="106" pin="0"/><net_sink comp="617" pin=3"/></net>

<net id="638"><net_src comp="630" pin="2"/><net_sink comp="634" pin=0"/></net>

<net id="639"><net_src comp="626" pin="2"/><net_sink comp="634" pin=1"/></net>

<net id="645"><net_src comp="634" pin="2"/><net_sink comp="640" pin=0"/></net>

<net id="646"><net_src comp="609" pin="3"/><net_sink comp="640" pin=1"/></net>

<net id="647"><net_src comp="617" pin="4"/><net_sink comp="640" pin=2"/></net>

<net id="654"><net_src comp="108" pin="0"/><net_sink comp="648" pin=0"/></net>

<net id="655"><net_src comp="640" pin="3"/><net_sink comp="648" pin=1"/></net>

<net id="656"><net_src comp="110" pin="0"/><net_sink comp="648" pin=2"/></net>

<net id="657"><net_src comp="66" pin="0"/><net_sink comp="648" pin=3"/></net>

<net id="664"><net_src comp="112" pin="0"/><net_sink comp="658" pin=0"/></net>

<net id="665"><net_src comp="640" pin="3"/><net_sink comp="658" pin=1"/></net>

<net id="666"><net_src comp="114" pin="0"/><net_sink comp="658" pin=2"/></net>

<net id="667"><net_src comp="64" pin="0"/><net_sink comp="658" pin=3"/></net>

<net id="672"><net_src comp="116" pin="0"/><net_sink comp="668" pin=1"/></net>

<net id="677"><net_src comp="118" pin="0"/><net_sink comp="673" pin=1"/></net>

<net id="683"><net_src comp="128" pin="0"/><net_sink comp="678" pin=0"/></net>

<net id="684"><net_src comp="130" pin="0"/><net_sink comp="678" pin=2"/></net>

<net id="690"><net_src comp="128" pin="0"/><net_sink comp="685" pin=0"/></net>

<net id="691"><net_src comp="132" pin="0"/><net_sink comp="685" pin=2"/></net>

<net id="696"><net_src comp="685" pin="3"/><net_sink comp="692" pin=1"/></net>

<net id="701"><net_src comp="692" pin="2"/><net_sink comp="697" pin=0"/></net>

<net id="702"><net_src comp="678" pin="3"/><net_sink comp="697" pin=1"/></net>

<net id="707"><net_src comp="697" pin="2"/><net_sink comp="703" pin=1"/></net>

<net id="714"><net_src comp="134" pin="0"/><net_sink comp="708" pin=0"/></net>

<net id="715"><net_src comp="136" pin="0"/><net_sink comp="708" pin=2"/></net>

<net id="716"><net_src comp="114" pin="0"/><net_sink comp="708" pin=3"/></net>

<net id="722"><net_src comp="703" pin="2"/><net_sink comp="717" pin=0"/></net>

<net id="723"><net_src comp="138" pin="0"/><net_sink comp="717" pin=1"/></net>

<net id="724"><net_src comp="708" pin="4"/><net_sink comp="717" pin=2"/></net>

<net id="728"><net_src comp="140" pin="2"/><net_sink comp="725" pin=0"/></net>

<net id="729"><net_src comp="725" pin="1"/><net_sink comp="418" pin=1"/></net>

<net id="730"><net_src comp="725" pin="1"/><net_sink comp="430" pin=1"/></net>

<net id="734"><net_src comp="207" pin="3"/><net_sink comp="731" pin=0"/></net>

<net id="735"><net_src comp="731" pin="1"/><net_sink comp="425" pin=0"/></net>

<net id="736"><net_src comp="731" pin="1"/><net_sink comp="437" pin=0"/></net>

<net id="737"><net_src comp="731" pin="1"/><net_sink comp="528" pin=1"/></net>

<net id="738"><net_src comp="731" pin="1"/><net_sink comp="604" pin=0"/></net>

<net id="742"><net_src comp="341" pin="2"/><net_sink comp="739" pin=0"/></net>

<net id="743"><net_src comp="739" pin="1"/><net_sink comp="442" pin=0"/></net>

<net id="747"><net_src comp="347" pin="2"/><net_sink comp="744" pin=0"/></net>

<net id="748"><net_src comp="744" pin="1"/><net_sink comp="442" pin=1"/></net>

<net id="752"><net_src comp="353" pin="4"/><net_sink comp="749" pin=0"/></net>

<net id="753"><net_src comp="749" pin="1"/><net_sink comp="528" pin=2"/></net>

<net id="757"><net_src comp="363" pin="4"/><net_sink comp="754" pin=0"/></net>

<net id="758"><net_src comp="754" pin="1"/><net_sink comp="479" pin=0"/></net>

<net id="762"><net_src comp="373" pin="1"/><net_sink comp="759" pin=0"/></net>

<net id="763"><net_src comp="759" pin="1"/><net_sink comp="458" pin=0"/></net>

<net id="764"><net_src comp="759" pin="1"/><net_sink comp="488" pin=1"/></net>

<net id="768"><net_src comp="146" pin="3"/><net_sink comp="765" pin=0"/></net>

<net id="769"><net_src comp="765" pin="1"/><net_sink comp="153" pin=0"/></net>

<net id="773"><net_src comp="388" pin="2"/><net_sink comp="770" pin=0"/></net>

<net id="774"><net_src comp="770" pin="1"/><net_sink comp="626" pin=1"/></net>

<net id="778"><net_src comp="400" pin="2"/><net_sink comp="775" pin=0"/></net>

<net id="779"><net_src comp="775" pin="1"/><net_sink comp="626" pin=0"/></net>

<net id="783"><net_src comp="412" pin="2"/><net_sink comp="780" pin=0"/></net>

<net id="784"><net_src comp="780" pin="1"/><net_sink comp="630" pin=1"/></net>

<net id="788"><net_src comp="452" pin="2"/><net_sink comp="785" pin=0"/></net>

<net id="789"><net_src comp="785" pin="1"/><net_sink comp="630" pin=0"/></net>

<net id="793"><net_src comp="159" pin="3"/><net_sink comp="790" pin=0"/></net>

<net id="794"><net_src comp="790" pin="1"/><net_sink comp="166" pin=0"/></net>

<net id="798"><net_src comp="462" pin="4"/><net_sink comp="795" pin=0"/></net>

<net id="799"><net_src comp="795" pin="1"/><net_sink comp="476" pin=0"/></net>

<net id="803"><net_src comp="472" pin="1"/><net_sink comp="800" pin=0"/></net>

<net id="804"><net_src comp="800" pin="1"/><net_sink comp="498" pin=2"/></net>

<net id="805"><net_src comp="800" pin="1"/><net_sink comp="537" pin=2"/></net>

<net id="809"><net_src comp="476" pin="1"/><net_sink comp="806" pin=0"/></net>

<net id="810"><net_src comp="806" pin="1"/><net_sink comp="482" pin=1"/></net>

<net id="814"><net_src comp="479" pin="1"/><net_sink comp="811" pin=0"/></net>

<net id="815"><net_src comp="811" pin="1"/><net_sink comp="482" pin=0"/></net>

<net id="819"><net_src comp="166" pin="3"/><net_sink comp="816" pin=0"/></net>

<net id="820"><net_src comp="816" pin="1"/><net_sink comp="488" pin=3"/></net>

<net id="824"><net_src comp="482" pin="2"/><net_sink comp="821" pin=0"/></net>

<net id="825"><net_src comp="821" pin="1"/><net_sink comp="498" pin=1"/></net>

<net id="826"><net_src comp="821" pin="1"/><net_sink comp="537" pin=1"/></net>

<net id="830"><net_src comp="488" pin="5"/><net_sink comp="827" pin=0"/></net>

<net id="831"><net_src comp="827" pin="1"/><net_sink comp="556" pin=0"/></net>

<net id="835"><net_src comp="504" pin="1"/><net_sink comp="832" pin=0"/></net>

<net id="836"><net_src comp="832" pin="1"/><net_sink comp="512" pin=0"/></net>

<net id="840"><net_src comp="508" pin="1"/><net_sink comp="837" pin=0"/></net>

<net id="841"><net_src comp="837" pin="1"/><net_sink comp="512" pin=1"/></net>

<net id="845"><net_src comp="518" pin="4"/><net_sink comp="842" pin=0"/></net>

<net id="846"><net_src comp="842" pin="1"/><net_sink comp="534" pin=0"/></net>

<net id="850"><net_src comp="534" pin="1"/><net_sink comp="847" pin=0"/></net>

<net id="851"><net_src comp="847" pin="1"/><net_sink comp="545" pin=1"/></net>

<net id="855"><net_src comp="537" pin="4"/><net_sink comp="852" pin=0"/></net>

<net id="856"><net_src comp="852" pin="1"/><net_sink comp="545" pin=0"/></net>

<net id="860"><net_src comp="172" pin="3"/><net_sink comp="857" pin=0"/></net>

<net id="861"><net_src comp="857" pin="1"/><net_sink comp="179" pin=0"/></net>

<net id="865"><net_src comp="545" pin="2"/><net_sink comp="862" pin=0"/></net>

<net id="866"><net_src comp="862" pin="1"/><net_sink comp="559" pin=0"/></net>

<net id="870"><net_src comp="556" pin="1"/><net_sink comp="867" pin=0"/></net>

<net id="871"><net_src comp="867" pin="1"/><net_sink comp="559" pin=1"/></net>

<net id="875"><net_src comp="564" pin="4"/><net_sink comp="872" pin=0"/></net>

<net id="876"><net_src comp="872" pin="1"/><net_sink comp="577" pin=0"/></net>

<net id="880"><net_src comp="179" pin="3"/><net_sink comp="877" pin=0"/></net>

<net id="881"><net_src comp="877" pin="1"/><net_sink comp="574" pin=0"/></net>

<net id="882"><net_src comp="877" pin="1"/><net_sink comp="599" pin=0"/></net>

<net id="886"><net_src comp="574" pin="1"/><net_sink comp="883" pin=0"/></net>

<net id="887"><net_src comp="883" pin="1"/><net_sink comp="580" pin=1"/></net>

<net id="891"><net_src comp="577" pin="1"/><net_sink comp="888" pin=0"/></net>

<net id="892"><net_src comp="888" pin="1"/><net_sink comp="580" pin=0"/></net>

<net id="896"><net_src comp="586" pin="4"/><net_sink comp="893" pin=0"/></net>

<net id="897"><net_src comp="893" pin="1"/><net_sink comp="596" pin=0"/></net>

<net id="901"><net_src comp="596" pin="1"/><net_sink comp="898" pin=0"/></net>

<net id="902"><net_src comp="898" pin="1"/><net_sink comp="599" pin=1"/></net>

<net id="906"><net_src comp="599" pin="2"/><net_sink comp="903" pin=0"/></net>

<net id="907"><net_src comp="903" pin="1"/><net_sink comp="617" pin=1"/></net>

<net id="911"><net_src comp="640" pin="3"/><net_sink comp="908" pin=0"/></net>

<net id="912"><net_src comp="908" pin="1"/><net_sink comp="678" pin=1"/></net>

<net id="913"><net_src comp="908" pin="1"/><net_sink comp="685" pin=1"/></net>

<net id="914"><net_src comp="908" pin="1"/><net_sink comp="708" pin=1"/></net>

<net id="918"><net_src comp="648" pin="4"/><net_sink comp="915" pin=0"/></net>

<net id="919"><net_src comp="915" pin="1"/><net_sink comp="668" pin=0"/></net>

<net id="923"><net_src comp="658" pin="4"/><net_sink comp="920" pin=0"/></net>

<net id="924"><net_src comp="920" pin="1"/><net_sink comp="673" pin=0"/></net>

<net id="928"><net_src comp="668" pin="2"/><net_sink comp="925" pin=0"/></net>

<net id="929"><net_src comp="925" pin="1"/><net_sink comp="692" pin=0"/></net>

<net id="933"><net_src comp="673" pin="2"/><net_sink comp="930" pin=0"/></net>

<net id="934"><net_src comp="930" pin="1"/><net_sink comp="703" pin=0"/></net>

</net_list>

</model> 
---------------- Datapath Model END ------------------

* FSMD analyzer results:
  - Output states:
	Port: x | {}
	Port: f_x_msb_3_table_V | {}
	Port: f_x_msb_2_table_V | {}
	Port: exp_x_msb_1_table_V | {}
 - Input state : 
	Port: exp<32, 16> : x | {1 }
	Port: exp<32, 16> : f_x_msb_3_table_V | {3 4 5 6 }
	Port: exp<32, 16> : f_x_msb_2_table_V | {1 2 3 4 }
	Port: exp<32, 16> : exp_x_msb_1_table_V | {14 15 16 17 }
  - Chain level:
	State 1
		p_Result_76 : 1
		overf : 1
		xor_ln222_2 : 1
		xor_ln222_3 : 1
		xor_ln222_4 : 1
		xor_ln222 : 1
		xor_ln222_5 : 1
		xor_ln222_6 : 1
		xor_ln222_7 : 1
		xor_ln222_8 : 1
		icmp_ln1498 : 1
		icmp_ln1496 : 2
		zext_ln534_1 : 1
		f_x_msb_2_table_V_addr : 2
		f_x_msb_2_V : 3
		or_ln300 : 1
		or_ln300_1 : 1
		or_ln300_2 : 1
		or_ln300_3 : 1
		or_ln300_5 : 1
		or_ln300_6 : 1
	State 2
		xor_ln222_9 : 1
		xor_ln222_10 : 1
		or_ln300_7 : 1
		or_ln300_8 : 1
	State 3
		f_x_msb_3_table_V_addr : 1
		f_x_msb_3_V : 2
	State 4
		p_Result_78 : 1
		trunc_ln640_2 : 1
	State 5
		ret_V_15 : 1
	State 6
	State 7
		zext_ln1115 : 1
		zext_ln1118 : 1
		r_V_26 : 2
	State 8
	State 9
	State 10
	State 11
	State 12
	State 13
		trunc_ln : 1
	State 14
		ret_V_16 : 1
		zext_ln534_2 : 1
		exp_x_msb_1_table_V_addr : 2
		exp_x_msb_1_V : 3
	State 15
	State 16
		ret_V : 1
	State 17
		exp_x_msb_2_3_4_lsb_m_1_V : 1
	State 18
		r_V : 1
	State 19
	State 20
	State 21
	State 22
	State 23
	State 24
		trunc_ln703_s : 1
	State 25
		y_l_V : 1
	State 26
	State 27
		tmp_74 : 1
		tmp_77 : 1
	State 28
	State 29
		or_ln533 : 1
		or_ln533_1 : 1
		overf_2 : 1
		select_ln536 : 1
		ret_ln953 : 2


============================================================
+ Verbose Summary: Datapath Resource usage 
============================================================

* Functional unit list:
|----------|----------------------------------|---------|---------|---------|
| Operation|          Functional Unit         |   DSP   |    FF   |   LUT   |
|----------|----------------------------------|---------|---------|---------|
|          |            grp_fu_482            |    0    |    40   |    12   |
|    add   |            grp_fu_545            |    0    |   256   |    60   |
|          |            grp_fu_559            |    0    |   256   |    60   |
|          |            grp_fu_599            |    0    |   229   |    54   |
|----------|----------------------------------|---------|---------|---------|
|    mul   |            grp_fu_512            |    1    |   160   |    0    |
|          |            grp_fu_580            |    1    |   160   |    0    |
|----------|----------------------------------|---------|---------|---------|
|          |        select_ln640_fu_609       |    0    |    0    |    46   |
|  select  |         p_Val2_126_fu_640        |    0    |    0    |    46   |
|          |        select_ln536_fu_717       |    0    |    0    |    32   |
|----------|----------------------------------|---------|---------|---------|
|          |        icmp_ln1498_fu_341        |    0    |    0    |    9    |
|   icmp   |        icmp_ln1496_fu_347        |    0    |    0    |    15   |
|          |          overf_1_fu_668          |    0    |    0    |    8    |
|          |         icmp_ln533_fu_673        |    0    |    0    |    9    |
|----------|----------------------------------|---------|---------|---------|
|          |          or_ln300_fu_382         |    0    |    0    |    2    |
|          |         or_ln300_1_fu_388        |    0    |    0    |    2    |
|          |         or_ln300_2_fu_394        |    0    |    0    |    2    |
|          |         or_ln300_3_fu_400        |    0    |    0    |    2    |
|          |         or_ln300_5_fu_406        |    0    |    0    |    2    |
|          |         or_ln300_6_fu_412        |    0    |    0    |    2    |
|    or    |         or_ln300_7_fu_446        |    0    |    0    |    2    |
|          |         or_ln300_8_fu_452        |    0    |    0    |    2    |
|          |         or_ln300_4_fu_626        |    0    |    0    |    2    |
|          |         or_ln300_9_fu_630        |    0    |    0    |    2    |
|          |        or_ln300_10_fu_634        |    0    |    0    |    2    |
|          |          or_ln533_fu_692         |    0    |    0    |    2    |
|          |         or_ln533_1_fu_697        |    0    |    0    |    2    |
|          |          overf_2_fu_703          |    0    |    0    |    2    |
|----------|----------------------------------|---------|---------|---------|
|          |           overf_fu_223           |    0    |    0    |    2    |
|          |        xor_ln222_2_fu_237        |    0    |    0    |    2    |
|          |        xor_ln222_3_fu_251        |    0    |    0    |    2    |
|          |        xor_ln222_4_fu_265        |    0    |    0    |    2    |
|          |         xor_ln222_fu_279         |    0    |    0    |    2    |
|    xor   |        xor_ln222_5_fu_293        |    0    |    0    |    2    |
|          |        xor_ln222_6_fu_307        |    0    |    0    |    2    |
|          |        xor_ln222_7_fu_321        |    0    |    0    |    2    |
|          |        xor_ln222_8_fu_335        |    0    |    0    |    2    |
|          |        xor_ln222_9_fu_425        |    0    |    0    |    2    |
|          |        xor_ln222_10_fu_437       |    0    |    0    |    2    |
|          |         xor_ln640_fu_604         |    0    |    0    |    2    |
|----------|----------------------------------|---------|---------|---------|
|    and   |         and_ln300_fu_442         |    0    |    0    |    2    |
|----------|----------------------------------|---------|---------|---------|
|   read   |        x_read_read_fu_140        |    0    |    0    |    0    |
|----------|----------------------------------|---------|---------|---------|
|          |        p_Result_75_fu_185        |    0    |    0    |    0    |
|          |         p_Result_s_fu_353        |    0    |    0    |    0    |
|          |           tmp_78_fu_363          |    0    |    0    |    0    |
|          |        p_Result_78_fu_462        |    0    |    0    |    0    |
|          |          trunc_ln_fu_518         |    0    |    0    |    0    |
|partselect| exp_x_msb_2_3_4_lsb_m_1_V_fu_564 |    0    |    0    |    0    |
|          |       trunc_ln703_s_fu_586       |    0    |    0    |    0    |
|          |            y_V_fu_617            |    0    |    0    |    0    |
|          |           tmp_74_fu_648          |    0    |    0    |    0    |
|          |           tmp_77_fu_658          |    0    |    0    |    0    |
|          |           tmp_s_fu_708           |    0    |    0    |    0    |
|----------|----------------------------------|---------|---------|---------|
|          |        trunc_ln640_fu_195        |    0    |    0    |    0    |
|   trunc  |           tmp_79_fu_373          |    0    |    0    |    0    |
|          |       trunc_ln640_2_fu_472       |    0    |    0    |    0    |
|----------|----------------------------------|---------|---------|---------|
|          |        p_Result_76_fu_199        |    0    |    0    |    0    |
|          |           rhs_2_fu_488           |    0    |    0    |    0    |
|bitconcatenate|        p_Result_79_fu_498        |    0    |    0    |    0    |
|          |        p_Result_77_fu_528        |    0    |    0    |    0    |
|          |           rhs_1_fu_537           |    0    |    0    |    0    |
|----------|----------------------------------|---------|---------|---------|
|          |            tmp_fu_207            |    0    |    0    |    0    |
|          |           tmp_61_fu_215          |    0    |    0    |    0    |
|          |           tmp_62_fu_229          |    0    |    0    |    0    |
|          |           tmp_63_fu_243          |    0    |    0    |    0    |
|          |           tmp_64_fu_257          |    0    |    0    |    0    |
|          |           tmp_65_fu_271          |    0    |    0    |    0    |
| bitselect|           tmp_66_fu_285          |    0    |    0    |    0    |
|          |           tmp_67_fu_299          |    0    |    0    |    0    |
|          |           tmp_68_fu_313          |    0    |    0    |    0    |
|          |           tmp_69_fu_327          |    0    |    0    |    0    |
|          |           tmp_70_fu_418          |    0    |    0    |    0    |
|          |           tmp_71_fu_430          |    0    |    0    |    0    |
|          |       p_Result_s_98_fu_678       |    0    |    0    |    0    |
|          |        p_Result_74_fu_685        |    0    |    0    |    0    |
|----------|----------------------------------|---------|---------|---------|
|          |        zext_ln534_1_fu_377       |    0    |    0    |    0    |
|          |         zext_ln534_fu_458        |    0    |    0    |    0    |
|          |        zext_ln703_1_fu_476       |    0    |    0    |    0    |
|          |        zext_ln703_2_fu_479       |    0    |    0    |    0    |
|          |        zext_ln1115_fu_504        |    0    |    0    |    0    |
|   zext   |        zext_ln1118_fu_508        |    0    |    0    |    0    |
|          |        zext_ln1192_fu_534        |    0    |    0    |    0    |
|          |        zext_ln534_2_fu_551       |    0    |    0    |    0    |
|          |       zext_ln1192_1_fu_556       |    0    |    0    |    0    |
|          |        zext_ln1116_fu_574        |    0    |    0    |    0    |
|          |       zext_ln1118_1_fu_577       |    0    |    0    |    0    |
|          |         zext_ln703_fu_596        |    0    |    0    |    0    |
|----------|----------------------------------|---------|---------|---------|
|   Total  |                                  |    2    |   1101  |   405   |
|----------|----------------------------------|---------|---------|---------|

Memories:
N/A

* Register list:
+---------------------------------+--------+
|                                 |   FF   |
+---------------------------------+--------+
|      exp_x_msb_1_V_reg_877      |   50   |
| exp_x_msb_1_table_V_addr_reg_857|    8   |
|exp_x_msb_2_3_4_lsb_m_1_V_reg_872|   50   |
|  f_x_msb_2_table_V_addr_reg_765 |    8   |
|       f_x_msb_3_V_reg_816       |   32   |
|  f_x_msb_3_table_V_addr_reg_790 |    5   |
|       icmp_ln1496_reg_744       |    1   |
|       icmp_ln1498_reg_739       |    1   |
|        icmp_ln533_reg_930       |    1   |
|        or_ln300_1_reg_770       |    1   |
|        or_ln300_3_reg_775       |    1   |
|        or_ln300_6_reg_780       |    1   |
|        or_ln300_8_reg_785       |    1   |
|         overf_1_reg_925         |    1   |
|       p_Result_78_reg_795       |    5   |
|        p_Result_s_reg_749       |    7   |
|        p_Val2_126_reg_908       |   46   |
|         ret_V_15_reg_821        |    9   |
|         ret_V_16_reg_862        |   56   |
|          rhs_1_reg_852          |   56   |
|          rhs_2_reg_827          |   47   |
|          tmp_74_reg_915         |    2   |
|          tmp_77_reg_920         |    4   |
|          tmp_78_reg_754         |    8   |
|          tmp_79_reg_759         |    5   |
|           tmp_reg_731           |    1   |
|      trunc_ln640_2_reg_800      |   41   |
|      trunc_ln703_s_reg_893      |   48   |
|         trunc_ln_reg_842        |   45   |
|          x_read_reg_725         |   32   |
|          y_l_V_reg_903          |   50   |
|       zext_ln1115_reg_832       |   97   |
|       zext_ln1116_reg_883       |   100  |
|      zext_ln1118_1_reg_888      |   100  |
|       zext_ln1118_reg_837       |   97   |
|      zext_ln1192_1_reg_867      |   56   |
|       zext_ln1192_reg_847       |   56   |
|       zext_ln703_1_reg_806      |    9   |
|       zext_ln703_2_reg_811      |    9   |
|        zext_ln703_reg_898       |   50   |
+---------------------------------+--------+
|              Total              |  1197  |
+---------------------------------+--------+

* Multiplexer (MUX) list: 
|-------------------|------|------|------|--------||---------||---------|
|        Comp       |  Pin | Size |  BW  | S x BW ||  Delay  ||   LUT   |
|-------------------|------|------|------|--------||---------||---------|
| grp_access_fu_153 |  p0  |   2  |   8  |   16   ||    9    |
| grp_access_fu_166 |  p0  |   2  |   5  |   10   ||    9    |
| grp_access_fu_179 |  p0  |   2  |   8  |   16   ||    9    |
|     grp_fu_482    |  p0  |   2  |   8  |   16   ||    9    |
|     grp_fu_482    |  p1  |   2  |   5  |   10   ||    9    |
|     grp_fu_512    |  p0  |   2  |  50  |   100  ||    9    |
|     grp_fu_512    |  p1  |   2  |  47  |   94   ||    9    |
|     grp_fu_545    |  p0  |   2  |  56  |   112  ||    9    |
|     grp_fu_545    |  p1  |   2  |  45  |   90   ||    9    |
|     grp_fu_559    |  p1  |   2  |  47  |   94   ||    9    |
|     grp_fu_580    |  p0  |   2  |  50  |   100  ||    9    |
|     grp_fu_580    |  p1  |   2  |  50  |   100  ||    9    |
|     grp_fu_599    |  p1  |   2  |  48  |   96   ||    9    |
|-------------------|------|------|------|--------||---------||---------|
|       Total       |      |      |      |   854  ||  20.644 ||   117   |
|-------------------|------|------|------|--------||---------||---------|



* Summary:
+-----------+--------+--------+--------+--------+
|           |   DSP  |  Delay |   FF   |   LUT  |
+-----------+--------+--------+--------+--------+
|  Function |    2   |    -   |  1101  |   405  |
|   Memory  |    -   |    -   |    -   |    -   |
|Multiplexer|    -   |   20   |    -   |   117  |
|  Register |    -   |    -   |  1197  |    -   |
+-----------+--------+--------+--------+--------+
|   Total   |    2   |   20   |  2298  |   522  |
+-----------+--------+--------+--------+--------+
