

================================================================
== Vitis HLS Report for 'sqrt_fixed_32_16_s'
================================================================
* Date:           Sun Jul 20 20:02:01 2025

* Version:        2020.2 (Build 3064766 on Wed Nov 18 09:12:47 MST 2020)
* Project:        aes
* Solution:       solution1 (Vivado IP Flow Target)
* Product family: zynq
* Target device:  xc7z020-clg484-1


================================================================
== Performance Estimates
================================================================
+ Timing: 
    * Summary: 
    +--------+---------+----------+------------+
    |  Clock |  Target | Estimated| Uncertainty|
    +--------+---------+----------+------------+
    |ap_clk  |  2.00 ns|  2.437 ns|     0.54 ns|
    +--------+---------+----------+------------+

+ Latency: 
    * Summary: 
    +---------+---------+----------+----------+-----+-----+---------+
    |  Latency (cycles) |  Latency (absolute) |  Interval | Pipeline|
    |   min   |   max   |    min   |    max   | min | max |   Type  |
    +---------+---------+----------+----------+-----+-----+---------+
    |      116|      116|  0.283 us|  0.283 us|    1|    1|      yes|
    +---------+---------+----------+----------+-----+-----+---------+

    + Detail: 
        * Instance: 
        N/A

        * Loop: 
        N/A



================================================================
== Utilization Estimates
================================================================
* Summary: 
+-----------------+---------+-----+--------+-------+-----+
|       Name      | BRAM_18K| DSP |   FF   |  LUT  | URAM|
+-----------------+---------+-----+--------+-------+-----+
|DSP              |        -|    -|       -|      -|    -|
|Expression       |        -|    -|       0|   2706|    -|
|FIFO             |        -|    -|       -|      -|    -|
|Instance         |        -|    -|    4996|   1319|    -|
|Memory           |        -|    -|       -|      -|    -|
|Multiplexer      |        -|    -|       -|      9|    -|
|Register         |        -|    -|   11488|   4096|    -|
+-----------------+---------+-----+--------+-------+-----+
|Total            |        0|    0|   16484|   8130|    0|
+-----------------+---------+-----+--------+-------+-----+
|Available        |      280|  220|  106400|  53200|    0|
+-----------------+---------+-----+--------+-------+-----+
|Utilization (%)  |        0|    0|      15|     15|    0|
+-----------------+---------+-----+--------+-------+-----+

+ Detail: 
    * Instance: 
    +---------------------------+----------------------+---------+----+----+----+-----+
    |          Instance         |        Module        | BRAM_18K| DSP| FF | LUT| URAM|
    +---------------------------+----------------------+---------+----+----+----+-----+
    |add_17ns_17ns_17_2_0_U73   |add_17ns_17ns_17_2_0  |        0|   0|  80|  21|    0|
    |add_17ns_17ns_17_2_0_U77   |add_17ns_17ns_17_2_0  |        0|   0|  80|  21|    0|
    |add_17ns_17ns_17_2_0_U81   |add_17ns_17ns_17_2_0  |        0|   0|  80|  21|    0|
    |add_17ns_17ns_17_2_0_U85   |add_17ns_17ns_17_2_0  |        0|   0|  80|  21|    0|
    |add_17ns_17ns_17_2_0_U89   |add_17ns_17ns_17_2_0  |        0|   0|  80|  21|    0|
    |add_17ns_17ns_17_2_0_U93   |add_17ns_17ns_17_2_0  |        0|   0|  80|  21|    0|
    |add_17ns_17ns_17_2_0_U97   |add_17ns_17ns_17_2_0  |        0|   0|  80|  21|    0|
    |add_17ns_17ns_17_2_0_U101  |add_17ns_17ns_17_2_0  |        0|   0|  80|  21|    0|
    |add_17ns_17ns_17_2_0_U103  |add_17ns_17ns_17_2_0  |        0|   0|  80|  21|    0|
    |add_17ns_17s_17_2_0_U50    |add_17ns_17s_17_2_0   |        0|   0|  80|  21|    0|
    |add_18ns_18ns_18_2_0_U102  |add_18ns_18ns_18_2_0  |        0|   0|  80|  21|    0|
    |add_19ns_19s_19_2_0_U48    |add_19ns_19s_19_2_0   |        0|   0|  89|  23|    0|
    |add_19ns_19s_19_2_0_U51    |add_19ns_19s_19_2_0   |        0|   0|  89|  23|    0|
    |add_19ns_19s_19_2_0_U54    |add_19ns_19s_19_2_0   |        0|   0|  89|  23|    0|
    |add_19ns_19s_19_2_0_U57    |add_19ns_19s_19_2_0   |        0|   0|  89|  23|    0|
    |add_19ns_19s_19_2_0_U60    |add_19ns_19s_19_2_0   |        0|   0|  89|  23|    0|
    |add_19ns_19s_19_2_0_U63    |add_19ns_19s_19_2_0   |        0|   0|  89|  23|    0|
    |add_19ns_19s_19_2_0_U66    |add_19ns_19s_19_2_0   |        0|   0|  89|  23|    0|
    |add_19ns_19s_19_2_0_U69    |add_19ns_19s_19_2_0   |        0|   0|  89|  23|    0|
    |add_19ns_19s_19_2_0_U72    |add_19ns_19s_19_2_0   |        0|   0|  89|  23|    0|
    |add_19ns_19s_19_2_0_U74    |add_19ns_19s_19_2_0   |        0|   0|  89|  23|    0|
    |add_19ns_19s_19_2_0_U78    |add_19ns_19s_19_2_0   |        0|   0|  89|  23|    0|
    |add_19ns_19s_19_2_0_U82    |add_19ns_19s_19_2_0   |        0|   0|  89|  23|    0|
    |add_19ns_19s_19_2_0_U86    |add_19ns_19s_19_2_0   |        0|   0|  89|  23|    0|
    |add_19ns_19s_19_2_0_U90    |add_19ns_19s_19_2_0   |        0|   0|  89|  23|    0|
    |add_19ns_19s_19_2_0_U94    |add_19ns_19s_19_2_0   |        0|   0|  89|  23|    0|
    |add_19ns_19s_19_2_0_U98    |add_19ns_19s_19_2_0   |        0|   0|  89|  23|    0|
    |add_3s_3s_3_2_0_U40        |add_3s_3s_3_2_0       |        0|   0|  13|   6|    0|
    |add_8ns_8ns_8_2_0_U104     |add_8ns_8ns_8_2_0     |        0|   0|  40|  12|    0|
    |sub_10ns_10ns_10_2_0_U47   |sub_10ns_10ns_10_2_0  |        0|   0|  49|  14|    0|
    |sub_17ns_17ns_17_2_0_U52   |sub_17ns_17ns_17_2_0  |        0|   0|  80|  21|    0|
    |sub_17ns_17ns_17_2_0_U55   |sub_17ns_17ns_17_2_0  |        0|   0|  80|  21|    0|
    |sub_17ns_17ns_17_2_0_U58   |sub_17ns_17ns_17_2_0  |        0|   0|  80|  21|    0|
    |sub_17ns_17ns_17_2_0_U61   |sub_17ns_17ns_17_2_0  |        0|   0|  80|  21|    0|
    |sub_17ns_17ns_17_2_0_U64   |sub_17ns_17ns_17_2_0  |        0|   0|  80|  21|    0|
    |sub_17ns_17ns_17_2_0_U68   |sub_17ns_17ns_17_2_0  |        0|   0|  80|  21|    0|
    |sub_17ns_17ns_17_2_0_U70   |sub_17ns_17ns_17_2_0  |        0|   0|  80|  21|    0|
    |sub_17ns_17ns_17_2_0_U75   |sub_17ns_17ns_17_2_0  |        0|   0|  80|  21|    0|
    |sub_17ns_17ns_17_2_0_U76   |sub_17ns_17ns_17_2_0  |        0|   0|  80|  21|    0|
    |sub_17ns_17ns_17_2_0_U79   |sub_17ns_17ns_17_2_0  |        0|   0|  80|  21|    0|
    |sub_17ns_17ns_17_2_0_U80   |sub_17ns_17ns_17_2_0  |        0|   0|  80|  21|    0|
    |sub_17ns_17ns_17_2_0_U83   |sub_17ns_17ns_17_2_0  |        0|   0|  80|  21|    0|
    |sub_17ns_17ns_17_2_0_U84   |sub_17ns_17ns_17_2_0  |        0|   0|  80|  21|    0|
    |sub_17ns_17ns_17_2_0_U87   |sub_17ns_17ns_17_2_0  |        0|   0|  80|  21|    0|
    |sub_17ns_17ns_17_2_0_U88   |sub_17ns_17ns_17_2_0  |        0|   0|  80|  21|    0|
    |sub_17ns_17ns_17_2_0_U91   |sub_17ns_17ns_17_2_0  |        0|   0|  80|  21|    0|
    |sub_17ns_17ns_17_2_0_U92   |sub_17ns_17ns_17_2_0  |        0|   0|  80|  21|    0|
    |sub_17ns_17ns_17_2_0_U95   |sub_17ns_17ns_17_2_0  |        0|   0|  80|  21|    0|
    |sub_17ns_17ns_17_2_0_U96   |sub_17ns_17ns_17_2_0  |        0|   0|  80|  21|    0|
    |sub_17ns_17ns_17_2_0_U99   |sub_17ns_17ns_17_2_0  |        0|   0|  80|  21|    0|
    |sub_17ns_17ns_17_2_0_U100  |sub_17ns_17ns_17_2_0  |        0|   0|  80|  21|    0|
    |sub_19ns_19ns_19_2_0_U49   |sub_19ns_19ns_19_2_0  |        0|   0|  89|  23|    0|
    |sub_19ns_19ns_19_2_0_U53   |sub_19ns_19ns_19_2_0  |        0|   0|  89|  23|    0|
    |sub_19ns_19ns_19_2_0_U56   |sub_19ns_19ns_19_2_0  |        0|   0|  89|  23|    0|
    |sub_19ns_19ns_19_2_0_U59   |sub_19ns_19ns_19_2_0  |        0|   0|  89|  23|    0|
    |sub_19ns_19ns_19_2_0_U62   |sub_19ns_19ns_19_2_0  |        0|   0|  89|  23|    0|
    |sub_19ns_19ns_19_2_0_U65   |sub_19ns_19ns_19_2_0  |        0|   0|  89|  23|    0|
    |sub_19ns_19ns_19_2_0_U67   |sub_19ns_19ns_19_2_0  |        0|   0|  89|  23|    0|
    |sub_19ns_19ns_19_2_0_U71   |sub_19ns_19ns_19_2_0  |        0|   0|  89|  23|    0|
    |sub_4ns_4ns_4_2_0_U41      |sub_4ns_4ns_4_2_0     |        0|   0|  22|   8|    0|
    |sub_5ns_5ns_5_2_0_U42      |sub_5ns_5ns_5_2_0     |        0|   0|  26|   9|    0|
    |sub_6ns_6ns_6_2_0_U43      |sub_6ns_6ns_6_2_0     |        0|   0|  31|  10|    0|
    |sub_7ns_7ns_7_2_0_U44      |sub_7ns_7ns_7_2_0     |        0|   0|  35|  11|    0|
    |sub_8ns_8ns_8_2_0_U45      |sub_8ns_8ns_8_2_0     |        0|   0|  40|  12|    0|
    |sub_9ns_9ns_9_2_0_U46      |sub_9ns_9ns_9_2_0     |        0|   0|  44|  13|    0|
    +---------------------------+----------------------+---------+----+----+----+-----+
    |Total                      |                      |        0|   0|4996|1319|    0|
    +---------------------------+----------------------+---------+----+----+----+-----+

    * DSP: 
    N/A

    * Memory: 
    N/A

    * FIFO: 
    N/A

    * Expression: 
    +---------------------------+----------+----+---+----+------------+------------+
    |       Variable Name       | Operation| DSP| FF| LUT| Bitwidth P0| Bitwidth P1|
    +---------------------------+----------+----+---+----+------------+------------+
    |and_ln318_10_fu_1952_p2    |       and|   0|  0|   2|           1|           1|
    |and_ln318_11_fu_2139_p2    |       and|   0|  0|   2|           1|           1|
    |and_ln318_12_fu_2145_p2    |       and|   0|  0|   2|           1|           1|
    |and_ln318_13_fu_2301_p2    |       and|   0|  0|   2|           1|           1|
    |and_ln318_14_fu_2307_p2    |       and|   0|  0|   2|           1|           1|
    |and_ln318_15_fu_2463_p2    |       and|   0|  0|   2|           1|           1|
    |and_ln318_16_fu_2469_p2    |       and|   0|  0|   2|           1|           1|
    |and_ln318_17_fu_2625_p2    |       and|   0|  0|   2|           1|           1|
    |and_ln318_18_fu_2631_p2    |       and|   0|  0|   2|           1|           1|
    |and_ln318_19_fu_2787_p2    |       and|   0|  0|   2|           1|           1|
    |and_ln318_1_fu_1014_p2     |       and|   0|  0|   2|           1|           1|
    |and_ln318_20_fu_2793_p2    |       and|   0|  0|   2|           1|           1|
    |and_ln318_21_fu_2949_p2    |       and|   0|  0|   2|           1|           1|
    |and_ln318_22_fu_2955_p2    |       and|   0|  0|   2|           1|           1|
    |and_ln318_23_fu_3061_p2    |       and|   0|  0|   2|           1|           1|
    |and_ln318_24_fu_3067_p2    |       and|   0|  0|   2|           1|           1|
    |and_ln318_2_fu_1105_p2     |       and|   0|  0|   2|           1|           1|
    |and_ln318_3_fu_1208_p2     |       and|   0|  0|   2|           1|           1|
    |and_ln318_4_fu_1311_p2     |       and|   0|  0|   2|           1|           1|
    |and_ln318_5_fu_1414_p2     |       and|   0|  0|   2|           1|           1|
    |and_ln318_6_fu_1517_p2     |       and|   0|  0|   2|           1|           1|
    |and_ln318_7_fu_1624_p2     |       and|   0|  0|   2|           1|           1|
    |and_ln318_8_fu_1726_p2     |       and|   0|  0|   2|           1|           1|
    |and_ln318_9_fu_1946_p2     |       and|   0|  0|   2|           1|           1|
    |and_ln318_fu_1808_p2       |       and|   0|  0|   2|           1|           1|
    |and_ln331_1_fu_2122_p2     |       and|   0|  0|   2|           1|           1|
    |and_ln331_2_fu_2284_p2     |       and|   0|  0|   2|           1|           1|
    |and_ln331_3_fu_2446_p2     |       and|   0|  0|   2|           1|           1|
    |and_ln331_4_fu_2608_p2     |       and|   0|  0|   2|           1|           1|
    |and_ln331_5_fu_2770_p2     |       and|   0|  0|   2|           1|           1|
    |and_ln331_6_fu_2928_p2     |       and|   0|  0|   2|           1|           1|
    |and_ln331_fu_1972_p2       |       and|   0|  0|   2|           1|           1|
    |delta_V_1_fu_2044_p2       |      icmp|   0|  0|  13|          17|          17|
    |delta_V_2_fu_2206_p2       |      icmp|   0|  0|  13|          17|          17|
    |delta_V_3_fu_2368_p2       |      icmp|   0|  0|  13|          17|          17|
    |delta_V_4_fu_2530_p2       |      icmp|   0|  0|  13|          17|          17|
    |delta_V_5_fu_2692_p2       |      icmp|   0|  0|  13|          17|          17|
    |delta_V_6_fu_2854_p2       |      icmp|   0|  0|  13|          17|          17|
    |delta_V_fu_1901_p2         |      icmp|   0|  0|  13|          17|          17|
    |icmp_ln1494_10_fu_1921_p2  |      icmp|   0|  0|  13|          17|          17|
    |icmp_ln1494_11_fu_2098_p2  |      icmp|   0|  0|  13|          17|          17|
    |icmp_ln1494_12_fu_2260_p2  |      icmp|   0|  0|  13|          17|          17|
    |icmp_ln1494_13_fu_2422_p2  |      icmp|   0|  0|  13|          17|          17|
    |icmp_ln1494_14_fu_2584_p2  |      icmp|   0|  0|  13|          17|          17|
    |icmp_ln1494_15_fu_2746_p2  |      icmp|   0|  0|  13|          17|          17|
    |icmp_ln1494_16_fu_2904_p2  |      icmp|   0|  0|  13|          17|          17|
    |icmp_ln1494_17_fu_3038_p2  |      icmp|   0|  0|  13|          17|          17|
    |icmp_ln1494_1_fu_1086_p2   |      icmp|   0|  0|  13|          19|          19|
    |icmp_ln1494_2_fu_1189_p2   |      icmp|   0|  0|  13|          19|          19|
    |icmp_ln1494_3_fu_1292_p2   |      icmp|   0|  0|  13|          19|          19|
    |icmp_ln1494_4_fu_1395_p2   |      icmp|   0|  0|  13|          19|          19|
    |icmp_ln1494_5_fu_1498_p2   |      icmp|   0|  0|  13|          19|          19|
    |icmp_ln1494_6_fu_1610_p2   |      icmp|   0|  0|  13|          19|          19|
    |icmp_ln1494_7_fu_1708_p2   |      icmp|   0|  0|  13|          19|          19|
    |icmp_ln1494_8_fu_1789_p2   |      icmp|   0|  0|  13|          19|           1|
    |icmp_ln1494_9_fu_1773_p2   |      icmp|   0|  0|  13|          17|          17|
    |icmp_ln1494_fu_987_p2      |      icmp|   0|  0|  13|          19|          19|
    |icmp_ln1495_1_fu_2079_p2   |      icmp|   0|  0|  13|          17|          17|
    |icmp_ln1495_2_fu_2241_p2   |      icmp|   0|  0|  13|          17|          17|
    |icmp_ln1495_3_fu_2403_p2   |      icmp|   0|  0|  13|          17|          17|
    |icmp_ln1495_4_fu_2565_p2   |      icmp|   0|  0|  13|          17|          17|
    |icmp_ln1495_5_fu_2727_p2   |      icmp|   0|  0|  13|          17|          17|
    |icmp_ln1495_6_fu_2889_p2   |      icmp|   0|  0|  13|          17|          17|
    |icmp_ln1495_fu_1930_p2     |      icmp|   0|  0|  13|          17|          17|
    |icmp_ln1496_fu_3014_p2     |      icmp|   0|  0|  13|          17|          17|
    |icmp_ln1498_1_fu_1916_p2   |      icmp|   0|  0|  13|          19|           1|
    |icmp_ln1498_2_fu_2093_p2   |      icmp|   0|  0|  13|          19|           1|
    |icmp_ln1498_3_fu_2255_p2   |      icmp|   0|  0|  13|          19|           1|
    |icmp_ln1498_4_fu_2417_p2   |      icmp|   0|  0|  13|          19|           1|
    |icmp_ln1498_5_fu_2579_p2   |      icmp|   0|  0|  13|          19|           1|
    |icmp_ln1498_6_fu_2741_p2   |      icmp|   0|  0|  13|          19|           1|
    |icmp_ln1498_7_fu_2899_p2   |      icmp|   0|  0|  13|          19|           1|
    |icmp_ln1498_8_fu_2992_p2   |      icmp|   0|  0|  13|          19|           1|
    |icmp_ln1498_fu_1794_p2     |      icmp|   0|  0|  13|          19|           1|
    |icmp_ln318_10_fu_2236_p2   |      icmp|   0|  0|  13|          17|          17|
    |icmp_ln318_11_fu_2398_p2   |      icmp|   0|  0|  13|          17|          17|
    |icmp_ln318_12_fu_2560_p2   |      icmp|   0|  0|  13|          17|          17|
    |icmp_ln318_13_fu_2722_p2   |      icmp|   0|  0|  13|          17|          17|
    |icmp_ln318_14_fu_2884_p2   |      icmp|   0|  0|  13|          17|          17|
    |icmp_ln318_15_fu_3033_p2   |      icmp|   0|  0|  13|          17|          17|
    |icmp_ln318_16_fu_1380_p2   |      icmp|   0|  0|  13|          19|          19|
    |icmp_ln318_17_fu_1385_p2   |      icmp|   0|  0|  13|          17|          17|
    |icmp_ln318_18_fu_1483_p2   |      icmp|   0|  0|  13|          19|          19|
    |icmp_ln318_19_fu_1488_p2   |      icmp|   0|  0|  13|          17|          17|
    |icmp_ln318_1_fu_338_p2     |      icmp|   0|  0|   8|           2|           1|
    |icmp_ln318_20_fu_1596_p2   |      icmp|   0|  0|  13|          19|          19|
    |icmp_ln318_21_fu_1575_p2   |      icmp|   0|  0|  13|          17|          17|
    |icmp_ln318_22_fu_1694_p2   |      icmp|   0|  0|  13|          19|          19|
    |icmp_ln318_23_fu_1678_p2   |      icmp|   0|  0|  13|          17|          17|
    |icmp_ln318_2_fu_1071_p2    |      icmp|   0|  0|  13|          19|          19|
    |icmp_ln318_3_fu_1076_p2    |      icmp|   0|  0|  13|          17|          17|
    |icmp_ln318_4_fu_1174_p2    |      icmp|   0|  0|  13|          19|          19|
    |icmp_ln318_5_fu_1179_p2    |      icmp|   0|  0|  13|          17|          17|
    |icmp_ln318_6_fu_1277_p2    |      icmp|   0|  0|  13|          19|          19|
    |icmp_ln318_7_fu_1282_p2    |      icmp|   0|  0|  13|          17|          17|
    |icmp_ln318_8_fu_1896_p2    |      icmp|   0|  0|  13|          17|          17|
    |icmp_ln318_9_fu_2074_p2    |      icmp|   0|  0|  13|          17|          17|
    |icmp_ln318_fu_977_p2       |      icmp|   0|  0|  13|          19|          19|
    |icmp_ln331_fu_1778_p2      |      icmp|   0|  0|  13|          17|          17|
    |icmp_ln489_1_fu_403_p2     |      icmp|   0|  0|   9|           4|           4|
    |icmp_ln489_2_fu_475_p2     |      icmp|   0|  0|   9|           5|           5|
    |icmp_ln489_3_fu_547_p2     |      icmp|   0|  0|  10|           6|           6|
    |icmp_ln489_4_fu_619_p2     |      icmp|   0|  0|  10|           7|           7|
    |icmp_ln489_5_fu_691_p2     |      icmp|   0|  0|  11|           8|           8|
    |icmp_ln489_6_fu_763_p2     |      icmp|   0|  0|  11|           9|           9|
    |icmp_ln489_7_fu_819_p2     |      icmp|   0|  0|  11|          10|          10|
    |icmp_ln489_fu_316_p2       |      icmp|   0|  0|   8|           2|           1|
    |or_ln318_10_fu_2265_p2     |        or|   0|  0|   2|           1|           1|
    |or_ln318_11_fu_2427_p2     |        or|   0|  0|   2|           1|           1|
    |or_ln318_12_fu_2589_p2     |        or|   0|  0|   2|           1|           1|
    |or_ln318_13_fu_2751_p2     |        or|   0|  0|   2|           1|           1|
    |or_ln318_14_fu_2909_p2     |        or|   0|  0|   2|           1|           1|
    |or_ln318_15_fu_3043_p2     |        or|   0|  0|   2|           1|           1|
    |or_ln318_16_fu_1812_p2     |        or|   0|  0|   2|           1|           1|
    |or_ln318_1_fu_1091_p2      |        or|   0|  0|   2|           1|           1|
    |or_ln318_2_fu_1194_p2      |        or|   0|  0|   2|           1|           1|
    |or_ln318_3_fu_1297_p2      |        or|   0|  0|   2|           1|           1|
    |or_ln318_4_fu_1400_p2      |        or|   0|  0|   2|           1|           1|
    |or_ln318_5_fu_1503_p2      |        or|   0|  0|   2|           1|           1|
    |or_ln318_6_fu_1615_p2      |        or|   0|  0|   2|           1|           1|
    |or_ln318_7_fu_1713_p2      |        or|   0|  0|   2|           1|           1|
    |or_ln318_8_fu_1926_p2      |        or|   0|  0|   2|           1|           1|
    |or_ln318_9_fu_2103_p2      |        or|   0|  0|   2|           1|           1|
    |or_ln318_fu_999_p2         |        or|   0|  0|   2|           1|           1|
    |or_ln331_1_fu_2112_p2      |        or|   0|  0|   2|           1|           1|
    |or_ln331_2_fu_2274_p2      |        or|   0|  0|   2|           1|           1|
    |or_ln331_3_fu_2436_p2      |        or|   0|  0|   2|           1|           1|
    |or_ln331_4_fu_2598_p2      |        or|   0|  0|   2|           1|           1|
    |or_ln331_5_fu_2760_p2      |        or|   0|  0|   2|           1|           1|
    |or_ln331_6_fu_2918_p2      |        or|   0|  0|   2|           1|           1|
    |or_ln331_fu_1962_p2        |        or|   0|  0|   2|           1|           1|
    |p_Val2_23_fu_1032_p3       |    select|   0|  0|  17|           1|          17|
    |p_neg168_fu_1934_p3        |    select|   0|  0|   2|           1|           2|
    |p_neg169_fu_2054_p3        |    select|   0|  0|   2|           1|           2|
    |p_neg170_fu_2216_p3        |    select|   0|  0|   2|           1|           2|
    |p_neg171_fu_2378_p3        |    select|   0|  0|   2|           1|           2|
    |p_neg172_fu_2540_p3        |    select|   0|  0|   2|           1|           2|
    |p_neg173_fu_2702_p3        |    select|   0|  0|   2|           1|           2|
    |p_neg174_fu_2864_p3        |    select|   0|  0|   2|           1|           2|
    |res_FH_V_31_fu_3072_p3     |    select|   0|  0|  17|           1|          17|
    |res_FH_V_33_fu_1025_p3     |    select|   0|  0|  18|           1|           1|
    |res_FH_V_34_fu_1134_p3     |    select|   0|  0|  17|           1|          17|
    |res_FH_V_35_fu_1237_p3     |    select|   0|  0|  17|           1|          17|
    |res_FH_V_36_fu_1340_p3     |    select|   0|  0|  17|           1|          17|
    |res_FH_V_37_fu_1443_p3     |    select|   0|  0|  17|           1|          17|
    |res_FH_V_38_fu_1546_p3     |    select|   0|  0|  17|           1|          17|
    |res_FH_V_39_fu_1649_p3     |    select|   0|  0|  17|           1|          17|
    |res_FH_V_40_fu_1837_p3     |    select|   0|  0|  17|           1|          17|
    |res_FH_V_41_fu_2011_p3     |    select|   0|  0|  17|           1|          17|
    |res_FH_V_42_fu_2163_p3     |    select|   0|  0|  17|           1|          17|
    |res_FH_V_43_fu_2325_p3     |    select|   0|  0|  17|           1|          17|
    |res_FH_V_44_fu_2487_p3     |    select|   0|  0|  17|           1|          17|
    |res_FH_V_45_fu_2649_p3     |    select|   0|  0|  17|           1|          17|
    |res_FH_V_46_fu_2811_p3     |    select|   0|  0|  17|           1|          17|
    |res_FH_V_47_fu_2973_p3     |    select|   0|  0|  17|           1|          17|
    |res_FH_V_fu_1741_p3        |    select|   0|  0|  17|           1|          17|
    |res_I_V_16_fu_365_p3       |    select|   0|  0|   9|           1|           1|
    |res_I_V_17_fu_438_p3       |    select|   0|  0|   8|           1|           8|
    |res_I_V_18_fu_510_p3       |    select|   0|  0|   8|           1|           8|
    |res_I_V_19_fu_582_p3       |    select|   0|  0|   8|           1|           8|
    |res_I_V_20_fu_654_p3       |    select|   0|  0|   8|           1|           8|
    |res_I_V_21_fu_726_p3       |    select|   0|  0|   8|           1|           8|
    |res_I_V_22_fu_782_p3       |    select|   0|  0|   8|           1|           8|
    |res_I_V_23_fu_3112_p3      |    select|   0|  0|   8|           1|           8|
    |res_I_V_fu_859_p3          |    select|   0|  0|   8|           1|           8|
    |select_ln99_fu_3135_p3     |    select|   0|  0|  24|           1|           1|
    |x_l_FH_V_28_fu_1115_p3     |    select|   0|  0|  17|           1|          17|
    |x_l_FH_V_30_fu_1218_p3     |    select|   0|  0|  17|           1|          17|
    |x_l_FH_V_32_fu_1321_p3     |    select|   0|  0|  17|           1|          17|
    |x_l_FH_V_34_fu_1424_p3     |    select|   0|  0|  17|           1|          17|
    |x_l_FH_V_36_fu_1527_p3     |    select|   0|  0|  17|           1|          17|
    |x_l_FH_V_38_fu_1630_p3     |    select|   0|  0|  17|           1|          17|
    |x_l_FH_V_40_fu_1747_p3     |    select|   0|  0|  17|           1|          17|
    |x_l_FH_V_42_fu_1850_p3     |    select|   0|  0|  17|           1|          17|
    |x_l_FH_V_44_fu_2049_p3     |    select|   0|  0|  17|           1|          17|
    |x_l_FH_V_46_fu_2211_p3     |    select|   0|  0|  17|           1|          17|
    |x_l_FH_V_48_fu_2373_p3     |    select|   0|  0|  17|           1|          17|
    |x_l_FH_V_50_fu_2535_p3     |    select|   0|  0|  17|           1|          17|
    |x_l_FH_V_52_fu_2697_p3     |    select|   0|  0|  17|           1|          17|
    |x_l_FH_V_54_fu_2859_p3     |    select|   0|  0|  17|           1|          17|
    |x_l_FH_V_56_fu_3020_p3     |    select|   0|  0|  17|           1|          17|
    |x_l_FL_V_14_fu_2998_p3     |    select|   0|  0|  17|           1|          17|
    |x_l_FL_V_15_fu_1843_p3     |    select|   0|  0|  18|           1|          18|
    |x_l_FL_V_16_fu_1988_p3     |    select|   0|  0|  17|           1|          17|
    |x_l_FL_V_17_fu_2169_p3     |    select|   0|  0|  17|           1|          17|
    |x_l_FL_V_18_fu_2331_p3     |    select|   0|  0|  17|           1|          17|
    |x_l_FL_V_19_fu_2493_p3     |    select|   0|  0|  17|           1|          17|
    |x_l_FL_V_20_fu_2655_p3     |    select|   0|  0|  17|           1|          17|
    |x_l_FL_V_21_fu_2817_p3     |    select|   0|  0|  17|           1|          17|
    |x_l_I_V_100_fu_2128_p3     |    select|   0|  0|  19|           1|          19|
    |x_l_I_V_101_fu_2174_p3     |    select|   0|  0|  19|           1|          19|
    |x_l_I_V_102_fu_2290_p3     |    select|   0|  0|  19|           1|          19|
    |x_l_I_V_103_fu_2336_p3     |    select|   0|  0|  19|           1|          19|
    |x_l_I_V_104_fu_2452_p3     |    select|   0|  0|  19|           1|          19|
    |x_l_I_V_105_fu_2498_p3     |    select|   0|  0|  19|           1|          19|
    |x_l_I_V_106_fu_2614_p3     |    select|   0|  0|  19|           1|          19|
    |x_l_I_V_107_fu_2660_p3     |    select|   0|  0|  19|           1|          19|
    |x_l_I_V_108_fu_2776_p3     |    select|   0|  0|  19|           1|          19|
    |x_l_I_V_109_fu_2822_p3     |    select|   0|  0|  19|           1|          19|
    |x_l_I_V_110_fu_2934_p3     |    select|   0|  0|  19|           1|          19|
    |x_l_I_V_111_fu_2979_p3     |    select|   0|  0|  19|           1|          19|
    |x_l_I_V_18_fu_865_p3       |    select|   0|  0|  19|           1|          19|
    |x_l_I_V_21_fu_1095_p3      |    select|   0|  0|  19|           1|          19|
    |x_l_I_V_25_fu_1198_p3      |    select|   0|  0|  19|           1|          19|
    |x_l_I_V_29_fu_1301_p3      |    select|   0|  0|  19|           1|          19|
    |x_l_I_V_33_fu_1404_p3      |    select|   0|  0|  19|           1|          19|
    |x_l_I_V_37_fu_1507_p3      |    select|   0|  0|  19|           1|          19|
    |x_l_I_V_41_fu_1580_p3      |    select|   0|  0|  19|           1|          19|
    |x_l_I_V_45_fu_1699_p3      |    select|   0|  0|  19|           1|          19|
    |x_l_I_V_72_fu_358_p3       |    select|   0|  0|  19|           1|          19|
    |x_l_I_V_73_fu_432_p3       |    select|   0|  0|  19|           1|          19|
    |x_l_I_V_74_fu_504_p3       |    select|   0|  0|  19|           1|          19|
    |x_l_I_V_75_fu_576_p3       |    select|   0|  0|  19|           1|          19|
    |x_l_I_V_76_fu_648_p3       |    select|   0|  0|  19|           1|          19|
    |x_l_I_V_77_fu_720_p3       |    select|   0|  0|  19|           1|          19|
    |x_l_I_V_78_fu_798_p3       |    select|   0|  0|  19|           1|          19|
    |x_l_I_V_79_fu_839_p3       |    select|   0|  0|  19|           1|          19|
    |x_l_I_V_81_fu_1020_p3      |    select|   0|  0|  19|           1|          19|
    |x_l_I_V_83_fu_1120_p3      |    select|   0|  0|  19|           1|          19|
    |x_l_I_V_85_fu_1223_p3      |    select|   0|  0|  19|           1|          19|
    |x_l_I_V_87_fu_1326_p3      |    select|   0|  0|  19|           1|          19|
    |x_l_I_V_89_fu_1429_p3      |    select|   0|  0|  19|           1|          19|
    |x_l_I_V_91_fu_1532_p3      |    select|   0|  0|  19|           1|          19|
    |x_l_I_V_93_fu_1635_p3      |    select|   0|  0|  19|           1|          19|
    |x_l_I_V_95_fu_1762_p3      |    select|   0|  0|  19|           1|          19|
    |x_l_I_V_96_fu_1822_p3      |    select|   0|  0|  19|           1|          19|
    |x_l_I_V_97_fu_1855_p3      |    select|   0|  0|  19|           1|          19|
    |x_l_I_V_98_fu_1978_p3      |    select|   0|  0|  19|           1|          19|
    |x_l_I_V_99_fu_1993_p3      |    select|   0|  0|  19|           1|          19|
    |xor_ln1494_10_fu_2296_p2   |       xor|   0|  0|   2|           1|           2|
    |xor_ln1494_11_fu_2458_p2   |       xor|   0|  0|   2|           1|           2|
    |xor_ln1494_12_fu_2620_p2   |       xor|   0|  0|   2|           1|           2|
    |xor_ln1494_13_fu_2782_p2   |       xor|   0|  0|   2|           1|           2|
    |xor_ln1494_14_fu_2944_p2   |       xor|   0|  0|   2|           1|           2|
    |xor_ln1494_15_fu_3056_p2   |       xor|   0|  0|   2|           1|           2|
    |xor_ln1494_1_fu_1100_p2    |       xor|   0|  0|   2|           1|           2|
    |xor_ln1494_2_fu_1203_p2    |       xor|   0|  0|   2|           1|           2|
    |xor_ln1494_3_fu_1306_p2    |       xor|   0|  0|   2|           1|           2|
    |xor_ln1494_4_fu_1409_p2    |       xor|   0|  0|   2|           1|           2|
    |xor_ln1494_5_fu_1512_p2    |       xor|   0|  0|   2|           1|           2|
    |xor_ln1494_6_fu_1619_p2    |       xor|   0|  0|   2|           1|           2|
    |xor_ln1494_7_fu_1721_p2    |       xor|   0|  0|   2|           1|           2|
    |xor_ln1494_8_fu_1941_p2    |       xor|   0|  0|   2|           1|           2|
    |xor_ln1494_9_fu_2134_p2    |       xor|   0|  0|   2|           1|           2|
    |xor_ln1494_fu_1009_p2      |       xor|   0|  0|   2|           1|           2|
    |xor_ln1495_1_fu_2117_p2    |       xor|   0|  0|   2|           1|           2|
    |xor_ln1495_2_fu_2279_p2    |       xor|   0|  0|   2|           1|           2|
    |xor_ln1495_3_fu_2441_p2    |       xor|   0|  0|   2|           1|           2|
    |xor_ln1495_4_fu_2603_p2    |       xor|   0|  0|   2|           1|           2|
    |xor_ln1495_5_fu_2765_p2    |       xor|   0|  0|   2|           1|           2|
    |xor_ln1495_6_fu_2923_p2    |       xor|   0|  0|   2|           1|           2|
    |xor_ln1495_fu_1967_p2      |       xor|   0|  0|   2|           1|           2|
    |xor_ln331_1_fu_2107_p2     |       xor|   0|  0|   2|           1|           2|
    |xor_ln331_2_fu_2269_p2     |       xor|   0|  0|   2|           1|           2|
    |xor_ln331_3_fu_2431_p2     |       xor|   0|  0|   2|           1|           2|
    |xor_ln331_4_fu_2593_p2     |       xor|   0|  0|   2|           1|           2|
    |xor_ln331_5_fu_2755_p2     |       xor|   0|  0|   2|           1|           2|
    |xor_ln331_6_fu_2913_p2     |       xor|   0|  0|   2|           1|           2|
    |xor_ln331_7_fu_1817_p2     |       xor|   0|  0|   2|           1|           2|
    |xor_ln331_fu_1957_p2       |       xor|   0|  0|   2|           1|           2|
    |xor_ln703_fu_1783_p2       |       xor|   0|  0|  17|          17|           2|
    +---------------------------+----------+----+---+----+------------+------------+
    |Total                      |          |   0|  0|2706|        1429|        2687|
    +---------------------------+----------+----+---+----+------------+------------+

    * Multiplexer: 
    +-----------+----+-----------+-----+-----------+
    |    Name   | LUT| Input Size| Bits| Total Bits|
    +-----------+----+-----------+-----+-----------+
    |ap_return  |   9|          2|   24|         48|
    +-----------+----+-----------+-----+-----------+
    |Total      |   9|          2|   24|         48|
    +-----------+----+-----------+-----+-----------+

    * Register: 
    +---------------------------------------+-----+----+-----+-----------+
    |                  Name                 |  FF | LUT| Bits| Const Bits|
    +---------------------------------------+-----+----+-----+-----------+
    |add_ln248_reg_3175                     |    3|   0|    3|          0|
    |and_ln318_10_reg_4317                  |    1|   0|    1|          0|
    |and_ln318_12_reg_4443                  |    1|   0|    1|          0|
    |and_ln318_14_reg_4559                  |    1|   0|    1|          0|
    |and_ln318_16_reg_4675                  |    1|   0|    1|          0|
    |and_ln318_18_reg_4791                  |    1|   0|    1|          0|
    |and_ln318_1_reg_3580                   |    1|   0|    1|          0|
    |and_ln318_1_reg_3580_pp0_iter29_reg    |    1|   0|    1|          0|
    |and_ln318_20_reg_4907                  |    1|   0|    1|          0|
    |and_ln318_22_reg_5018                  |    1|   0|    1|          0|
    |and_ln318_2_reg_3660                   |    1|   0|    1|          0|
    |and_ln318_3_reg_3740                   |    1|   0|    1|          0|
    |and_ln318_4_reg_3820                   |    1|   0|    1|          0|
    |and_ln318_5_reg_3900                   |    1|   0|    1|          0|
    |and_ln318_6_reg_3980                   |    1|   0|    1|          0|
    |and_ln318_7_reg_4065                   |    1|   0|    1|          0|
    |and_ln318_7_reg_4065_pp0_iter65_reg    |    1|   0|    1|          0|
    |and_ln318_8_reg_4140                   |    1|   0|    1|          0|
    |and_ln318_8_reg_4140_pp0_iter70_reg    |    1|   0|    1|          0|
    |ap_ce_reg                              |    1|   0|    1|          0|
    |ap_return_int_reg                      |   24|   0|   24|          0|
    |delta_V_1_reg_4376                     |    1|   0|    1|          0|
    |delta_V_2_reg_4492                     |    1|   0|    1|          0|
    |delta_V_3_reg_4608                     |    1|   0|    1|          0|
    |delta_V_4_reg_4724                     |    1|   0|    1|          0|
    |delta_V_5_reg_4840                     |    1|   0|    1|          0|
    |delta_V_6_reg_4956                     |    1|   0|    1|          0|
    |delta_V_reg_4280                       |    1|   0|    1|          0|
    |delta_V_reg_4280_pp0_iter76_reg        |    1|   0|    1|          0|
    |icmp_ln1494_10_reg_4292                |    1|   0|    1|          0|
    |icmp_ln1494_11_reg_4423                |    1|   0|    1|          0|
    |icmp_ln1494_12_reg_4539                |    1|   0|    1|          0|
    |icmp_ln1494_13_reg_4655                |    1|   0|    1|          0|
    |icmp_ln1494_14_reg_4771                |    1|   0|    1|          0|
    |icmp_ln1494_15_reg_4887                |    1|   0|    1|          0|
    |icmp_ln1494_16_reg_5003                |    1|   0|    1|          0|
    |icmp_ln1494_17_reg_5069                |    1|   0|    1|          0|
    |icmp_ln1494_1_reg_3645                 |    1|   0|    1|          0|
    |icmp_ln1494_2_reg_3725                 |    1|   0|    1|          0|
    |icmp_ln1494_3_reg_3805                 |    1|   0|    1|          0|
    |icmp_ln1494_4_reg_3885                 |    1|   0|    1|          0|
    |icmp_ln1494_5_reg_3965                 |    1|   0|    1|          0|
    |icmp_ln1494_6_reg_4050                 |    1|   0|    1|          0|
    |icmp_ln1494_7_reg_4130                 |    1|   0|    1|          0|
    |icmp_ln1494_8_reg_4195                 |    1|   0|    1|          0|
    |icmp_ln1494_9_reg_4180                 |    1|   0|    1|          0|
    |icmp_ln1494_9_reg_4180_pp0_iter72_reg  |    1|   0|    1|          0|
    |icmp_ln1494_reg_3564                   |    1|   0|    1|          0|
    |icmp_ln1495_1_reg_4408                 |    1|   0|    1|          0|
    |icmp_ln1495_2_reg_4524                 |    1|   0|    1|          0|
    |icmp_ln1495_3_reg_4640                 |    1|   0|    1|          0|
    |icmp_ln1495_4_reg_4756                 |    1|   0|    1|          0|
    |icmp_ln1495_5_reg_4872                 |    1|   0|    1|          0|
    |icmp_ln1495_6_reg_4988                 |    1|   0|    1|          0|
    |icmp_ln1495_reg_4297                   |    1|   0|    1|          0|
    |icmp_ln1496_reg_5053                   |    1|   0|    1|          0|
    |icmp_ln1498_1_reg_4287                 |    1|   0|    1|          0|
    |icmp_ln1498_2_reg_4418                 |    1|   0|    1|          0|
    |icmp_ln1498_3_reg_4534                 |    1|   0|    1|          0|
    |icmp_ln1498_4_reg_4650                 |    1|   0|    1|          0|
    |icmp_ln1498_5_reg_4766                 |    1|   0|    1|          0|
    |icmp_ln1498_6_reg_4882                 |    1|   0|    1|          0|
    |icmp_ln1498_7_reg_4998                 |    1|   0|    1|          0|
    |icmp_ln1498_8_reg_5043                 |    1|   0|    1|          0|
    |icmp_ln1498_reg_4200                   |    1|   0|    1|          0|
    |icmp_ln318_10_reg_4518                 |    1|   0|    1|          0|
    |icmp_ln318_11_reg_4634                 |    1|   0|    1|          0|
    |icmp_ln318_12_reg_4750                 |    1|   0|    1|          0|
    |icmp_ln318_13_reg_4866                 |    1|   0|    1|          0|
    |icmp_ln318_14_reg_4982                 |    1|   0|    1|          0|
    |icmp_ln318_15_reg_5064                 |    1|   0|    1|          0|
    |icmp_ln318_16_reg_3869                 |    1|   0|    1|          0|
    |icmp_ln318_17_reg_3874                 |    1|   0|    1|          0|
    |icmp_ln318_18_reg_3949                 |    1|   0|    1|          0|
    |icmp_ln318_19_reg_3954                 |    1|   0|    1|          0|
    |icmp_ln318_1_reg_3169                  |    1|   0|    1|          0|
    |icmp_ln318_20_reg_4045                 |    1|   0|    1|          0|
    |icmp_ln318_21_reg_4024                 |    1|   0|    1|          0|
    |icmp_ln318_22_reg_4120                 |    1|   0|    1|          0|
    |icmp_ln318_23_reg_4104                 |    1|   0|    1|          0|
    |icmp_ln318_23_reg_4104_pp0_iter68_reg  |    1|   0|    1|          0|
    |icmp_ln318_2_reg_3629                  |    1|   0|    1|          0|
    |icmp_ln318_3_reg_3634                  |    1|   0|    1|          0|
    |icmp_ln318_4_reg_3709                  |    1|   0|    1|          0|
    |icmp_ln318_5_reg_3714                  |    1|   0|    1|          0|
    |icmp_ln318_6_reg_3789                  |    1|   0|    1|          0|
    |icmp_ln318_7_reg_3794                  |    1|   0|    1|          0|
    |icmp_ln318_8_reg_4274                  |    1|   0|    1|          0|
    |icmp_ln318_8_reg_4274_pp0_iter76_reg   |    1|   0|    1|          0|
    |icmp_ln318_9_reg_4402                  |    1|   0|    1|          0|
    |icmp_ln318_reg_3559                    |    1|   0|    1|          0|
    |icmp_ln331_reg_4185                    |    1|   0|    1|          0|
    |icmp_ln489_1_reg_3208                  |    1|   0|    1|          0|
    |icmp_ln489_1_reg_3208_pp0_iter4_reg    |    1|   0|    1|          0|
    |icmp_ln489_2_reg_3247                  |    1|   0|    1|          0|
    |icmp_ln489_2_reg_3247_pp0_iter7_reg    |    1|   0|    1|          0|
    |icmp_ln489_3_reg_3286                  |    1|   0|    1|          0|
    |icmp_ln489_3_reg_3286_pp0_iter10_reg   |    1|   0|    1|          0|
    |icmp_ln489_4_reg_3325                  |    1|   0|    1|          0|
    |icmp_ln489_4_reg_3325_pp0_iter13_reg   |    1|   0|    1|          0|
    |icmp_ln489_5_reg_3364                  |    1|   0|    1|          0|
    |icmp_ln489_5_reg_3364_pp0_iter16_reg   |    1|   0|    1|          0|
    |icmp_ln489_6_reg_3403                  |    1|   0|    1|          0|
    |icmp_ln489_6_reg_3403_pp0_iter19_reg   |    1|   0|    1|          0|
    |icmp_ln489_7_reg_3438                  |    1|   0|    1|          0|
    |icmp_ln489_reg_3163                    |    1|   0|    1|          0|
    |icmp_ln489_reg_3163_pp0_iter1_reg      |    1|   0|    1|          0|
    |mul_FH_V_5_reg_4019                    |   13|   0|   17|          4|
    |mul_FH_V_6_reg_4099                    |   15|   0|   17|          2|
    |mul_FH_V_8_reg_4263                    |   16|   0|   17|          1|
    |mul_FL_V_1_reg_4371                    |    4|   0|   17|         13|
    |mul_FL_V_2_reg_4487                    |    6|   0|   17|         11|
    |mul_FL_V_3_reg_4603                    |    8|   0|   17|          9|
    |mul_FL_V_4_reg_4719                    |   10|   0|   17|          7|
    |mul_FL_V_5_reg_4835                    |   12|   0|   17|          5|
    |mul_FL_V_6_reg_4951                    |   14|   0|   17|          3|
    |or_ln318_16_reg_4215                   |    1|   0|    1|          0|
    |p_Result_10_reg_3309                   |    5|   0|    5|          0|
    |p_Result_11_reg_3314                   |    7|   0|    7|          0|
    |p_Result_13_reg_3348                   |    6|   0|    6|          0|
    |p_Result_14_reg_3353                   |    8|   0|    8|          0|
    |p_Result_16_reg_3387                   |    7|   0|    7|          0|
    |p_Result_17_reg_3392                   |    9|   0|    9|          0|
    |p_Result_1_reg_3197                    |    4|   0|    4|          0|
    |p_Result_20_reg_3614                   |    1|   0|    2|          1|
    |p_Result_21_reg_3694                   |    3|   0|    3|          0|
    |p_Result_22_reg_3774                   |    4|   0|    4|          0|
    |p_Result_23_reg_3854                   |    5|   0|    5|          0|
    |p_Result_24_reg_3934                   |    6|   0|    6|          0|
    |p_Result_25_reg_4014                   |    7|   0|    7|          0|
    |p_Result_26_reg_4094                   |    8|   0|    8|          0|
    |p_Result_27_reg_4166                   |    9|   0|    9|          0|
    |p_Result_4_reg_3231                    |    3|   0|    3|          0|
    |p_Result_5_reg_3236                    |    5|   0|    5|          0|
    |p_Result_8_reg_3270                    |    4|   0|    4|          0|
    |p_Result_9_reg_3275                    |    6|   0|    6|          0|
    |p_Result_s_97_reg_3192                 |    1|   0|    2|          1|
    |p_Val2_23_reg_3607                     |   17|   0|   17|          0|
    |p_neg168_reg_4302                      |   17|   0|   17|          0|
    |p_neg169_reg_4392                      |   17|   0|   17|          0|
    |p_neg170_reg_4508                      |   17|   0|   17|          0|
    |p_neg171_reg_4624                      |   17|   0|   17|          0|
    |p_neg172_reg_4740                      |   17|   0|   17|          0|
    |p_neg173_reg_4856                      |   17|   0|   17|          0|
    |p_neg174_reg_4972                      |   17|   0|   17|          0|
    |res_FH_V_31_reg_5074                   |   17|   0|   17|          0|
    |res_FH_V_33_reg_3601                   |    1|   0|   17|         16|
    |res_FH_V_34_reg_3688                   |   17|   0|   17|          0|
    |res_FH_V_35_reg_3768                   |   17|   0|   17|          0|
    |res_FH_V_36_reg_3848                   |   17|   0|   17|          0|
    |res_FH_V_37_reg_3928                   |   17|   0|   17|          0|
    |res_FH_V_38_reg_4008                   |   17|   0|   17|          0|
    |res_FH_V_39_reg_4088                   |   17|   0|   17|          0|
    |res_FH_V_40_reg_4223                   |   17|   0|   17|          0|
    |res_FH_V_41_reg_4350                   |   17|   0|   17|          0|
    |res_FH_V_42_reg_4451                   |   17|   0|   17|          0|
    |res_FH_V_43_reg_4567                   |   17|   0|   17|          0|
    |res_FH_V_44_reg_4683                   |   17|   0|   17|          0|
    |res_FH_V_45_reg_4799                   |   17|   0|   17|          0|
    |res_FH_V_46_reg_4915                   |   17|   0|   17|          0|
    |res_FH_V_47_reg_5031                   |   17|   0|   17|          0|
    |res_FH_V_48_reg_5090                   |   17|   0|   17|          0|
    |res_FH_V_reg_4152                      |   17|   0|   17|          0|
    |res_FH_l_V_reg_5085                    |   18|   0|   18|          0|
    |res_I_V_14_reg_5095                    |    8|   0|    8|          0|
    |res_I_V_16_reg_3186                    |    1|   0|    8|          7|
    |res_I_V_17_reg_3225                    |    8|   0|    8|          0|
    |res_I_V_18_reg_3264                    |    8|   0|    8|          0|
    |res_I_V_19_reg_3303                    |    8|   0|    8|          0|
    |res_I_V_20_reg_3342                    |    8|   0|    8|          0|
    |res_I_V_21_reg_3381                    |    8|   0|    8|          0|
    |res_I_V_21_reg_3381_pp0_iter18_reg     |    8|   0|    8|          0|
    |res_I_V_22_reg_3414                    |    8|   0|    8|          0|
    |res_I_V_reg_3463                       |    8|   0|    8|          0|
    |sub_ln248_1_reg_3253                   |    5|   0|    5|          0|
    |sub_ln248_2_reg_3292                   |    6|   0|    6|          0|
    |sub_ln248_3_reg_3331                   |    7|   0|    7|          0|
    |sub_ln248_4_reg_3370                   |    8|   0|    8|          0|
    |sub_ln248_5_reg_3409                   |    9|   0|    9|          0|
    |sub_ln248_6_reg_3444                   |   10|   0|   10|          0|
    |sub_ln248_reg_3214                     |    4|   0|    4|          0|
    |sub_ln703_12_reg_4781                  |   17|   0|   17|          0|
    |sub_ln703_15_reg_4897                  |   17|   0|   17|          0|
    |sub_ln703_18_reg_5013                  |   17|   0|   17|          0|
    |sub_ln703_3_reg_4433                   |   17|   0|   17|          0|
    |sub_ln703_6_reg_4549                   |   17|   0|   17|          0|
    |sub_ln703_9_reg_4665                   |   17|   0|   17|          0|
    |sub_ln703_reg_4337                     |   17|   0|   17|          0|
    |tmp_10_reg_4588                        |    8|   0|    8|          0|
    |tmp_11_reg_4704                        |   10|   0|   10|          0|
    |tmp_12_reg_4820                        |   12|   0|   12|          0|
    |tmp_13_reg_4936                        |   14|   0|   14|          0|
    |tmp_14_reg_3489                        |    7|   0|    7|          0|
    |tmp_15_reg_3499                        |    6|   0|    6|          0|
    |tmp_16_reg_3509                        |    5|   0|    5|          0|
    |tmp_17_reg_3519                        |    4|   0|    4|          0|
    |tmp_18_reg_3529                        |    3|   0|    3|          0|
    |tmp_19_reg_3539                        |    2|   0|    2|          0|
    |tmp_20_reg_4258                        |    8|   0|    8|          0|
    |tmp_21_reg_4361                        |    7|   0|    7|          0|
    |tmp_22_reg_4477                        |    6|   0|    6|          0|
    |tmp_23_reg_4593                        |    5|   0|    5|          0|
    |tmp_24_reg_4709                        |    4|   0|    4|          0|
    |tmp_25_reg_4825                        |    3|   0|    3|          0|
    |tmp_26_reg_4941                        |    2|   0|    2|          0|
    |tmp_45_reg_3549                        |    1|   0|    1|          0|
    |tmp_56_reg_5038                        |    1|   0|    1|          0|
    |tmp_7_reg_4356                         |    4|   0|    4|          0|
    |tmp_9_reg_4472                         |    6|   0|    6|          0|
    |tmp_s_reg_4253                         |    2|   0|    2|          0|
    |trunc_ln104_1_reg_3494                 |    2|   0|    2|          0|
    |trunc_ln104_2_reg_3504                 |    3|   0|    3|          0|
    |trunc_ln104_3_reg_3514                 |    4|   0|    4|          0|
    |trunc_ln104_4_reg_3524                 |    5|   0|    5|          0|
    |trunc_ln104_5_reg_3534                 |    6|   0|    6|          0|
    |trunc_ln104_6_reg_3544                 |    7|   0|    7|          0|
    |trunc_ln104_reg_3484                   |    1|   0|    1|          0|
    |trunc_ln640_reg_3427                   |   10|   0|   10|          0|
    |trunc_ln731_reg_3153                   |   16|   0|   16|          0|
    |trunc_ln_reg_3148                      |   16|   0|   16|          0|
    |trunc_ln_reg_3148_pp0_iter1_reg        |   16|   0|   16|          0|
    |x_int_reg                              |   32|   0|   32|          0|
    |x_l_FH_V_26_reg_3587                   |   17|   0|   17|          0|
    |x_l_FH_V_27_reg_3655                   |   17|   0|   17|          0|
    |x_l_FH_V_28_reg_3667                   |   17|   0|   17|          0|
    |x_l_FH_V_29_reg_3735                   |   17|   0|   17|          0|
    |x_l_FH_V_30_reg_3747                   |   17|   0|   17|          0|
    |x_l_FH_V_31_reg_3815                   |   17|   0|   17|          0|
    |x_l_FH_V_32_reg_3827                   |   17|   0|   17|          0|
    |x_l_FH_V_33_reg_3895                   |   17|   0|   17|          0|
    |x_l_FH_V_34_reg_3907                   |   17|   0|   17|          0|
    |x_l_FH_V_35_reg_3975                   |   17|   0|   17|          0|
    |x_l_FH_V_36_reg_3987                   |   17|   0|   17|          0|
    |x_l_FH_V_37_reg_4060                   |   17|   0|   17|          0|
    |x_l_FH_V_38_reg_4072                   |   17|   0|   17|          0|
    |x_l_FH_V_39_reg_4135                   |   17|   0|   17|          0|
    |x_l_FH_V_40_reg_4158                   |   17|   0|   17|          0|
    |x_l_FH_V_41_reg_4210                   |   17|   0|   17|          0|
    |x_l_FH_V_42_reg_4236                   |   17|   0|   17|          0|
    |x_l_FH_V_43_reg_4366                   |   17|   0|   17|          0|
    |x_l_FH_V_44_reg_4383                   |   17|   0|   17|          0|
    |x_l_FH_V_45_reg_4482                   |   17|   0|   17|          0|
    |x_l_FH_V_46_reg_4499                   |   17|   0|   17|          0|
    |x_l_FH_V_47_reg_4598                   |   17|   0|   17|          0|
    |x_l_FH_V_48_reg_4615                   |   17|   0|   17|          0|
    |x_l_FH_V_49_reg_4714                   |   17|   0|   17|          0|
    |x_l_FH_V_50_reg_4731                   |   17|   0|   17|          0|
    |x_l_FH_V_51_reg_4830                   |   17|   0|   17|          0|
    |x_l_FH_V_52_reg_4847                   |   17|   0|   17|          0|
    |x_l_FH_V_53_reg_4946                   |   17|   0|   17|          0|
    |x_l_FH_V_54_reg_4963                   |   17|   0|   17|          0|
    |x_l_FH_V_55_reg_5048                   |   17|   0|   17|          0|
    |x_l_FH_V_56_reg_5058                   |   17|   0|   17|          0|
    |x_l_FH_V_reg_3569                      |   16|   0|   17|          1|
    |x_l_FH_V_reg_3569_pp0_iter29_reg       |   16|   0|   17|          1|
    |x_l_FL_V_11_reg_4902                   |   17|   0|   17|          0|
    |x_l_FL_V_13_reg_5026                   |   17|   0|   17|          0|
    |x_l_FL_V_15_reg_4229                   |    1|   0|   17|         16|
    |x_l_FL_V_16_reg_4330                   |   17|   0|   17|          0|
    |x_l_FL_V_17_reg_4457                   |   17|   0|   17|          0|
    |x_l_FL_V_18_reg_4573                   |   17|   0|   17|          0|
    |x_l_FL_V_19_reg_4689                   |   17|   0|   17|          0|
    |x_l_FL_V_20_reg_4805                   |   17|   0|   17|          0|
    |x_l_FL_V_21_reg_4921                   |   17|   0|   17|          0|
    |x_l_FL_V_3_reg_4438                    |   17|   0|   17|          0|
    |x_l_FL_V_5_reg_4554                    |   17|   0|   17|          0|
    |x_l_FL_V_7_reg_4670                    |   17|   0|   17|          0|
    |x_l_FL_V_9_reg_4786                    |   17|   0|   17|          0|
    |x_l_FL_V_reg_4312                      |   17|   0|   17|          0|
    |x_l_I_V_100_reg_4428                   |   19|   0|   19|          0|
    |x_l_I_V_101_reg_4464                   |   19|   0|   19|          0|
    |x_l_I_V_102_reg_4544                   |   19|   0|   19|          0|
    |x_l_I_V_103_reg_4580                   |   19|   0|   19|          0|
    |x_l_I_V_104_reg_4660                   |   19|   0|   19|          0|
    |x_l_I_V_105_reg_4696                   |   19|   0|   19|          0|
    |x_l_I_V_106_reg_4776                   |   19|   0|   19|          0|
    |x_l_I_V_107_reg_4812                   |   19|   0|   19|          0|
    |x_l_I_V_108_reg_4892                   |   19|   0|   19|          0|
    |x_l_I_V_109_reg_4928                   |   19|   0|   19|          0|
    |x_l_I_V_110_reg_5008                   |   19|   0|   19|          0|
    |x_l_I_V_17_reg_3458                    |   19|   0|   19|          0|
    |x_l_I_V_18_reg_3479                    |   19|   0|   19|          0|
    |x_l_I_V_21_reg_3650                    |   19|   0|   19|          0|
    |x_l_I_V_24_reg_3720                    |   19|   0|   19|          0|
    |x_l_I_V_25_reg_3730                    |   19|   0|   19|          0|
    |x_l_I_V_28_reg_3800                    |   19|   0|   19|          0|
    |x_l_I_V_29_reg_3810                    |   19|   0|   19|          0|
    |x_l_I_V_32_reg_3880                    |   19|   0|   19|          0|
    |x_l_I_V_33_reg_3890                    |   19|   0|   19|          0|
    |x_l_I_V_36_reg_3960                    |   19|   0|   19|          0|
    |x_l_I_V_37_reg_3970                    |   19|   0|   19|          0|
    |x_l_I_V_40_reg_4030                    |   19|   0|   19|          0|
    |x_l_I_V_41_reg_4035                    |   19|   0|   19|          0|
    |x_l_I_V_44_reg_4110                    |   19|   0|   19|          0|
    |x_l_I_V_45_reg_4125                    |   19|   0|   19|          0|
    |x_l_I_V_48_reg_4205                    |   19|   0|   19|          0|
    |x_l_I_V_51_reg_4307                    |   19|   0|   19|          0|
    |x_l_I_V_54_reg_4413                    |   19|   0|   19|          0|
    |x_l_I_V_57_reg_4529                    |   19|   0|   19|          0|
    |x_l_I_V_60_reg_4645                    |   19|   0|   19|          0|
    |x_l_I_V_63_reg_4761                    |   19|   0|   19|          0|
    |x_l_I_V_66_reg_4877                    |   19|   0|   19|          0|
    |x_l_I_V_69_reg_4993                    |   19|   0|   19|          0|
    |x_l_I_V_72_reg_3180                    |   19|   0|   19|          0|
    |x_l_I_V_73_reg_3219                    |   19|   0|   19|          0|
    |x_l_I_V_74_reg_3258                    |   19|   0|   19|          0|
    |x_l_I_V_75_reg_3297                    |   19|   0|   19|          0|
    |x_l_I_V_76_reg_3336                    |   19|   0|   19|          0|
    |x_l_I_V_77_reg_3375                    |   19|   0|   19|          0|
    |x_l_I_V_78_reg_3421                    |   19|   0|   19|          0|
    |x_l_I_V_79_reg_3449                    |   19|   0|   19|          0|
    |x_l_I_V_80_reg_3575                    |   19|   0|   19|          0|
    |x_l_I_V_81_reg_3592                    |   19|   0|   19|          0|
    |x_l_I_V_82_reg_3674                    |   19|   0|   19|          0|
    |x_l_I_V_83_reg_3679                    |   19|   0|   19|          0|
    |x_l_I_V_84_reg_3754                    |   19|   0|   19|          0|
    |x_l_I_V_85_reg_3759                    |   19|   0|   19|          0|
    |x_l_I_V_86_reg_3834                    |   19|   0|   19|          0|
    |x_l_I_V_87_reg_3839                    |   19|   0|   19|          0|
    |x_l_I_V_88_reg_3914                    |   19|   0|   19|          0|
    |x_l_I_V_89_reg_3919                    |   19|   0|   19|          0|
    |x_l_I_V_90_reg_3994                    |   19|   0|   19|          0|
    |x_l_I_V_91_reg_3999                    |   19|   0|   19|          0|
    |x_l_I_V_92_reg_4055                    |   19|   0|   19|          0|
    |x_l_I_V_93_reg_4079                    |   19|   0|   19|          0|
    |x_l_I_V_94_reg_4147                    |   19|   0|   19|          0|
    |x_l_I_V_95_reg_4171                    |   19|   0|   19|          0|
    |x_l_I_V_97_reg_4245                    |   19|   0|   19|          0|
    |x_l_I_V_98_reg_4325                    |   19|   0|   19|          0|
    |x_l_I_V_99_reg_4342                    |   19|   0|   19|          0|
    |x_l_I_V_reg_3640                       |   19|   0|   19|          0|
    |x_read_reg_3143                        |   32|   0|   32|          0|
    |xor_ln703_reg_4190                     |   17|   0|   17|          0|
    |zext_ln318_1_reg_3624                  |    7|   0|   19|         12|
    |zext_ln318_2_reg_3704                  |    6|   0|   19|         13|
    |zext_ln318_3_reg_3784                  |    5|   0|   19|         14|
    |zext_ln318_4_reg_3864                  |    4|   0|   19|         15|
    |zext_ln318_5_reg_3944                  |    3|   0|   19|         16|
    |zext_ln318_7_reg_4115                  |    1|   0|   19|         18|
    |and_ln318_10_reg_4317                  |   64|  32|    1|          0|
    |and_ln318_12_reg_4443                  |   64|  32|    1|          0|
    |and_ln318_14_reg_4559                  |   64|  32|    1|          0|
    |and_ln318_16_reg_4675                  |   64|  32|    1|          0|
    |and_ln318_18_reg_4791                  |   64|  32|    1|          0|
    |and_ln318_20_reg_4907                  |   64|  32|    1|          0|
    |and_ln318_22_reg_5018                  |   64|  32|    1|          0|
    |and_ln318_2_reg_3660                   |   64|  32|    1|          0|
    |and_ln318_3_reg_3740                   |   64|  32|    1|          0|
    |and_ln318_4_reg_3820                   |   64|  32|    1|          0|
    |and_ln318_5_reg_3900                   |   64|  32|    1|          0|
    |and_ln318_6_reg_3980                   |   64|  32|    1|          0|
    |delta_V_1_reg_4376                     |   64|  32|    1|          0|
    |delta_V_2_reg_4492                     |   64|  32|    1|          0|
    |delta_V_3_reg_4608                     |   64|  32|    1|          0|
    |delta_V_4_reg_4724                     |   64|  32|    1|          0|
    |delta_V_5_reg_4840                     |   64|  32|    1|          0|
    |delta_V_6_reg_4956                     |   64|  32|    1|          0|
    |icmp_ln1496_reg_5053                   |   64|  32|    1|          0|
    |icmp_ln1498_8_reg_5043                 |   64|  32|    1|          0|
    |icmp_ln318_1_reg_3169                  |   64|  32|    1|          0|
    |icmp_ln318_21_reg_4024                 |   64|  32|    1|          0|
    |icmp_ln331_reg_4185                    |   64|  32|    1|          0|
    |icmp_ln489_7_reg_3438                  |   64|  32|    1|          0|
    |mul_FH_V_5_reg_4019                    |   64|  32|   17|          4|
    |mul_FH_V_8_reg_4263                    |   64|  32|   17|          1|
    |mul_FL_V_1_reg_4371                    |   64|  32|   17|         13|
    |mul_FL_V_2_reg_4487                    |   64|  32|   17|         11|
    |mul_FL_V_3_reg_4603                    |   64|  32|   17|          9|
    |mul_FL_V_4_reg_4719                    |   64|  32|   17|          7|
    |mul_FL_V_5_reg_4835                    |   64|  32|   17|          5|
    |mul_FL_V_6_reg_4951                    |   64|  32|   17|          3|
    |p_Val2_23_reg_3607                     |   64|  32|   17|          0|
    |res_FH_V_33_reg_3601                   |   64|  32|   17|         16|
    |res_FH_V_34_reg_3688                   |   64|  32|   17|          0|
    |res_FH_V_35_reg_3768                   |   64|  32|   17|          0|
    |res_FH_V_36_reg_3848                   |   64|  32|   17|          0|
    |res_FH_V_37_reg_3928                   |   64|  32|   17|          0|
    |res_FH_V_38_reg_4008                   |   64|  32|   17|          0|
    |res_FH_V_39_reg_4088                   |   64|  32|   17|          0|
    |res_FH_V_40_reg_4223                   |   64|  32|   17|          0|
    |res_FH_V_41_reg_4350                   |   64|  32|   17|          0|
    |res_FH_V_42_reg_4451                   |   64|  32|   17|          0|
    |res_FH_V_43_reg_4567                   |   64|  32|   17|          0|
    |res_FH_V_44_reg_4683                   |   64|  32|   17|          0|
    |res_FH_V_45_reg_4799                   |   64|  32|   17|          0|
    |res_FH_V_46_reg_4915                   |   64|  32|   17|          0|
    |res_FH_V_47_reg_5031                   |   64|  32|   17|          0|
    |res_FH_V_reg_4152                      |   64|  32|   17|          0|
    |res_I_V_16_reg_3186                    |   64|  32|    8|          7|
    |res_I_V_17_reg_3225                    |   64|  32|    8|          0|
    |res_I_V_18_reg_3264                    |   64|  32|    8|          0|
    |res_I_V_19_reg_3303                    |   64|  32|    8|          0|
    |res_I_V_20_reg_3342                    |   64|  32|    8|          0|
    |res_I_V_22_reg_3414                    |   64|  32|    8|          0|
    |res_I_V_reg_3463                       |   64|  32|    8|          0|
    |tmp_14_reg_3489                        |   64|  32|    7|          0|
    |tmp_15_reg_3499                        |   64|  32|    6|          0|
    |tmp_16_reg_3509                        |   64|  32|    5|          0|
    |tmp_17_reg_3519                        |   64|  32|    4|          0|
    |tmp_18_reg_3529                        |   64|  32|    3|          0|
    |tmp_19_reg_3539                        |   64|  32|    2|          0|
    |tmp_21_reg_4361                        |   64|  32|    7|          0|
    |tmp_22_reg_4477                        |   64|  32|    6|          0|
    |tmp_23_reg_4593                        |   64|  32|    5|          0|
    |tmp_24_reg_4709                        |   64|  32|    4|          0|
    |tmp_25_reg_4825                        |   64|  32|    3|          0|
    |tmp_26_reg_4941                        |   64|  32|    2|          0|
    |tmp_45_reg_3549                        |   64|  32|    1|          0|
    |tmp_56_reg_5038                        |   64|  32|    1|          0|
    |trunc_ln104_1_reg_3494                 |   64|  32|    2|          0|
    |trunc_ln104_2_reg_3504                 |   64|  32|    3|          0|
    |trunc_ln104_3_reg_3514                 |   64|  32|    4|          0|
    |trunc_ln104_4_reg_3524                 |   64|  32|    5|          0|
    |trunc_ln104_5_reg_3534                 |   64|  32|    6|          0|
    |trunc_ln104_6_reg_3544                 |   64|  32|    7|          0|
    |trunc_ln104_reg_3484                   |   64|  32|    1|          0|
    |trunc_ln731_reg_3153                   |   64|  32|   16|          0|
    |x_l_FH_V_28_reg_3667                   |   64|  32|   17|          0|
    |x_l_FH_V_30_reg_3747                   |   64|  32|   17|          0|
    |x_l_FH_V_32_reg_3827                   |   64|  32|   17|          0|
    |x_l_FH_V_34_reg_3907                   |   64|  32|   17|          0|
    |x_l_FH_V_36_reg_3987                   |   64|  32|   17|          0|
    |x_l_FH_V_38_reg_4072                   |   64|  32|   17|          0|
    |x_l_FH_V_40_reg_4158                   |   64|  32|   17|          0|
    |x_l_FH_V_42_reg_4236                   |   64|  32|   17|          0|
    |x_l_FH_V_44_reg_4383                   |   64|  32|   17|          0|
    |x_l_FH_V_46_reg_4499                   |   64|  32|   17|          0|
    |x_l_FH_V_48_reg_4615                   |   64|  32|   17|          0|
    |x_l_FH_V_50_reg_4731                   |   64|  32|   17|          0|
    |x_l_FH_V_52_reg_4847                   |   64|  32|   17|          0|
    |x_l_FH_V_54_reg_4963                   |   64|  32|   17|          0|
    |x_l_FL_V_15_reg_4229                   |   64|  32|   17|         16|
    |x_l_FL_V_16_reg_4330                   |   64|  32|   17|          0|
    |x_l_FL_V_17_reg_4457                   |   64|  32|   17|          0|
    |x_l_FL_V_18_reg_4573                   |   64|  32|   17|          0|
    |x_l_FL_V_19_reg_4689                   |   64|  32|   17|          0|
    |x_l_FL_V_20_reg_4805                   |   64|  32|   17|          0|
    |x_l_FL_V_21_reg_4921                   |   64|  32|   17|          0|
    |x_l_I_V_101_reg_4464                   |   64|  32|   19|          0|
    |x_l_I_V_103_reg_4580                   |   64|  32|   19|          0|
    |x_l_I_V_105_reg_4696                   |   64|  32|   19|          0|
    |x_l_I_V_107_reg_4812                   |   64|  32|   19|          0|
    |x_l_I_V_109_reg_4928                   |   64|  32|   19|          0|
    |x_l_I_V_72_reg_3180                    |   64|  32|   19|          0|
    |x_l_I_V_73_reg_3219                    |   64|  32|   19|          0|
    |x_l_I_V_74_reg_3258                    |   64|  32|   19|          0|
    |x_l_I_V_75_reg_3297                    |   64|  32|   19|          0|
    |x_l_I_V_76_reg_3336                    |   64|  32|   19|          0|
    |x_l_I_V_77_reg_3375                    |   64|  32|   19|          0|
    |x_l_I_V_78_reg_3421                    |   64|  32|   19|          0|
    |x_l_I_V_79_reg_3449                    |   64|  32|   19|          0|
    |x_l_I_V_81_reg_3592                    |   64|  32|   19|          0|
    |x_l_I_V_83_reg_3679                    |   64|  32|   19|          0|
    |x_l_I_V_85_reg_3759                    |   64|  32|   19|          0|
    |x_l_I_V_87_reg_3839                    |   64|  32|   19|          0|
    |x_l_I_V_89_reg_3919                    |   64|  32|   19|          0|
    |x_l_I_V_91_reg_3999                    |   64|  32|   19|          0|
    |x_l_I_V_93_reg_4079                    |   64|  32|   19|          0|
    |x_l_I_V_95_reg_4171                    |   64|  32|   19|          0|
    |x_l_I_V_97_reg_4245                    |   64|  32|   19|          0|
    |x_l_I_V_99_reg_4342                    |   64|  32|   19|          0|
    |x_read_reg_3143                        |   64|  32|   32|          0|
    |zext_ln318_1_reg_3624                  |   64|  32|   19|         12|
    |zext_ln318_2_reg_3704                  |   64|  32|   19|         13|
    |zext_ln318_3_reg_3784                  |   64|  32|   19|         14|
    |zext_ln318_4_reg_3864                  |   64|  32|   19|         15|
    |zext_ln318_5_reg_3944                  |   64|  32|   19|         16|
    +---------------------------------------+-----+----+-----+-----------+
    |Total                                  |11488|4096| 5008|        348|
    +---------------------------------------+-----+----+-----+-----------+



================================================================
== Interface
================================================================
* Summary: 
+-----------+-----+-----+------------+--------------------+--------------+
| RTL Ports | Dir | Bits|  Protocol  |    Source Object   |    C Type    |
+-----------+-----+-----+------------+--------------------+--------------+
|ap_clk     |   in|    1|  ap_ctrl_hs|  sqrt_fixed<32, 16>|  return value|
|ap_rst     |   in|    1|  ap_ctrl_hs|  sqrt_fixed<32, 16>|  return value|
|ap_return  |  out|   24|  ap_ctrl_hs|  sqrt_fixed<32, 16>|  return value|
|ap_ce      |   in|    1|  ap_ctrl_hs|  sqrt_fixed<32, 16>|  return value|
|x          |   in|   32|     ap_none|                   x|        scalar|
+-----------+-----+-----+------------+--------------------+--------------+

============================================================
+ Verbose Summary: Synthesis Manager
============================================================
InlineROM: 1
ExposeGlobal: 0
============================================================
+ Verbose Summary: CDFG Model
============================================================
IsTopModel: 0
ResetActiveHigh: 1
IsCombinational: 2
IsDatapathOnly: 1
HasWiredReturn: 1
HasMFsm: 2
HasVarLatency: 0
IsPipeline: 1
IsRtlPipelined: 1
IsInstanceOverlapped: 0
IsDontTouch: 0
HasImplIP: 0
IsGatedGlobalClock: 0

+ Individual pipeline summary: 
  * Pipeline-0: initiation interval (II) = 1, depth = 117


============================================================
+ Verbose Summary: Schedule
============================================================
* Number of FSM states : 117
* Pipeline : 1
  Pipeline-0 : II = 1, D = 117, States = { 1 2 3 4 5 6 7 8 9 10 11 12 13 14 15 16 17 18 19 20 21 22 23 24 25 26 27 28 29 30 31 32 33 34 35 36 37 38 39 40 41 42 43 44 45 46 47 48 49 50 51 52 53 54 55 56 57 58 59 60 61 62 63 64 65 66 67 68 69 70 71 72 73 74 75 76 77 78 79 80 81 82 83 84 85 86 87 88 89 90 91 92 93 94 95 96 97 98 99 100 101 102 103 104 105 106 107 108 109 110 111 112 113 114 115 116 117 }
* Dataflow Pipeline: 0

* FSM state transitions: 
1 --> 2 
2 --> 3 
3 --> 4 
4 --> 5 
5 --> 6 
6 --> 7 
7 --> 8 
8 --> 9 
9 --> 10 
10 --> 11 
11 --> 12 
12 --> 13 
13 --> 14 
14 --> 15 
15 --> 16 
16 --> 17 
17 --> 18 
18 --> 19 
19 --> 20 
20 --> 21 
21 --> 22 
22 --> 23 
23 --> 24 
24 --> 25 
25 --> 26 
26 --> 27 
27 --> 28 
28 --> 29 
29 --> 30 
30 --> 31 
31 --> 32 
32 --> 33 
33 --> 34 
34 --> 35 
35 --> 36 
36 --> 37 
37 --> 38 
38 --> 39 
39 --> 40 
40 --> 41 
41 --> 42 
42 --> 43 
43 --> 44 
44 --> 45 
45 --> 46 
46 --> 47 
47 --> 48 
48 --> 49 
49 --> 50 
50 --> 51 
51 --> 52 
52 --> 53 
53 --> 54 
54 --> 55 
55 --> 56 
56 --> 57 
57 --> 58 
58 --> 59 
59 --> 60 
60 --> 61 
61 --> 62 
62 --> 63 
63 --> 64 
64 --> 65 
65 --> 66 
66 --> 67 
67 --> 68 
68 --> 69 
69 --> 70 
70 --> 71 
71 --> 72 
72 --> 73 
73 --> 74 
74 --> 75 
75 --> 76 
76 --> 77 
77 --> 78 
78 --> 79 
79 --> 80 
80 --> 81 
81 --> 82 
82 --> 83 
83 --> 84 
84 --> 85 
85 --> 86 
86 --> 87 
87 --> 88 
88 --> 89 
89 --> 90 
90 --> 91 
91 --> 92 
92 --> 93 
93 --> 94 
94 --> 95 
95 --> 96 
96 --> 97 
97 --> 98 
98 --> 99 
99 --> 100 
100 --> 101 
101 --> 102 
102 --> 103 
103 --> 104 
104 --> 105 
105 --> 106 
106 --> 107 
107 --> 108 
108 --> 109 
109 --> 110 
110 --> 111 
111 --> 112 
112 --> 113 
113 --> 114 
114 --> 115 
115 --> 116 
116 --> 117 
117 --> 

* FSM state operations: 

State 1 <SV = 0> <Delay = 1.86>
ST_1 : Operation 118 [1/1] (0.00ns)   --->   "%x_read = read i32 @_ssdm_op_Read.ap_auto.i32, i32 %x"   --->   Operation 118 'read' 'x_read' <Predicate = true> <Delay = 0.00>
ST_1 : Operation 119 [1/1] (0.00ns)   --->   "%trunc_ln = partselect i16 @_ssdm_op_PartSelect.i16.i32.i32.i32, i32 %x_read, i32 16, i32 31"   --->   Operation 119 'partselect' 'trunc_ln' <Predicate = true> <Delay = 0.00>
ST_1 : Operation 120 [1/1] (0.00ns)   --->   "%trunc_ln731 = trunc i32 %x_read"   --->   Operation 120 'trunc' 'trunc_ln731' <Predicate = true> <Delay = 0.00>
ST_1 : Operation 121 [1/1] (0.00ns)   --->   "%tmp = partselect i2 @_ssdm_op_PartSelect.i2.i32.i32.i32, i32 %x_read, i32 30, i32 31"   --->   Operation 121 'partselect' 'tmp' <Predicate = true> <Delay = 0.00>
ST_1 : Operation 122 [1/1] (0.00ns)   --->   "%sext_ln640 = sext i2 %tmp"   --->   Operation 122 'sext' 'sext_ln640' <Predicate = true> <Delay = 0.00>
ST_1 : Operation 123 [1/1] (0.95ns)   --->   "%icmp_ln489 = icmp_eq  i2 %tmp, i2 0"   --->   Operation 123 'icmp' 'icmp_ln489' <Predicate = true> <Delay = 0.95> <CoreInst = "Cmp">   --->   Core 9 'Cmp' <Latency = 0> <II = 1> <Delay = 0.95> <FuncUnit> <Opcode : 'icmp'> <InPorts = 2> <OutPorts = 1>
ST_1 : Operation 124 [2/2] (1.86ns)   --->   "%add_ln248 = add i3 %sext_ln640, i3 7"   --->   Operation 124 'add' 'add_ln248' <Predicate = true> <Delay = 1.86> <CoreInst = "Adder">   --->   Core 1 'Adder' <Latency = 1> <II = 1> <Delay = 1.93> <FuncUnit> <Opcode : 'add' 'sub'> <InPorts = 2> <OutPorts = 1>
ST_1 : Operation 125 [1/1] (0.00ns)   --->   "%tmp_38 = partselect i2 @_ssdm_op_PartSelect.i2.i32.i32.i32, i32 %x_read, i32 14, i32 15" [/home/rcslfpgaserver/Softwares/Xilinx/Vitis_HLS/2020.2/common/technology/autopilot/hls_sqrt_apfixed.h:318]   --->   Operation 125 'partselect' 'tmp_38' <Predicate = true> <Delay = 0.00>
ST_1 : Operation 126 [1/1] (0.95ns)   --->   "%icmp_ln318_1 = icmp_eq  i2 %tmp_38, i2 0" [/home/rcslfpgaserver/Softwares/Xilinx/Vitis_HLS/2020.2/common/technology/autopilot/hls_sqrt_apfixed.h:318]   --->   Operation 126 'icmp' 'icmp_ln318_1' <Predicate = true> <Delay = 0.95> <CoreInst = "Cmp">   --->   Core 9 'Cmp' <Latency = 0> <II = 1> <Delay = 0.95> <FuncUnit> <Opcode : 'icmp'> <InPorts = 2> <OutPorts = 1>

State 2 <SV = 1> <Delay = 1.86>
ST_2 : Operation 127 [1/2] (1.86ns)   --->   "%add_ln248 = add i3 %sext_ln640, i3 7"   --->   Operation 127 'add' 'add_ln248' <Predicate = true> <Delay = 1.86> <CoreInst = "Adder">   --->   Core 1 'Adder' <Latency = 1> <II = 1> <Delay = 1.93> <FuncUnit> <Opcode : 'add' 'sub'> <InPorts = 2> <OutPorts = 1>

State 3 <SV = 2> <Delay = 1.24>
ST_3 : Operation 128 [1/1] (0.00ns)   --->   "%zext_ln708 = zext i16 %trunc_ln"   --->   Operation 128 'zext' 'zext_ln708' <Predicate = true> <Delay = 0.00>
ST_3 : Operation 129 [1/1] (0.00ns)   --->   "%p_Result_43 = partset i19 @llvm.part.set.i19.i3, i19 %zext_ln708, i3 %add_ln248, i32 14, i32 16"   --->   Operation 129 'partset' 'p_Result_43' <Predicate = (!icmp_ln489)> <Delay = 0.00>
ST_3 : Operation 130 [1/1] (0.73ns)   --->   "%x_l_I_V_72 = select i1 %icmp_ln489, i19 %zext_ln708, i19 %p_Result_43"   --->   Operation 130 'select' 'x_l_I_V_72' <Predicate = true> <Delay = 0.73> <CoreInst = "Sel">   --->   Core 73 'Sel' <Latency = 0> <II = 1> <Delay = 0.73> <FuncUnit> <Opcode : 'select'> <InPorts = 3> <OutPorts = 1>
ST_3 : Operation 131 [1/1] (1.24ns)   --->   "%res_I_V_16 = select i1 %icmp_ln489, i8 0, i8 128"   --->   Operation 131 'select' 'res_I_V_16' <Predicate = true> <Delay = 1.24> <CoreInst = "Sel">   --->   Core 73 'Sel' <Latency = 0> <II = 1> <Delay = 0.73> <FuncUnit> <Opcode : 'select'> <InPorts = 3> <OutPorts = 1>
ST_3 : Operation 132 [1/1] (0.00ns)   --->   "%p_Result_s_97 = partselect i2 @_ssdm_op_PartSelect.i2.i8.i32.i32, i8 %res_I_V_16, i32 6, i32 7"   --->   Operation 132 'partselect' 'p_Result_s_97' <Predicate = true> <Delay = 0.00>
ST_3 : Operation 133 [1/1] (0.00ns)   --->   "%p_Result_1 = partselect i4 @_ssdm_op_PartSelect.i4.i19.i32.i32, i19 %x_l_I_V_72, i32 12, i32 15"   --->   Operation 133 'partselect' 'p_Result_1' <Predicate = true> <Delay = 0.00>

State 4 <SV = 3> <Delay = 1.88>
ST_4 : Operation 134 [1/1] (0.00ns)   --->   "%tmp_1 = bitconcatenate i3 @_ssdm_op_BitConcatenate.i3.i2.i1, i2 %p_Result_s_97, i1 1"   --->   Operation 134 'bitconcatenate' 'tmp_1' <Predicate = true> <Delay = 0.00>
ST_4 : Operation 135 [1/1] (0.00ns)   --->   "%zext_ln489 = zext i3 %tmp_1"   --->   Operation 135 'zext' 'zext_ln489' <Predicate = true> <Delay = 0.00>
ST_4 : Operation 136 [1/1] (1.30ns)   --->   "%icmp_ln489_1 = icmp_ult  i4 %p_Result_1, i4 %zext_ln489"   --->   Operation 136 'icmp' 'icmp_ln489_1' <Predicate = true> <Delay = 1.30> <CoreInst = "Cmp">   --->   Core 9 'Cmp' <Latency = 0> <II = 1> <Delay = 0.95> <FuncUnit> <Opcode : 'icmp'> <InPorts = 2> <OutPorts = 1>
ST_4 : Operation 137 [2/2] (1.88ns)   --->   "%sub_ln248 = sub i4 %p_Result_1, i4 %zext_ln489"   --->   Operation 137 'sub' 'sub_ln248' <Predicate = true> <Delay = 1.88> <CoreInst = "Adder">   --->   Core 1 'Adder' <Latency = 1> <II = 1> <Delay = 1.93> <FuncUnit> <Opcode : 'add' 'sub'> <InPorts = 2> <OutPorts = 1>

State 5 <SV = 4> <Delay = 1.88>
ST_5 : Operation 138 [1/2] (1.88ns)   --->   "%sub_ln248 = sub i4 %p_Result_1, i4 %zext_ln489"   --->   Operation 138 'sub' 'sub_ln248' <Predicate = true> <Delay = 1.88> <CoreInst = "Adder">   --->   Core 1 'Adder' <Latency = 1> <II = 1> <Delay = 1.93> <FuncUnit> <Opcode : 'add' 'sub'> <InPorts = 2> <OutPorts = 1>

State 6 <SV = 5> <Delay = 1.24>
ST_6 : Operation 139 [1/1] (0.00ns)   --->   "%p_Result_44 = partset i19 @llvm.part.set.i19.i4, i19 %x_l_I_V_72, i4 %sub_ln248, i32 12, i32 15"   --->   Operation 139 'partset' 'p_Result_44' <Predicate = (!icmp_ln489_1)> <Delay = 0.00>
ST_6 : Operation 140 [1/1] (0.00ns)   --->   "%p_Result_45 = bitset i8 @_ssdm_op_BitSet.i8.i8.i32.i1, i8 %res_I_V_16, i32 6, i1 1"   --->   Operation 140 'bitset' 'p_Result_45' <Predicate = (!icmp_ln489_1)> <Delay = 0.00>
ST_6 : Operation 141 [1/1] (0.73ns)   --->   "%x_l_I_V_73 = select i1 %icmp_ln489_1, i19 %x_l_I_V_72, i19 %p_Result_44"   --->   Operation 141 'select' 'x_l_I_V_73' <Predicate = true> <Delay = 0.73> <CoreInst = "Sel">   --->   Core 73 'Sel' <Latency = 0> <II = 1> <Delay = 0.73> <FuncUnit> <Opcode : 'select'> <InPorts = 3> <OutPorts = 1>
ST_6 : Operation 142 [1/1] (1.24ns)   --->   "%res_I_V_17 = select i1 %icmp_ln489_1, i8 %res_I_V_16, i8 %p_Result_45"   --->   Operation 142 'select' 'res_I_V_17' <Predicate = true> <Delay = 1.24> <CoreInst = "Sel">   --->   Core 73 'Sel' <Latency = 0> <II = 1> <Delay = 0.73> <FuncUnit> <Opcode : 'select'> <InPorts = 3> <OutPorts = 1>
ST_6 : Operation 143 [1/1] (0.00ns)   --->   "%p_Result_4 = partselect i3 @_ssdm_op_PartSelect.i3.i8.i32.i32, i8 %res_I_V_17, i32 5, i32 7"   --->   Operation 143 'partselect' 'p_Result_4' <Predicate = true> <Delay = 0.00>
ST_6 : Operation 144 [1/1] (0.00ns)   --->   "%p_Result_5 = partselect i5 @_ssdm_op_PartSelect.i5.i19.i32.i32, i19 %x_l_I_V_73, i32 10, i32 14"   --->   Operation 144 'partselect' 'p_Result_5' <Predicate = true> <Delay = 0.00>

State 7 <SV = 6> <Delay = 1.89>
ST_7 : Operation 145 [1/1] (0.00ns)   --->   "%tmp_2 = bitconcatenate i4 @_ssdm_op_BitConcatenate.i4.i3.i1, i3 %p_Result_4, i1 1"   --->   Operation 145 'bitconcatenate' 'tmp_2' <Predicate = true> <Delay = 0.00>
ST_7 : Operation 146 [1/1] (0.00ns)   --->   "%zext_ln489_1 = zext i4 %tmp_2"   --->   Operation 146 'zext' 'zext_ln489_1' <Predicate = true> <Delay = 0.00>
ST_7 : Operation 147 [1/1] (1.36ns)   --->   "%icmp_ln489_2 = icmp_ult  i5 %p_Result_5, i5 %zext_ln489_1"   --->   Operation 147 'icmp' 'icmp_ln489_2' <Predicate = true> <Delay = 1.36> <CoreInst = "Cmp">   --->   Core 9 'Cmp' <Latency = 0> <II = 1> <Delay = 0.95> <FuncUnit> <Opcode : 'icmp'> <InPorts = 2> <OutPorts = 1>
ST_7 : Operation 148 [2/2] (1.89ns)   --->   "%sub_ln248_1 = sub i5 %p_Result_5, i5 %zext_ln489_1"   --->   Operation 148 'sub' 'sub_ln248_1' <Predicate = true> <Delay = 1.89> <CoreInst = "Adder">   --->   Core 1 'Adder' <Latency = 1> <II = 1> <Delay = 1.93> <FuncUnit> <Opcode : 'add' 'sub'> <InPorts = 2> <OutPorts = 1>

State 8 <SV = 7> <Delay = 1.89>
ST_8 : Operation 149 [1/2] (1.89ns)   --->   "%sub_ln248_1 = sub i5 %p_Result_5, i5 %zext_ln489_1"   --->   Operation 149 'sub' 'sub_ln248_1' <Predicate = true> <Delay = 1.89> <CoreInst = "Adder">   --->   Core 1 'Adder' <Latency = 1> <II = 1> <Delay = 1.93> <FuncUnit> <Opcode : 'add' 'sub'> <InPorts = 2> <OutPorts = 1>

State 9 <SV = 8> <Delay = 1.24>
ST_9 : Operation 150 [1/1] (0.00ns)   --->   "%p_Result_46 = partset i19 @llvm.part.set.i19.i5, i19 %x_l_I_V_73, i5 %sub_ln248_1, i32 10, i32 14"   --->   Operation 150 'partset' 'p_Result_46' <Predicate = (!icmp_ln489_2)> <Delay = 0.00>
ST_9 : Operation 151 [1/1] (0.00ns)   --->   "%p_Result_47 = bitset i8 @_ssdm_op_BitSet.i8.i8.i32.i1, i8 %res_I_V_17, i32 5, i1 1"   --->   Operation 151 'bitset' 'p_Result_47' <Predicate = (!icmp_ln489_2)> <Delay = 0.00>
ST_9 : Operation 152 [1/1] (0.73ns)   --->   "%x_l_I_V_74 = select i1 %icmp_ln489_2, i19 %x_l_I_V_73, i19 %p_Result_46"   --->   Operation 152 'select' 'x_l_I_V_74' <Predicate = true> <Delay = 0.73> <CoreInst = "Sel">   --->   Core 73 'Sel' <Latency = 0> <II = 1> <Delay = 0.73> <FuncUnit> <Opcode : 'select'> <InPorts = 3> <OutPorts = 1>
ST_9 : Operation 153 [1/1] (1.24ns)   --->   "%res_I_V_18 = select i1 %icmp_ln489_2, i8 %res_I_V_17, i8 %p_Result_47"   --->   Operation 153 'select' 'res_I_V_18' <Predicate = true> <Delay = 1.24> <CoreInst = "Sel">   --->   Core 73 'Sel' <Latency = 0> <II = 1> <Delay = 0.73> <FuncUnit> <Opcode : 'select'> <InPorts = 3> <OutPorts = 1>
ST_9 : Operation 154 [1/1] (0.00ns)   --->   "%p_Result_8 = partselect i4 @_ssdm_op_PartSelect.i4.i8.i32.i32, i8 %res_I_V_18, i32 4, i32 7"   --->   Operation 154 'partselect' 'p_Result_8' <Predicate = true> <Delay = 0.00>
ST_9 : Operation 155 [1/1] (0.00ns)   --->   "%p_Result_9 = partselect i6 @_ssdm_op_PartSelect.i6.i19.i32.i32, i19 %x_l_I_V_74, i32 8, i32 13"   --->   Operation 155 'partselect' 'p_Result_9' <Predicate = true> <Delay = 0.00>

State 10 <SV = 9> <Delay = 1.91>
ST_10 : Operation 156 [1/1] (0.00ns)   --->   "%tmp_3 = bitconcatenate i5 @_ssdm_op_BitConcatenate.i5.i4.i1, i4 %p_Result_8, i1 1"   --->   Operation 156 'bitconcatenate' 'tmp_3' <Predicate = true> <Delay = 0.00>
ST_10 : Operation 157 [1/1] (0.00ns)   --->   "%zext_ln489_2 = zext i5 %tmp_3"   --->   Operation 157 'zext' 'zext_ln489_2' <Predicate = true> <Delay = 0.00>
ST_10 : Operation 158 [1/1] (1.42ns)   --->   "%icmp_ln489_3 = icmp_ult  i6 %p_Result_9, i6 %zext_ln489_2"   --->   Operation 158 'icmp' 'icmp_ln489_3' <Predicate = true> <Delay = 1.42> <CoreInst = "Cmp">   --->   Core 9 'Cmp' <Latency = 0> <II = 1> <Delay = 0.95> <FuncUnit> <Opcode : 'icmp'> <InPorts = 2> <OutPorts = 1>
ST_10 : Operation 159 [2/2] (1.91ns)   --->   "%sub_ln248_2 = sub i6 %p_Result_9, i6 %zext_ln489_2"   --->   Operation 159 'sub' 'sub_ln248_2' <Predicate = true> <Delay = 1.91> <CoreInst = "Adder">   --->   Core 1 'Adder' <Latency = 1> <II = 1> <Delay = 1.93> <FuncUnit> <Opcode : 'add' 'sub'> <InPorts = 2> <OutPorts = 1>

State 11 <SV = 10> <Delay = 1.91>
ST_11 : Operation 160 [1/2] (1.91ns)   --->   "%sub_ln248_2 = sub i6 %p_Result_9, i6 %zext_ln489_2"   --->   Operation 160 'sub' 'sub_ln248_2' <Predicate = true> <Delay = 1.91> <CoreInst = "Adder">   --->   Core 1 'Adder' <Latency = 1> <II = 1> <Delay = 1.93> <FuncUnit> <Opcode : 'add' 'sub'> <InPorts = 2> <OutPorts = 1>

State 12 <SV = 11> <Delay = 1.24>
ST_12 : Operation 161 [1/1] (0.00ns)   --->   "%p_Result_48 = partset i19 @llvm.part.set.i19.i6, i19 %x_l_I_V_74, i6 %sub_ln248_2, i32 8, i32 13"   --->   Operation 161 'partset' 'p_Result_48' <Predicate = (!icmp_ln489_3)> <Delay = 0.00>
ST_12 : Operation 162 [1/1] (0.00ns)   --->   "%p_Result_49 = bitset i8 @_ssdm_op_BitSet.i8.i8.i32.i1, i8 %res_I_V_18, i32 4, i1 1"   --->   Operation 162 'bitset' 'p_Result_49' <Predicate = (!icmp_ln489_3)> <Delay = 0.00>
ST_12 : Operation 163 [1/1] (0.73ns)   --->   "%x_l_I_V_75 = select i1 %icmp_ln489_3, i19 %x_l_I_V_74, i19 %p_Result_48"   --->   Operation 163 'select' 'x_l_I_V_75' <Predicate = true> <Delay = 0.73> <CoreInst = "Sel">   --->   Core 73 'Sel' <Latency = 0> <II = 1> <Delay = 0.73> <FuncUnit> <Opcode : 'select'> <InPorts = 3> <OutPorts = 1>
ST_12 : Operation 164 [1/1] (1.24ns)   --->   "%res_I_V_19 = select i1 %icmp_ln489_3, i8 %res_I_V_18, i8 %p_Result_49"   --->   Operation 164 'select' 'res_I_V_19' <Predicate = true> <Delay = 1.24> <CoreInst = "Sel">   --->   Core 73 'Sel' <Latency = 0> <II = 1> <Delay = 0.73> <FuncUnit> <Opcode : 'select'> <InPorts = 3> <OutPorts = 1>
ST_12 : Operation 165 [1/1] (0.00ns)   --->   "%p_Result_10 = partselect i5 @_ssdm_op_PartSelect.i5.i8.i32.i32, i8 %res_I_V_19, i32 3, i32 7"   --->   Operation 165 'partselect' 'p_Result_10' <Predicate = true> <Delay = 0.00>
ST_12 : Operation 166 [1/1] (0.00ns)   --->   "%p_Result_11 = partselect i7 @_ssdm_op_PartSelect.i7.i19.i32.i32, i19 %x_l_I_V_75, i32 6, i32 12"   --->   Operation 166 'partselect' 'p_Result_11' <Predicate = true> <Delay = 0.00>

State 13 <SV = 12> <Delay = 1.92>
ST_13 : Operation 167 [1/1] (0.00ns)   --->   "%tmp_4 = bitconcatenate i6 @_ssdm_op_BitConcatenate.i6.i5.i1, i5 %p_Result_10, i1 1"   --->   Operation 167 'bitconcatenate' 'tmp_4' <Predicate = true> <Delay = 0.00>
ST_13 : Operation 168 [1/1] (0.00ns)   --->   "%zext_ln489_3 = zext i6 %tmp_4"   --->   Operation 168 'zext' 'zext_ln489_3' <Predicate = true> <Delay = 0.00>
ST_13 : Operation 169 [1/1] (1.48ns)   --->   "%icmp_ln489_4 = icmp_ult  i7 %p_Result_11, i7 %zext_ln489_3"   --->   Operation 169 'icmp' 'icmp_ln489_4' <Predicate = true> <Delay = 1.48> <CoreInst = "Cmp">   --->   Core 9 'Cmp' <Latency = 0> <II = 1> <Delay = 0.95> <FuncUnit> <Opcode : 'icmp'> <InPorts = 2> <OutPorts = 1>
ST_13 : Operation 170 [2/2] (1.92ns)   --->   "%sub_ln248_3 = sub i7 %p_Result_11, i7 %zext_ln489_3"   --->   Operation 170 'sub' 'sub_ln248_3' <Predicate = true> <Delay = 1.92> <CoreInst = "Adder">   --->   Core 1 'Adder' <Latency = 1> <II = 1> <Delay = 1.93> <FuncUnit> <Opcode : 'add' 'sub'> <InPorts = 2> <OutPorts = 1>

State 14 <SV = 13> <Delay = 1.92>
ST_14 : Operation 171 [1/2] (1.92ns)   --->   "%sub_ln248_3 = sub i7 %p_Result_11, i7 %zext_ln489_3"   --->   Operation 171 'sub' 'sub_ln248_3' <Predicate = true> <Delay = 1.92> <CoreInst = "Adder">   --->   Core 1 'Adder' <Latency = 1> <II = 1> <Delay = 1.93> <FuncUnit> <Opcode : 'add' 'sub'> <InPorts = 2> <OutPorts = 1>

State 15 <SV = 14> <Delay = 1.24>
ST_15 : Operation 172 [1/1] (0.00ns)   --->   "%p_Result_50 = partset i19 @llvm.part.set.i19.i7, i19 %x_l_I_V_75, i7 %sub_ln248_3, i32 6, i32 12"   --->   Operation 172 'partset' 'p_Result_50' <Predicate = (!icmp_ln489_4)> <Delay = 0.00>
ST_15 : Operation 173 [1/1] (0.00ns)   --->   "%p_Result_51 = bitset i8 @_ssdm_op_BitSet.i8.i8.i32.i1, i8 %res_I_V_19, i32 3, i1 1"   --->   Operation 173 'bitset' 'p_Result_51' <Predicate = (!icmp_ln489_4)> <Delay = 0.00>
ST_15 : Operation 174 [1/1] (0.73ns)   --->   "%x_l_I_V_76 = select i1 %icmp_ln489_4, i19 %x_l_I_V_75, i19 %p_Result_50"   --->   Operation 174 'select' 'x_l_I_V_76' <Predicate = true> <Delay = 0.73> <CoreInst = "Sel">   --->   Core 73 'Sel' <Latency = 0> <II = 1> <Delay = 0.73> <FuncUnit> <Opcode : 'select'> <InPorts = 3> <OutPorts = 1>
ST_15 : Operation 175 [1/1] (1.24ns)   --->   "%res_I_V_20 = select i1 %icmp_ln489_4, i8 %res_I_V_19, i8 %p_Result_51"   --->   Operation 175 'select' 'res_I_V_20' <Predicate = true> <Delay = 1.24> <CoreInst = "Sel">   --->   Core 73 'Sel' <Latency = 0> <II = 1> <Delay = 0.73> <FuncUnit> <Opcode : 'select'> <InPorts = 3> <OutPorts = 1>
ST_15 : Operation 176 [1/1] (0.00ns)   --->   "%p_Result_13 = partselect i6 @_ssdm_op_PartSelect.i6.i8.i32.i32, i8 %res_I_V_20, i32 2, i32 7"   --->   Operation 176 'partselect' 'p_Result_13' <Predicate = true> <Delay = 0.00>
ST_15 : Operation 177 [1/1] (0.00ns)   --->   "%p_Result_14 = partselect i8 @_ssdm_op_PartSelect.i8.i19.i32.i32, i19 %x_l_I_V_76, i32 4, i32 11"   --->   Operation 177 'partselect' 'p_Result_14' <Predicate = true> <Delay = 0.00>

State 16 <SV = 15> <Delay = 1.93>
ST_16 : Operation 178 [1/1] (0.00ns)   --->   "%tmp_5 = bitconcatenate i7 @_ssdm_op_BitConcatenate.i7.i6.i1, i6 %p_Result_13, i1 1"   --->   Operation 178 'bitconcatenate' 'tmp_5' <Predicate = true> <Delay = 0.00>
ST_16 : Operation 179 [1/1] (0.00ns)   --->   "%zext_ln489_4 = zext i7 %tmp_5"   --->   Operation 179 'zext' 'zext_ln489_4' <Predicate = true> <Delay = 0.00>
ST_16 : Operation 180 [1/1] (1.55ns)   --->   "%icmp_ln489_5 = icmp_ult  i8 %p_Result_14, i8 %zext_ln489_4"   --->   Operation 180 'icmp' 'icmp_ln489_5' <Predicate = true> <Delay = 1.55> <CoreInst = "Cmp">   --->   Core 9 'Cmp' <Latency = 0> <II = 1> <Delay = 0.95> <FuncUnit> <Opcode : 'icmp'> <InPorts = 2> <OutPorts = 1>
ST_16 : Operation 181 [2/2] (1.93ns)   --->   "%sub_ln248_4 = sub i8 %p_Result_14, i8 %zext_ln489_4"   --->   Operation 181 'sub' 'sub_ln248_4' <Predicate = true> <Delay = 1.93> <CoreInst = "Adder">   --->   Core 1 'Adder' <Latency = 1> <II = 1> <Delay = 1.93> <FuncUnit> <Opcode : 'add' 'sub'> <InPorts = 2> <OutPorts = 1>

State 17 <SV = 16> <Delay = 1.93>
ST_17 : Operation 182 [1/2] (1.93ns)   --->   "%sub_ln248_4 = sub i8 %p_Result_14, i8 %zext_ln489_4"   --->   Operation 182 'sub' 'sub_ln248_4' <Predicate = true> <Delay = 1.93> <CoreInst = "Adder">   --->   Core 1 'Adder' <Latency = 1> <II = 1> <Delay = 1.93> <FuncUnit> <Opcode : 'add' 'sub'> <InPorts = 2> <OutPorts = 1>

State 18 <SV = 17> <Delay = 1.24>
ST_18 : Operation 183 [1/1] (0.00ns)   --->   "%p_Result_52 = partset i19 @llvm.part.set.i19.i8, i19 %x_l_I_V_76, i8 %sub_ln248_4, i32 4, i32 11"   --->   Operation 183 'partset' 'p_Result_52' <Predicate = (!icmp_ln489_5)> <Delay = 0.00>
ST_18 : Operation 184 [1/1] (0.00ns)   --->   "%p_Result_53 = bitset i8 @_ssdm_op_BitSet.i8.i8.i32.i1, i8 %res_I_V_20, i32 2, i1 1"   --->   Operation 184 'bitset' 'p_Result_53' <Predicate = (!icmp_ln489_5)> <Delay = 0.00>
ST_18 : Operation 185 [1/1] (0.73ns)   --->   "%x_l_I_V_77 = select i1 %icmp_ln489_5, i19 %x_l_I_V_76, i19 %p_Result_52"   --->   Operation 185 'select' 'x_l_I_V_77' <Predicate = true> <Delay = 0.73> <CoreInst = "Sel">   --->   Core 73 'Sel' <Latency = 0> <II = 1> <Delay = 0.73> <FuncUnit> <Opcode : 'select'> <InPorts = 3> <OutPorts = 1>
ST_18 : Operation 186 [1/1] (1.24ns)   --->   "%res_I_V_21 = select i1 %icmp_ln489_5, i8 %res_I_V_20, i8 %p_Result_53"   --->   Operation 186 'select' 'res_I_V_21' <Predicate = true> <Delay = 1.24> <CoreInst = "Sel">   --->   Core 73 'Sel' <Latency = 0> <II = 1> <Delay = 0.73> <FuncUnit> <Opcode : 'select'> <InPorts = 3> <OutPorts = 1>
ST_18 : Operation 187 [1/1] (0.00ns)   --->   "%p_Result_16 = partselect i7 @_ssdm_op_PartSelect.i7.i8.i32.i32, i8 %res_I_V_21, i32 1, i32 7"   --->   Operation 187 'partselect' 'p_Result_16' <Predicate = true> <Delay = 0.00>
ST_18 : Operation 188 [1/1] (0.00ns)   --->   "%p_Result_17 = partselect i9 @_ssdm_op_PartSelect.i9.i19.i32.i32, i19 %x_l_I_V_77, i32 2, i32 10"   --->   Operation 188 'partselect' 'p_Result_17' <Predicate = true> <Delay = 0.00>

State 19 <SV = 18> <Delay = 1.94>
ST_19 : Operation 189 [1/1] (0.00ns)   --->   "%tmp_6 = bitconcatenate i8 @_ssdm_op_BitConcatenate.i8.i7.i1, i7 %p_Result_16, i1 1"   --->   Operation 189 'bitconcatenate' 'tmp_6' <Predicate = true> <Delay = 0.00>
ST_19 : Operation 190 [1/1] (0.00ns)   --->   "%zext_ln489_5 = zext i8 %tmp_6"   --->   Operation 190 'zext' 'zext_ln489_5' <Predicate = true> <Delay = 0.00>
ST_19 : Operation 191 [1/1] (1.66ns)   --->   "%icmp_ln489_6 = icmp_ult  i9 %p_Result_17, i9 %zext_ln489_5"   --->   Operation 191 'icmp' 'icmp_ln489_6' <Predicate = true> <Delay = 1.66> <CoreInst = "Cmp">   --->   Core 9 'Cmp' <Latency = 0> <II = 1> <Delay = 0.95> <FuncUnit> <Opcode : 'icmp'> <InPorts = 2> <OutPorts = 1>
ST_19 : Operation 192 [2/2] (1.94ns)   --->   "%sub_ln248_5 = sub i9 %p_Result_17, i9 %zext_ln489_5"   --->   Operation 192 'sub' 'sub_ln248_5' <Predicate = true> <Delay = 1.94> <CoreInst = "Adder">   --->   Core 1 'Adder' <Latency = 1> <II = 1> <Delay = 1.93> <FuncUnit> <Opcode : 'add' 'sub'> <InPorts = 2> <OutPorts = 1>

State 20 <SV = 19> <Delay = 1.94>
ST_20 : Operation 193 [1/2] (1.94ns)   --->   "%sub_ln248_5 = sub i9 %p_Result_17, i9 %zext_ln489_5"   --->   Operation 193 'sub' 'sub_ln248_5' <Predicate = true> <Delay = 1.94> <CoreInst = "Adder">   --->   Core 1 'Adder' <Latency = 1> <II = 1> <Delay = 1.93> <FuncUnit> <Opcode : 'add' 'sub'> <InPorts = 2> <OutPorts = 1>
ST_20 : Operation 194 [1/1] (0.00ns)   --->   "%p_Result_55 = bitset i8 @_ssdm_op_BitSet.i8.i8.i32.i1, i8 %res_I_V_21, i32 1, i1 1"   --->   Operation 194 'bitset' 'p_Result_55' <Predicate = (!icmp_ln489_6)> <Delay = 0.00>
ST_20 : Operation 195 [1/1] (1.24ns)   --->   "%res_I_V_22 = select i1 %icmp_ln489_6, i8 %res_I_V_21, i8 %p_Result_55"   --->   Operation 195 'select' 'res_I_V_22' <Predicate = true> <Delay = 1.24> <CoreInst = "Sel">   --->   Core 73 'Sel' <Latency = 0> <II = 1> <Delay = 0.73> <FuncUnit> <Opcode : 'select'> <InPorts = 3> <OutPorts = 1>

State 21 <SV = 20> <Delay = 0.73>
ST_21 : Operation 196 [1/1] (0.00ns)   --->   "%p_Result_54 = partset i19 @llvm.part.set.i19.i9, i19 %x_l_I_V_77, i9 %sub_ln248_5, i32 2, i32 10"   --->   Operation 196 'partset' 'p_Result_54' <Predicate = (!icmp_ln489_6)> <Delay = 0.00>
ST_21 : Operation 197 [1/1] (0.73ns)   --->   "%x_l_I_V_78 = select i1 %icmp_ln489_6, i19 %x_l_I_V_77, i19 %p_Result_54"   --->   Operation 197 'select' 'x_l_I_V_78' <Predicate = true> <Delay = 0.73> <CoreInst = "Sel">   --->   Core 73 'Sel' <Latency = 0> <II = 1> <Delay = 0.73> <FuncUnit> <Opcode : 'select'> <InPorts = 3> <OutPorts = 1>
ST_21 : Operation 198 [1/1] (0.00ns)   --->   "%trunc_ln640 = trunc i19 %x_l_I_V_78"   --->   Operation 198 'trunc' 'trunc_ln640' <Predicate = true> <Delay = 0.00>

State 22 <SV = 21> <Delay = 1.96>
ST_22 : Operation 199 [1/1] (0.00ns)   --->   "%tmp_8 = bitconcatenate i9 @_ssdm_op_BitConcatenate.i9.i8.i1, i8 %res_I_V_22, i1 1"   --->   Operation 199 'bitconcatenate' 'tmp_8' <Predicate = true> <Delay = 0.00>
ST_22 : Operation 200 [1/1] (0.00ns)   --->   "%zext_ln489_6 = zext i9 %tmp_8"   --->   Operation 200 'zext' 'zext_ln489_6' <Predicate = true> <Delay = 0.00>
ST_22 : Operation 201 [1/1] (1.77ns)   --->   "%icmp_ln489_7 = icmp_ult  i10 %trunc_ln640, i10 %zext_ln489_6"   --->   Operation 201 'icmp' 'icmp_ln489_7' <Predicate = true> <Delay = 1.77> <CoreInst = "Cmp">   --->   Core 9 'Cmp' <Latency = 0> <II = 1> <Delay = 0.95> <FuncUnit> <Opcode : 'icmp'> <InPorts = 2> <OutPorts = 1>
ST_22 : Operation 202 [2/2] (1.96ns)   --->   "%sub_ln248_6 = sub i10 %trunc_ln640, i10 %zext_ln489_6"   --->   Operation 202 'sub' 'sub_ln248_6' <Predicate = true> <Delay = 1.96> <CoreInst = "Adder">   --->   Core 1 'Adder' <Latency = 1> <II = 1> <Delay = 1.93> <FuncUnit> <Opcode : 'add' 'sub'> <InPorts = 2> <OutPorts = 1>

State 23 <SV = 22> <Delay = 1.96>
ST_23 : Operation 203 [1/2] (1.96ns)   --->   "%sub_ln248_6 = sub i10 %trunc_ln640, i10 %zext_ln489_6"   --->   Operation 203 'sub' 'sub_ln248_6' <Predicate = true> <Delay = 1.96> <CoreInst = "Adder">   --->   Core 1 'Adder' <Latency = 1> <II = 1> <Delay = 1.93> <FuncUnit> <Opcode : 'add' 'sub'> <InPorts = 2> <OutPorts = 1>

State 24 <SV = 23> <Delay = 0.73>
ST_24 : Operation 204 [1/1] (0.00ns)   --->   "%p_Result_56 = partset i19 @llvm.part.set.i19.i10, i19 %x_l_I_V_78, i10 %sub_ln248_6, i32 0, i32 9"   --->   Operation 204 'partset' 'p_Result_56' <Predicate = (!icmp_ln489_7)> <Delay = 0.00>
ST_24 : Operation 205 [1/1] (0.73ns)   --->   "%x_l_I_V_79 = select i1 %icmp_ln489_7, i19 %x_l_I_V_78, i19 %p_Result_56"   --->   Operation 205 'select' 'x_l_I_V_79' <Predicate = true> <Delay = 0.73> <CoreInst = "Sel">   --->   Core 73 'Sel' <Latency = 0> <II = 1> <Delay = 0.73> <FuncUnit> <Opcode : 'select'> <InPorts = 3> <OutPorts = 1>

State 25 <SV = 24> <Delay = 2.07>
ST_25 : Operation 206 [2/2] (2.07ns)   --->   "%x_l_I_V_17 = add i19 %x_l_I_V_79, i19 524287"   --->   Operation 206 'add' 'x_l_I_V_17' <Predicate = (icmp_ln318_1)> <Delay = 2.07> <CoreInst = "Adder">   --->   Core 1 'Adder' <Latency = 1> <II = 1> <Delay = 1.93> <FuncUnit> <Opcode : 'add' 'sub'> <InPorts = 2> <OutPorts = 1>

State 26 <SV = 25> <Delay = 2.07>
ST_26 : Operation 207 [1/2] (2.07ns)   --->   "%x_l_I_V_17 = add i19 %x_l_I_V_79, i19 524287"   --->   Operation 207 'add' 'x_l_I_V_17' <Predicate = (icmp_ln318_1)> <Delay = 2.07> <CoreInst = "Adder">   --->   Core 1 'Adder' <Latency = 1> <II = 1> <Delay = 1.93> <FuncUnit> <Opcode : 'add' 'sub'> <InPorts = 2> <OutPorts = 1>

State 27 <SV = 26> <Delay = 1.24>
ST_27 : Operation 208 [1/1] (0.00ns)   --->   "%p_Result_57 = bitset i8 @_ssdm_op_BitSet.i8.i8.i32.i1, i8 %res_I_V_22, i32 0, i1 1"   --->   Operation 208 'bitset' 'p_Result_57' <Predicate = (!icmp_ln489_7)> <Delay = 0.00>
ST_27 : Operation 209 [1/1] (1.24ns)   --->   "%res_I_V = select i1 %icmp_ln489_7, i8 %res_I_V_22, i8 %p_Result_57"   --->   Operation 209 'select' 'res_I_V' <Predicate = true> <Delay = 1.24> <CoreInst = "Sel">   --->   Core 73 'Sel' <Latency = 0> <II = 1> <Delay = 0.73> <FuncUnit> <Opcode : 'select'> <InPorts = 3> <OutPorts = 1>
ST_27 : Operation 210 [1/1] (0.73ns)   --->   "%x_l_I_V_18 = select i1 %icmp_ln318_1, i19 %x_l_I_V_17, i19 %x_l_I_V_79" [/home/rcslfpgaserver/Softwares/Xilinx/Vitis_HLS/2020.2/common/technology/autopilot/hls_sqrt_apfixed.h:339]   --->   Operation 210 'select' 'x_l_I_V_18' <Predicate = true> <Delay = 0.73> <CoreInst = "Sel">   --->   Core 73 'Sel' <Latency = 0> <II = 1> <Delay = 0.73> <FuncUnit> <Opcode : 'select'> <InPorts = 3> <OutPorts = 1>
ST_27 : Operation 211 [1/1] (0.00ns)   --->   "%trunc_ln104 = trunc i8 %res_I_V"   --->   Operation 211 'trunc' 'trunc_ln104' <Predicate = true> <Delay = 0.00>
ST_27 : Operation 212 [1/1] (0.00ns)   --->   "%tmp_14 = partselect i7 @_ssdm_op_PartSelect.i7.i8.i32.i32, i8 %res_I_V, i32 1, i32 7" [/home/rcslfpgaserver/Softwares/Xilinx/Vitis_HLS/2020.2/common/technology/autopilot/hls_sqrt_apfixed.h:318]   --->   Operation 212 'partselect' 'tmp_14' <Predicate = true> <Delay = 0.00>
ST_27 : Operation 213 [1/1] (0.00ns)   --->   "%trunc_ln104_1 = trunc i8 %res_I_V"   --->   Operation 213 'trunc' 'trunc_ln104_1' <Predicate = true> <Delay = 0.00>
ST_27 : Operation 214 [1/1] (0.00ns)   --->   "%tmp_15 = partselect i6 @_ssdm_op_PartSelect.i6.i8.i32.i32, i8 %res_I_V, i32 2, i32 7" [/home/rcslfpgaserver/Softwares/Xilinx/Vitis_HLS/2020.2/common/technology/autopilot/hls_sqrt_apfixed.h:318]   --->   Operation 214 'partselect' 'tmp_15' <Predicate = true> <Delay = 0.00>
ST_27 : Operation 215 [1/1] (0.00ns)   --->   "%trunc_ln104_2 = trunc i8 %res_I_V"   --->   Operation 215 'trunc' 'trunc_ln104_2' <Predicate = true> <Delay = 0.00>
ST_27 : Operation 216 [1/1] (0.00ns)   --->   "%tmp_16 = partselect i5 @_ssdm_op_PartSelect.i5.i8.i32.i32, i8 %res_I_V, i32 3, i32 7" [/home/rcslfpgaserver/Softwares/Xilinx/Vitis_HLS/2020.2/common/technology/autopilot/hls_sqrt_apfixed.h:318]   --->   Operation 216 'partselect' 'tmp_16' <Predicate = true> <Delay = 0.00>
ST_27 : Operation 217 [1/1] (0.00ns)   --->   "%trunc_ln104_3 = trunc i8 %res_I_V"   --->   Operation 217 'trunc' 'trunc_ln104_3' <Predicate = true> <Delay = 0.00>
ST_27 : Operation 218 [1/1] (0.00ns)   --->   "%tmp_17 = partselect i4 @_ssdm_op_PartSelect.i4.i8.i32.i32, i8 %res_I_V, i32 4, i32 7" [/home/rcslfpgaserver/Softwares/Xilinx/Vitis_HLS/2020.2/common/technology/autopilot/hls_sqrt_apfixed.h:318]   --->   Operation 218 'partselect' 'tmp_17' <Predicate = true> <Delay = 0.00>
ST_27 : Operation 219 [1/1] (0.00ns)   --->   "%trunc_ln104_4 = trunc i8 %res_I_V"   --->   Operation 219 'trunc' 'trunc_ln104_4' <Predicate = true> <Delay = 0.00>
ST_27 : Operation 220 [1/1] (0.00ns)   --->   "%tmp_18 = partselect i3 @_ssdm_op_PartSelect.i3.i8.i32.i32, i8 %res_I_V, i32 5, i32 7" [/home/rcslfpgaserver/Softwares/Xilinx/Vitis_HLS/2020.2/common/technology/autopilot/hls_sqrt_apfixed.h:318]   --->   Operation 220 'partselect' 'tmp_18' <Predicate = true> <Delay = 0.00>
ST_27 : Operation 221 [1/1] (0.00ns)   --->   "%trunc_ln104_5 = trunc i8 %res_I_V"   --->   Operation 221 'trunc' 'trunc_ln104_5' <Predicate = true> <Delay = 0.00>
ST_27 : Operation 222 [1/1] (0.00ns)   --->   "%tmp_19 = partselect i2 @_ssdm_op_PartSelect.i2.i8.i32.i32, i8 %res_I_V, i32 6, i32 7" [/home/rcslfpgaserver/Softwares/Xilinx/Vitis_HLS/2020.2/common/technology/autopilot/hls_sqrt_apfixed.h:318]   --->   Operation 222 'partselect' 'tmp_19' <Predicate = true> <Delay = 0.00>
ST_27 : Operation 223 [1/1] (0.00ns)   --->   "%trunc_ln104_6 = trunc i8 %res_I_V"   --->   Operation 223 'trunc' 'trunc_ln104_6' <Predicate = true> <Delay = 0.00>
ST_27 : Operation 224 [1/1] (0.00ns)   --->   "%tmp_45 = bitselect i1 @_ssdm_op_BitSelect.i1.i8.i32, i8 %res_I_V, i32 7" [/home/rcslfpgaserver/Softwares/Xilinx/Vitis_HLS/2020.2/common/technology/autopilot/hls_sqrt_apfixed.h:318]   --->   Operation 224 'bitselect' 'tmp_45' <Predicate = true> <Delay = 0.00>

State 28 <SV = 27> <Delay = 2.43>
ST_28 : Operation 225 [1/1] (0.00ns)   --->   "%trunc_ln7 = bitconcatenate i17 @_ssdm_op_BitConcatenate.i17.i9.i8, i9 0, i8 %res_I_V" [/home/rcslfpgaserver/Softwares/Xilinx/Vitis_HLS/2020.2/common/technology/autopilot/hls_sqrt_apfixed.h:318]   --->   Operation 225 'bitconcatenate' 'trunc_ln7' <Predicate = true> <Delay = 0.00>
ST_28 : Operation 226 [1/1] (0.00ns)   --->   "%zext_ln318 = zext i17 %trunc_ln7" [/home/rcslfpgaserver/Softwares/Xilinx/Vitis_HLS/2020.2/common/technology/autopilot/hls_sqrt_apfixed.h:318]   --->   Operation 226 'zext' 'zext_ln318' <Predicate = true> <Delay = 0.00>
ST_28 : Operation 227 [1/1] (2.43ns)   --->   "%icmp_ln318 = icmp_ne  i19 %x_l_I_V_79, i19 %zext_ln318" [/home/rcslfpgaserver/Softwares/Xilinx/Vitis_HLS/2020.2/common/technology/autopilot/hls_sqrt_apfixed.h:318]   --->   Operation 227 'icmp' 'icmp_ln318' <Predicate = true> <Delay = 2.43> <CoreInst = "Cmp">   --->   Core 9 'Cmp' <Latency = 0> <II = 1> <Delay = 0.95> <FuncUnit> <Opcode : 'icmp'> <InPorts = 2> <OutPorts = 1>
ST_28 : Operation 228 [2/2] (2.07ns)   --->   "%x_l_I_V_80 = sub i19 %x_l_I_V_18, i19 %zext_ln318"   --->   Operation 228 'sub' 'x_l_I_V_80' <Predicate = true> <Delay = 2.07> <CoreInst = "Adder">   --->   Core 1 'Adder' <Latency = 1> <II = 1> <Delay = 1.93> <FuncUnit> <Opcode : 'add' 'sub'> <InPorts = 2> <OutPorts = 1>
ST_28 : Operation 229 [1/1] (2.43ns)   --->   "%icmp_ln1494 = icmp_ult  i19 %zext_ln318, i19 %x_l_I_V_79"   --->   Operation 229 'icmp' 'icmp_ln1494' <Predicate = true> <Delay = 2.43> <CoreInst = "Cmp">   --->   Core 9 'Cmp' <Latency = 0> <II = 1> <Delay = 0.95> <FuncUnit> <Opcode : 'icmp'> <InPorts = 2> <OutPorts = 1>

State 29 <SV = 28> <Delay = 2.07>
ST_29 : Operation 230 [1/1] (0.00ns)   --->   "%x_l_FH_V = bitconcatenate i17 @_ssdm_op_BitConcatenate.i17.i16.i1, i16 %trunc_ln731, i1 0"   --->   Operation 230 'bitconcatenate' 'x_l_FH_V' <Predicate = true> <Delay = 0.00>
ST_29 : Operation 231 [1/1] (0.00ns) (grouped into LUT with out node and_ln318_1)   --->   "%or_ln318 = or i1 %icmp_ln318, i1 %icmp_ln318_1" [/home/rcslfpgaserver/Softwares/Xilinx/Vitis_HLS/2020.2/common/technology/autopilot/hls_sqrt_apfixed.h:318]   --->   Operation 231 'or' 'or_ln318' <Predicate = true> <Delay = 0.00> <CoreInst = "LogicGate">   --->   Core 74 'LogicGate' <Latency = 0> <II = 1> <Delay = 1.00> <FuncUnit> <Opcode : 'and' 'or' 'xor'> <InPorts = 2> <OutPorts = 1>
ST_29 : Operation 232 [1/2] (2.07ns)   --->   "%x_l_I_V_80 = sub i19 %x_l_I_V_18, i19 %zext_ln318"   --->   Operation 232 'sub' 'x_l_I_V_80' <Predicate = true> <Delay = 2.07> <CoreInst = "Adder">   --->   Core 1 'Adder' <Latency = 1> <II = 1> <Delay = 1.93> <FuncUnit> <Opcode : 'add' 'sub'> <InPorts = 2> <OutPorts = 1>
ST_29 : Operation 233 [2/2] (2.04ns)   --->   "%x_l_FH_V_26 = add i17 %x_l_FH_V, i17 98304"   --->   Operation 233 'add' 'x_l_FH_V_26' <Predicate = true> <Delay = 2.04> <CoreInst = "Adder">   --->   Core 1 'Adder' <Latency = 1> <II = 1> <Delay = 1.93> <FuncUnit> <Opcode : 'add' 'sub'> <InPorts = 2> <OutPorts = 1>
ST_29 : Operation 234 [1/1] (0.00ns) (grouped into LUT with out node and_ln318_1)   --->   "%xor_ln1494 = xor i1 %icmp_ln1494, i1 1"   --->   Operation 234 'xor' 'xor_ln1494' <Predicate = true> <Delay = 0.00> <CoreInst = "LogicGate">   --->   Core 74 'LogicGate' <Latency = 0> <II = 1> <Delay = 1.00> <FuncUnit> <Opcode : 'and' 'or' 'xor'> <InPorts = 2> <OutPorts = 1>
ST_29 : Operation 235 [1/1] (0.97ns) (out node of the LUT)   --->   "%and_ln318_1 = and i1 %or_ln318, i1 %xor_ln1494" [/home/rcslfpgaserver/Softwares/Xilinx/Vitis_HLS/2020.2/common/technology/autopilot/hls_sqrt_apfixed.h:318]   --->   Operation 235 'and' 'and_ln318_1' <Predicate = true> <Delay = 0.97> <CoreInst = "LogicGate">   --->   Core 74 'LogicGate' <Latency = 0> <II = 1> <Delay = 1.00> <FuncUnit> <Opcode : 'and' 'or' 'xor'> <InPorts = 2> <OutPorts = 1>

State 30 <SV = 29> <Delay = 2.04>
ST_30 : Operation 236 [1/2] (2.04ns)   --->   "%x_l_FH_V_26 = add i17 %x_l_FH_V, i17 98304"   --->   Operation 236 'add' 'x_l_FH_V_26' <Predicate = true> <Delay = 2.04> <CoreInst = "Adder">   --->   Core 1 'Adder' <Latency = 1> <II = 1> <Delay = 1.93> <FuncUnit> <Opcode : 'add' 'sub'> <InPorts = 2> <OutPorts = 1>
ST_30 : Operation 237 [1/1] (0.73ns)   --->   "%x_l_I_V_81 = select i1 %and_ln318_1, i19 %x_l_I_V_79, i19 %x_l_I_V_80" [/home/rcslfpgaserver/Softwares/Xilinx/Vitis_HLS/2020.2/common/technology/autopilot/hls_sqrt_apfixed.h:318]   --->   Operation 237 'select' 'x_l_I_V_81' <Predicate = true> <Delay = 0.73> <CoreInst = "Sel">   --->   Core 73 'Sel' <Latency = 0> <II = 1> <Delay = 0.73> <FuncUnit> <Opcode : 'select'> <InPorts = 3> <OutPorts = 1>

State 31 <SV = 30> <Delay = 2.07>
ST_31 : Operation 238 [1/1] (0.78ns)   --->   "%res_FH_V_33 = select i1 %and_ln318_1, i17 0, i17 65536" [/home/rcslfpgaserver/Softwares/Xilinx/Vitis_HLS/2020.2/common/technology/autopilot/hls_sqrt_apfixed.h:318]   --->   Operation 238 'select' 'res_FH_V_33' <Predicate = true> <Delay = 0.78> <CoreInst = "Sel">   --->   Core 73 'Sel' <Latency = 0> <II = 1> <Delay = 0.73> <FuncUnit> <Opcode : 'select'> <InPorts = 3> <OutPorts = 1>
ST_31 : Operation 239 [1/1] (0.78ns)   --->   "%p_Val2_23 = select i1 %and_ln318_1, i17 %x_l_FH_V, i17 %x_l_FH_V_26" [/home/rcslfpgaserver/Softwares/Xilinx/Vitis_HLS/2020.2/common/technology/autopilot/hls_sqrt_apfixed.h:318]   --->   Operation 239 'select' 'p_Val2_23' <Predicate = true> <Delay = 0.78> <CoreInst = "Sel">   --->   Core 73 'Sel' <Latency = 0> <II = 1> <Delay = 0.73> <FuncUnit> <Opcode : 'select'> <InPorts = 3> <OutPorts = 1>
ST_31 : Operation 240 [1/1] (0.00ns)   --->   "%p_Result_20 = partselect i2 @_ssdm_op_PartSelect.i2.i17.i32.i32, i17 %res_FH_V_33, i32 15, i32 16"   --->   Operation 240 'partselect' 'p_Result_20' <Predicate = true> <Delay = 0.00>
ST_31 : Operation 241 [2/2] (2.07ns)   --->   "%x_l_I_V = add i19 %x_l_I_V_81, i19 524287"   --->   Operation 241 'add' 'x_l_I_V' <Predicate = true> <Delay = 2.07> <CoreInst = "Adder">   --->   Core 1 'Adder' <Latency = 1> <II = 1> <Delay = 1.93> <FuncUnit> <Opcode : 'add' 'sub'> <InPorts = 2> <OutPorts = 1>

State 32 <SV = 31> <Delay = 2.43>
ST_32 : Operation 242 [1/1] (0.00ns)   --->   "%mul_FH_V = bitconcatenate i17 @_ssdm_op_BitConcatenate.i17.i1.i2.i14, i1 %trunc_ln104, i2 %p_Result_20, i14 8192"   --->   Operation 242 'bitconcatenate' 'mul_FH_V' <Predicate = true> <Delay = 0.00>
ST_32 : Operation 243 [1/1] (0.00ns)   --->   "%trunc_ln318_1 = bitconcatenate i17 @_ssdm_op_BitConcatenate.i17.i10.i7, i10 0, i7 %tmp_14" [/home/rcslfpgaserver/Softwares/Xilinx/Vitis_HLS/2020.2/common/technology/autopilot/hls_sqrt_apfixed.h:318]   --->   Operation 243 'bitconcatenate' 'trunc_ln318_1' <Predicate = true> <Delay = 0.00>
ST_32 : Operation 244 [1/1] (0.00ns)   --->   "%zext_ln318_1 = zext i17 %trunc_ln318_1" [/home/rcslfpgaserver/Softwares/Xilinx/Vitis_HLS/2020.2/common/technology/autopilot/hls_sqrt_apfixed.h:318]   --->   Operation 244 'zext' 'zext_ln318_1' <Predicate = true> <Delay = 0.00>
ST_32 : Operation 245 [1/1] (2.43ns)   --->   "%icmp_ln318_2 = icmp_ne  i19 %x_l_I_V_81, i19 %zext_ln318_1" [/home/rcslfpgaserver/Softwares/Xilinx/Vitis_HLS/2020.2/common/technology/autopilot/hls_sqrt_apfixed.h:318]   --->   Operation 245 'icmp' 'icmp_ln318_2' <Predicate = true> <Delay = 2.43> <CoreInst = "Cmp">   --->   Core 9 'Cmp' <Latency = 0> <II = 1> <Delay = 0.95> <FuncUnit> <Opcode : 'icmp'> <InPorts = 2> <OutPorts = 1>
ST_32 : Operation 246 [1/1] (2.43ns)   --->   "%icmp_ln318_3 = icmp_ult  i17 %p_Val2_23, i17 %mul_FH_V" [/home/rcslfpgaserver/Softwares/Xilinx/Vitis_HLS/2020.2/common/technology/autopilot/hls_sqrt_apfixed.h:318]   --->   Operation 246 'icmp' 'icmp_ln318_3' <Predicate = true> <Delay = 2.43> <CoreInst = "Cmp">   --->   Core 9 'Cmp' <Latency = 0> <II = 1> <Delay = 0.95> <FuncUnit> <Opcode : 'icmp'> <InPorts = 2> <OutPorts = 1>
ST_32 : Operation 247 [1/2] (2.07ns)   --->   "%x_l_I_V = add i19 %x_l_I_V_81, i19 524287"   --->   Operation 247 'add' 'x_l_I_V' <Predicate = true> <Delay = 2.07> <CoreInst = "Adder">   --->   Core 1 'Adder' <Latency = 1> <II = 1> <Delay = 1.93> <FuncUnit> <Opcode : 'add' 'sub'> <InPorts = 2> <OutPorts = 1>
ST_32 : Operation 248 [2/2] (2.04ns)   --->   "%x_l_FH_V_27 = sub i17 %p_Val2_23, i17 %mul_FH_V"   --->   Operation 248 'sub' 'x_l_FH_V_27' <Predicate = true> <Delay = 2.04> <CoreInst = "Adder">   --->   Core 1 'Adder' <Latency = 1> <II = 1> <Delay = 1.93> <FuncUnit> <Opcode : 'add' 'sub'> <InPorts = 2> <OutPorts = 1>
ST_32 : Operation 249 [1/1] (2.43ns)   --->   "%icmp_ln1494_1 = icmp_ult  i19 %zext_ln318_1, i19 %x_l_I_V_81"   --->   Operation 249 'icmp' 'icmp_ln1494_1' <Predicate = true> <Delay = 2.43> <CoreInst = "Cmp">   --->   Core 9 'Cmp' <Latency = 0> <II = 1> <Delay = 0.95> <FuncUnit> <Opcode : 'icmp'> <InPorts = 2> <OutPorts = 1>

State 33 <SV = 32> <Delay = 2.04>
ST_33 : Operation 250 [1/1] (0.00ns) (grouped into LUT with out node and_ln318_2)   --->   "%or_ln318_1 = or i1 %icmp_ln318_2, i1 %icmp_ln318_3" [/home/rcslfpgaserver/Softwares/Xilinx/Vitis_HLS/2020.2/common/technology/autopilot/hls_sqrt_apfixed.h:318]   --->   Operation 250 'or' 'or_ln318_1' <Predicate = true> <Delay = 0.00> <CoreInst = "LogicGate">   --->   Core 74 'LogicGate' <Latency = 0> <II = 1> <Delay = 1.00> <FuncUnit> <Opcode : 'and' 'or' 'xor'> <InPorts = 2> <OutPorts = 1>
ST_33 : Operation 251 [1/1] (0.73ns)   --->   "%x_l_I_V_21 = select i1 %icmp_ln318_3, i19 %x_l_I_V, i19 %x_l_I_V_81" [/home/rcslfpgaserver/Softwares/Xilinx/Vitis_HLS/2020.2/common/technology/autopilot/hls_sqrt_apfixed.h:339]   --->   Operation 251 'select' 'x_l_I_V_21' <Predicate = true> <Delay = 0.73> <CoreInst = "Sel">   --->   Core 73 'Sel' <Latency = 0> <II = 1> <Delay = 0.73> <FuncUnit> <Opcode : 'select'> <InPorts = 3> <OutPorts = 1>
ST_33 : Operation 252 [1/2] (2.04ns)   --->   "%x_l_FH_V_27 = sub i17 %p_Val2_23, i17 %mul_FH_V"   --->   Operation 252 'sub' 'x_l_FH_V_27' <Predicate = true> <Delay = 2.04> <CoreInst = "Adder">   --->   Core 1 'Adder' <Latency = 1> <II = 1> <Delay = 1.93> <FuncUnit> <Opcode : 'add' 'sub'> <InPorts = 2> <OutPorts = 1>
ST_33 : Operation 253 [1/1] (0.00ns) (grouped into LUT with out node and_ln318_2)   --->   "%xor_ln1494_1 = xor i1 %icmp_ln1494_1, i1 1"   --->   Operation 253 'xor' 'xor_ln1494_1' <Predicate = true> <Delay = 0.00> <CoreInst = "LogicGate">   --->   Core 74 'LogicGate' <Latency = 0> <II = 1> <Delay = 1.00> <FuncUnit> <Opcode : 'and' 'or' 'xor'> <InPorts = 2> <OutPorts = 1>
ST_33 : Operation 254 [1/1] (0.97ns) (out node of the LUT)   --->   "%and_ln318_2 = and i1 %or_ln318_1, i1 %xor_ln1494_1" [/home/rcslfpgaserver/Softwares/Xilinx/Vitis_HLS/2020.2/common/technology/autopilot/hls_sqrt_apfixed.h:318]   --->   Operation 254 'and' 'and_ln318_2' <Predicate = true> <Delay = 0.97> <CoreInst = "LogicGate">   --->   Core 74 'LogicGate' <Latency = 0> <II = 1> <Delay = 1.00> <FuncUnit> <Opcode : 'and' 'or' 'xor'> <InPorts = 2> <OutPorts = 1>

State 34 <SV = 33> <Delay = 2.07>
ST_34 : Operation 255 [2/2] (2.07ns)   --->   "%x_l_I_V_82 = sub i19 %x_l_I_V_21, i19 %zext_ln318_1"   --->   Operation 255 'sub' 'x_l_I_V_82' <Predicate = (!and_ln318_2)> <Delay = 2.07> <CoreInst = "Adder">   --->   Core 1 'Adder' <Latency = 1> <II = 1> <Delay = 1.93> <FuncUnit> <Opcode : 'add' 'sub'> <InPorts = 2> <OutPorts = 1>
ST_34 : Operation 256 [1/1] (0.78ns)   --->   "%x_l_FH_V_28 = select i1 %and_ln318_2, i17 %p_Val2_23, i17 %x_l_FH_V_27" [/home/rcslfpgaserver/Softwares/Xilinx/Vitis_HLS/2020.2/common/technology/autopilot/hls_sqrt_apfixed.h:318]   --->   Operation 256 'select' 'x_l_FH_V_28' <Predicate = true> <Delay = 0.78> <CoreInst = "Sel">   --->   Core 73 'Sel' <Latency = 0> <II = 1> <Delay = 0.73> <FuncUnit> <Opcode : 'select'> <InPorts = 3> <OutPorts = 1>

State 35 <SV = 34> <Delay = 2.07>
ST_35 : Operation 257 [1/2] (2.07ns)   --->   "%x_l_I_V_82 = sub i19 %x_l_I_V_21, i19 %zext_ln318_1"   --->   Operation 257 'sub' 'x_l_I_V_82' <Predicate = (!and_ln318_2)> <Delay = 2.07> <CoreInst = "Adder">   --->   Core 1 'Adder' <Latency = 1> <II = 1> <Delay = 1.93> <FuncUnit> <Opcode : 'add' 'sub'> <InPorts = 2> <OutPorts = 1>

State 36 <SV = 35> <Delay = 0.73>
ST_36 : Operation 258 [1/1] (0.73ns)   --->   "%x_l_I_V_83 = select i1 %and_ln318_2, i19 %x_l_I_V_81, i19 %x_l_I_V_82" [/home/rcslfpgaserver/Softwares/Xilinx/Vitis_HLS/2020.2/common/technology/autopilot/hls_sqrt_apfixed.h:318]   --->   Operation 258 'select' 'x_l_I_V_83' <Predicate = true> <Delay = 0.73> <CoreInst = "Sel">   --->   Core 73 'Sel' <Latency = 0> <II = 1> <Delay = 0.73> <FuncUnit> <Opcode : 'select'> <InPorts = 3> <OutPorts = 1>

State 37 <SV = 36> <Delay = 2.07>
ST_37 : Operation 259 [1/1] (0.00ns)   --->   "%p_Result_58 = bitset i17 @_ssdm_op_BitSet.i17.i17.i32.i1, i17 %res_FH_V_33, i32 15, i1 1"   --->   Operation 259 'bitset' 'p_Result_58' <Predicate = (!and_ln318_2)> <Delay = 0.00>
ST_37 : Operation 260 [1/1] (0.78ns)   --->   "%res_FH_V_34 = select i1 %and_ln318_2, i17 %res_FH_V_33, i17 %p_Result_58" [/home/rcslfpgaserver/Softwares/Xilinx/Vitis_HLS/2020.2/common/technology/autopilot/hls_sqrt_apfixed.h:318]   --->   Operation 260 'select' 'res_FH_V_34' <Predicate = true> <Delay = 0.78> <CoreInst = "Sel">   --->   Core 73 'Sel' <Latency = 0> <II = 1> <Delay = 0.73> <FuncUnit> <Opcode : 'select'> <InPorts = 3> <OutPorts = 1>
ST_37 : Operation 261 [1/1] (0.00ns)   --->   "%p_Result_21 = partselect i3 @_ssdm_op_PartSelect.i3.i17.i32.i32, i17 %res_FH_V_34, i32 14, i32 16"   --->   Operation 261 'partselect' 'p_Result_21' <Predicate = true> <Delay = 0.00>
ST_37 : Operation 262 [2/2] (2.07ns)   --->   "%x_l_I_V_24 = add i19 %x_l_I_V_83, i19 524287"   --->   Operation 262 'add' 'x_l_I_V_24' <Predicate = true> <Delay = 2.07> <CoreInst = "Adder">   --->   Core 1 'Adder' <Latency = 1> <II = 1> <Delay = 1.93> <FuncUnit> <Opcode : 'add' 'sub'> <InPorts = 2> <OutPorts = 1>

State 38 <SV = 37> <Delay = 2.43>
ST_38 : Operation 263 [1/1] (0.00ns)   --->   "%mul_FH_V_1 = bitconcatenate i17 @_ssdm_op_BitConcatenate.i17.i2.i3.i12, i2 %trunc_ln104_1, i3 %p_Result_21, i12 2048"   --->   Operation 263 'bitconcatenate' 'mul_FH_V_1' <Predicate = true> <Delay = 0.00>
ST_38 : Operation 264 [1/1] (0.00ns)   --->   "%trunc_ln318_2 = bitconcatenate i17 @_ssdm_op_BitConcatenate.i17.i11.i6, i11 0, i6 %tmp_15" [/home/rcslfpgaserver/Softwares/Xilinx/Vitis_HLS/2020.2/common/technology/autopilot/hls_sqrt_apfixed.h:318]   --->   Operation 264 'bitconcatenate' 'trunc_ln318_2' <Predicate = true> <Delay = 0.00>
ST_38 : Operation 265 [1/1] (0.00ns)   --->   "%zext_ln318_2 = zext i17 %trunc_ln318_2" [/home/rcslfpgaserver/Softwares/Xilinx/Vitis_HLS/2020.2/common/technology/autopilot/hls_sqrt_apfixed.h:318]   --->   Operation 265 'zext' 'zext_ln318_2' <Predicate = true> <Delay = 0.00>
ST_38 : Operation 266 [1/1] (2.43ns)   --->   "%icmp_ln318_4 = icmp_ne  i19 %x_l_I_V_83, i19 %zext_ln318_2" [/home/rcslfpgaserver/Softwares/Xilinx/Vitis_HLS/2020.2/common/technology/autopilot/hls_sqrt_apfixed.h:318]   --->   Operation 266 'icmp' 'icmp_ln318_4' <Predicate = true> <Delay = 2.43> <CoreInst = "Cmp">   --->   Core 9 'Cmp' <Latency = 0> <II = 1> <Delay = 0.95> <FuncUnit> <Opcode : 'icmp'> <InPorts = 2> <OutPorts = 1>
ST_38 : Operation 267 [1/1] (2.43ns)   --->   "%icmp_ln318_5 = icmp_ult  i17 %x_l_FH_V_28, i17 %mul_FH_V_1" [/home/rcslfpgaserver/Softwares/Xilinx/Vitis_HLS/2020.2/common/technology/autopilot/hls_sqrt_apfixed.h:318]   --->   Operation 267 'icmp' 'icmp_ln318_5' <Predicate = true> <Delay = 2.43> <CoreInst = "Cmp">   --->   Core 9 'Cmp' <Latency = 0> <II = 1> <Delay = 0.95> <FuncUnit> <Opcode : 'icmp'> <InPorts = 2> <OutPorts = 1>
ST_38 : Operation 268 [1/2] (2.07ns)   --->   "%x_l_I_V_24 = add i19 %x_l_I_V_83, i19 524287"   --->   Operation 268 'add' 'x_l_I_V_24' <Predicate = true> <Delay = 2.07> <CoreInst = "Adder">   --->   Core 1 'Adder' <Latency = 1> <II = 1> <Delay = 1.93> <FuncUnit> <Opcode : 'add' 'sub'> <InPorts = 2> <OutPorts = 1>
ST_38 : Operation 269 [2/2] (2.04ns)   --->   "%x_l_FH_V_29 = sub i17 %x_l_FH_V_28, i17 %mul_FH_V_1"   --->   Operation 269 'sub' 'x_l_FH_V_29' <Predicate = true> <Delay = 2.04> <CoreInst = "Adder">   --->   Core 1 'Adder' <Latency = 1> <II = 1> <Delay = 1.93> <FuncUnit> <Opcode : 'add' 'sub'> <InPorts = 2> <OutPorts = 1>
ST_38 : Operation 270 [1/1] (2.43ns)   --->   "%icmp_ln1494_2 = icmp_ult  i19 %zext_ln318_2, i19 %x_l_I_V_83"   --->   Operation 270 'icmp' 'icmp_ln1494_2' <Predicate = true> <Delay = 2.43> <CoreInst = "Cmp">   --->   Core 9 'Cmp' <Latency = 0> <II = 1> <Delay = 0.95> <FuncUnit> <Opcode : 'icmp'> <InPorts = 2> <OutPorts = 1>

State 39 <SV = 38> <Delay = 2.04>
ST_39 : Operation 271 [1/1] (0.00ns) (grouped into LUT with out node and_ln318_3)   --->   "%or_ln318_2 = or i1 %icmp_ln318_4, i1 %icmp_ln318_5" [/home/rcslfpgaserver/Softwares/Xilinx/Vitis_HLS/2020.2/common/technology/autopilot/hls_sqrt_apfixed.h:318]   --->   Operation 271 'or' 'or_ln318_2' <Predicate = true> <Delay = 0.00> <CoreInst = "LogicGate">   --->   Core 74 'LogicGate' <Latency = 0> <II = 1> <Delay = 1.00> <FuncUnit> <Opcode : 'and' 'or' 'xor'> <InPorts = 2> <OutPorts = 1>
ST_39 : Operation 272 [1/1] (0.73ns)   --->   "%x_l_I_V_25 = select i1 %icmp_ln318_5, i19 %x_l_I_V_24, i19 %x_l_I_V_83" [/home/rcslfpgaserver/Softwares/Xilinx/Vitis_HLS/2020.2/common/technology/autopilot/hls_sqrt_apfixed.h:339]   --->   Operation 272 'select' 'x_l_I_V_25' <Predicate = true> <Delay = 0.73> <CoreInst = "Sel">   --->   Core 73 'Sel' <Latency = 0> <II = 1> <Delay = 0.73> <FuncUnit> <Opcode : 'select'> <InPorts = 3> <OutPorts = 1>
ST_39 : Operation 273 [1/2] (2.04ns)   --->   "%x_l_FH_V_29 = sub i17 %x_l_FH_V_28, i17 %mul_FH_V_1"   --->   Operation 273 'sub' 'x_l_FH_V_29' <Predicate = true> <Delay = 2.04> <CoreInst = "Adder">   --->   Core 1 'Adder' <Latency = 1> <II = 1> <Delay = 1.93> <FuncUnit> <Opcode : 'add' 'sub'> <InPorts = 2> <OutPorts = 1>
ST_39 : Operation 274 [1/1] (0.00ns) (grouped into LUT with out node and_ln318_3)   --->   "%xor_ln1494_2 = xor i1 %icmp_ln1494_2, i1 1"   --->   Operation 274 'xor' 'xor_ln1494_2' <Predicate = true> <Delay = 0.00> <CoreInst = "LogicGate">   --->   Core 74 'LogicGate' <Latency = 0> <II = 1> <Delay = 1.00> <FuncUnit> <Opcode : 'and' 'or' 'xor'> <InPorts = 2> <OutPorts = 1>
ST_39 : Operation 275 [1/1] (0.97ns) (out node of the LUT)   --->   "%and_ln318_3 = and i1 %or_ln318_2, i1 %xor_ln1494_2" [/home/rcslfpgaserver/Softwares/Xilinx/Vitis_HLS/2020.2/common/technology/autopilot/hls_sqrt_apfixed.h:318]   --->   Operation 275 'and' 'and_ln318_3' <Predicate = true> <Delay = 0.97> <CoreInst = "LogicGate">   --->   Core 74 'LogicGate' <Latency = 0> <II = 1> <Delay = 1.00> <FuncUnit> <Opcode : 'and' 'or' 'xor'> <InPorts = 2> <OutPorts = 1>

State 40 <SV = 39> <Delay = 2.07>
ST_40 : Operation 276 [2/2] (2.07ns)   --->   "%x_l_I_V_84 = sub i19 %x_l_I_V_25, i19 %zext_ln318_2"   --->   Operation 276 'sub' 'x_l_I_V_84' <Predicate = (!and_ln318_3)> <Delay = 2.07> <CoreInst = "Adder">   --->   Core 1 'Adder' <Latency = 1> <II = 1> <Delay = 1.93> <FuncUnit> <Opcode : 'add' 'sub'> <InPorts = 2> <OutPorts = 1>
ST_40 : Operation 277 [1/1] (0.78ns)   --->   "%x_l_FH_V_30 = select i1 %and_ln318_3, i17 %x_l_FH_V_28, i17 %x_l_FH_V_29" [/home/rcslfpgaserver/Softwares/Xilinx/Vitis_HLS/2020.2/common/technology/autopilot/hls_sqrt_apfixed.h:318]   --->   Operation 277 'select' 'x_l_FH_V_30' <Predicate = true> <Delay = 0.78> <CoreInst = "Sel">   --->   Core 73 'Sel' <Latency = 0> <II = 1> <Delay = 0.73> <FuncUnit> <Opcode : 'select'> <InPorts = 3> <OutPorts = 1>

State 41 <SV = 40> <Delay = 2.07>
ST_41 : Operation 278 [1/2] (2.07ns)   --->   "%x_l_I_V_84 = sub i19 %x_l_I_V_25, i19 %zext_ln318_2"   --->   Operation 278 'sub' 'x_l_I_V_84' <Predicate = (!and_ln318_3)> <Delay = 2.07> <CoreInst = "Adder">   --->   Core 1 'Adder' <Latency = 1> <II = 1> <Delay = 1.93> <FuncUnit> <Opcode : 'add' 'sub'> <InPorts = 2> <OutPorts = 1>

State 42 <SV = 41> <Delay = 0.73>
ST_42 : Operation 279 [1/1] (0.73ns)   --->   "%x_l_I_V_85 = select i1 %and_ln318_3, i19 %x_l_I_V_83, i19 %x_l_I_V_84" [/home/rcslfpgaserver/Softwares/Xilinx/Vitis_HLS/2020.2/common/technology/autopilot/hls_sqrt_apfixed.h:318]   --->   Operation 279 'select' 'x_l_I_V_85' <Predicate = true> <Delay = 0.73> <CoreInst = "Sel">   --->   Core 73 'Sel' <Latency = 0> <II = 1> <Delay = 0.73> <FuncUnit> <Opcode : 'select'> <InPorts = 3> <OutPorts = 1>

State 43 <SV = 42> <Delay = 2.07>
ST_43 : Operation 280 [1/1] (0.00ns)   --->   "%p_Result_59 = bitset i17 @_ssdm_op_BitSet.i17.i17.i32.i1, i17 %res_FH_V_34, i32 14, i1 1"   --->   Operation 280 'bitset' 'p_Result_59' <Predicate = (!and_ln318_3)> <Delay = 0.00>
ST_43 : Operation 281 [1/1] (0.78ns)   --->   "%res_FH_V_35 = select i1 %and_ln318_3, i17 %res_FH_V_34, i17 %p_Result_59" [/home/rcslfpgaserver/Softwares/Xilinx/Vitis_HLS/2020.2/common/technology/autopilot/hls_sqrt_apfixed.h:318]   --->   Operation 281 'select' 'res_FH_V_35' <Predicate = true> <Delay = 0.78> <CoreInst = "Sel">   --->   Core 73 'Sel' <Latency = 0> <II = 1> <Delay = 0.73> <FuncUnit> <Opcode : 'select'> <InPorts = 3> <OutPorts = 1>
ST_43 : Operation 282 [1/1] (0.00ns)   --->   "%p_Result_22 = partselect i4 @_ssdm_op_PartSelect.i4.i17.i32.i32, i17 %res_FH_V_35, i32 13, i32 16"   --->   Operation 282 'partselect' 'p_Result_22' <Predicate = true> <Delay = 0.00>
ST_43 : Operation 283 [2/2] (2.07ns)   --->   "%x_l_I_V_28 = add i19 %x_l_I_V_85, i19 524287"   --->   Operation 283 'add' 'x_l_I_V_28' <Predicate = true> <Delay = 2.07> <CoreInst = "Adder">   --->   Core 1 'Adder' <Latency = 1> <II = 1> <Delay = 1.93> <FuncUnit> <Opcode : 'add' 'sub'> <InPorts = 2> <OutPorts = 1>

State 44 <SV = 43> <Delay = 2.43>
ST_44 : Operation 284 [1/1] (0.00ns)   --->   "%mul_FH_V_2 = bitconcatenate i17 @_ssdm_op_BitConcatenate.i17.i3.i4.i10, i3 %trunc_ln104_2, i4 %p_Result_22, i10 512"   --->   Operation 284 'bitconcatenate' 'mul_FH_V_2' <Predicate = true> <Delay = 0.00>
ST_44 : Operation 285 [1/1] (0.00ns)   --->   "%trunc_ln318_3 = bitconcatenate i17 @_ssdm_op_BitConcatenate.i17.i12.i5, i12 0, i5 %tmp_16" [/home/rcslfpgaserver/Softwares/Xilinx/Vitis_HLS/2020.2/common/technology/autopilot/hls_sqrt_apfixed.h:318]   --->   Operation 285 'bitconcatenate' 'trunc_ln318_3' <Predicate = true> <Delay = 0.00>
ST_44 : Operation 286 [1/1] (0.00ns)   --->   "%zext_ln318_3 = zext i17 %trunc_ln318_3" [/home/rcslfpgaserver/Softwares/Xilinx/Vitis_HLS/2020.2/common/technology/autopilot/hls_sqrt_apfixed.h:318]   --->   Operation 286 'zext' 'zext_ln318_3' <Predicate = true> <Delay = 0.00>
ST_44 : Operation 287 [1/1] (2.43ns)   --->   "%icmp_ln318_6 = icmp_ne  i19 %x_l_I_V_85, i19 %zext_ln318_3" [/home/rcslfpgaserver/Softwares/Xilinx/Vitis_HLS/2020.2/common/technology/autopilot/hls_sqrt_apfixed.h:318]   --->   Operation 287 'icmp' 'icmp_ln318_6' <Predicate = true> <Delay = 2.43> <CoreInst = "Cmp">   --->   Core 9 'Cmp' <Latency = 0> <II = 1> <Delay = 0.95> <FuncUnit> <Opcode : 'icmp'> <InPorts = 2> <OutPorts = 1>
ST_44 : Operation 288 [1/1] (2.43ns)   --->   "%icmp_ln318_7 = icmp_ult  i17 %x_l_FH_V_30, i17 %mul_FH_V_2" [/home/rcslfpgaserver/Softwares/Xilinx/Vitis_HLS/2020.2/common/technology/autopilot/hls_sqrt_apfixed.h:318]   --->   Operation 288 'icmp' 'icmp_ln318_7' <Predicate = true> <Delay = 2.43> <CoreInst = "Cmp">   --->   Core 9 'Cmp' <Latency = 0> <II = 1> <Delay = 0.95> <FuncUnit> <Opcode : 'icmp'> <InPorts = 2> <OutPorts = 1>
ST_44 : Operation 289 [1/2] (2.07ns)   --->   "%x_l_I_V_28 = add i19 %x_l_I_V_85, i19 524287"   --->   Operation 289 'add' 'x_l_I_V_28' <Predicate = true> <Delay = 2.07> <CoreInst = "Adder">   --->   Core 1 'Adder' <Latency = 1> <II = 1> <Delay = 1.93> <FuncUnit> <Opcode : 'add' 'sub'> <InPorts = 2> <OutPorts = 1>
ST_44 : Operation 290 [2/2] (2.04ns)   --->   "%x_l_FH_V_31 = sub i17 %x_l_FH_V_30, i17 %mul_FH_V_2"   --->   Operation 290 'sub' 'x_l_FH_V_31' <Predicate = true> <Delay = 2.04> <CoreInst = "Adder">   --->   Core 1 'Adder' <Latency = 1> <II = 1> <Delay = 1.93> <FuncUnit> <Opcode : 'add' 'sub'> <InPorts = 2> <OutPorts = 1>
ST_44 : Operation 291 [1/1] (2.43ns)   --->   "%icmp_ln1494_3 = icmp_ult  i19 %zext_ln318_3, i19 %x_l_I_V_85"   --->   Operation 291 'icmp' 'icmp_ln1494_3' <Predicate = true> <Delay = 2.43> <CoreInst = "Cmp">   --->   Core 9 'Cmp' <Latency = 0> <II = 1> <Delay = 0.95> <FuncUnit> <Opcode : 'icmp'> <InPorts = 2> <OutPorts = 1>

State 45 <SV = 44> <Delay = 2.04>
ST_45 : Operation 292 [1/1] (0.00ns) (grouped into LUT with out node and_ln318_4)   --->   "%or_ln318_3 = or i1 %icmp_ln318_6, i1 %icmp_ln318_7" [/home/rcslfpgaserver/Softwares/Xilinx/Vitis_HLS/2020.2/common/technology/autopilot/hls_sqrt_apfixed.h:318]   --->   Operation 292 'or' 'or_ln318_3' <Predicate = true> <Delay = 0.00> <CoreInst = "LogicGate">   --->   Core 74 'LogicGate' <Latency = 0> <II = 1> <Delay = 1.00> <FuncUnit> <Opcode : 'and' 'or' 'xor'> <InPorts = 2> <OutPorts = 1>
ST_45 : Operation 293 [1/1] (0.73ns)   --->   "%x_l_I_V_29 = select i1 %icmp_ln318_7, i19 %x_l_I_V_28, i19 %x_l_I_V_85" [/home/rcslfpgaserver/Softwares/Xilinx/Vitis_HLS/2020.2/common/technology/autopilot/hls_sqrt_apfixed.h:339]   --->   Operation 293 'select' 'x_l_I_V_29' <Predicate = true> <Delay = 0.73> <CoreInst = "Sel">   --->   Core 73 'Sel' <Latency = 0> <II = 1> <Delay = 0.73> <FuncUnit> <Opcode : 'select'> <InPorts = 3> <OutPorts = 1>
ST_45 : Operation 294 [1/2] (2.04ns)   --->   "%x_l_FH_V_31 = sub i17 %x_l_FH_V_30, i17 %mul_FH_V_2"   --->   Operation 294 'sub' 'x_l_FH_V_31' <Predicate = true> <Delay = 2.04> <CoreInst = "Adder">   --->   Core 1 'Adder' <Latency = 1> <II = 1> <Delay = 1.93> <FuncUnit> <Opcode : 'add' 'sub'> <InPorts = 2> <OutPorts = 1>
ST_45 : Operation 295 [1/1] (0.00ns) (grouped into LUT with out node and_ln318_4)   --->   "%xor_ln1494_3 = xor i1 %icmp_ln1494_3, i1 1"   --->   Operation 295 'xor' 'xor_ln1494_3' <Predicate = true> <Delay = 0.00> <CoreInst = "LogicGate">   --->   Core 74 'LogicGate' <Latency = 0> <II = 1> <Delay = 1.00> <FuncUnit> <Opcode : 'and' 'or' 'xor'> <InPorts = 2> <OutPorts = 1>
ST_45 : Operation 296 [1/1] (0.97ns) (out node of the LUT)   --->   "%and_ln318_4 = and i1 %or_ln318_3, i1 %xor_ln1494_3" [/home/rcslfpgaserver/Softwares/Xilinx/Vitis_HLS/2020.2/common/technology/autopilot/hls_sqrt_apfixed.h:318]   --->   Operation 296 'and' 'and_ln318_4' <Predicate = true> <Delay = 0.97> <CoreInst = "LogicGate">   --->   Core 74 'LogicGate' <Latency = 0> <II = 1> <Delay = 1.00> <FuncUnit> <Opcode : 'and' 'or' 'xor'> <InPorts = 2> <OutPorts = 1>

State 46 <SV = 45> <Delay = 2.07>
ST_46 : Operation 297 [2/2] (2.07ns)   --->   "%x_l_I_V_86 = sub i19 %x_l_I_V_29, i19 %zext_ln318_3"   --->   Operation 297 'sub' 'x_l_I_V_86' <Predicate = (!and_ln318_4)> <Delay = 2.07> <CoreInst = "Adder">   --->   Core 1 'Adder' <Latency = 1> <II = 1> <Delay = 1.93> <FuncUnit> <Opcode : 'add' 'sub'> <InPorts = 2> <OutPorts = 1>
ST_46 : Operation 298 [1/1] (0.78ns)   --->   "%x_l_FH_V_32 = select i1 %and_ln318_4, i17 %x_l_FH_V_30, i17 %x_l_FH_V_31" [/home/rcslfpgaserver/Softwares/Xilinx/Vitis_HLS/2020.2/common/technology/autopilot/hls_sqrt_apfixed.h:318]   --->   Operation 298 'select' 'x_l_FH_V_32' <Predicate = true> <Delay = 0.78> <CoreInst = "Sel">   --->   Core 73 'Sel' <Latency = 0> <II = 1> <Delay = 0.73> <FuncUnit> <Opcode : 'select'> <InPorts = 3> <OutPorts = 1>

State 47 <SV = 46> <Delay = 2.07>
ST_47 : Operation 299 [1/2] (2.07ns)   --->   "%x_l_I_V_86 = sub i19 %x_l_I_V_29, i19 %zext_ln318_3"   --->   Operation 299 'sub' 'x_l_I_V_86' <Predicate = (!and_ln318_4)> <Delay = 2.07> <CoreInst = "Adder">   --->   Core 1 'Adder' <Latency = 1> <II = 1> <Delay = 1.93> <FuncUnit> <Opcode : 'add' 'sub'> <InPorts = 2> <OutPorts = 1>

State 48 <SV = 47> <Delay = 0.73>
ST_48 : Operation 300 [1/1] (0.73ns)   --->   "%x_l_I_V_87 = select i1 %and_ln318_4, i19 %x_l_I_V_85, i19 %x_l_I_V_86" [/home/rcslfpgaserver/Softwares/Xilinx/Vitis_HLS/2020.2/common/technology/autopilot/hls_sqrt_apfixed.h:318]   --->   Operation 300 'select' 'x_l_I_V_87' <Predicate = true> <Delay = 0.73> <CoreInst = "Sel">   --->   Core 73 'Sel' <Latency = 0> <II = 1> <Delay = 0.73> <FuncUnit> <Opcode : 'select'> <InPorts = 3> <OutPorts = 1>

State 49 <SV = 48> <Delay = 2.07>
ST_49 : Operation 301 [1/1] (0.00ns)   --->   "%p_Result_60 = bitset i17 @_ssdm_op_BitSet.i17.i17.i32.i1, i17 %res_FH_V_35, i32 13, i1 1"   --->   Operation 301 'bitset' 'p_Result_60' <Predicate = (!and_ln318_4)> <Delay = 0.00>
ST_49 : Operation 302 [1/1] (0.78ns)   --->   "%res_FH_V_36 = select i1 %and_ln318_4, i17 %res_FH_V_35, i17 %p_Result_60" [/home/rcslfpgaserver/Softwares/Xilinx/Vitis_HLS/2020.2/common/technology/autopilot/hls_sqrt_apfixed.h:318]   --->   Operation 302 'select' 'res_FH_V_36' <Predicate = true> <Delay = 0.78> <CoreInst = "Sel">   --->   Core 73 'Sel' <Latency = 0> <II = 1> <Delay = 0.73> <FuncUnit> <Opcode : 'select'> <InPorts = 3> <OutPorts = 1>
ST_49 : Operation 303 [1/1] (0.00ns)   --->   "%p_Result_23 = partselect i5 @_ssdm_op_PartSelect.i5.i17.i32.i32, i17 %res_FH_V_36, i32 12, i32 16"   --->   Operation 303 'partselect' 'p_Result_23' <Predicate = true> <Delay = 0.00>
ST_49 : Operation 304 [2/2] (2.07ns)   --->   "%x_l_I_V_32 = add i19 %x_l_I_V_87, i19 524287"   --->   Operation 304 'add' 'x_l_I_V_32' <Predicate = true> <Delay = 2.07> <CoreInst = "Adder">   --->   Core 1 'Adder' <Latency = 1> <II = 1> <Delay = 1.93> <FuncUnit> <Opcode : 'add' 'sub'> <InPorts = 2> <OutPorts = 1>

State 50 <SV = 49> <Delay = 2.43>
ST_50 : Operation 305 [1/1] (0.00ns)   --->   "%mul_FH_V_3 = bitconcatenate i17 @_ssdm_op_BitConcatenate.i17.i4.i5.i8, i4 %trunc_ln104_3, i5 %p_Result_23, i8 128"   --->   Operation 305 'bitconcatenate' 'mul_FH_V_3' <Predicate = true> <Delay = 0.00>
ST_50 : Operation 306 [1/1] (0.00ns)   --->   "%trunc_ln318_4 = bitconcatenate i17 @_ssdm_op_BitConcatenate.i17.i13.i4, i13 0, i4 %tmp_17" [/home/rcslfpgaserver/Softwares/Xilinx/Vitis_HLS/2020.2/common/technology/autopilot/hls_sqrt_apfixed.h:318]   --->   Operation 306 'bitconcatenate' 'trunc_ln318_4' <Predicate = true> <Delay = 0.00>
ST_50 : Operation 307 [1/1] (0.00ns)   --->   "%zext_ln318_4 = zext i17 %trunc_ln318_4" [/home/rcslfpgaserver/Softwares/Xilinx/Vitis_HLS/2020.2/common/technology/autopilot/hls_sqrt_apfixed.h:318]   --->   Operation 307 'zext' 'zext_ln318_4' <Predicate = true> <Delay = 0.00>
ST_50 : Operation 308 [1/1] (2.43ns)   --->   "%icmp_ln318_16 = icmp_ne  i19 %x_l_I_V_87, i19 %zext_ln318_4" [/home/rcslfpgaserver/Softwares/Xilinx/Vitis_HLS/2020.2/common/technology/autopilot/hls_sqrt_apfixed.h:318]   --->   Operation 308 'icmp' 'icmp_ln318_16' <Predicate = true> <Delay = 2.43> <CoreInst = "Cmp">   --->   Core 9 'Cmp' <Latency = 0> <II = 1> <Delay = 0.95> <FuncUnit> <Opcode : 'icmp'> <InPorts = 2> <OutPorts = 1>
ST_50 : Operation 309 [1/1] (2.43ns)   --->   "%icmp_ln318_17 = icmp_ult  i17 %x_l_FH_V_32, i17 %mul_FH_V_3" [/home/rcslfpgaserver/Softwares/Xilinx/Vitis_HLS/2020.2/common/technology/autopilot/hls_sqrt_apfixed.h:318]   --->   Operation 309 'icmp' 'icmp_ln318_17' <Predicate = true> <Delay = 2.43> <CoreInst = "Cmp">   --->   Core 9 'Cmp' <Latency = 0> <II = 1> <Delay = 0.95> <FuncUnit> <Opcode : 'icmp'> <InPorts = 2> <OutPorts = 1>
ST_50 : Operation 310 [1/2] (2.07ns)   --->   "%x_l_I_V_32 = add i19 %x_l_I_V_87, i19 524287"   --->   Operation 310 'add' 'x_l_I_V_32' <Predicate = true> <Delay = 2.07> <CoreInst = "Adder">   --->   Core 1 'Adder' <Latency = 1> <II = 1> <Delay = 1.93> <FuncUnit> <Opcode : 'add' 'sub'> <InPorts = 2> <OutPorts = 1>
ST_50 : Operation 311 [2/2] (2.04ns)   --->   "%x_l_FH_V_33 = sub i17 %x_l_FH_V_32, i17 %mul_FH_V_3"   --->   Operation 311 'sub' 'x_l_FH_V_33' <Predicate = true> <Delay = 2.04> <CoreInst = "Adder">   --->   Core 1 'Adder' <Latency = 1> <II = 1> <Delay = 1.93> <FuncUnit> <Opcode : 'add' 'sub'> <InPorts = 2> <OutPorts = 1>
ST_50 : Operation 312 [1/1] (2.43ns)   --->   "%icmp_ln1494_4 = icmp_ult  i19 %zext_ln318_4, i19 %x_l_I_V_87"   --->   Operation 312 'icmp' 'icmp_ln1494_4' <Predicate = true> <Delay = 2.43> <CoreInst = "Cmp">   --->   Core 9 'Cmp' <Latency = 0> <II = 1> <Delay = 0.95> <FuncUnit> <Opcode : 'icmp'> <InPorts = 2> <OutPorts = 1>

State 51 <SV = 50> <Delay = 2.04>
ST_51 : Operation 313 [1/1] (0.00ns) (grouped into LUT with out node and_ln318_5)   --->   "%or_ln318_4 = or i1 %icmp_ln318_16, i1 %icmp_ln318_17" [/home/rcslfpgaserver/Softwares/Xilinx/Vitis_HLS/2020.2/common/technology/autopilot/hls_sqrt_apfixed.h:318]   --->   Operation 313 'or' 'or_ln318_4' <Predicate = true> <Delay = 0.00> <CoreInst = "LogicGate">   --->   Core 74 'LogicGate' <Latency = 0> <II = 1> <Delay = 1.00> <FuncUnit> <Opcode : 'and' 'or' 'xor'> <InPorts = 2> <OutPorts = 1>
ST_51 : Operation 314 [1/1] (0.73ns)   --->   "%x_l_I_V_33 = select i1 %icmp_ln318_17, i19 %x_l_I_V_32, i19 %x_l_I_V_87" [/home/rcslfpgaserver/Softwares/Xilinx/Vitis_HLS/2020.2/common/technology/autopilot/hls_sqrt_apfixed.h:339]   --->   Operation 314 'select' 'x_l_I_V_33' <Predicate = true> <Delay = 0.73> <CoreInst = "Sel">   --->   Core 73 'Sel' <Latency = 0> <II = 1> <Delay = 0.73> <FuncUnit> <Opcode : 'select'> <InPorts = 3> <OutPorts = 1>
ST_51 : Operation 315 [1/2] (2.04ns)   --->   "%x_l_FH_V_33 = sub i17 %x_l_FH_V_32, i17 %mul_FH_V_3"   --->   Operation 315 'sub' 'x_l_FH_V_33' <Predicate = true> <Delay = 2.04> <CoreInst = "Adder">   --->   Core 1 'Adder' <Latency = 1> <II = 1> <Delay = 1.93> <FuncUnit> <Opcode : 'add' 'sub'> <InPorts = 2> <OutPorts = 1>
ST_51 : Operation 316 [1/1] (0.00ns) (grouped into LUT with out node and_ln318_5)   --->   "%xor_ln1494_4 = xor i1 %icmp_ln1494_4, i1 1"   --->   Operation 316 'xor' 'xor_ln1494_4' <Predicate = true> <Delay = 0.00> <CoreInst = "LogicGate">   --->   Core 74 'LogicGate' <Latency = 0> <II = 1> <Delay = 1.00> <FuncUnit> <Opcode : 'and' 'or' 'xor'> <InPorts = 2> <OutPorts = 1>
ST_51 : Operation 317 [1/1] (0.97ns) (out node of the LUT)   --->   "%and_ln318_5 = and i1 %or_ln318_4, i1 %xor_ln1494_4" [/home/rcslfpgaserver/Softwares/Xilinx/Vitis_HLS/2020.2/common/technology/autopilot/hls_sqrt_apfixed.h:318]   --->   Operation 317 'and' 'and_ln318_5' <Predicate = true> <Delay = 0.97> <CoreInst = "LogicGate">   --->   Core 74 'LogicGate' <Latency = 0> <II = 1> <Delay = 1.00> <FuncUnit> <Opcode : 'and' 'or' 'xor'> <InPorts = 2> <OutPorts = 1>

State 52 <SV = 51> <Delay = 2.07>
ST_52 : Operation 318 [2/2] (2.07ns)   --->   "%x_l_I_V_88 = sub i19 %x_l_I_V_33, i19 %zext_ln318_4"   --->   Operation 318 'sub' 'x_l_I_V_88' <Predicate = (!and_ln318_5)> <Delay = 2.07> <CoreInst = "Adder">   --->   Core 1 'Adder' <Latency = 1> <II = 1> <Delay = 1.93> <FuncUnit> <Opcode : 'add' 'sub'> <InPorts = 2> <OutPorts = 1>
ST_52 : Operation 319 [1/1] (0.78ns)   --->   "%x_l_FH_V_34 = select i1 %and_ln318_5, i17 %x_l_FH_V_32, i17 %x_l_FH_V_33" [/home/rcslfpgaserver/Softwares/Xilinx/Vitis_HLS/2020.2/common/technology/autopilot/hls_sqrt_apfixed.h:318]   --->   Operation 319 'select' 'x_l_FH_V_34' <Predicate = true> <Delay = 0.78> <CoreInst = "Sel">   --->   Core 73 'Sel' <Latency = 0> <II = 1> <Delay = 0.73> <FuncUnit> <Opcode : 'select'> <InPorts = 3> <OutPorts = 1>

State 53 <SV = 52> <Delay = 2.07>
ST_53 : Operation 320 [1/2] (2.07ns)   --->   "%x_l_I_V_88 = sub i19 %x_l_I_V_33, i19 %zext_ln318_4"   --->   Operation 320 'sub' 'x_l_I_V_88' <Predicate = (!and_ln318_5)> <Delay = 2.07> <CoreInst = "Adder">   --->   Core 1 'Adder' <Latency = 1> <II = 1> <Delay = 1.93> <FuncUnit> <Opcode : 'add' 'sub'> <InPorts = 2> <OutPorts = 1>

State 54 <SV = 53> <Delay = 0.73>
ST_54 : Operation 321 [1/1] (0.73ns)   --->   "%x_l_I_V_89 = select i1 %and_ln318_5, i19 %x_l_I_V_87, i19 %x_l_I_V_88" [/home/rcslfpgaserver/Softwares/Xilinx/Vitis_HLS/2020.2/common/technology/autopilot/hls_sqrt_apfixed.h:318]   --->   Operation 321 'select' 'x_l_I_V_89' <Predicate = true> <Delay = 0.73> <CoreInst = "Sel">   --->   Core 73 'Sel' <Latency = 0> <II = 1> <Delay = 0.73> <FuncUnit> <Opcode : 'select'> <InPorts = 3> <OutPorts = 1>

State 55 <SV = 54> <Delay = 2.07>
ST_55 : Operation 322 [1/1] (0.00ns)   --->   "%p_Result_61 = bitset i17 @_ssdm_op_BitSet.i17.i17.i32.i1, i17 %res_FH_V_36, i32 12, i1 1"   --->   Operation 322 'bitset' 'p_Result_61' <Predicate = (!and_ln318_5)> <Delay = 0.00>
ST_55 : Operation 323 [1/1] (0.78ns)   --->   "%res_FH_V_37 = select i1 %and_ln318_5, i17 %res_FH_V_36, i17 %p_Result_61" [/home/rcslfpgaserver/Softwares/Xilinx/Vitis_HLS/2020.2/common/technology/autopilot/hls_sqrt_apfixed.h:318]   --->   Operation 323 'select' 'res_FH_V_37' <Predicate = true> <Delay = 0.78> <CoreInst = "Sel">   --->   Core 73 'Sel' <Latency = 0> <II = 1> <Delay = 0.73> <FuncUnit> <Opcode : 'select'> <InPorts = 3> <OutPorts = 1>
ST_55 : Operation 324 [1/1] (0.00ns)   --->   "%p_Result_24 = partselect i6 @_ssdm_op_PartSelect.i6.i17.i32.i32, i17 %res_FH_V_37, i32 11, i32 16"   --->   Operation 324 'partselect' 'p_Result_24' <Predicate = true> <Delay = 0.00>
ST_55 : Operation 325 [2/2] (2.07ns)   --->   "%x_l_I_V_36 = add i19 %x_l_I_V_89, i19 524287"   --->   Operation 325 'add' 'x_l_I_V_36' <Predicate = true> <Delay = 2.07> <CoreInst = "Adder">   --->   Core 1 'Adder' <Latency = 1> <II = 1> <Delay = 1.93> <FuncUnit> <Opcode : 'add' 'sub'> <InPorts = 2> <OutPorts = 1>

State 56 <SV = 55> <Delay = 2.43>
ST_56 : Operation 326 [1/1] (0.00ns)   --->   "%mul_FH_V_4 = bitconcatenate i17 @_ssdm_op_BitConcatenate.i17.i5.i6.i6, i5 %trunc_ln104_4, i6 %p_Result_24, i6 32"   --->   Operation 326 'bitconcatenate' 'mul_FH_V_4' <Predicate = true> <Delay = 0.00>
ST_56 : Operation 327 [1/1] (0.00ns)   --->   "%trunc_ln318_5 = bitconcatenate i17 @_ssdm_op_BitConcatenate.i17.i14.i3, i14 0, i3 %tmp_18" [/home/rcslfpgaserver/Softwares/Xilinx/Vitis_HLS/2020.2/common/technology/autopilot/hls_sqrt_apfixed.h:318]   --->   Operation 327 'bitconcatenate' 'trunc_ln318_5' <Predicate = true> <Delay = 0.00>
ST_56 : Operation 328 [1/1] (0.00ns)   --->   "%zext_ln318_5 = zext i17 %trunc_ln318_5" [/home/rcslfpgaserver/Softwares/Xilinx/Vitis_HLS/2020.2/common/technology/autopilot/hls_sqrt_apfixed.h:318]   --->   Operation 328 'zext' 'zext_ln318_5' <Predicate = true> <Delay = 0.00>
ST_56 : Operation 329 [1/1] (2.43ns)   --->   "%icmp_ln318_18 = icmp_ne  i19 %x_l_I_V_89, i19 %zext_ln318_5" [/home/rcslfpgaserver/Softwares/Xilinx/Vitis_HLS/2020.2/common/technology/autopilot/hls_sqrt_apfixed.h:318]   --->   Operation 329 'icmp' 'icmp_ln318_18' <Predicate = true> <Delay = 2.43> <CoreInst = "Cmp">   --->   Core 9 'Cmp' <Latency = 0> <II = 1> <Delay = 0.95> <FuncUnit> <Opcode : 'icmp'> <InPorts = 2> <OutPorts = 1>
ST_56 : Operation 330 [1/1] (2.43ns)   --->   "%icmp_ln318_19 = icmp_ult  i17 %x_l_FH_V_34, i17 %mul_FH_V_4" [/home/rcslfpgaserver/Softwares/Xilinx/Vitis_HLS/2020.2/common/technology/autopilot/hls_sqrt_apfixed.h:318]   --->   Operation 330 'icmp' 'icmp_ln318_19' <Predicate = true> <Delay = 2.43> <CoreInst = "Cmp">   --->   Core 9 'Cmp' <Latency = 0> <II = 1> <Delay = 0.95> <FuncUnit> <Opcode : 'icmp'> <InPorts = 2> <OutPorts = 1>
ST_56 : Operation 331 [1/2] (2.07ns)   --->   "%x_l_I_V_36 = add i19 %x_l_I_V_89, i19 524287"   --->   Operation 331 'add' 'x_l_I_V_36' <Predicate = true> <Delay = 2.07> <CoreInst = "Adder">   --->   Core 1 'Adder' <Latency = 1> <II = 1> <Delay = 1.93> <FuncUnit> <Opcode : 'add' 'sub'> <InPorts = 2> <OutPorts = 1>
ST_56 : Operation 332 [2/2] (2.04ns)   --->   "%x_l_FH_V_35 = sub i17 %x_l_FH_V_34, i17 %mul_FH_V_4"   --->   Operation 332 'sub' 'x_l_FH_V_35' <Predicate = true> <Delay = 2.04> <CoreInst = "Adder">   --->   Core 1 'Adder' <Latency = 1> <II = 1> <Delay = 1.93> <FuncUnit> <Opcode : 'add' 'sub'> <InPorts = 2> <OutPorts = 1>
ST_56 : Operation 333 [1/1] (2.43ns)   --->   "%icmp_ln1494_5 = icmp_ult  i19 %zext_ln318_5, i19 %x_l_I_V_89"   --->   Operation 333 'icmp' 'icmp_ln1494_5' <Predicate = true> <Delay = 2.43> <CoreInst = "Cmp">   --->   Core 9 'Cmp' <Latency = 0> <II = 1> <Delay = 0.95> <FuncUnit> <Opcode : 'icmp'> <InPorts = 2> <OutPorts = 1>

State 57 <SV = 56> <Delay = 2.04>
ST_57 : Operation 334 [1/1] (0.00ns) (grouped into LUT with out node and_ln318_6)   --->   "%or_ln318_5 = or i1 %icmp_ln318_18, i1 %icmp_ln318_19" [/home/rcslfpgaserver/Softwares/Xilinx/Vitis_HLS/2020.2/common/technology/autopilot/hls_sqrt_apfixed.h:318]   --->   Operation 334 'or' 'or_ln318_5' <Predicate = true> <Delay = 0.00> <CoreInst = "LogicGate">   --->   Core 74 'LogicGate' <Latency = 0> <II = 1> <Delay = 1.00> <FuncUnit> <Opcode : 'and' 'or' 'xor'> <InPorts = 2> <OutPorts = 1>
ST_57 : Operation 335 [1/1] (0.73ns)   --->   "%x_l_I_V_37 = select i1 %icmp_ln318_19, i19 %x_l_I_V_36, i19 %x_l_I_V_89" [/home/rcslfpgaserver/Softwares/Xilinx/Vitis_HLS/2020.2/common/technology/autopilot/hls_sqrt_apfixed.h:339]   --->   Operation 335 'select' 'x_l_I_V_37' <Predicate = true> <Delay = 0.73> <CoreInst = "Sel">   --->   Core 73 'Sel' <Latency = 0> <II = 1> <Delay = 0.73> <FuncUnit> <Opcode : 'select'> <InPorts = 3> <OutPorts = 1>
ST_57 : Operation 336 [1/2] (2.04ns)   --->   "%x_l_FH_V_35 = sub i17 %x_l_FH_V_34, i17 %mul_FH_V_4"   --->   Operation 336 'sub' 'x_l_FH_V_35' <Predicate = true> <Delay = 2.04> <CoreInst = "Adder">   --->   Core 1 'Adder' <Latency = 1> <II = 1> <Delay = 1.93> <FuncUnit> <Opcode : 'add' 'sub'> <InPorts = 2> <OutPorts = 1>
ST_57 : Operation 337 [1/1] (0.00ns) (grouped into LUT with out node and_ln318_6)   --->   "%xor_ln1494_5 = xor i1 %icmp_ln1494_5, i1 1"   --->   Operation 337 'xor' 'xor_ln1494_5' <Predicate = true> <Delay = 0.00> <CoreInst = "LogicGate">   --->   Core 74 'LogicGate' <Latency = 0> <II = 1> <Delay = 1.00> <FuncUnit> <Opcode : 'and' 'or' 'xor'> <InPorts = 2> <OutPorts = 1>
ST_57 : Operation 338 [1/1] (0.97ns) (out node of the LUT)   --->   "%and_ln318_6 = and i1 %or_ln318_5, i1 %xor_ln1494_5" [/home/rcslfpgaserver/Softwares/Xilinx/Vitis_HLS/2020.2/common/technology/autopilot/hls_sqrt_apfixed.h:318]   --->   Operation 338 'and' 'and_ln318_6' <Predicate = true> <Delay = 0.97> <CoreInst = "LogicGate">   --->   Core 74 'LogicGate' <Latency = 0> <II = 1> <Delay = 1.00> <FuncUnit> <Opcode : 'and' 'or' 'xor'> <InPorts = 2> <OutPorts = 1>

State 58 <SV = 57> <Delay = 2.07>
ST_58 : Operation 339 [2/2] (2.07ns)   --->   "%x_l_I_V_90 = sub i19 %x_l_I_V_37, i19 %zext_ln318_5"   --->   Operation 339 'sub' 'x_l_I_V_90' <Predicate = (!and_ln318_6)> <Delay = 2.07> <CoreInst = "Adder">   --->   Core 1 'Adder' <Latency = 1> <II = 1> <Delay = 1.93> <FuncUnit> <Opcode : 'add' 'sub'> <InPorts = 2> <OutPorts = 1>
ST_58 : Operation 340 [1/1] (0.78ns)   --->   "%x_l_FH_V_36 = select i1 %and_ln318_6, i17 %x_l_FH_V_34, i17 %x_l_FH_V_35" [/home/rcslfpgaserver/Softwares/Xilinx/Vitis_HLS/2020.2/common/technology/autopilot/hls_sqrt_apfixed.h:318]   --->   Operation 340 'select' 'x_l_FH_V_36' <Predicate = true> <Delay = 0.78> <CoreInst = "Sel">   --->   Core 73 'Sel' <Latency = 0> <II = 1> <Delay = 0.73> <FuncUnit> <Opcode : 'select'> <InPorts = 3> <OutPorts = 1>

State 59 <SV = 58> <Delay = 2.07>
ST_59 : Operation 341 [1/2] (2.07ns)   --->   "%x_l_I_V_90 = sub i19 %x_l_I_V_37, i19 %zext_ln318_5"   --->   Operation 341 'sub' 'x_l_I_V_90' <Predicate = (!and_ln318_6)> <Delay = 2.07> <CoreInst = "Adder">   --->   Core 1 'Adder' <Latency = 1> <II = 1> <Delay = 1.93> <FuncUnit> <Opcode : 'add' 'sub'> <InPorts = 2> <OutPorts = 1>

State 60 <SV = 59> <Delay = 0.73>
ST_60 : Operation 342 [1/1] (0.73ns)   --->   "%x_l_I_V_91 = select i1 %and_ln318_6, i19 %x_l_I_V_89, i19 %x_l_I_V_90" [/home/rcslfpgaserver/Softwares/Xilinx/Vitis_HLS/2020.2/common/technology/autopilot/hls_sqrt_apfixed.h:318]   --->   Operation 342 'select' 'x_l_I_V_91' <Predicate = true> <Delay = 0.73> <CoreInst = "Sel">   --->   Core 73 'Sel' <Latency = 0> <II = 1> <Delay = 0.73> <FuncUnit> <Opcode : 'select'> <InPorts = 3> <OutPorts = 1>

State 61 <SV = 60> <Delay = 2.07>
ST_61 : Operation 343 [1/1] (0.00ns)   --->   "%p_Result_62 = bitset i17 @_ssdm_op_BitSet.i17.i17.i32.i1, i17 %res_FH_V_37, i32 11, i1 1"   --->   Operation 343 'bitset' 'p_Result_62' <Predicate = (!and_ln318_6)> <Delay = 0.00>
ST_61 : Operation 344 [1/1] (0.78ns)   --->   "%res_FH_V_38 = select i1 %and_ln318_6, i17 %res_FH_V_37, i17 %p_Result_62" [/home/rcslfpgaserver/Softwares/Xilinx/Vitis_HLS/2020.2/common/technology/autopilot/hls_sqrt_apfixed.h:318]   --->   Operation 344 'select' 'res_FH_V_38' <Predicate = true> <Delay = 0.78> <CoreInst = "Sel">   --->   Core 73 'Sel' <Latency = 0> <II = 1> <Delay = 0.73> <FuncUnit> <Opcode : 'select'> <InPorts = 3> <OutPorts = 1>
ST_61 : Operation 345 [1/1] (0.00ns)   --->   "%p_Result_25 = partselect i7 @_ssdm_op_PartSelect.i7.i17.i32.i32, i17 %res_FH_V_38, i32 10, i32 16"   --->   Operation 345 'partselect' 'p_Result_25' <Predicate = true> <Delay = 0.00>
ST_61 : Operation 346 [2/2] (2.07ns)   --->   "%x_l_I_V_40 = add i19 %x_l_I_V_91, i19 524287"   --->   Operation 346 'add' 'x_l_I_V_40' <Predicate = true> <Delay = 2.07> <CoreInst = "Adder">   --->   Core 1 'Adder' <Latency = 1> <II = 1> <Delay = 1.93> <FuncUnit> <Opcode : 'add' 'sub'> <InPorts = 2> <OutPorts = 1>

State 62 <SV = 61> <Delay = 2.43>
ST_62 : Operation 347 [1/1] (0.00ns)   --->   "%mul_FH_V_5 = bitconcatenate i17 @_ssdm_op_BitConcatenate.i17.i6.i7.i4, i6 %trunc_ln104_5, i7 %p_Result_25, i4 8"   --->   Operation 347 'bitconcatenate' 'mul_FH_V_5' <Predicate = true> <Delay = 0.00>
ST_62 : Operation 348 [1/1] (2.43ns)   --->   "%icmp_ln318_21 = icmp_ult  i17 %x_l_FH_V_36, i17 %mul_FH_V_5" [/home/rcslfpgaserver/Softwares/Xilinx/Vitis_HLS/2020.2/common/technology/autopilot/hls_sqrt_apfixed.h:318]   --->   Operation 348 'icmp' 'icmp_ln318_21' <Predicate = true> <Delay = 2.43> <CoreInst = "Cmp">   --->   Core 9 'Cmp' <Latency = 0> <II = 1> <Delay = 0.95> <FuncUnit> <Opcode : 'icmp'> <InPorts = 2> <OutPorts = 1>
ST_62 : Operation 349 [1/2] (2.07ns)   --->   "%x_l_I_V_40 = add i19 %x_l_I_V_91, i19 524287"   --->   Operation 349 'add' 'x_l_I_V_40' <Predicate = true> <Delay = 2.07> <CoreInst = "Adder">   --->   Core 1 'Adder' <Latency = 1> <II = 1> <Delay = 1.93> <FuncUnit> <Opcode : 'add' 'sub'> <InPorts = 2> <OutPorts = 1>

State 63 <SV = 62> <Delay = 0.73>
ST_63 : Operation 350 [1/1] (0.73ns)   --->   "%x_l_I_V_41 = select i1 %icmp_ln318_21, i19 %x_l_I_V_40, i19 %x_l_I_V_91" [/home/rcslfpgaserver/Softwares/Xilinx/Vitis_HLS/2020.2/common/technology/autopilot/hls_sqrt_apfixed.h:339]   --->   Operation 350 'select' 'x_l_I_V_41' <Predicate = true> <Delay = 0.73> <CoreInst = "Sel">   --->   Core 73 'Sel' <Latency = 0> <II = 1> <Delay = 0.73> <FuncUnit> <Opcode : 'select'> <InPorts = 3> <OutPorts = 1>

State 64 <SV = 63> <Delay = 2.43>
ST_64 : Operation 351 [1/1] (0.00ns)   --->   "%trunc_ln318_6 = bitconcatenate i17 @_ssdm_op_BitConcatenate.i17.i15.i2, i15 0, i2 %tmp_19" [/home/rcslfpgaserver/Softwares/Xilinx/Vitis_HLS/2020.2/common/technology/autopilot/hls_sqrt_apfixed.h:318]   --->   Operation 351 'bitconcatenate' 'trunc_ln318_6' <Predicate = true> <Delay = 0.00>
ST_64 : Operation 352 [1/1] (0.00ns)   --->   "%zext_ln318_6 = zext i17 %trunc_ln318_6" [/home/rcslfpgaserver/Softwares/Xilinx/Vitis_HLS/2020.2/common/technology/autopilot/hls_sqrt_apfixed.h:318]   --->   Operation 352 'zext' 'zext_ln318_6' <Predicate = true> <Delay = 0.00>
ST_64 : Operation 353 [1/1] (2.43ns)   --->   "%icmp_ln318_20 = icmp_ne  i19 %x_l_I_V_91, i19 %zext_ln318_6" [/home/rcslfpgaserver/Softwares/Xilinx/Vitis_HLS/2020.2/common/technology/autopilot/hls_sqrt_apfixed.h:318]   --->   Operation 353 'icmp' 'icmp_ln318_20' <Predicate = true> <Delay = 2.43> <CoreInst = "Cmp">   --->   Core 9 'Cmp' <Latency = 0> <II = 1> <Delay = 0.95> <FuncUnit> <Opcode : 'icmp'> <InPorts = 2> <OutPorts = 1>
ST_64 : Operation 354 [2/2] (2.07ns)   --->   "%x_l_I_V_92 = sub i19 %x_l_I_V_41, i19 %zext_ln318_6"   --->   Operation 354 'sub' 'x_l_I_V_92' <Predicate = true> <Delay = 2.07> <CoreInst = "Adder">   --->   Core 1 'Adder' <Latency = 1> <II = 1> <Delay = 1.93> <FuncUnit> <Opcode : 'add' 'sub'> <InPorts = 2> <OutPorts = 1>
ST_64 : Operation 355 [2/2] (2.04ns)   --->   "%x_l_FH_V_37 = sub i17 %x_l_FH_V_36, i17 %mul_FH_V_5"   --->   Operation 355 'sub' 'x_l_FH_V_37' <Predicate = true> <Delay = 2.04> <CoreInst = "Adder">   --->   Core 1 'Adder' <Latency = 1> <II = 1> <Delay = 1.93> <FuncUnit> <Opcode : 'add' 'sub'> <InPorts = 2> <OutPorts = 1>
ST_64 : Operation 356 [1/1] (2.43ns)   --->   "%icmp_ln1494_6 = icmp_ult  i19 %zext_ln318_6, i19 %x_l_I_V_91"   --->   Operation 356 'icmp' 'icmp_ln1494_6' <Predicate = true> <Delay = 2.43> <CoreInst = "Cmp">   --->   Core 9 'Cmp' <Latency = 0> <II = 1> <Delay = 0.95> <FuncUnit> <Opcode : 'icmp'> <InPorts = 2> <OutPorts = 1>

State 65 <SV = 64> <Delay = 2.07>
ST_65 : Operation 357 [1/1] (0.00ns) (grouped into LUT with out node and_ln318_7)   --->   "%or_ln318_6 = or i1 %icmp_ln318_20, i1 %icmp_ln318_21" [/home/rcslfpgaserver/Softwares/Xilinx/Vitis_HLS/2020.2/common/technology/autopilot/hls_sqrt_apfixed.h:318]   --->   Operation 357 'or' 'or_ln318_6' <Predicate = true> <Delay = 0.00> <CoreInst = "LogicGate">   --->   Core 74 'LogicGate' <Latency = 0> <II = 1> <Delay = 1.00> <FuncUnit> <Opcode : 'and' 'or' 'xor'> <InPorts = 2> <OutPorts = 1>
ST_65 : Operation 358 [1/2] (2.07ns)   --->   "%x_l_I_V_92 = sub i19 %x_l_I_V_41, i19 %zext_ln318_6"   --->   Operation 358 'sub' 'x_l_I_V_92' <Predicate = true> <Delay = 2.07> <CoreInst = "Adder">   --->   Core 1 'Adder' <Latency = 1> <II = 1> <Delay = 1.93> <FuncUnit> <Opcode : 'add' 'sub'> <InPorts = 2> <OutPorts = 1>
ST_65 : Operation 359 [1/2] (2.04ns)   --->   "%x_l_FH_V_37 = sub i17 %x_l_FH_V_36, i17 %mul_FH_V_5"   --->   Operation 359 'sub' 'x_l_FH_V_37' <Predicate = true> <Delay = 2.04> <CoreInst = "Adder">   --->   Core 1 'Adder' <Latency = 1> <II = 1> <Delay = 1.93> <FuncUnit> <Opcode : 'add' 'sub'> <InPorts = 2> <OutPorts = 1>
ST_65 : Operation 360 [1/1] (0.00ns) (grouped into LUT with out node and_ln318_7)   --->   "%xor_ln1494_6 = xor i1 %icmp_ln1494_6, i1 1"   --->   Operation 360 'xor' 'xor_ln1494_6' <Predicate = true> <Delay = 0.00> <CoreInst = "LogicGate">   --->   Core 74 'LogicGate' <Latency = 0> <II = 1> <Delay = 1.00> <FuncUnit> <Opcode : 'and' 'or' 'xor'> <InPorts = 2> <OutPorts = 1>
ST_65 : Operation 361 [1/1] (0.97ns) (out node of the LUT)   --->   "%and_ln318_7 = and i1 %or_ln318_6, i1 %xor_ln1494_6" [/home/rcslfpgaserver/Softwares/Xilinx/Vitis_HLS/2020.2/common/technology/autopilot/hls_sqrt_apfixed.h:318]   --->   Operation 361 'and' 'and_ln318_7' <Predicate = true> <Delay = 0.97> <CoreInst = "LogicGate">   --->   Core 74 'LogicGate' <Latency = 0> <II = 1> <Delay = 1.00> <FuncUnit> <Opcode : 'and' 'or' 'xor'> <InPorts = 2> <OutPorts = 1>

State 66 <SV = 65> <Delay = 0.78>
ST_66 : Operation 362 [1/1] (0.78ns)   --->   "%x_l_FH_V_38 = select i1 %and_ln318_7, i17 %x_l_FH_V_36, i17 %x_l_FH_V_37" [/home/rcslfpgaserver/Softwares/Xilinx/Vitis_HLS/2020.2/common/technology/autopilot/hls_sqrt_apfixed.h:318]   --->   Operation 362 'select' 'x_l_FH_V_38' <Predicate = true> <Delay = 0.78> <CoreInst = "Sel">   --->   Core 73 'Sel' <Latency = 0> <II = 1> <Delay = 0.73> <FuncUnit> <Opcode : 'select'> <InPorts = 3> <OutPorts = 1>
ST_66 : Operation 363 [1/1] (0.73ns)   --->   "%x_l_I_V_93 = select i1 %and_ln318_7, i19 %x_l_I_V_91, i19 %x_l_I_V_92" [/home/rcslfpgaserver/Softwares/Xilinx/Vitis_HLS/2020.2/common/technology/autopilot/hls_sqrt_apfixed.h:318]   --->   Operation 363 'select' 'x_l_I_V_93' <Predicate = true> <Delay = 0.73> <CoreInst = "Sel">   --->   Core 73 'Sel' <Latency = 0> <II = 1> <Delay = 0.73> <FuncUnit> <Opcode : 'select'> <InPorts = 3> <OutPorts = 1>

State 67 <SV = 66> <Delay = 2.07>
ST_67 : Operation 364 [1/1] (0.00ns)   --->   "%p_Result_63 = bitset i17 @_ssdm_op_BitSet.i17.i17.i32.i1, i17 %res_FH_V_38, i32 10, i1 1"   --->   Operation 364 'bitset' 'p_Result_63' <Predicate = (!and_ln318_7)> <Delay = 0.00>
ST_67 : Operation 365 [1/1] (0.78ns)   --->   "%res_FH_V_39 = select i1 %and_ln318_7, i17 %res_FH_V_38, i17 %p_Result_63" [/home/rcslfpgaserver/Softwares/Xilinx/Vitis_HLS/2020.2/common/technology/autopilot/hls_sqrt_apfixed.h:318]   --->   Operation 365 'select' 'res_FH_V_39' <Predicate = true> <Delay = 0.78> <CoreInst = "Sel">   --->   Core 73 'Sel' <Latency = 0> <II = 1> <Delay = 0.73> <FuncUnit> <Opcode : 'select'> <InPorts = 3> <OutPorts = 1>
ST_67 : Operation 366 [1/1] (0.00ns)   --->   "%p_Result_26 = partselect i8 @_ssdm_op_PartSelect.i8.i17.i32.i32, i17 %res_FH_V_39, i32 9, i32 16"   --->   Operation 366 'partselect' 'p_Result_26' <Predicate = true> <Delay = 0.00>
ST_67 : Operation 367 [2/2] (2.07ns)   --->   "%x_l_I_V_44 = add i19 %x_l_I_V_93, i19 524287"   --->   Operation 367 'add' 'x_l_I_V_44' <Predicate = true> <Delay = 2.07> <CoreInst = "Adder">   --->   Core 1 'Adder' <Latency = 1> <II = 1> <Delay = 1.93> <FuncUnit> <Opcode : 'add' 'sub'> <InPorts = 2> <OutPorts = 1>

State 68 <SV = 67> <Delay = 2.43>
ST_68 : Operation 368 [1/1] (0.00ns)   --->   "%mul_FH_V_6 = bitconcatenate i17 @_ssdm_op_BitConcatenate.i17.i7.i8.i2, i7 %trunc_ln104_6, i8 %p_Result_26, i2 2"   --->   Operation 368 'bitconcatenate' 'mul_FH_V_6' <Predicate = true> <Delay = 0.00>
ST_68 : Operation 369 [1/1] (2.43ns)   --->   "%icmp_ln318_23 = icmp_ult  i17 %x_l_FH_V_38, i17 %mul_FH_V_6" [/home/rcslfpgaserver/Softwares/Xilinx/Vitis_HLS/2020.2/common/technology/autopilot/hls_sqrt_apfixed.h:318]   --->   Operation 369 'icmp' 'icmp_ln318_23' <Predicate = true> <Delay = 2.43> <CoreInst = "Cmp">   --->   Core 9 'Cmp' <Latency = 0> <II = 1> <Delay = 0.95> <FuncUnit> <Opcode : 'icmp'> <InPorts = 2> <OutPorts = 1>
ST_68 : Operation 370 [1/2] (2.07ns)   --->   "%x_l_I_V_44 = add i19 %x_l_I_V_93, i19 524287"   --->   Operation 370 'add' 'x_l_I_V_44' <Predicate = true> <Delay = 2.07> <CoreInst = "Adder">   --->   Core 1 'Adder' <Latency = 1> <II = 1> <Delay = 1.93> <FuncUnit> <Opcode : 'add' 'sub'> <InPorts = 2> <OutPorts = 1>

State 69 <SV = 68> <Delay = 2.43>
ST_69 : Operation 371 [1/1] (0.00ns)   --->   "%trunc_ln318_7 = bitconcatenate i17 @_ssdm_op_BitConcatenate.i17.i16.i1, i16 0, i1 %tmp_45" [/home/rcslfpgaserver/Softwares/Xilinx/Vitis_HLS/2020.2/common/technology/autopilot/hls_sqrt_apfixed.h:318]   --->   Operation 371 'bitconcatenate' 'trunc_ln318_7' <Predicate = true> <Delay = 0.00>
ST_69 : Operation 372 [1/1] (0.00ns)   --->   "%zext_ln318_7 = zext i17 %trunc_ln318_7" [/home/rcslfpgaserver/Softwares/Xilinx/Vitis_HLS/2020.2/common/technology/autopilot/hls_sqrt_apfixed.h:318]   --->   Operation 372 'zext' 'zext_ln318_7' <Predicate = true> <Delay = 0.00>
ST_69 : Operation 373 [1/1] (2.43ns)   --->   "%icmp_ln318_22 = icmp_ne  i19 %x_l_I_V_93, i19 %zext_ln318_7" [/home/rcslfpgaserver/Softwares/Xilinx/Vitis_HLS/2020.2/common/technology/autopilot/hls_sqrt_apfixed.h:318]   --->   Operation 373 'icmp' 'icmp_ln318_22' <Predicate = true> <Delay = 2.43> <CoreInst = "Cmp">   --->   Core 9 'Cmp' <Latency = 0> <II = 1> <Delay = 0.95> <FuncUnit> <Opcode : 'icmp'> <InPorts = 2> <OutPorts = 1>
ST_69 : Operation 374 [1/1] (0.73ns)   --->   "%x_l_I_V_45 = select i1 %icmp_ln318_23, i19 %x_l_I_V_44, i19 %x_l_I_V_93" [/home/rcslfpgaserver/Softwares/Xilinx/Vitis_HLS/2020.2/common/technology/autopilot/hls_sqrt_apfixed.h:339]   --->   Operation 374 'select' 'x_l_I_V_45' <Predicate = true> <Delay = 0.73> <CoreInst = "Sel">   --->   Core 73 'Sel' <Latency = 0> <II = 1> <Delay = 0.73> <FuncUnit> <Opcode : 'select'> <InPorts = 3> <OutPorts = 1>
ST_69 : Operation 375 [2/2] (2.04ns)   --->   "%x_l_FH_V_39 = sub i17 %x_l_FH_V_38, i17 %mul_FH_V_6"   --->   Operation 375 'sub' 'x_l_FH_V_39' <Predicate = true> <Delay = 2.04> <CoreInst = "Adder">   --->   Core 1 'Adder' <Latency = 1> <II = 1> <Delay = 1.93> <FuncUnit> <Opcode : 'add' 'sub'> <InPorts = 2> <OutPorts = 1>
ST_69 : Operation 376 [1/1] (2.43ns)   --->   "%icmp_ln1494_7 = icmp_ult  i19 %zext_ln318_7, i19 %x_l_I_V_93"   --->   Operation 376 'icmp' 'icmp_ln1494_7' <Predicate = true> <Delay = 2.43> <CoreInst = "Cmp">   --->   Core 9 'Cmp' <Latency = 0> <II = 1> <Delay = 0.95> <FuncUnit> <Opcode : 'icmp'> <InPorts = 2> <OutPorts = 1>

State 70 <SV = 69> <Delay = 2.07>
ST_70 : Operation 377 [1/1] (0.00ns) (grouped into LUT with out node and_ln318_8)   --->   "%or_ln318_7 = or i1 %icmp_ln318_22, i1 %icmp_ln318_23" [/home/rcslfpgaserver/Softwares/Xilinx/Vitis_HLS/2020.2/common/technology/autopilot/hls_sqrt_apfixed.h:318]   --->   Operation 377 'or' 'or_ln318_7' <Predicate = true> <Delay = 0.00> <CoreInst = "LogicGate">   --->   Core 74 'LogicGate' <Latency = 0> <II = 1> <Delay = 1.00> <FuncUnit> <Opcode : 'and' 'or' 'xor'> <InPorts = 2> <OutPorts = 1>
ST_70 : Operation 378 [2/2] (2.07ns)   --->   "%x_l_I_V_94 = sub i19 %x_l_I_V_45, i19 %zext_ln318_7"   --->   Operation 378 'sub' 'x_l_I_V_94' <Predicate = true> <Delay = 2.07> <CoreInst = "Adder">   --->   Core 1 'Adder' <Latency = 1> <II = 1> <Delay = 1.93> <FuncUnit> <Opcode : 'add' 'sub'> <InPorts = 2> <OutPorts = 1>
ST_70 : Operation 379 [1/2] (2.04ns)   --->   "%x_l_FH_V_39 = sub i17 %x_l_FH_V_38, i17 %mul_FH_V_6"   --->   Operation 379 'sub' 'x_l_FH_V_39' <Predicate = true> <Delay = 2.04> <CoreInst = "Adder">   --->   Core 1 'Adder' <Latency = 1> <II = 1> <Delay = 1.93> <FuncUnit> <Opcode : 'add' 'sub'> <InPorts = 2> <OutPorts = 1>
ST_70 : Operation 380 [1/1] (0.00ns) (grouped into LUT with out node and_ln318_8)   --->   "%xor_ln1494_7 = xor i1 %icmp_ln1494_7, i1 1"   --->   Operation 380 'xor' 'xor_ln1494_7' <Predicate = true> <Delay = 0.00> <CoreInst = "LogicGate">   --->   Core 74 'LogicGate' <Latency = 0> <II = 1> <Delay = 1.00> <FuncUnit> <Opcode : 'and' 'or' 'xor'> <InPorts = 2> <OutPorts = 1>
ST_70 : Operation 381 [1/1] (0.97ns) (out node of the LUT)   --->   "%and_ln318_8 = and i1 %or_ln318_7, i1 %xor_ln1494_7" [/home/rcslfpgaserver/Softwares/Xilinx/Vitis_HLS/2020.2/common/technology/autopilot/hls_sqrt_apfixed.h:318]   --->   Operation 381 'and' 'and_ln318_8' <Predicate = true> <Delay = 0.97> <CoreInst = "LogicGate">   --->   Core 74 'LogicGate' <Latency = 0> <II = 1> <Delay = 1.00> <FuncUnit> <Opcode : 'and' 'or' 'xor'> <InPorts = 2> <OutPorts = 1>

State 71 <SV = 70> <Delay = 2.07>
ST_71 : Operation 382 [1/2] (2.07ns)   --->   "%x_l_I_V_94 = sub i19 %x_l_I_V_45, i19 %zext_ln318_7"   --->   Operation 382 'sub' 'x_l_I_V_94' <Predicate = true> <Delay = 2.07> <CoreInst = "Adder">   --->   Core 1 'Adder' <Latency = 1> <II = 1> <Delay = 1.93> <FuncUnit> <Opcode : 'add' 'sub'> <InPorts = 2> <OutPorts = 1>
ST_71 : Operation 383 [1/1] (0.00ns)   --->   "%p_Result_64 = bitset i17 @_ssdm_op_BitSet.i17.i17.i32.i1, i17 %res_FH_V_39, i32 9, i1 1"   --->   Operation 383 'bitset' 'p_Result_64' <Predicate = (!and_ln318_8)> <Delay = 0.00>
ST_71 : Operation 384 [1/1] (0.78ns)   --->   "%res_FH_V = select i1 %and_ln318_8, i17 %res_FH_V_39, i17 %p_Result_64" [/home/rcslfpgaserver/Softwares/Xilinx/Vitis_HLS/2020.2/common/technology/autopilot/hls_sqrt_apfixed.h:318]   --->   Operation 384 'select' 'res_FH_V' <Predicate = true> <Delay = 0.78> <CoreInst = "Sel">   --->   Core 73 'Sel' <Latency = 0> <II = 1> <Delay = 0.73> <FuncUnit> <Opcode : 'select'> <InPorts = 3> <OutPorts = 1>
ST_71 : Operation 385 [1/1] (0.78ns)   --->   "%x_l_FH_V_40 = select i1 %and_ln318_8, i17 %x_l_FH_V_38, i17 %x_l_FH_V_39" [/home/rcslfpgaserver/Softwares/Xilinx/Vitis_HLS/2020.2/common/technology/autopilot/hls_sqrt_apfixed.h:318]   --->   Operation 385 'select' 'x_l_FH_V_40' <Predicate = true> <Delay = 0.78> <CoreInst = "Sel">   --->   Core 73 'Sel' <Latency = 0> <II = 1> <Delay = 0.73> <FuncUnit> <Opcode : 'select'> <InPorts = 3> <OutPorts = 1>
ST_71 : Operation 386 [1/1] (0.00ns)   --->   "%p_Result_27 = partselect i9 @_ssdm_op_PartSelect.i9.i17.i32.i32, i17 %res_FH_V, i32 8, i32 16"   --->   Operation 386 'partselect' 'p_Result_27' <Predicate = true> <Delay = 0.00>

State 72 <SV = 71> <Delay = 2.43>
ST_72 : Operation 387 [1/1] (0.73ns)   --->   "%x_l_I_V_95 = select i1 %and_ln318_8, i19 %x_l_I_V_93, i19 %x_l_I_V_94" [/home/rcslfpgaserver/Softwares/Xilinx/Vitis_HLS/2020.2/common/technology/autopilot/hls_sqrt_apfixed.h:318]   --->   Operation 387 'select' 'x_l_I_V_95' <Predicate = true> <Delay = 0.73> <CoreInst = "Sel">   --->   Core 73 'Sel' <Latency = 0> <II = 1> <Delay = 0.73> <FuncUnit> <Opcode : 'select'> <InPorts = 3> <OutPorts = 1>
ST_72 : Operation 388 [1/1] (0.00ns)   --->   "%mul_FH_V_7 = bitconcatenate i17 @_ssdm_op_BitConcatenate.i17.i8.i9, i8 %res_I_V, i9 %p_Result_27"   --->   Operation 388 'bitconcatenate' 'mul_FH_V_7' <Predicate = true> <Delay = 0.00>
ST_72 : Operation 389 [1/1] (2.43ns)   --->   "%icmp_ln1494_9 = icmp_ugt  i17 %x_l_FH_V_40, i17 %mul_FH_V_7"   --->   Operation 389 'icmp' 'icmp_ln1494_9' <Predicate = true> <Delay = 2.43> <CoreInst = "Cmp">   --->   Core 9 'Cmp' <Latency = 0> <II = 1> <Delay = 0.95> <FuncUnit> <Opcode : 'icmp'> <InPorts = 2> <OutPorts = 1>
ST_72 : Operation 390 [1/1] (2.43ns)   --->   "%icmp_ln331 = icmp_ult  i17 %mul_FH_V_7, i17 %x_l_FH_V_40" [/home/rcslfpgaserver/Softwares/Xilinx/Vitis_HLS/2020.2/common/technology/autopilot/hls_sqrt_apfixed.h:331]   --->   Operation 390 'icmp' 'icmp_ln331' <Predicate = true> <Delay = 2.43> <CoreInst = "Cmp">   --->   Core 9 'Cmp' <Latency = 0> <II = 1> <Delay = 0.95> <FuncUnit> <Opcode : 'icmp'> <InPorts = 2> <OutPorts = 1>
ST_72 : Operation 391 [1/1] (1.00ns)   --->   "%xor_ln703 = xor i17 %mul_FH_V_7, i17 131071"   --->   Operation 391 'xor' 'xor_ln703' <Predicate = true> <Delay = 1.00> <CoreInst = "LogicGate">   --->   Core 74 'LogicGate' <Latency = 0> <II = 1> <Delay = 1.00> <FuncUnit> <Opcode : 'and' 'or' 'xor'> <InPorts = 2> <OutPorts = 1>

State 73 <SV = 72> <Delay = 2.43>
ST_73 : Operation 392 [1/1] (2.43ns)   --->   "%icmp_ln1494_8 = icmp_ne  i19 %x_l_I_V_95, i19 0"   --->   Operation 392 'icmp' 'icmp_ln1494_8' <Predicate = true> <Delay = 2.43> <CoreInst = "Cmp">   --->   Core 9 'Cmp' <Latency = 0> <II = 1> <Delay = 0.95> <FuncUnit> <Opcode : 'icmp'> <InPorts = 2> <OutPorts = 1>
ST_73 : Operation 393 [1/1] (2.43ns)   --->   "%icmp_ln1498 = icmp_eq  i19 %x_l_I_V_95, i19 0"   --->   Operation 393 'icmp' 'icmp_ln1498' <Predicate = true> <Delay = 2.43> <CoreInst = "Cmp">   --->   Core 9 'Cmp' <Latency = 0> <II = 1> <Delay = 0.95> <FuncUnit> <Opcode : 'icmp'> <InPorts = 2> <OutPorts = 1>
ST_73 : Operation 394 [2/2] (2.07ns)   --->   "%x_l_I_V_48 = add i19 %x_l_I_V_95, i19 524287"   --->   Operation 394 'add' 'x_l_I_V_48' <Predicate = true> <Delay = 2.07> <CoreInst = "Adder">   --->   Core 1 'Adder' <Latency = 1> <II = 1> <Delay = 1.93> <FuncUnit> <Opcode : 'add' 'sub'> <InPorts = 2> <OutPorts = 1>
ST_73 : Operation 395 [2/2] (2.04ns)   --->   "%x_l_FH_V_41 = add i17 %x_l_FH_V_40, i17 %xor_ln703"   --->   Operation 395 'add' 'x_l_FH_V_41' <Predicate = true> <Delay = 2.04> <CoreInst = "Adder">   --->   Core 1 'Adder' <Latency = 1> <II = 1> <Delay = 1.93> <FuncUnit> <Opcode : 'add' 'sub'> <InPorts = 2> <OutPorts = 1>

State 74 <SV = 73> <Delay = 2.07>
ST_74 : Operation 396 [1/1] (0.00ns) (grouped into LUT with out node or_ln318_16)   --->   "%and_ln318 = and i1 %icmp_ln1498, i1 %icmp_ln1494_9" [/home/rcslfpgaserver/Softwares/Xilinx/Vitis_HLS/2020.2/common/technology/autopilot/hls_sqrt_apfixed.h:318]   --->   Operation 396 'and' 'and_ln318' <Predicate = true> <Delay = 0.00> <CoreInst = "LogicGate">   --->   Core 74 'LogicGate' <Latency = 0> <II = 1> <Delay = 1.00> <FuncUnit> <Opcode : 'and' 'or' 'xor'> <InPorts = 2> <OutPorts = 1>
ST_74 : Operation 397 [1/2] (2.07ns)   --->   "%x_l_I_V_48 = add i19 %x_l_I_V_95, i19 524287"   --->   Operation 397 'add' 'x_l_I_V_48' <Predicate = true> <Delay = 2.07> <CoreInst = "Adder">   --->   Core 1 'Adder' <Latency = 1> <II = 1> <Delay = 1.93> <FuncUnit> <Opcode : 'add' 'sub'> <InPorts = 2> <OutPorts = 1>
ST_74 : Operation 398 [1/2] (2.04ns)   --->   "%x_l_FH_V_41 = add i17 %x_l_FH_V_40, i17 %xor_ln703"   --->   Operation 398 'add' 'x_l_FH_V_41' <Predicate = true> <Delay = 2.04> <CoreInst = "Adder">   --->   Core 1 'Adder' <Latency = 1> <II = 1> <Delay = 1.93> <FuncUnit> <Opcode : 'add' 'sub'> <InPorts = 2> <OutPorts = 1>
ST_74 : Operation 399 [1/1] (0.97ns) (out node of the LUT)   --->   "%or_ln318_16 = or i1 %icmp_ln1494_8, i1 %and_ln318" [/home/rcslfpgaserver/Softwares/Xilinx/Vitis_HLS/2020.2/common/technology/autopilot/hls_sqrt_apfixed.h:318]   --->   Operation 399 'or' 'or_ln318_16' <Predicate = true> <Delay = 0.97> <CoreInst = "LogicGate">   --->   Core 74 'LogicGate' <Latency = 0> <II = 1> <Delay = 1.00> <FuncUnit> <Opcode : 'and' 'or' 'xor'> <InPorts = 2> <OutPorts = 1>

State 75 <SV = 74> <Delay = 0.97>
ST_75 : Operation 400 [1/1] (0.00ns) (grouped into LUT with out node x_l_I_V_97)   --->   "%xor_ln331_7 = xor i1 %icmp_ln331, i1 1" [/home/rcslfpgaserver/Softwares/Xilinx/Vitis_HLS/2020.2/common/technology/autopilot/hls_sqrt_apfixed.h:331]   --->   Operation 400 'xor' 'xor_ln331_7' <Predicate = (or_ln318_16)> <Delay = 0.00> <CoreInst = "LogicGate">   --->   Core 74 'LogicGate' <Latency = 0> <II = 1> <Delay = 1.00> <FuncUnit> <Opcode : 'and' 'or' 'xor'> <InPorts = 2> <OutPorts = 1>
ST_75 : Operation 401 [1/1] (0.00ns) (grouped into LUT with out node x_l_I_V_97)   --->   "%x_l_I_V_96 = select i1 %xor_ln331_7, i19 %x_l_I_V_48, i19 %x_l_I_V_95" [/home/rcslfpgaserver/Softwares/Xilinx/Vitis_HLS/2020.2/common/technology/autopilot/hls_sqrt_apfixed.h:339]   --->   Operation 401 'select' 'x_l_I_V_96' <Predicate = (or_ln318_16)> <Delay = 0.00> <CoreInst = "Sel">   --->   Core 73 'Sel' <Latency = 0> <II = 1> <Delay = 0.73> <FuncUnit> <Opcode : 'select'> <InPorts = 3> <OutPorts = 1>
ST_75 : Operation 402 [1/1] (0.00ns)   --->   "%p_Result_65 = bitset i17 @_ssdm_op_BitSet.i17.i17.i32.i1, i17 %res_FH_V, i32 8, i1 1"   --->   Operation 402 'bitset' 'p_Result_65' <Predicate = (or_ln318_16)> <Delay = 0.00>
ST_75 : Operation 403 [1/1] (0.78ns)   --->   "%res_FH_V_40 = select i1 %or_ln318_16, i17 %p_Result_65, i17 %res_FH_V" [/home/rcslfpgaserver/Softwares/Xilinx/Vitis_HLS/2020.2/common/technology/autopilot/hls_sqrt_apfixed.h:318]   --->   Operation 403 'select' 'res_FH_V_40' <Predicate = true> <Delay = 0.78> <CoreInst = "Sel">   --->   Core 73 'Sel' <Latency = 0> <II = 1> <Delay = 0.73> <FuncUnit> <Opcode : 'select'> <InPorts = 3> <OutPorts = 1>
ST_75 : Operation 404 [1/1] (0.78ns)   --->   "%x_l_FL_V_15 = select i1 %or_ln318_16, i17 65536, i17 0" [/home/rcslfpgaserver/Softwares/Xilinx/Vitis_HLS/2020.2/common/technology/autopilot/hls_sqrt_apfixed.h:318]   --->   Operation 404 'select' 'x_l_FL_V_15' <Predicate = true> <Delay = 0.78> <CoreInst = "Sel">   --->   Core 73 'Sel' <Latency = 0> <II = 1> <Delay = 0.73> <FuncUnit> <Opcode : 'select'> <InPorts = 3> <OutPorts = 1>
ST_75 : Operation 405 [1/1] (0.78ns)   --->   "%x_l_FH_V_42 = select i1 %or_ln318_16, i17 %x_l_FH_V_41, i17 %x_l_FH_V_40" [/home/rcslfpgaserver/Softwares/Xilinx/Vitis_HLS/2020.2/common/technology/autopilot/hls_sqrt_apfixed.h:318]   --->   Operation 405 'select' 'x_l_FH_V_42' <Predicate = true> <Delay = 0.78> <CoreInst = "Sel">   --->   Core 73 'Sel' <Latency = 0> <II = 1> <Delay = 0.73> <FuncUnit> <Opcode : 'select'> <InPorts = 3> <OutPorts = 1>
ST_75 : Operation 406 [1/1] (0.97ns) (out node of the LUT)   --->   "%x_l_I_V_97 = select i1 %or_ln318_16, i19 %x_l_I_V_96, i19 %x_l_I_V_95" [/home/rcslfpgaserver/Softwares/Xilinx/Vitis_HLS/2020.2/common/technology/autopilot/hls_sqrt_apfixed.h:318]   --->   Operation 406 'select' 'x_l_I_V_97' <Predicate = true> <Delay = 0.97> <CoreInst = "Sel">   --->   Core 73 'Sel' <Latency = 0> <II = 1> <Delay = 0.73> <FuncUnit> <Opcode : 'select'> <InPorts = 3> <OutPorts = 1>
ST_75 : Operation 407 [1/1] (0.00ns)   --->   "%tmp_s = partselect i2 @_ssdm_op_PartSelect.i2.i17.i32.i32, i17 %res_FH_V_40, i32 7, i32 8"   --->   Operation 407 'partselect' 'tmp_s' <Predicate = true> <Delay = 0.00>
ST_75 : Operation 408 [1/1] (0.00ns)   --->   "%tmp_20 = partselect i8 @_ssdm_op_PartSelect.i8.i17.i32.i32, i17 %res_FH_V_40, i32 9, i32 16"   --->   Operation 408 'partselect' 'tmp_20' <Predicate = true> <Delay = 0.00>

State 76 <SV = 75> <Delay = 2.43>
ST_76 : Operation 409 [1/1] (0.00ns)   --->   "%mul_FH_V_8 = bitconcatenate i17 @_ssdm_op_BitConcatenate.i17.i1.i8.i8, i1 0, i8 %res_I_V, i8 %tmp_20"   --->   Operation 409 'bitconcatenate' 'mul_FH_V_8' <Predicate = true> <Delay = 0.00>
ST_76 : Operation 410 [1/1] (0.00ns)   --->   "%mul_FL_V = bitconcatenate i17 @_ssdm_op_BitConcatenate.i17.i2.i15, i2 %tmp_s, i15 16384"   --->   Operation 410 'bitconcatenate' 'mul_FL_V' <Predicate = true> <Delay = 0.00>
ST_76 : Operation 411 [1/1] (2.43ns)   --->   "%icmp_ln318_8 = icmp_ne  i17 %x_l_FH_V_42, i17 %mul_FH_V_8" [/home/rcslfpgaserver/Softwares/Xilinx/Vitis_HLS/2020.2/common/technology/autopilot/hls_sqrt_apfixed.h:318]   --->   Operation 411 'icmp' 'icmp_ln318_8' <Predicate = true> <Delay = 2.43> <CoreInst = "Cmp">   --->   Core 9 'Cmp' <Latency = 0> <II = 1> <Delay = 0.95> <FuncUnit> <Opcode : 'icmp'> <InPorts = 2> <OutPorts = 1>
ST_76 : Operation 412 [1/1] (2.43ns)   --->   "%delta_V = icmp_ult  i17 %x_l_FL_V_15, i17 %mul_FL_V"   --->   Operation 412 'icmp' 'delta_V' <Predicate = true> <Delay = 2.43> <CoreInst = "Cmp">   --->   Core 9 'Cmp' <Latency = 0> <II = 1> <Delay = 0.95> <FuncUnit> <Opcode : 'icmp'> <InPorts = 2> <OutPorts = 1>
ST_76 : Operation 413 [2/2] (2.07ns)   --->   "%x_l_I_V_51 = add i19 %x_l_I_V_97, i19 524287"   --->   Operation 413 'add' 'x_l_I_V_51' <Predicate = true> <Delay = 2.07> <CoreInst = "Adder">   --->   Core 1 'Adder' <Latency = 1> <II = 1> <Delay = 1.93> <FuncUnit> <Opcode : 'add' 'sub'> <InPorts = 2> <OutPorts = 1>
ST_76 : Operation 414 [2/2] (2.04ns)   --->   "%x_l_FL_V = sub i17 %x_l_FL_V_15, i17 %mul_FL_V"   --->   Operation 414 'sub' 'x_l_FL_V' <Predicate = true> <Delay = 2.04> <CoreInst = "Adder">   --->   Core 1 'Adder' <Latency = 1> <II = 1> <Delay = 1.93> <FuncUnit> <Opcode : 'add' 'sub'> <InPorts = 2> <OutPorts = 1>
ST_76 : Operation 415 [1/1] (2.43ns)   --->   "%icmp_ln1498_1 = icmp_eq  i19 %x_l_I_V_97, i19 0"   --->   Operation 415 'icmp' 'icmp_ln1498_1' <Predicate = true> <Delay = 2.43> <CoreInst = "Cmp">   --->   Core 9 'Cmp' <Latency = 0> <II = 1> <Delay = 0.95> <FuncUnit> <Opcode : 'icmp'> <InPorts = 2> <OutPorts = 1>
ST_76 : Operation 416 [1/1] (2.43ns)   --->   "%icmp_ln1494_10 = icmp_ult  i17 %mul_FH_V_8, i17 %x_l_FH_V_42"   --->   Operation 416 'icmp' 'icmp_ln1494_10' <Predicate = true> <Delay = 2.43> <CoreInst = "Cmp">   --->   Core 9 'Cmp' <Latency = 0> <II = 1> <Delay = 0.95> <FuncUnit> <Opcode : 'icmp'> <InPorts = 2> <OutPorts = 1>

State 77 <SV = 76> <Delay = 2.43>
ST_77 : Operation 417 [1/1] (0.00ns) (grouped into LUT with out node and_ln318_10)   --->   "%or_ln318_8 = or i1 %icmp_ln318_8, i1 %delta_V" [/home/rcslfpgaserver/Softwares/Xilinx/Vitis_HLS/2020.2/common/technology/autopilot/hls_sqrt_apfixed.h:318]   --->   Operation 417 'or' 'or_ln318_8' <Predicate = true> <Delay = 0.00> <CoreInst = "LogicGate">   --->   Core 74 'LogicGate' <Latency = 0> <II = 1> <Delay = 1.00> <FuncUnit> <Opcode : 'and' 'or' 'xor'> <InPorts = 2> <OutPorts = 1>
ST_77 : Operation 418 [1/1] (2.43ns)   --->   "%icmp_ln1495 = icmp_ult  i17 %x_l_FH_V_42, i17 %mul_FH_V_8"   --->   Operation 418 'icmp' 'icmp_ln1495' <Predicate = true> <Delay = 2.43> <CoreInst = "Cmp">   --->   Core 9 'Cmp' <Latency = 0> <II = 1> <Delay = 0.95> <FuncUnit> <Opcode : 'icmp'> <InPorts = 2> <OutPorts = 1>
ST_77 : Operation 419 [1/1] (0.99ns)   --->   "%p_neg168 = select i1 %delta_V, i17 131071, i17 0"   --->   Operation 419 'select' 'p_neg168' <Predicate = true> <Delay = 0.99> <CoreInst = "Sel">   --->   Core 73 'Sel' <Latency = 0> <II = 1> <Delay = 0.73> <FuncUnit> <Opcode : 'select'> <InPorts = 3> <OutPorts = 1>
ST_77 : Operation 420 [1/2] (2.07ns)   --->   "%x_l_I_V_51 = add i19 %x_l_I_V_97, i19 524287"   --->   Operation 420 'add' 'x_l_I_V_51' <Predicate = true> <Delay = 2.07> <CoreInst = "Adder">   --->   Core 1 'Adder' <Latency = 1> <II = 1> <Delay = 1.93> <FuncUnit> <Opcode : 'add' 'sub'> <InPorts = 2> <OutPorts = 1>
ST_77 : Operation 421 [1/2] (2.04ns)   --->   "%x_l_FL_V = sub i17 %x_l_FL_V_15, i17 %mul_FL_V"   --->   Operation 421 'sub' 'x_l_FL_V' <Predicate = true> <Delay = 2.04> <CoreInst = "Adder">   --->   Core 1 'Adder' <Latency = 1> <II = 1> <Delay = 1.93> <FuncUnit> <Opcode : 'add' 'sub'> <InPorts = 2> <OutPorts = 1>
ST_77 : Operation 422 [1/1] (0.00ns) (grouped into LUT with out node and_ln318_10)   --->   "%xor_ln1494_8 = xor i1 %icmp_ln1494_10, i1 1"   --->   Operation 422 'xor' 'xor_ln1494_8' <Predicate = true> <Delay = 0.00> <CoreInst = "LogicGate">   --->   Core 74 'LogicGate' <Latency = 0> <II = 1> <Delay = 1.00> <FuncUnit> <Opcode : 'and' 'or' 'xor'> <InPorts = 2> <OutPorts = 1>
ST_77 : Operation 423 [1/1] (0.00ns) (grouped into LUT with out node and_ln318_10)   --->   "%and_ln318_9 = and i1 %xor_ln1494_8, i1 %or_ln318_8" [/home/rcslfpgaserver/Softwares/Xilinx/Vitis_HLS/2020.2/common/technology/autopilot/hls_sqrt_apfixed.h:318]   --->   Operation 423 'and' 'and_ln318_9' <Predicate = true> <Delay = 0.00> <CoreInst = "LogicGate">   --->   Core 74 'LogicGate' <Latency = 0> <II = 1> <Delay = 1.00> <FuncUnit> <Opcode : 'and' 'or' 'xor'> <InPorts = 2> <OutPorts = 1>
ST_77 : Operation 424 [1/1] (0.97ns) (out node of the LUT)   --->   "%and_ln318_10 = and i1 %and_ln318_9, i1 %icmp_ln1498_1" [/home/rcslfpgaserver/Softwares/Xilinx/Vitis_HLS/2020.2/common/technology/autopilot/hls_sqrt_apfixed.h:318]   --->   Operation 424 'and' 'and_ln318_10' <Predicate = true> <Delay = 0.97> <CoreInst = "LogicGate">   --->   Core 74 'LogicGate' <Latency = 0> <II = 1> <Delay = 1.00> <FuncUnit> <Opcode : 'and' 'or' 'xor'> <InPorts = 2> <OutPorts = 1>

State 78 <SV = 77> <Delay = 2.04>
ST_78 : Operation 425 [1/1] (0.00ns) (grouped into LUT with out node x_l_I_V_98)   --->   "%xor_ln331 = xor i1 %delta_V, i1 1" [/home/rcslfpgaserver/Softwares/Xilinx/Vitis_HLS/2020.2/common/technology/autopilot/hls_sqrt_apfixed.h:331]   --->   Operation 425 'xor' 'xor_ln331' <Predicate = (!and_ln318_10)> <Delay = 0.00> <CoreInst = "LogicGate">   --->   Core 74 'LogicGate' <Latency = 0> <II = 1> <Delay = 1.00> <FuncUnit> <Opcode : 'and' 'or' 'xor'> <InPorts = 2> <OutPorts = 1>
ST_78 : Operation 426 [1/1] (0.00ns) (grouped into LUT with out node x_l_I_V_98)   --->   "%or_ln331 = or i1 %icmp_ln318_8, i1 %xor_ln331" [/home/rcslfpgaserver/Softwares/Xilinx/Vitis_HLS/2020.2/common/technology/autopilot/hls_sqrt_apfixed.h:331]   --->   Operation 426 'or' 'or_ln331' <Predicate = (!and_ln318_10)> <Delay = 0.00> <CoreInst = "LogicGate">   --->   Core 74 'LogicGate' <Latency = 0> <II = 1> <Delay = 1.00> <FuncUnit> <Opcode : 'and' 'or' 'xor'> <InPorts = 2> <OutPorts = 1>
ST_78 : Operation 427 [1/1] (0.00ns) (grouped into LUT with out node x_l_I_V_98)   --->   "%xor_ln1495 = xor i1 %icmp_ln1495, i1 1"   --->   Operation 427 'xor' 'xor_ln1495' <Predicate = (!and_ln318_10)> <Delay = 0.00> <CoreInst = "LogicGate">   --->   Core 74 'LogicGate' <Latency = 0> <II = 1> <Delay = 1.00> <FuncUnit> <Opcode : 'and' 'or' 'xor'> <InPorts = 2> <OutPorts = 1>
ST_78 : Operation 428 [1/1] (0.00ns) (grouped into LUT with out node x_l_I_V_98)   --->   "%and_ln331 = and i1 %or_ln331, i1 %xor_ln1495" [/home/rcslfpgaserver/Softwares/Xilinx/Vitis_HLS/2020.2/common/technology/autopilot/hls_sqrt_apfixed.h:331]   --->   Operation 428 'and' 'and_ln331' <Predicate = (!and_ln318_10)> <Delay = 0.00> <CoreInst = "LogicGate">   --->   Core 74 'LogicGate' <Latency = 0> <II = 1> <Delay = 1.00> <FuncUnit> <Opcode : 'and' 'or' 'xor'> <InPorts = 2> <OutPorts = 1>
ST_78 : Operation 429 [1/1] (0.97ns) (out node of the LUT)   --->   "%x_l_I_V_98 = select i1 %and_ln331, i19 %x_l_I_V_97, i19 %x_l_I_V_51" [/home/rcslfpgaserver/Softwares/Xilinx/Vitis_HLS/2020.2/common/technology/autopilot/hls_sqrt_apfixed.h:339]   --->   Operation 429 'select' 'x_l_I_V_98' <Predicate = (!and_ln318_10)> <Delay = 0.97> <CoreInst = "Sel">   --->   Core 73 'Sel' <Latency = 0> <II = 1> <Delay = 0.73> <FuncUnit> <Opcode : 'select'> <InPorts = 3> <OutPorts = 1>
ST_78 : Operation 430 [2/2] (2.04ns)   --->   "%sub_ln703 = sub i17 %p_neg168, i17 %mul_FH_V_8"   --->   Operation 430 'sub' 'sub_ln703' <Predicate = (!and_ln318_10)> <Delay = 2.04> <CoreInst = "Adder">   --->   Core 1 'Adder' <Latency = 1> <II = 1> <Delay = 1.93> <FuncUnit> <Opcode : 'add' 'sub'> <InPorts = 2> <OutPorts = 1>
ST_78 : Operation 431 [1/1] (0.78ns)   --->   "%x_l_FL_V_16 = select i1 %and_ln318_10, i17 %x_l_FL_V_15, i17 %x_l_FL_V" [/home/rcslfpgaserver/Softwares/Xilinx/Vitis_HLS/2020.2/common/technology/autopilot/hls_sqrt_apfixed.h:318]   --->   Operation 431 'select' 'x_l_FL_V_16' <Predicate = true> <Delay = 0.78> <CoreInst = "Sel">   --->   Core 73 'Sel' <Latency = 0> <II = 1> <Delay = 0.73> <FuncUnit> <Opcode : 'select'> <InPorts = 3> <OutPorts = 1>

State 79 <SV = 78> <Delay = 2.04>
ST_79 : Operation 432 [1/2] (2.04ns)   --->   "%sub_ln703 = sub i17 %p_neg168, i17 %mul_FH_V_8"   --->   Operation 432 'sub' 'sub_ln703' <Predicate = (!and_ln318_10)> <Delay = 2.04> <CoreInst = "Adder">   --->   Core 1 'Adder' <Latency = 1> <II = 1> <Delay = 1.93> <FuncUnit> <Opcode : 'add' 'sub'> <InPorts = 2> <OutPorts = 1>
ST_79 : Operation 433 [1/1] (0.73ns) (out node of the LUT)   --->   "%x_l_I_V_99 = select i1 %and_ln318_10, i19 %x_l_I_V_97, i19 %x_l_I_V_98" [/home/rcslfpgaserver/Softwares/Xilinx/Vitis_HLS/2020.2/common/technology/autopilot/hls_sqrt_apfixed.h:318]   --->   Operation 433 'select' 'x_l_I_V_99' <Predicate = true> <Delay = 0.73> <CoreInst = "Sel">   --->   Core 73 'Sel' <Latency = 0> <II = 1> <Delay = 0.73> <FuncUnit> <Opcode : 'select'> <InPorts = 3> <OutPorts = 1>

State 80 <SV = 79> <Delay = 2.04>
ST_80 : Operation 434 [2/2] (2.04ns)   --->   "%x_l_FH_V_43 = add i17 %sub_ln703, i17 %x_l_FH_V_42"   --->   Operation 434 'add' 'x_l_FH_V_43' <Predicate = (!and_ln318_10)> <Delay = 2.04> <CoreInst = "Adder">   --->   Core 1 'Adder' <Latency = 1> <II = 1> <Delay = 1.93> <FuncUnit> <Opcode : 'add' 'sub'> <InPorts = 2> <OutPorts = 1>
ST_80 : Operation 435 [1/1] (0.00ns)   --->   "%p_Result_66 = bitset i17 @_ssdm_op_BitSet.i17.i17.i32.i1, i17 %res_FH_V_40, i32 7, i1 1"   --->   Operation 435 'bitset' 'p_Result_66' <Predicate = (!and_ln318_10)> <Delay = 0.00>
ST_80 : Operation 436 [1/1] (0.78ns)   --->   "%res_FH_V_41 = select i1 %and_ln318_10, i17 %res_FH_V_40, i17 %p_Result_66" [/home/rcslfpgaserver/Softwares/Xilinx/Vitis_HLS/2020.2/common/technology/autopilot/hls_sqrt_apfixed.h:318]   --->   Operation 436 'select' 'res_FH_V_41' <Predicate = true> <Delay = 0.78> <CoreInst = "Sel">   --->   Core 73 'Sel' <Latency = 0> <II = 1> <Delay = 0.73> <FuncUnit> <Opcode : 'select'> <InPorts = 3> <OutPorts = 1>
ST_80 : Operation 437 [1/1] (0.00ns)   --->   "%tmp_7 = partselect i4 @_ssdm_op_PartSelect.i4.i17.i32.i32, i17 %res_FH_V_41, i32 6, i32 9"   --->   Operation 437 'partselect' 'tmp_7' <Predicate = true> <Delay = 0.00>
ST_80 : Operation 438 [1/1] (0.00ns)   --->   "%tmp_21 = partselect i7 @_ssdm_op_PartSelect.i7.i17.i32.i32, i17 %res_FH_V_41, i32 10, i32 16"   --->   Operation 438 'partselect' 'tmp_21' <Predicate = true> <Delay = 0.00>

State 81 <SV = 80> <Delay = 2.43>
ST_81 : Operation 439 [1/2] (2.04ns)   --->   "%x_l_FH_V_43 = add i17 %sub_ln703, i17 %x_l_FH_V_42"   --->   Operation 439 'add' 'x_l_FH_V_43' <Predicate = (!and_ln318_10)> <Delay = 2.04> <CoreInst = "Adder">   --->   Core 1 'Adder' <Latency = 1> <II = 1> <Delay = 1.93> <FuncUnit> <Opcode : 'add' 'sub'> <InPorts = 2> <OutPorts = 1>
ST_81 : Operation 440 [1/1] (0.00ns)   --->   "%mul_FL_V_1 = bitconcatenate i17 @_ssdm_op_BitConcatenate.i17.i4.i13, i4 %tmp_7, i13 4096"   --->   Operation 440 'bitconcatenate' 'mul_FL_V_1' <Predicate = true> <Delay = 0.00>
ST_81 : Operation 441 [1/1] (2.43ns)   --->   "%delta_V_1 = icmp_ult  i17 %x_l_FL_V_16, i17 %mul_FL_V_1"   --->   Operation 441 'icmp' 'delta_V_1' <Predicate = true> <Delay = 2.43> <CoreInst = "Cmp">   --->   Core 9 'Cmp' <Latency = 0> <II = 1> <Delay = 0.95> <FuncUnit> <Opcode : 'icmp'> <InPorts = 2> <OutPorts = 1>

State 82 <SV = 81> <Delay = 2.07>
ST_82 : Operation 442 [1/1] (0.78ns)   --->   "%x_l_FH_V_44 = select i1 %and_ln318_10, i17 %x_l_FH_V_42, i17 %x_l_FH_V_43" [/home/rcslfpgaserver/Softwares/Xilinx/Vitis_HLS/2020.2/common/technology/autopilot/hls_sqrt_apfixed.h:318]   --->   Operation 442 'select' 'x_l_FH_V_44' <Predicate = true> <Delay = 0.78> <CoreInst = "Sel">   --->   Core 73 'Sel' <Latency = 0> <II = 1> <Delay = 0.73> <FuncUnit> <Opcode : 'select'> <InPorts = 3> <OutPorts = 1>
ST_82 : Operation 443 [1/1] (0.99ns)   --->   "%p_neg169 = select i1 %delta_V_1, i17 131071, i17 0"   --->   Operation 443 'select' 'p_neg169' <Predicate = true> <Delay = 0.99> <CoreInst = "Sel">   --->   Core 73 'Sel' <Latency = 0> <II = 1> <Delay = 0.73> <FuncUnit> <Opcode : 'select'> <InPorts = 3> <OutPorts = 1>
ST_82 : Operation 444 [2/2] (2.07ns)   --->   "%x_l_I_V_54 = add i19 %x_l_I_V_99, i19 524287"   --->   Operation 444 'add' 'x_l_I_V_54' <Predicate = true> <Delay = 2.07> <CoreInst = "Adder">   --->   Core 1 'Adder' <Latency = 1> <II = 1> <Delay = 1.93> <FuncUnit> <Opcode : 'add' 'sub'> <InPorts = 2> <OutPorts = 1>

State 83 <SV = 82> <Delay = 2.43>
ST_83 : Operation 445 [1/1] (0.00ns)   --->   "%mul_FH_V_9 = bitconcatenate i17 @_ssdm_op_BitConcatenate.i17.i2.i8.i7, i2 0, i8 %res_I_V, i7 %tmp_21"   --->   Operation 445 'bitconcatenate' 'mul_FH_V_9' <Predicate = true> <Delay = 0.00>
ST_83 : Operation 446 [1/1] (2.43ns)   --->   "%icmp_ln318_9 = icmp_ne  i17 %x_l_FH_V_44, i17 %mul_FH_V_9" [/home/rcslfpgaserver/Softwares/Xilinx/Vitis_HLS/2020.2/common/technology/autopilot/hls_sqrt_apfixed.h:318]   --->   Operation 446 'icmp' 'icmp_ln318_9' <Predicate = true> <Delay = 2.43> <CoreInst = "Cmp">   --->   Core 9 'Cmp' <Latency = 0> <II = 1> <Delay = 0.95> <FuncUnit> <Opcode : 'icmp'> <InPorts = 2> <OutPorts = 1>
ST_83 : Operation 447 [1/1] (2.43ns)   --->   "%icmp_ln1495_1 = icmp_ult  i17 %x_l_FH_V_44, i17 %mul_FH_V_9"   --->   Operation 447 'icmp' 'icmp_ln1495_1' <Predicate = true> <Delay = 2.43> <CoreInst = "Cmp">   --->   Core 9 'Cmp' <Latency = 0> <II = 1> <Delay = 0.95> <FuncUnit> <Opcode : 'icmp'> <InPorts = 2> <OutPorts = 1>
ST_83 : Operation 448 [1/2] (2.07ns)   --->   "%x_l_I_V_54 = add i19 %x_l_I_V_99, i19 524287"   --->   Operation 448 'add' 'x_l_I_V_54' <Predicate = true> <Delay = 2.07> <CoreInst = "Adder">   --->   Core 1 'Adder' <Latency = 1> <II = 1> <Delay = 1.93> <FuncUnit> <Opcode : 'add' 'sub'> <InPorts = 2> <OutPorts = 1>
ST_83 : Operation 449 [2/2] (2.04ns)   --->   "%sub_ln703_3 = sub i17 %p_neg169, i17 %mul_FH_V_9"   --->   Operation 449 'sub' 'sub_ln703_3' <Predicate = true> <Delay = 2.04> <CoreInst = "Adder">   --->   Core 1 'Adder' <Latency = 1> <II = 1> <Delay = 1.93> <FuncUnit> <Opcode : 'add' 'sub'> <InPorts = 2> <OutPorts = 1>
ST_83 : Operation 450 [2/2] (2.04ns)   --->   "%x_l_FL_V_3 = sub i17 %x_l_FL_V_16, i17 %mul_FL_V_1"   --->   Operation 450 'sub' 'x_l_FL_V_3' <Predicate = true> <Delay = 2.04> <CoreInst = "Adder">   --->   Core 1 'Adder' <Latency = 1> <II = 1> <Delay = 1.93> <FuncUnit> <Opcode : 'add' 'sub'> <InPorts = 2> <OutPorts = 1>
ST_83 : Operation 451 [1/1] (2.43ns)   --->   "%icmp_ln1498_2 = icmp_eq  i19 %x_l_I_V_99, i19 0"   --->   Operation 451 'icmp' 'icmp_ln1498_2' <Predicate = true> <Delay = 2.43> <CoreInst = "Cmp">   --->   Core 9 'Cmp' <Latency = 0> <II = 1> <Delay = 0.95> <FuncUnit> <Opcode : 'icmp'> <InPorts = 2> <OutPorts = 1>
ST_83 : Operation 452 [1/1] (2.43ns)   --->   "%icmp_ln1494_11 = icmp_ult  i17 %mul_FH_V_9, i17 %x_l_FH_V_44"   --->   Operation 452 'icmp' 'icmp_ln1494_11' <Predicate = true> <Delay = 2.43> <CoreInst = "Cmp">   --->   Core 9 'Cmp' <Latency = 0> <II = 1> <Delay = 0.95> <FuncUnit> <Opcode : 'icmp'> <InPorts = 2> <OutPorts = 1>

State 84 <SV = 83> <Delay = 2.04>
ST_84 : Operation 453 [1/1] (0.00ns) (grouped into LUT with out node and_ln318_12)   --->   "%or_ln318_9 = or i1 %icmp_ln318_9, i1 %delta_V_1" [/home/rcslfpgaserver/Softwares/Xilinx/Vitis_HLS/2020.2/common/technology/autopilot/hls_sqrt_apfixed.h:318]   --->   Operation 453 'or' 'or_ln318_9' <Predicate = true> <Delay = 0.00> <CoreInst = "LogicGate">   --->   Core 74 'LogicGate' <Latency = 0> <II = 1> <Delay = 1.00> <FuncUnit> <Opcode : 'and' 'or' 'xor'> <InPorts = 2> <OutPorts = 1>
ST_84 : Operation 454 [1/1] (0.00ns) (grouped into LUT with out node x_l_I_V_100)   --->   "%xor_ln331_1 = xor i1 %delta_V_1, i1 1" [/home/rcslfpgaserver/Softwares/Xilinx/Vitis_HLS/2020.2/common/technology/autopilot/hls_sqrt_apfixed.h:331]   --->   Operation 454 'xor' 'xor_ln331_1' <Predicate = true> <Delay = 0.00> <CoreInst = "LogicGate">   --->   Core 74 'LogicGate' <Latency = 0> <II = 1> <Delay = 1.00> <FuncUnit> <Opcode : 'and' 'or' 'xor'> <InPorts = 2> <OutPorts = 1>
ST_84 : Operation 455 [1/1] (0.00ns) (grouped into LUT with out node x_l_I_V_100)   --->   "%or_ln331_1 = or i1 %icmp_ln318_9, i1 %xor_ln331_1" [/home/rcslfpgaserver/Softwares/Xilinx/Vitis_HLS/2020.2/common/technology/autopilot/hls_sqrt_apfixed.h:331]   --->   Operation 455 'or' 'or_ln331_1' <Predicate = true> <Delay = 0.00> <CoreInst = "LogicGate">   --->   Core 74 'LogicGate' <Latency = 0> <II = 1> <Delay = 1.00> <FuncUnit> <Opcode : 'and' 'or' 'xor'> <InPorts = 2> <OutPorts = 1>
ST_84 : Operation 456 [1/1] (0.00ns) (grouped into LUT with out node x_l_I_V_100)   --->   "%xor_ln1495_1 = xor i1 %icmp_ln1495_1, i1 1"   --->   Operation 456 'xor' 'xor_ln1495_1' <Predicate = true> <Delay = 0.00> <CoreInst = "LogicGate">   --->   Core 74 'LogicGate' <Latency = 0> <II = 1> <Delay = 1.00> <FuncUnit> <Opcode : 'and' 'or' 'xor'> <InPorts = 2> <OutPorts = 1>
ST_84 : Operation 457 [1/1] (0.00ns) (grouped into LUT with out node x_l_I_V_100)   --->   "%and_ln331_1 = and i1 %or_ln331_1, i1 %xor_ln1495_1" [/home/rcslfpgaserver/Softwares/Xilinx/Vitis_HLS/2020.2/common/technology/autopilot/hls_sqrt_apfixed.h:331]   --->   Operation 457 'and' 'and_ln331_1' <Predicate = true> <Delay = 0.00> <CoreInst = "LogicGate">   --->   Core 74 'LogicGate' <Latency = 0> <II = 1> <Delay = 1.00> <FuncUnit> <Opcode : 'and' 'or' 'xor'> <InPorts = 2> <OutPorts = 1>
ST_84 : Operation 458 [1/1] (0.97ns) (out node of the LUT)   --->   "%x_l_I_V_100 = select i1 %and_ln331_1, i19 %x_l_I_V_99, i19 %x_l_I_V_54" [/home/rcslfpgaserver/Softwares/Xilinx/Vitis_HLS/2020.2/common/technology/autopilot/hls_sqrt_apfixed.h:339]   --->   Operation 458 'select' 'x_l_I_V_100' <Predicate = true> <Delay = 0.97> <CoreInst = "Sel">   --->   Core 73 'Sel' <Latency = 0> <II = 1> <Delay = 0.73> <FuncUnit> <Opcode : 'select'> <InPorts = 3> <OutPorts = 1>
ST_84 : Operation 459 [1/2] (2.04ns)   --->   "%sub_ln703_3 = sub i17 %p_neg169, i17 %mul_FH_V_9"   --->   Operation 459 'sub' 'sub_ln703_3' <Predicate = true> <Delay = 2.04> <CoreInst = "Adder">   --->   Core 1 'Adder' <Latency = 1> <II = 1> <Delay = 1.93> <FuncUnit> <Opcode : 'add' 'sub'> <InPorts = 2> <OutPorts = 1>
ST_84 : Operation 460 [1/2] (2.04ns)   --->   "%x_l_FL_V_3 = sub i17 %x_l_FL_V_16, i17 %mul_FL_V_1"   --->   Operation 460 'sub' 'x_l_FL_V_3' <Predicate = true> <Delay = 2.04> <CoreInst = "Adder">   --->   Core 1 'Adder' <Latency = 1> <II = 1> <Delay = 1.93> <FuncUnit> <Opcode : 'add' 'sub'> <InPorts = 2> <OutPorts = 1>
ST_84 : Operation 461 [1/1] (0.00ns) (grouped into LUT with out node and_ln318_12)   --->   "%xor_ln1494_9 = xor i1 %icmp_ln1494_11, i1 1"   --->   Operation 461 'xor' 'xor_ln1494_9' <Predicate = true> <Delay = 0.00> <CoreInst = "LogicGate">   --->   Core 74 'LogicGate' <Latency = 0> <II = 1> <Delay = 1.00> <FuncUnit> <Opcode : 'and' 'or' 'xor'> <InPorts = 2> <OutPorts = 1>
ST_84 : Operation 462 [1/1] (0.00ns) (grouped into LUT with out node and_ln318_12)   --->   "%and_ln318_11 = and i1 %xor_ln1494_9, i1 %or_ln318_9" [/home/rcslfpgaserver/Softwares/Xilinx/Vitis_HLS/2020.2/common/technology/autopilot/hls_sqrt_apfixed.h:318]   --->   Operation 462 'and' 'and_ln318_11' <Predicate = true> <Delay = 0.00> <CoreInst = "LogicGate">   --->   Core 74 'LogicGate' <Latency = 0> <II = 1> <Delay = 1.00> <FuncUnit> <Opcode : 'and' 'or' 'xor'> <InPorts = 2> <OutPorts = 1>
ST_84 : Operation 463 [1/1] (0.97ns) (out node of the LUT)   --->   "%and_ln318_12 = and i1 %and_ln318_11, i1 %icmp_ln1498_2" [/home/rcslfpgaserver/Softwares/Xilinx/Vitis_HLS/2020.2/common/technology/autopilot/hls_sqrt_apfixed.h:318]   --->   Operation 463 'and' 'and_ln318_12' <Predicate = true> <Delay = 0.97> <CoreInst = "LogicGate">   --->   Core 74 'LogicGate' <Latency = 0> <II = 1> <Delay = 1.00> <FuncUnit> <Opcode : 'and' 'or' 'xor'> <InPorts = 2> <OutPorts = 1>

State 85 <SV = 84> <Delay = 2.04>
ST_85 : Operation 464 [2/2] (2.04ns)   --->   "%x_l_FH_V_45 = add i17 %sub_ln703_3, i17 %x_l_FH_V_44"   --->   Operation 464 'add' 'x_l_FH_V_45' <Predicate = (!and_ln318_12)> <Delay = 2.04> <CoreInst = "Adder">   --->   Core 1 'Adder' <Latency = 1> <II = 1> <Delay = 1.93> <FuncUnit> <Opcode : 'add' 'sub'> <InPorts = 2> <OutPorts = 1>
ST_85 : Operation 465 [1/1] (0.00ns)   --->   "%p_Result_67 = bitset i17 @_ssdm_op_BitSet.i17.i17.i32.i1, i17 %res_FH_V_41, i32 6, i1 1"   --->   Operation 465 'bitset' 'p_Result_67' <Predicate = (!and_ln318_12)> <Delay = 0.00>
ST_85 : Operation 466 [1/1] (0.78ns)   --->   "%res_FH_V_42 = select i1 %and_ln318_12, i17 %res_FH_V_41, i17 %p_Result_67" [/home/rcslfpgaserver/Softwares/Xilinx/Vitis_HLS/2020.2/common/technology/autopilot/hls_sqrt_apfixed.h:318]   --->   Operation 466 'select' 'res_FH_V_42' <Predicate = true> <Delay = 0.78> <CoreInst = "Sel">   --->   Core 73 'Sel' <Latency = 0> <II = 1> <Delay = 0.73> <FuncUnit> <Opcode : 'select'> <InPorts = 3> <OutPorts = 1>
ST_85 : Operation 467 [1/1] (0.78ns)   --->   "%x_l_FL_V_17 = select i1 %and_ln318_12, i17 %x_l_FL_V_16, i17 %x_l_FL_V_3" [/home/rcslfpgaserver/Softwares/Xilinx/Vitis_HLS/2020.2/common/technology/autopilot/hls_sqrt_apfixed.h:318]   --->   Operation 467 'select' 'x_l_FL_V_17' <Predicate = true> <Delay = 0.78> <CoreInst = "Sel">   --->   Core 73 'Sel' <Latency = 0> <II = 1> <Delay = 0.73> <FuncUnit> <Opcode : 'select'> <InPorts = 3> <OutPorts = 1>
ST_85 : Operation 468 [1/1] (0.73ns) (out node of the LUT)   --->   "%x_l_I_V_101 = select i1 %and_ln318_12, i19 %x_l_I_V_99, i19 %x_l_I_V_100" [/home/rcslfpgaserver/Softwares/Xilinx/Vitis_HLS/2020.2/common/technology/autopilot/hls_sqrt_apfixed.h:318]   --->   Operation 468 'select' 'x_l_I_V_101' <Predicate = true> <Delay = 0.73> <CoreInst = "Sel">   --->   Core 73 'Sel' <Latency = 0> <II = 1> <Delay = 0.73> <FuncUnit> <Opcode : 'select'> <InPorts = 3> <OutPorts = 1>
ST_85 : Operation 469 [1/1] (0.00ns)   --->   "%tmp_9 = partselect i6 @_ssdm_op_PartSelect.i6.i17.i32.i32, i17 %res_FH_V_42, i32 5, i32 10"   --->   Operation 469 'partselect' 'tmp_9' <Predicate = true> <Delay = 0.00>
ST_85 : Operation 470 [1/1] (0.00ns)   --->   "%tmp_22 = partselect i6 @_ssdm_op_PartSelect.i6.i17.i32.i32, i17 %res_FH_V_42, i32 11, i32 16"   --->   Operation 470 'partselect' 'tmp_22' <Predicate = true> <Delay = 0.00>

State 86 <SV = 85> <Delay = 2.43>
ST_86 : Operation 471 [1/2] (2.04ns)   --->   "%x_l_FH_V_45 = add i17 %sub_ln703_3, i17 %x_l_FH_V_44"   --->   Operation 471 'add' 'x_l_FH_V_45' <Predicate = (!and_ln318_12)> <Delay = 2.04> <CoreInst = "Adder">   --->   Core 1 'Adder' <Latency = 1> <II = 1> <Delay = 1.93> <FuncUnit> <Opcode : 'add' 'sub'> <InPorts = 2> <OutPorts = 1>
ST_86 : Operation 472 [1/1] (0.00ns)   --->   "%mul_FL_V_2 = bitconcatenate i17 @_ssdm_op_BitConcatenate.i17.i6.i11, i6 %tmp_9, i11 1024"   --->   Operation 472 'bitconcatenate' 'mul_FL_V_2' <Predicate = true> <Delay = 0.00>
ST_86 : Operation 473 [1/1] (2.43ns)   --->   "%delta_V_2 = icmp_ult  i17 %x_l_FL_V_17, i17 %mul_FL_V_2"   --->   Operation 473 'icmp' 'delta_V_2' <Predicate = true> <Delay = 2.43> <CoreInst = "Cmp">   --->   Core 9 'Cmp' <Latency = 0> <II = 1> <Delay = 0.95> <FuncUnit> <Opcode : 'icmp'> <InPorts = 2> <OutPorts = 1>

State 87 <SV = 86> <Delay = 2.07>
ST_87 : Operation 474 [1/1] (0.78ns)   --->   "%x_l_FH_V_46 = select i1 %and_ln318_12, i17 %x_l_FH_V_44, i17 %x_l_FH_V_45" [/home/rcslfpgaserver/Softwares/Xilinx/Vitis_HLS/2020.2/common/technology/autopilot/hls_sqrt_apfixed.h:318]   --->   Operation 474 'select' 'x_l_FH_V_46' <Predicate = true> <Delay = 0.78> <CoreInst = "Sel">   --->   Core 73 'Sel' <Latency = 0> <II = 1> <Delay = 0.73> <FuncUnit> <Opcode : 'select'> <InPorts = 3> <OutPorts = 1>
ST_87 : Operation 475 [1/1] (0.99ns)   --->   "%p_neg170 = select i1 %delta_V_2, i17 131071, i17 0"   --->   Operation 475 'select' 'p_neg170' <Predicate = true> <Delay = 0.99> <CoreInst = "Sel">   --->   Core 73 'Sel' <Latency = 0> <II = 1> <Delay = 0.73> <FuncUnit> <Opcode : 'select'> <InPorts = 3> <OutPorts = 1>
ST_87 : Operation 476 [2/2] (2.07ns)   --->   "%x_l_I_V_57 = add i19 %x_l_I_V_101, i19 524287"   --->   Operation 476 'add' 'x_l_I_V_57' <Predicate = true> <Delay = 2.07> <CoreInst = "Adder">   --->   Core 1 'Adder' <Latency = 1> <II = 1> <Delay = 1.93> <FuncUnit> <Opcode : 'add' 'sub'> <InPorts = 2> <OutPorts = 1>

State 88 <SV = 87> <Delay = 2.43>
ST_88 : Operation 477 [1/1] (0.00ns)   --->   "%mul_FH_V_10 = bitconcatenate i17 @_ssdm_op_BitConcatenate.i17.i3.i8.i6, i3 0, i8 %res_I_V, i6 %tmp_22"   --->   Operation 477 'bitconcatenate' 'mul_FH_V_10' <Predicate = true> <Delay = 0.00>
ST_88 : Operation 478 [1/1] (2.43ns)   --->   "%icmp_ln318_10 = icmp_ne  i17 %x_l_FH_V_46, i17 %mul_FH_V_10" [/home/rcslfpgaserver/Softwares/Xilinx/Vitis_HLS/2020.2/common/technology/autopilot/hls_sqrt_apfixed.h:318]   --->   Operation 478 'icmp' 'icmp_ln318_10' <Predicate = true> <Delay = 2.43> <CoreInst = "Cmp">   --->   Core 9 'Cmp' <Latency = 0> <II = 1> <Delay = 0.95> <FuncUnit> <Opcode : 'icmp'> <InPorts = 2> <OutPorts = 1>
ST_88 : Operation 479 [1/1] (2.43ns)   --->   "%icmp_ln1495_2 = icmp_ult  i17 %x_l_FH_V_46, i17 %mul_FH_V_10"   --->   Operation 479 'icmp' 'icmp_ln1495_2' <Predicate = true> <Delay = 2.43> <CoreInst = "Cmp">   --->   Core 9 'Cmp' <Latency = 0> <II = 1> <Delay = 0.95> <FuncUnit> <Opcode : 'icmp'> <InPorts = 2> <OutPorts = 1>
ST_88 : Operation 480 [1/2] (2.07ns)   --->   "%x_l_I_V_57 = add i19 %x_l_I_V_101, i19 524287"   --->   Operation 480 'add' 'x_l_I_V_57' <Predicate = true> <Delay = 2.07> <CoreInst = "Adder">   --->   Core 1 'Adder' <Latency = 1> <II = 1> <Delay = 1.93> <FuncUnit> <Opcode : 'add' 'sub'> <InPorts = 2> <OutPorts = 1>
ST_88 : Operation 481 [2/2] (2.04ns)   --->   "%sub_ln703_6 = sub i17 %p_neg170, i17 %mul_FH_V_10"   --->   Operation 481 'sub' 'sub_ln703_6' <Predicate = true> <Delay = 2.04> <CoreInst = "Adder">   --->   Core 1 'Adder' <Latency = 1> <II = 1> <Delay = 1.93> <FuncUnit> <Opcode : 'add' 'sub'> <InPorts = 2> <OutPorts = 1>
ST_88 : Operation 482 [2/2] (2.04ns)   --->   "%x_l_FL_V_5 = sub i17 %x_l_FL_V_17, i17 %mul_FL_V_2"   --->   Operation 482 'sub' 'x_l_FL_V_5' <Predicate = true> <Delay = 2.04> <CoreInst = "Adder">   --->   Core 1 'Adder' <Latency = 1> <II = 1> <Delay = 1.93> <FuncUnit> <Opcode : 'add' 'sub'> <InPorts = 2> <OutPorts = 1>
ST_88 : Operation 483 [1/1] (2.43ns)   --->   "%icmp_ln1498_3 = icmp_eq  i19 %x_l_I_V_101, i19 0"   --->   Operation 483 'icmp' 'icmp_ln1498_3' <Predicate = true> <Delay = 2.43> <CoreInst = "Cmp">   --->   Core 9 'Cmp' <Latency = 0> <II = 1> <Delay = 0.95> <FuncUnit> <Opcode : 'icmp'> <InPorts = 2> <OutPorts = 1>
ST_88 : Operation 484 [1/1] (2.43ns)   --->   "%icmp_ln1494_12 = icmp_ult  i17 %mul_FH_V_10, i17 %x_l_FH_V_46"   --->   Operation 484 'icmp' 'icmp_ln1494_12' <Predicate = true> <Delay = 2.43> <CoreInst = "Cmp">   --->   Core 9 'Cmp' <Latency = 0> <II = 1> <Delay = 0.95> <FuncUnit> <Opcode : 'icmp'> <InPorts = 2> <OutPorts = 1>

State 89 <SV = 88> <Delay = 2.04>
ST_89 : Operation 485 [1/1] (0.00ns) (grouped into LUT with out node and_ln318_14)   --->   "%or_ln318_10 = or i1 %icmp_ln318_10, i1 %delta_V_2" [/home/rcslfpgaserver/Softwares/Xilinx/Vitis_HLS/2020.2/common/technology/autopilot/hls_sqrt_apfixed.h:318]   --->   Operation 485 'or' 'or_ln318_10' <Predicate = true> <Delay = 0.00> <CoreInst = "LogicGate">   --->   Core 74 'LogicGate' <Latency = 0> <II = 1> <Delay = 1.00> <FuncUnit> <Opcode : 'and' 'or' 'xor'> <InPorts = 2> <OutPorts = 1>
ST_89 : Operation 486 [1/1] (0.00ns) (grouped into LUT with out node x_l_I_V_102)   --->   "%xor_ln331_2 = xor i1 %delta_V_2, i1 1" [/home/rcslfpgaserver/Softwares/Xilinx/Vitis_HLS/2020.2/common/technology/autopilot/hls_sqrt_apfixed.h:331]   --->   Operation 486 'xor' 'xor_ln331_2' <Predicate = true> <Delay = 0.00> <CoreInst = "LogicGate">   --->   Core 74 'LogicGate' <Latency = 0> <II = 1> <Delay = 1.00> <FuncUnit> <Opcode : 'and' 'or' 'xor'> <InPorts = 2> <OutPorts = 1>
ST_89 : Operation 487 [1/1] (0.00ns) (grouped into LUT with out node x_l_I_V_102)   --->   "%or_ln331_2 = or i1 %icmp_ln318_10, i1 %xor_ln331_2" [/home/rcslfpgaserver/Softwares/Xilinx/Vitis_HLS/2020.2/common/technology/autopilot/hls_sqrt_apfixed.h:331]   --->   Operation 487 'or' 'or_ln331_2' <Predicate = true> <Delay = 0.00> <CoreInst = "LogicGate">   --->   Core 74 'LogicGate' <Latency = 0> <II = 1> <Delay = 1.00> <FuncUnit> <Opcode : 'and' 'or' 'xor'> <InPorts = 2> <OutPorts = 1>
ST_89 : Operation 488 [1/1] (0.00ns) (grouped into LUT with out node x_l_I_V_102)   --->   "%xor_ln1495_2 = xor i1 %icmp_ln1495_2, i1 1"   --->   Operation 488 'xor' 'xor_ln1495_2' <Predicate = true> <Delay = 0.00> <CoreInst = "LogicGate">   --->   Core 74 'LogicGate' <Latency = 0> <II = 1> <Delay = 1.00> <FuncUnit> <Opcode : 'and' 'or' 'xor'> <InPorts = 2> <OutPorts = 1>
ST_89 : Operation 489 [1/1] (0.00ns) (grouped into LUT with out node x_l_I_V_102)   --->   "%and_ln331_2 = and i1 %or_ln331_2, i1 %xor_ln1495_2" [/home/rcslfpgaserver/Softwares/Xilinx/Vitis_HLS/2020.2/common/technology/autopilot/hls_sqrt_apfixed.h:331]   --->   Operation 489 'and' 'and_ln331_2' <Predicate = true> <Delay = 0.00> <CoreInst = "LogicGate">   --->   Core 74 'LogicGate' <Latency = 0> <II = 1> <Delay = 1.00> <FuncUnit> <Opcode : 'and' 'or' 'xor'> <InPorts = 2> <OutPorts = 1>
ST_89 : Operation 490 [1/1] (0.97ns) (out node of the LUT)   --->   "%x_l_I_V_102 = select i1 %and_ln331_2, i19 %x_l_I_V_101, i19 %x_l_I_V_57" [/home/rcslfpgaserver/Softwares/Xilinx/Vitis_HLS/2020.2/common/technology/autopilot/hls_sqrt_apfixed.h:339]   --->   Operation 490 'select' 'x_l_I_V_102' <Predicate = true> <Delay = 0.97> <CoreInst = "Sel">   --->   Core 73 'Sel' <Latency = 0> <II = 1> <Delay = 0.73> <FuncUnit> <Opcode : 'select'> <InPorts = 3> <OutPorts = 1>
ST_89 : Operation 491 [1/2] (2.04ns)   --->   "%sub_ln703_6 = sub i17 %p_neg170, i17 %mul_FH_V_10"   --->   Operation 491 'sub' 'sub_ln703_6' <Predicate = true> <Delay = 2.04> <CoreInst = "Adder">   --->   Core 1 'Adder' <Latency = 1> <II = 1> <Delay = 1.93> <FuncUnit> <Opcode : 'add' 'sub'> <InPorts = 2> <OutPorts = 1>
ST_89 : Operation 492 [1/2] (2.04ns)   --->   "%x_l_FL_V_5 = sub i17 %x_l_FL_V_17, i17 %mul_FL_V_2"   --->   Operation 492 'sub' 'x_l_FL_V_5' <Predicate = true> <Delay = 2.04> <CoreInst = "Adder">   --->   Core 1 'Adder' <Latency = 1> <II = 1> <Delay = 1.93> <FuncUnit> <Opcode : 'add' 'sub'> <InPorts = 2> <OutPorts = 1>
ST_89 : Operation 493 [1/1] (0.00ns) (grouped into LUT with out node and_ln318_14)   --->   "%xor_ln1494_10 = xor i1 %icmp_ln1494_12, i1 1"   --->   Operation 493 'xor' 'xor_ln1494_10' <Predicate = true> <Delay = 0.00> <CoreInst = "LogicGate">   --->   Core 74 'LogicGate' <Latency = 0> <II = 1> <Delay = 1.00> <FuncUnit> <Opcode : 'and' 'or' 'xor'> <InPorts = 2> <OutPorts = 1>
ST_89 : Operation 494 [1/1] (0.00ns) (grouped into LUT with out node and_ln318_14)   --->   "%and_ln318_13 = and i1 %xor_ln1494_10, i1 %or_ln318_10" [/home/rcslfpgaserver/Softwares/Xilinx/Vitis_HLS/2020.2/common/technology/autopilot/hls_sqrt_apfixed.h:318]   --->   Operation 494 'and' 'and_ln318_13' <Predicate = true> <Delay = 0.00> <CoreInst = "LogicGate">   --->   Core 74 'LogicGate' <Latency = 0> <II = 1> <Delay = 1.00> <FuncUnit> <Opcode : 'and' 'or' 'xor'> <InPorts = 2> <OutPorts = 1>
ST_89 : Operation 495 [1/1] (0.97ns) (out node of the LUT)   --->   "%and_ln318_14 = and i1 %and_ln318_13, i1 %icmp_ln1498_3" [/home/rcslfpgaserver/Softwares/Xilinx/Vitis_HLS/2020.2/common/technology/autopilot/hls_sqrt_apfixed.h:318]   --->   Operation 495 'and' 'and_ln318_14' <Predicate = true> <Delay = 0.97> <CoreInst = "LogicGate">   --->   Core 74 'LogicGate' <Latency = 0> <II = 1> <Delay = 1.00> <FuncUnit> <Opcode : 'and' 'or' 'xor'> <InPorts = 2> <OutPorts = 1>

State 90 <SV = 89> <Delay = 2.04>
ST_90 : Operation 496 [2/2] (2.04ns)   --->   "%x_l_FH_V_47 = add i17 %sub_ln703_6, i17 %x_l_FH_V_46"   --->   Operation 496 'add' 'x_l_FH_V_47' <Predicate = (!and_ln318_14)> <Delay = 2.04> <CoreInst = "Adder">   --->   Core 1 'Adder' <Latency = 1> <II = 1> <Delay = 1.93> <FuncUnit> <Opcode : 'add' 'sub'> <InPorts = 2> <OutPorts = 1>
ST_90 : Operation 497 [1/1] (0.00ns)   --->   "%p_Result_68 = bitset i17 @_ssdm_op_BitSet.i17.i17.i32.i1, i17 %res_FH_V_42, i32 5, i1 1"   --->   Operation 497 'bitset' 'p_Result_68' <Predicate = (!and_ln318_14)> <Delay = 0.00>
ST_90 : Operation 498 [1/1] (0.78ns)   --->   "%res_FH_V_43 = select i1 %and_ln318_14, i17 %res_FH_V_42, i17 %p_Result_68" [/home/rcslfpgaserver/Softwares/Xilinx/Vitis_HLS/2020.2/common/technology/autopilot/hls_sqrt_apfixed.h:318]   --->   Operation 498 'select' 'res_FH_V_43' <Predicate = true> <Delay = 0.78> <CoreInst = "Sel">   --->   Core 73 'Sel' <Latency = 0> <II = 1> <Delay = 0.73> <FuncUnit> <Opcode : 'select'> <InPorts = 3> <OutPorts = 1>
ST_90 : Operation 499 [1/1] (0.78ns)   --->   "%x_l_FL_V_18 = select i1 %and_ln318_14, i17 %x_l_FL_V_17, i17 %x_l_FL_V_5" [/home/rcslfpgaserver/Softwares/Xilinx/Vitis_HLS/2020.2/common/technology/autopilot/hls_sqrt_apfixed.h:318]   --->   Operation 499 'select' 'x_l_FL_V_18' <Predicate = true> <Delay = 0.78> <CoreInst = "Sel">   --->   Core 73 'Sel' <Latency = 0> <II = 1> <Delay = 0.73> <FuncUnit> <Opcode : 'select'> <InPorts = 3> <OutPorts = 1>
ST_90 : Operation 500 [1/1] (0.73ns) (out node of the LUT)   --->   "%x_l_I_V_103 = select i1 %and_ln318_14, i19 %x_l_I_V_101, i19 %x_l_I_V_102" [/home/rcslfpgaserver/Softwares/Xilinx/Vitis_HLS/2020.2/common/technology/autopilot/hls_sqrt_apfixed.h:318]   --->   Operation 500 'select' 'x_l_I_V_103' <Predicate = true> <Delay = 0.73> <CoreInst = "Sel">   --->   Core 73 'Sel' <Latency = 0> <II = 1> <Delay = 0.73> <FuncUnit> <Opcode : 'select'> <InPorts = 3> <OutPorts = 1>
ST_90 : Operation 501 [1/1] (0.00ns)   --->   "%tmp_10 = partselect i8 @_ssdm_op_PartSelect.i8.i17.i32.i32, i17 %res_FH_V_43, i32 4, i32 11"   --->   Operation 501 'partselect' 'tmp_10' <Predicate = true> <Delay = 0.00>
ST_90 : Operation 502 [1/1] (0.00ns)   --->   "%tmp_23 = partselect i5 @_ssdm_op_PartSelect.i5.i17.i32.i32, i17 %res_FH_V_43, i32 12, i32 16"   --->   Operation 502 'partselect' 'tmp_23' <Predicate = true> <Delay = 0.00>

State 91 <SV = 90> <Delay = 2.43>
ST_91 : Operation 503 [1/2] (2.04ns)   --->   "%x_l_FH_V_47 = add i17 %sub_ln703_6, i17 %x_l_FH_V_46"   --->   Operation 503 'add' 'x_l_FH_V_47' <Predicate = (!and_ln318_14)> <Delay = 2.04> <CoreInst = "Adder">   --->   Core 1 'Adder' <Latency = 1> <II = 1> <Delay = 1.93> <FuncUnit> <Opcode : 'add' 'sub'> <InPorts = 2> <OutPorts = 1>
ST_91 : Operation 504 [1/1] (0.00ns)   --->   "%mul_FL_V_3 = bitconcatenate i17 @_ssdm_op_BitConcatenate.i17.i8.i9, i8 %tmp_10, i9 256"   --->   Operation 504 'bitconcatenate' 'mul_FL_V_3' <Predicate = true> <Delay = 0.00>
ST_91 : Operation 505 [1/1] (2.43ns)   --->   "%delta_V_3 = icmp_ult  i17 %x_l_FL_V_18, i17 %mul_FL_V_3"   --->   Operation 505 'icmp' 'delta_V_3' <Predicate = true> <Delay = 2.43> <CoreInst = "Cmp">   --->   Core 9 'Cmp' <Latency = 0> <II = 1> <Delay = 0.95> <FuncUnit> <Opcode : 'icmp'> <InPorts = 2> <OutPorts = 1>

State 92 <SV = 91> <Delay = 2.07>
ST_92 : Operation 506 [1/1] (0.78ns)   --->   "%x_l_FH_V_48 = select i1 %and_ln318_14, i17 %x_l_FH_V_46, i17 %x_l_FH_V_47" [/home/rcslfpgaserver/Softwares/Xilinx/Vitis_HLS/2020.2/common/technology/autopilot/hls_sqrt_apfixed.h:318]   --->   Operation 506 'select' 'x_l_FH_V_48' <Predicate = true> <Delay = 0.78> <CoreInst = "Sel">   --->   Core 73 'Sel' <Latency = 0> <II = 1> <Delay = 0.73> <FuncUnit> <Opcode : 'select'> <InPorts = 3> <OutPorts = 1>
ST_92 : Operation 507 [1/1] (0.99ns)   --->   "%p_neg171 = select i1 %delta_V_3, i17 131071, i17 0"   --->   Operation 507 'select' 'p_neg171' <Predicate = true> <Delay = 0.99> <CoreInst = "Sel">   --->   Core 73 'Sel' <Latency = 0> <II = 1> <Delay = 0.73> <FuncUnit> <Opcode : 'select'> <InPorts = 3> <OutPorts = 1>
ST_92 : Operation 508 [2/2] (2.07ns)   --->   "%x_l_I_V_60 = add i19 %x_l_I_V_103, i19 524287"   --->   Operation 508 'add' 'x_l_I_V_60' <Predicate = true> <Delay = 2.07> <CoreInst = "Adder">   --->   Core 1 'Adder' <Latency = 1> <II = 1> <Delay = 1.93> <FuncUnit> <Opcode : 'add' 'sub'> <InPorts = 2> <OutPorts = 1>

State 93 <SV = 92> <Delay = 2.43>
ST_93 : Operation 509 [1/1] (0.00ns)   --->   "%mul_FH_V_11 = bitconcatenate i17 @_ssdm_op_BitConcatenate.i17.i4.i8.i5, i4 0, i8 %res_I_V, i5 %tmp_23"   --->   Operation 509 'bitconcatenate' 'mul_FH_V_11' <Predicate = true> <Delay = 0.00>
ST_93 : Operation 510 [1/1] (2.43ns)   --->   "%icmp_ln318_11 = icmp_ne  i17 %x_l_FH_V_48, i17 %mul_FH_V_11" [/home/rcslfpgaserver/Softwares/Xilinx/Vitis_HLS/2020.2/common/technology/autopilot/hls_sqrt_apfixed.h:318]   --->   Operation 510 'icmp' 'icmp_ln318_11' <Predicate = true> <Delay = 2.43> <CoreInst = "Cmp">   --->   Core 9 'Cmp' <Latency = 0> <II = 1> <Delay = 0.95> <FuncUnit> <Opcode : 'icmp'> <InPorts = 2> <OutPorts = 1>
ST_93 : Operation 511 [1/1] (2.43ns)   --->   "%icmp_ln1495_3 = icmp_ult  i17 %x_l_FH_V_48, i17 %mul_FH_V_11"   --->   Operation 511 'icmp' 'icmp_ln1495_3' <Predicate = true> <Delay = 2.43> <CoreInst = "Cmp">   --->   Core 9 'Cmp' <Latency = 0> <II = 1> <Delay = 0.95> <FuncUnit> <Opcode : 'icmp'> <InPorts = 2> <OutPorts = 1>
ST_93 : Operation 512 [1/2] (2.07ns)   --->   "%x_l_I_V_60 = add i19 %x_l_I_V_103, i19 524287"   --->   Operation 512 'add' 'x_l_I_V_60' <Predicate = true> <Delay = 2.07> <CoreInst = "Adder">   --->   Core 1 'Adder' <Latency = 1> <II = 1> <Delay = 1.93> <FuncUnit> <Opcode : 'add' 'sub'> <InPorts = 2> <OutPorts = 1>
ST_93 : Operation 513 [2/2] (2.04ns)   --->   "%sub_ln703_9 = sub i17 %p_neg171, i17 %mul_FH_V_11"   --->   Operation 513 'sub' 'sub_ln703_9' <Predicate = true> <Delay = 2.04> <CoreInst = "Adder">   --->   Core 1 'Adder' <Latency = 1> <II = 1> <Delay = 1.93> <FuncUnit> <Opcode : 'add' 'sub'> <InPorts = 2> <OutPorts = 1>
ST_93 : Operation 514 [2/2] (2.04ns)   --->   "%x_l_FL_V_7 = sub i17 %x_l_FL_V_18, i17 %mul_FL_V_3"   --->   Operation 514 'sub' 'x_l_FL_V_7' <Predicate = true> <Delay = 2.04> <CoreInst = "Adder">   --->   Core 1 'Adder' <Latency = 1> <II = 1> <Delay = 1.93> <FuncUnit> <Opcode : 'add' 'sub'> <InPorts = 2> <OutPorts = 1>
ST_93 : Operation 515 [1/1] (2.43ns)   --->   "%icmp_ln1498_4 = icmp_eq  i19 %x_l_I_V_103, i19 0"   --->   Operation 515 'icmp' 'icmp_ln1498_4' <Predicate = true> <Delay = 2.43> <CoreInst = "Cmp">   --->   Core 9 'Cmp' <Latency = 0> <II = 1> <Delay = 0.95> <FuncUnit> <Opcode : 'icmp'> <InPorts = 2> <OutPorts = 1>
ST_93 : Operation 516 [1/1] (2.43ns)   --->   "%icmp_ln1494_13 = icmp_ult  i17 %mul_FH_V_11, i17 %x_l_FH_V_48"   --->   Operation 516 'icmp' 'icmp_ln1494_13' <Predicate = true> <Delay = 2.43> <CoreInst = "Cmp">   --->   Core 9 'Cmp' <Latency = 0> <II = 1> <Delay = 0.95> <FuncUnit> <Opcode : 'icmp'> <InPorts = 2> <OutPorts = 1>

State 94 <SV = 93> <Delay = 2.04>
ST_94 : Operation 517 [1/1] (0.00ns) (grouped into LUT with out node and_ln318_16)   --->   "%or_ln318_11 = or i1 %icmp_ln318_11, i1 %delta_V_3" [/home/rcslfpgaserver/Softwares/Xilinx/Vitis_HLS/2020.2/common/technology/autopilot/hls_sqrt_apfixed.h:318]   --->   Operation 517 'or' 'or_ln318_11' <Predicate = true> <Delay = 0.00> <CoreInst = "LogicGate">   --->   Core 74 'LogicGate' <Latency = 0> <II = 1> <Delay = 1.00> <FuncUnit> <Opcode : 'and' 'or' 'xor'> <InPorts = 2> <OutPorts = 1>
ST_94 : Operation 518 [1/1] (0.00ns) (grouped into LUT with out node x_l_I_V_104)   --->   "%xor_ln331_3 = xor i1 %delta_V_3, i1 1" [/home/rcslfpgaserver/Softwares/Xilinx/Vitis_HLS/2020.2/common/technology/autopilot/hls_sqrt_apfixed.h:331]   --->   Operation 518 'xor' 'xor_ln331_3' <Predicate = true> <Delay = 0.00> <CoreInst = "LogicGate">   --->   Core 74 'LogicGate' <Latency = 0> <II = 1> <Delay = 1.00> <FuncUnit> <Opcode : 'and' 'or' 'xor'> <InPorts = 2> <OutPorts = 1>
ST_94 : Operation 519 [1/1] (0.00ns) (grouped into LUT with out node x_l_I_V_104)   --->   "%or_ln331_3 = or i1 %icmp_ln318_11, i1 %xor_ln331_3" [/home/rcslfpgaserver/Softwares/Xilinx/Vitis_HLS/2020.2/common/technology/autopilot/hls_sqrt_apfixed.h:331]   --->   Operation 519 'or' 'or_ln331_3' <Predicate = true> <Delay = 0.00> <CoreInst = "LogicGate">   --->   Core 74 'LogicGate' <Latency = 0> <II = 1> <Delay = 1.00> <FuncUnit> <Opcode : 'and' 'or' 'xor'> <InPorts = 2> <OutPorts = 1>
ST_94 : Operation 520 [1/1] (0.00ns) (grouped into LUT with out node x_l_I_V_104)   --->   "%xor_ln1495_3 = xor i1 %icmp_ln1495_3, i1 1"   --->   Operation 520 'xor' 'xor_ln1495_3' <Predicate = true> <Delay = 0.00> <CoreInst = "LogicGate">   --->   Core 74 'LogicGate' <Latency = 0> <II = 1> <Delay = 1.00> <FuncUnit> <Opcode : 'and' 'or' 'xor'> <InPorts = 2> <OutPorts = 1>
ST_94 : Operation 521 [1/1] (0.00ns) (grouped into LUT with out node x_l_I_V_104)   --->   "%and_ln331_3 = and i1 %or_ln331_3, i1 %xor_ln1495_3" [/home/rcslfpgaserver/Softwares/Xilinx/Vitis_HLS/2020.2/common/technology/autopilot/hls_sqrt_apfixed.h:331]   --->   Operation 521 'and' 'and_ln331_3' <Predicate = true> <Delay = 0.00> <CoreInst = "LogicGate">   --->   Core 74 'LogicGate' <Latency = 0> <II = 1> <Delay = 1.00> <FuncUnit> <Opcode : 'and' 'or' 'xor'> <InPorts = 2> <OutPorts = 1>
ST_94 : Operation 522 [1/1] (0.97ns) (out node of the LUT)   --->   "%x_l_I_V_104 = select i1 %and_ln331_3, i19 %x_l_I_V_103, i19 %x_l_I_V_60" [/home/rcslfpgaserver/Softwares/Xilinx/Vitis_HLS/2020.2/common/technology/autopilot/hls_sqrt_apfixed.h:339]   --->   Operation 522 'select' 'x_l_I_V_104' <Predicate = true> <Delay = 0.97> <CoreInst = "Sel">   --->   Core 73 'Sel' <Latency = 0> <II = 1> <Delay = 0.73> <FuncUnit> <Opcode : 'select'> <InPorts = 3> <OutPorts = 1>
ST_94 : Operation 523 [1/2] (2.04ns)   --->   "%sub_ln703_9 = sub i17 %p_neg171, i17 %mul_FH_V_11"   --->   Operation 523 'sub' 'sub_ln703_9' <Predicate = true> <Delay = 2.04> <CoreInst = "Adder">   --->   Core 1 'Adder' <Latency = 1> <II = 1> <Delay = 1.93> <FuncUnit> <Opcode : 'add' 'sub'> <InPorts = 2> <OutPorts = 1>
ST_94 : Operation 524 [1/2] (2.04ns)   --->   "%x_l_FL_V_7 = sub i17 %x_l_FL_V_18, i17 %mul_FL_V_3"   --->   Operation 524 'sub' 'x_l_FL_V_7' <Predicate = true> <Delay = 2.04> <CoreInst = "Adder">   --->   Core 1 'Adder' <Latency = 1> <II = 1> <Delay = 1.93> <FuncUnit> <Opcode : 'add' 'sub'> <InPorts = 2> <OutPorts = 1>
ST_94 : Operation 525 [1/1] (0.00ns) (grouped into LUT with out node and_ln318_16)   --->   "%xor_ln1494_11 = xor i1 %icmp_ln1494_13, i1 1"   --->   Operation 525 'xor' 'xor_ln1494_11' <Predicate = true> <Delay = 0.00> <CoreInst = "LogicGate">   --->   Core 74 'LogicGate' <Latency = 0> <II = 1> <Delay = 1.00> <FuncUnit> <Opcode : 'and' 'or' 'xor'> <InPorts = 2> <OutPorts = 1>
ST_94 : Operation 526 [1/1] (0.00ns) (grouped into LUT with out node and_ln318_16)   --->   "%and_ln318_15 = and i1 %xor_ln1494_11, i1 %or_ln318_11" [/home/rcslfpgaserver/Softwares/Xilinx/Vitis_HLS/2020.2/common/technology/autopilot/hls_sqrt_apfixed.h:318]   --->   Operation 526 'and' 'and_ln318_15' <Predicate = true> <Delay = 0.00> <CoreInst = "LogicGate">   --->   Core 74 'LogicGate' <Latency = 0> <II = 1> <Delay = 1.00> <FuncUnit> <Opcode : 'and' 'or' 'xor'> <InPorts = 2> <OutPorts = 1>
ST_94 : Operation 527 [1/1] (0.97ns) (out node of the LUT)   --->   "%and_ln318_16 = and i1 %and_ln318_15, i1 %icmp_ln1498_4" [/home/rcslfpgaserver/Softwares/Xilinx/Vitis_HLS/2020.2/common/technology/autopilot/hls_sqrt_apfixed.h:318]   --->   Operation 527 'and' 'and_ln318_16' <Predicate = true> <Delay = 0.97> <CoreInst = "LogicGate">   --->   Core 74 'LogicGate' <Latency = 0> <II = 1> <Delay = 1.00> <FuncUnit> <Opcode : 'and' 'or' 'xor'> <InPorts = 2> <OutPorts = 1>

State 95 <SV = 94> <Delay = 2.04>
ST_95 : Operation 528 [2/2] (2.04ns)   --->   "%x_l_FH_V_49 = add i17 %sub_ln703_9, i17 %x_l_FH_V_48"   --->   Operation 528 'add' 'x_l_FH_V_49' <Predicate = (!and_ln318_16)> <Delay = 2.04> <CoreInst = "Adder">   --->   Core 1 'Adder' <Latency = 1> <II = 1> <Delay = 1.93> <FuncUnit> <Opcode : 'add' 'sub'> <InPorts = 2> <OutPorts = 1>
ST_95 : Operation 529 [1/1] (0.00ns)   --->   "%p_Result_69 = bitset i17 @_ssdm_op_BitSet.i17.i17.i32.i1, i17 %res_FH_V_43, i32 4, i1 1"   --->   Operation 529 'bitset' 'p_Result_69' <Predicate = (!and_ln318_16)> <Delay = 0.00>
ST_95 : Operation 530 [1/1] (0.78ns)   --->   "%res_FH_V_44 = select i1 %and_ln318_16, i17 %res_FH_V_43, i17 %p_Result_69" [/home/rcslfpgaserver/Softwares/Xilinx/Vitis_HLS/2020.2/common/technology/autopilot/hls_sqrt_apfixed.h:318]   --->   Operation 530 'select' 'res_FH_V_44' <Predicate = true> <Delay = 0.78> <CoreInst = "Sel">   --->   Core 73 'Sel' <Latency = 0> <II = 1> <Delay = 0.73> <FuncUnit> <Opcode : 'select'> <InPorts = 3> <OutPorts = 1>
ST_95 : Operation 531 [1/1] (0.78ns)   --->   "%x_l_FL_V_19 = select i1 %and_ln318_16, i17 %x_l_FL_V_18, i17 %x_l_FL_V_7" [/home/rcslfpgaserver/Softwares/Xilinx/Vitis_HLS/2020.2/common/technology/autopilot/hls_sqrt_apfixed.h:318]   --->   Operation 531 'select' 'x_l_FL_V_19' <Predicate = true> <Delay = 0.78> <CoreInst = "Sel">   --->   Core 73 'Sel' <Latency = 0> <II = 1> <Delay = 0.73> <FuncUnit> <Opcode : 'select'> <InPorts = 3> <OutPorts = 1>
ST_95 : Operation 532 [1/1] (0.73ns) (out node of the LUT)   --->   "%x_l_I_V_105 = select i1 %and_ln318_16, i19 %x_l_I_V_103, i19 %x_l_I_V_104" [/home/rcslfpgaserver/Softwares/Xilinx/Vitis_HLS/2020.2/common/technology/autopilot/hls_sqrt_apfixed.h:318]   --->   Operation 532 'select' 'x_l_I_V_105' <Predicate = true> <Delay = 0.73> <CoreInst = "Sel">   --->   Core 73 'Sel' <Latency = 0> <II = 1> <Delay = 0.73> <FuncUnit> <Opcode : 'select'> <InPorts = 3> <OutPorts = 1>
ST_95 : Operation 533 [1/1] (0.00ns)   --->   "%tmp_11 = partselect i10 @_ssdm_op_PartSelect.i10.i17.i32.i32, i17 %res_FH_V_44, i32 3, i32 12"   --->   Operation 533 'partselect' 'tmp_11' <Predicate = true> <Delay = 0.00>
ST_95 : Operation 534 [1/1] (0.00ns)   --->   "%tmp_24 = partselect i4 @_ssdm_op_PartSelect.i4.i17.i32.i32, i17 %res_FH_V_44, i32 13, i32 16"   --->   Operation 534 'partselect' 'tmp_24' <Predicate = true> <Delay = 0.00>

State 96 <SV = 95> <Delay = 2.43>
ST_96 : Operation 535 [1/2] (2.04ns)   --->   "%x_l_FH_V_49 = add i17 %sub_ln703_9, i17 %x_l_FH_V_48"   --->   Operation 535 'add' 'x_l_FH_V_49' <Predicate = (!and_ln318_16)> <Delay = 2.04> <CoreInst = "Adder">   --->   Core 1 'Adder' <Latency = 1> <II = 1> <Delay = 1.93> <FuncUnit> <Opcode : 'add' 'sub'> <InPorts = 2> <OutPorts = 1>
ST_96 : Operation 536 [1/1] (0.00ns)   --->   "%mul_FL_V_4 = bitconcatenate i17 @_ssdm_op_BitConcatenate.i17.i10.i7, i10 %tmp_11, i7 64"   --->   Operation 536 'bitconcatenate' 'mul_FL_V_4' <Predicate = true> <Delay = 0.00>
ST_96 : Operation 537 [1/1] (2.43ns)   --->   "%delta_V_4 = icmp_ult  i17 %x_l_FL_V_19, i17 %mul_FL_V_4"   --->   Operation 537 'icmp' 'delta_V_4' <Predicate = true> <Delay = 2.43> <CoreInst = "Cmp">   --->   Core 9 'Cmp' <Latency = 0> <II = 1> <Delay = 0.95> <FuncUnit> <Opcode : 'icmp'> <InPorts = 2> <OutPorts = 1>

State 97 <SV = 96> <Delay = 2.07>
ST_97 : Operation 538 [1/1] (0.78ns)   --->   "%x_l_FH_V_50 = select i1 %and_ln318_16, i17 %x_l_FH_V_48, i17 %x_l_FH_V_49" [/home/rcslfpgaserver/Softwares/Xilinx/Vitis_HLS/2020.2/common/technology/autopilot/hls_sqrt_apfixed.h:318]   --->   Operation 538 'select' 'x_l_FH_V_50' <Predicate = true> <Delay = 0.78> <CoreInst = "Sel">   --->   Core 73 'Sel' <Latency = 0> <II = 1> <Delay = 0.73> <FuncUnit> <Opcode : 'select'> <InPorts = 3> <OutPorts = 1>
ST_97 : Operation 539 [1/1] (0.99ns)   --->   "%p_neg172 = select i1 %delta_V_4, i17 131071, i17 0"   --->   Operation 539 'select' 'p_neg172' <Predicate = true> <Delay = 0.99> <CoreInst = "Sel">   --->   Core 73 'Sel' <Latency = 0> <II = 1> <Delay = 0.73> <FuncUnit> <Opcode : 'select'> <InPorts = 3> <OutPorts = 1>
ST_97 : Operation 540 [2/2] (2.07ns)   --->   "%x_l_I_V_63 = add i19 %x_l_I_V_105, i19 524287"   --->   Operation 540 'add' 'x_l_I_V_63' <Predicate = true> <Delay = 2.07> <CoreInst = "Adder">   --->   Core 1 'Adder' <Latency = 1> <II = 1> <Delay = 1.93> <FuncUnit> <Opcode : 'add' 'sub'> <InPorts = 2> <OutPorts = 1>

State 98 <SV = 97> <Delay = 2.43>
ST_98 : Operation 541 [1/1] (0.00ns)   --->   "%mul_FH_V_12 = bitconcatenate i17 @_ssdm_op_BitConcatenate.i17.i5.i8.i4, i5 0, i8 %res_I_V, i4 %tmp_24"   --->   Operation 541 'bitconcatenate' 'mul_FH_V_12' <Predicate = true> <Delay = 0.00>
ST_98 : Operation 542 [1/1] (2.43ns)   --->   "%icmp_ln318_12 = icmp_ne  i17 %x_l_FH_V_50, i17 %mul_FH_V_12" [/home/rcslfpgaserver/Softwares/Xilinx/Vitis_HLS/2020.2/common/technology/autopilot/hls_sqrt_apfixed.h:318]   --->   Operation 542 'icmp' 'icmp_ln318_12' <Predicate = true> <Delay = 2.43> <CoreInst = "Cmp">   --->   Core 9 'Cmp' <Latency = 0> <II = 1> <Delay = 0.95> <FuncUnit> <Opcode : 'icmp'> <InPorts = 2> <OutPorts = 1>
ST_98 : Operation 543 [1/1] (2.43ns)   --->   "%icmp_ln1495_4 = icmp_ult  i17 %x_l_FH_V_50, i17 %mul_FH_V_12"   --->   Operation 543 'icmp' 'icmp_ln1495_4' <Predicate = true> <Delay = 2.43> <CoreInst = "Cmp">   --->   Core 9 'Cmp' <Latency = 0> <II = 1> <Delay = 0.95> <FuncUnit> <Opcode : 'icmp'> <InPorts = 2> <OutPorts = 1>
ST_98 : Operation 544 [1/2] (2.07ns)   --->   "%x_l_I_V_63 = add i19 %x_l_I_V_105, i19 524287"   --->   Operation 544 'add' 'x_l_I_V_63' <Predicate = true> <Delay = 2.07> <CoreInst = "Adder">   --->   Core 1 'Adder' <Latency = 1> <II = 1> <Delay = 1.93> <FuncUnit> <Opcode : 'add' 'sub'> <InPorts = 2> <OutPorts = 1>
ST_98 : Operation 545 [2/2] (2.04ns)   --->   "%sub_ln703_12 = sub i17 %p_neg172, i17 %mul_FH_V_12"   --->   Operation 545 'sub' 'sub_ln703_12' <Predicate = true> <Delay = 2.04> <CoreInst = "Adder">   --->   Core 1 'Adder' <Latency = 1> <II = 1> <Delay = 1.93> <FuncUnit> <Opcode : 'add' 'sub'> <InPorts = 2> <OutPorts = 1>
ST_98 : Operation 546 [2/2] (2.04ns)   --->   "%x_l_FL_V_9 = sub i17 %x_l_FL_V_19, i17 %mul_FL_V_4"   --->   Operation 546 'sub' 'x_l_FL_V_9' <Predicate = true> <Delay = 2.04> <CoreInst = "Adder">   --->   Core 1 'Adder' <Latency = 1> <II = 1> <Delay = 1.93> <FuncUnit> <Opcode : 'add' 'sub'> <InPorts = 2> <OutPorts = 1>
ST_98 : Operation 547 [1/1] (2.43ns)   --->   "%icmp_ln1498_5 = icmp_eq  i19 %x_l_I_V_105, i19 0"   --->   Operation 547 'icmp' 'icmp_ln1498_5' <Predicate = true> <Delay = 2.43> <CoreInst = "Cmp">   --->   Core 9 'Cmp' <Latency = 0> <II = 1> <Delay = 0.95> <FuncUnit> <Opcode : 'icmp'> <InPorts = 2> <OutPorts = 1>
ST_98 : Operation 548 [1/1] (2.43ns)   --->   "%icmp_ln1494_14 = icmp_ult  i17 %mul_FH_V_12, i17 %x_l_FH_V_50"   --->   Operation 548 'icmp' 'icmp_ln1494_14' <Predicate = true> <Delay = 2.43> <CoreInst = "Cmp">   --->   Core 9 'Cmp' <Latency = 0> <II = 1> <Delay = 0.95> <FuncUnit> <Opcode : 'icmp'> <InPorts = 2> <OutPorts = 1>

State 99 <SV = 98> <Delay = 2.04>
ST_99 : Operation 549 [1/1] (0.00ns) (grouped into LUT with out node and_ln318_18)   --->   "%or_ln318_12 = or i1 %icmp_ln318_12, i1 %delta_V_4" [/home/rcslfpgaserver/Softwares/Xilinx/Vitis_HLS/2020.2/common/technology/autopilot/hls_sqrt_apfixed.h:318]   --->   Operation 549 'or' 'or_ln318_12' <Predicate = true> <Delay = 0.00> <CoreInst = "LogicGate">   --->   Core 74 'LogicGate' <Latency = 0> <II = 1> <Delay = 1.00> <FuncUnit> <Opcode : 'and' 'or' 'xor'> <InPorts = 2> <OutPorts = 1>
ST_99 : Operation 550 [1/1] (0.00ns) (grouped into LUT with out node x_l_I_V_106)   --->   "%xor_ln331_4 = xor i1 %delta_V_4, i1 1" [/home/rcslfpgaserver/Softwares/Xilinx/Vitis_HLS/2020.2/common/technology/autopilot/hls_sqrt_apfixed.h:331]   --->   Operation 550 'xor' 'xor_ln331_4' <Predicate = true> <Delay = 0.00> <CoreInst = "LogicGate">   --->   Core 74 'LogicGate' <Latency = 0> <II = 1> <Delay = 1.00> <FuncUnit> <Opcode : 'and' 'or' 'xor'> <InPorts = 2> <OutPorts = 1>
ST_99 : Operation 551 [1/1] (0.00ns) (grouped into LUT with out node x_l_I_V_106)   --->   "%or_ln331_4 = or i1 %icmp_ln318_12, i1 %xor_ln331_4" [/home/rcslfpgaserver/Softwares/Xilinx/Vitis_HLS/2020.2/common/technology/autopilot/hls_sqrt_apfixed.h:331]   --->   Operation 551 'or' 'or_ln331_4' <Predicate = true> <Delay = 0.00> <CoreInst = "LogicGate">   --->   Core 74 'LogicGate' <Latency = 0> <II = 1> <Delay = 1.00> <FuncUnit> <Opcode : 'and' 'or' 'xor'> <InPorts = 2> <OutPorts = 1>
ST_99 : Operation 552 [1/1] (0.00ns) (grouped into LUT with out node x_l_I_V_106)   --->   "%xor_ln1495_4 = xor i1 %icmp_ln1495_4, i1 1"   --->   Operation 552 'xor' 'xor_ln1495_4' <Predicate = true> <Delay = 0.00> <CoreInst = "LogicGate">   --->   Core 74 'LogicGate' <Latency = 0> <II = 1> <Delay = 1.00> <FuncUnit> <Opcode : 'and' 'or' 'xor'> <InPorts = 2> <OutPorts = 1>
ST_99 : Operation 553 [1/1] (0.00ns) (grouped into LUT with out node x_l_I_V_106)   --->   "%and_ln331_4 = and i1 %or_ln331_4, i1 %xor_ln1495_4" [/home/rcslfpgaserver/Softwares/Xilinx/Vitis_HLS/2020.2/common/technology/autopilot/hls_sqrt_apfixed.h:331]   --->   Operation 553 'and' 'and_ln331_4' <Predicate = true> <Delay = 0.00> <CoreInst = "LogicGate">   --->   Core 74 'LogicGate' <Latency = 0> <II = 1> <Delay = 1.00> <FuncUnit> <Opcode : 'and' 'or' 'xor'> <InPorts = 2> <OutPorts = 1>
ST_99 : Operation 554 [1/1] (0.97ns) (out node of the LUT)   --->   "%x_l_I_V_106 = select i1 %and_ln331_4, i19 %x_l_I_V_105, i19 %x_l_I_V_63" [/home/rcslfpgaserver/Softwares/Xilinx/Vitis_HLS/2020.2/common/technology/autopilot/hls_sqrt_apfixed.h:339]   --->   Operation 554 'select' 'x_l_I_V_106' <Predicate = true> <Delay = 0.97> <CoreInst = "Sel">   --->   Core 73 'Sel' <Latency = 0> <II = 1> <Delay = 0.73> <FuncUnit> <Opcode : 'select'> <InPorts = 3> <OutPorts = 1>
ST_99 : Operation 555 [1/2] (2.04ns)   --->   "%sub_ln703_12 = sub i17 %p_neg172, i17 %mul_FH_V_12"   --->   Operation 555 'sub' 'sub_ln703_12' <Predicate = true> <Delay = 2.04> <CoreInst = "Adder">   --->   Core 1 'Adder' <Latency = 1> <II = 1> <Delay = 1.93> <FuncUnit> <Opcode : 'add' 'sub'> <InPorts = 2> <OutPorts = 1>
ST_99 : Operation 556 [1/2] (2.04ns)   --->   "%x_l_FL_V_9 = sub i17 %x_l_FL_V_19, i17 %mul_FL_V_4"   --->   Operation 556 'sub' 'x_l_FL_V_9' <Predicate = true> <Delay = 2.04> <CoreInst = "Adder">   --->   Core 1 'Adder' <Latency = 1> <II = 1> <Delay = 1.93> <FuncUnit> <Opcode : 'add' 'sub'> <InPorts = 2> <OutPorts = 1>
ST_99 : Operation 557 [1/1] (0.00ns) (grouped into LUT with out node and_ln318_18)   --->   "%xor_ln1494_12 = xor i1 %icmp_ln1494_14, i1 1"   --->   Operation 557 'xor' 'xor_ln1494_12' <Predicate = true> <Delay = 0.00> <CoreInst = "LogicGate">   --->   Core 74 'LogicGate' <Latency = 0> <II = 1> <Delay = 1.00> <FuncUnit> <Opcode : 'and' 'or' 'xor'> <InPorts = 2> <OutPorts = 1>
ST_99 : Operation 558 [1/1] (0.00ns) (grouped into LUT with out node and_ln318_18)   --->   "%and_ln318_17 = and i1 %xor_ln1494_12, i1 %or_ln318_12" [/home/rcslfpgaserver/Softwares/Xilinx/Vitis_HLS/2020.2/common/technology/autopilot/hls_sqrt_apfixed.h:318]   --->   Operation 558 'and' 'and_ln318_17' <Predicate = true> <Delay = 0.00> <CoreInst = "LogicGate">   --->   Core 74 'LogicGate' <Latency = 0> <II = 1> <Delay = 1.00> <FuncUnit> <Opcode : 'and' 'or' 'xor'> <InPorts = 2> <OutPorts = 1>
ST_99 : Operation 559 [1/1] (0.97ns) (out node of the LUT)   --->   "%and_ln318_18 = and i1 %and_ln318_17, i1 %icmp_ln1498_5" [/home/rcslfpgaserver/Softwares/Xilinx/Vitis_HLS/2020.2/common/technology/autopilot/hls_sqrt_apfixed.h:318]   --->   Operation 559 'and' 'and_ln318_18' <Predicate = true> <Delay = 0.97> <CoreInst = "LogicGate">   --->   Core 74 'LogicGate' <Latency = 0> <II = 1> <Delay = 1.00> <FuncUnit> <Opcode : 'and' 'or' 'xor'> <InPorts = 2> <OutPorts = 1>

State 100 <SV = 99> <Delay = 2.04>
ST_100 : Operation 560 [2/2] (2.04ns)   --->   "%x_l_FH_V_51 = add i17 %sub_ln703_12, i17 %x_l_FH_V_50"   --->   Operation 560 'add' 'x_l_FH_V_51' <Predicate = (!and_ln318_18)> <Delay = 2.04> <CoreInst = "Adder">   --->   Core 1 'Adder' <Latency = 1> <II = 1> <Delay = 1.93> <FuncUnit> <Opcode : 'add' 'sub'> <InPorts = 2> <OutPorts = 1>
ST_100 : Operation 561 [1/1] (0.00ns)   --->   "%p_Result_70 = bitset i17 @_ssdm_op_BitSet.i17.i17.i32.i1, i17 %res_FH_V_44, i32 3, i1 1"   --->   Operation 561 'bitset' 'p_Result_70' <Predicate = (!and_ln318_18)> <Delay = 0.00>
ST_100 : Operation 562 [1/1] (0.78ns)   --->   "%res_FH_V_45 = select i1 %and_ln318_18, i17 %res_FH_V_44, i17 %p_Result_70" [/home/rcslfpgaserver/Softwares/Xilinx/Vitis_HLS/2020.2/common/technology/autopilot/hls_sqrt_apfixed.h:318]   --->   Operation 562 'select' 'res_FH_V_45' <Predicate = true> <Delay = 0.78> <CoreInst = "Sel">   --->   Core 73 'Sel' <Latency = 0> <II = 1> <Delay = 0.73> <FuncUnit> <Opcode : 'select'> <InPorts = 3> <OutPorts = 1>
ST_100 : Operation 563 [1/1] (0.78ns)   --->   "%x_l_FL_V_20 = select i1 %and_ln318_18, i17 %x_l_FL_V_19, i17 %x_l_FL_V_9" [/home/rcslfpgaserver/Softwares/Xilinx/Vitis_HLS/2020.2/common/technology/autopilot/hls_sqrt_apfixed.h:318]   --->   Operation 563 'select' 'x_l_FL_V_20' <Predicate = true> <Delay = 0.78> <CoreInst = "Sel">   --->   Core 73 'Sel' <Latency = 0> <II = 1> <Delay = 0.73> <FuncUnit> <Opcode : 'select'> <InPorts = 3> <OutPorts = 1>
ST_100 : Operation 564 [1/1] (0.73ns) (out node of the LUT)   --->   "%x_l_I_V_107 = select i1 %and_ln318_18, i19 %x_l_I_V_105, i19 %x_l_I_V_106" [/home/rcslfpgaserver/Softwares/Xilinx/Vitis_HLS/2020.2/common/technology/autopilot/hls_sqrt_apfixed.h:318]   --->   Operation 564 'select' 'x_l_I_V_107' <Predicate = true> <Delay = 0.73> <CoreInst = "Sel">   --->   Core 73 'Sel' <Latency = 0> <II = 1> <Delay = 0.73> <FuncUnit> <Opcode : 'select'> <InPorts = 3> <OutPorts = 1>
ST_100 : Operation 565 [1/1] (0.00ns)   --->   "%tmp_12 = partselect i12 @_ssdm_op_PartSelect.i12.i17.i32.i32, i17 %res_FH_V_45, i32 2, i32 13"   --->   Operation 565 'partselect' 'tmp_12' <Predicate = true> <Delay = 0.00>
ST_100 : Operation 566 [1/1] (0.00ns)   --->   "%tmp_25 = partselect i3 @_ssdm_op_PartSelect.i3.i17.i32.i32, i17 %res_FH_V_45, i32 14, i32 16"   --->   Operation 566 'partselect' 'tmp_25' <Predicate = true> <Delay = 0.00>

State 101 <SV = 100> <Delay = 2.43>
ST_101 : Operation 567 [1/2] (2.04ns)   --->   "%x_l_FH_V_51 = add i17 %sub_ln703_12, i17 %x_l_FH_V_50"   --->   Operation 567 'add' 'x_l_FH_V_51' <Predicate = (!and_ln318_18)> <Delay = 2.04> <CoreInst = "Adder">   --->   Core 1 'Adder' <Latency = 1> <II = 1> <Delay = 1.93> <FuncUnit> <Opcode : 'add' 'sub'> <InPorts = 2> <OutPorts = 1>
ST_101 : Operation 568 [1/1] (0.00ns)   --->   "%mul_FL_V_5 = bitconcatenate i17 @_ssdm_op_BitConcatenate.i17.i12.i5, i12 %tmp_12, i5 16"   --->   Operation 568 'bitconcatenate' 'mul_FL_V_5' <Predicate = true> <Delay = 0.00>
ST_101 : Operation 569 [1/1] (2.43ns)   --->   "%delta_V_5 = icmp_ult  i17 %x_l_FL_V_20, i17 %mul_FL_V_5"   --->   Operation 569 'icmp' 'delta_V_5' <Predicate = true> <Delay = 2.43> <CoreInst = "Cmp">   --->   Core 9 'Cmp' <Latency = 0> <II = 1> <Delay = 0.95> <FuncUnit> <Opcode : 'icmp'> <InPorts = 2> <OutPorts = 1>

State 102 <SV = 101> <Delay = 2.07>
ST_102 : Operation 570 [1/1] (0.78ns)   --->   "%x_l_FH_V_52 = select i1 %and_ln318_18, i17 %x_l_FH_V_50, i17 %x_l_FH_V_51" [/home/rcslfpgaserver/Softwares/Xilinx/Vitis_HLS/2020.2/common/technology/autopilot/hls_sqrt_apfixed.h:318]   --->   Operation 570 'select' 'x_l_FH_V_52' <Predicate = true> <Delay = 0.78> <CoreInst = "Sel">   --->   Core 73 'Sel' <Latency = 0> <II = 1> <Delay = 0.73> <FuncUnit> <Opcode : 'select'> <InPorts = 3> <OutPorts = 1>
ST_102 : Operation 571 [1/1] (0.99ns)   --->   "%p_neg173 = select i1 %delta_V_5, i17 131071, i17 0"   --->   Operation 571 'select' 'p_neg173' <Predicate = true> <Delay = 0.99> <CoreInst = "Sel">   --->   Core 73 'Sel' <Latency = 0> <II = 1> <Delay = 0.73> <FuncUnit> <Opcode : 'select'> <InPorts = 3> <OutPorts = 1>
ST_102 : Operation 572 [2/2] (2.07ns)   --->   "%x_l_I_V_66 = add i19 %x_l_I_V_107, i19 524287"   --->   Operation 572 'add' 'x_l_I_V_66' <Predicate = true> <Delay = 2.07> <CoreInst = "Adder">   --->   Core 1 'Adder' <Latency = 1> <II = 1> <Delay = 1.93> <FuncUnit> <Opcode : 'add' 'sub'> <InPorts = 2> <OutPorts = 1>

State 103 <SV = 102> <Delay = 2.43>
ST_103 : Operation 573 [1/1] (0.00ns)   --->   "%mul_FH_V_13 = bitconcatenate i17 @_ssdm_op_BitConcatenate.i17.i6.i8.i3, i6 0, i8 %res_I_V, i3 %tmp_25"   --->   Operation 573 'bitconcatenate' 'mul_FH_V_13' <Predicate = true> <Delay = 0.00>
ST_103 : Operation 574 [1/1] (2.43ns)   --->   "%icmp_ln318_13 = icmp_ne  i17 %x_l_FH_V_52, i17 %mul_FH_V_13" [/home/rcslfpgaserver/Softwares/Xilinx/Vitis_HLS/2020.2/common/technology/autopilot/hls_sqrt_apfixed.h:318]   --->   Operation 574 'icmp' 'icmp_ln318_13' <Predicate = true> <Delay = 2.43> <CoreInst = "Cmp">   --->   Core 9 'Cmp' <Latency = 0> <II = 1> <Delay = 0.95> <FuncUnit> <Opcode : 'icmp'> <InPorts = 2> <OutPorts = 1>
ST_103 : Operation 575 [1/1] (2.43ns)   --->   "%icmp_ln1495_5 = icmp_ult  i17 %x_l_FH_V_52, i17 %mul_FH_V_13"   --->   Operation 575 'icmp' 'icmp_ln1495_5' <Predicate = true> <Delay = 2.43> <CoreInst = "Cmp">   --->   Core 9 'Cmp' <Latency = 0> <II = 1> <Delay = 0.95> <FuncUnit> <Opcode : 'icmp'> <InPorts = 2> <OutPorts = 1>
ST_103 : Operation 576 [1/2] (2.07ns)   --->   "%x_l_I_V_66 = add i19 %x_l_I_V_107, i19 524287"   --->   Operation 576 'add' 'x_l_I_V_66' <Predicate = true> <Delay = 2.07> <CoreInst = "Adder">   --->   Core 1 'Adder' <Latency = 1> <II = 1> <Delay = 1.93> <FuncUnit> <Opcode : 'add' 'sub'> <InPorts = 2> <OutPorts = 1>
ST_103 : Operation 577 [2/2] (2.04ns)   --->   "%sub_ln703_15 = sub i17 %p_neg173, i17 %mul_FH_V_13"   --->   Operation 577 'sub' 'sub_ln703_15' <Predicate = true> <Delay = 2.04> <CoreInst = "Adder">   --->   Core 1 'Adder' <Latency = 1> <II = 1> <Delay = 1.93> <FuncUnit> <Opcode : 'add' 'sub'> <InPorts = 2> <OutPorts = 1>
ST_103 : Operation 578 [2/2] (2.04ns)   --->   "%x_l_FL_V_11 = sub i17 %x_l_FL_V_20, i17 %mul_FL_V_5"   --->   Operation 578 'sub' 'x_l_FL_V_11' <Predicate = true> <Delay = 2.04> <CoreInst = "Adder">   --->   Core 1 'Adder' <Latency = 1> <II = 1> <Delay = 1.93> <FuncUnit> <Opcode : 'add' 'sub'> <InPorts = 2> <OutPorts = 1>
ST_103 : Operation 579 [1/1] (2.43ns)   --->   "%icmp_ln1498_6 = icmp_eq  i19 %x_l_I_V_107, i19 0"   --->   Operation 579 'icmp' 'icmp_ln1498_6' <Predicate = true> <Delay = 2.43> <CoreInst = "Cmp">   --->   Core 9 'Cmp' <Latency = 0> <II = 1> <Delay = 0.95> <FuncUnit> <Opcode : 'icmp'> <InPorts = 2> <OutPorts = 1>
ST_103 : Operation 580 [1/1] (2.43ns)   --->   "%icmp_ln1494_15 = icmp_ult  i17 %mul_FH_V_13, i17 %x_l_FH_V_52"   --->   Operation 580 'icmp' 'icmp_ln1494_15' <Predicate = true> <Delay = 2.43> <CoreInst = "Cmp">   --->   Core 9 'Cmp' <Latency = 0> <II = 1> <Delay = 0.95> <FuncUnit> <Opcode : 'icmp'> <InPorts = 2> <OutPorts = 1>

State 104 <SV = 103> <Delay = 2.04>
ST_104 : Operation 581 [1/1] (0.00ns) (grouped into LUT with out node and_ln318_20)   --->   "%or_ln318_13 = or i1 %icmp_ln318_13, i1 %delta_V_5" [/home/rcslfpgaserver/Softwares/Xilinx/Vitis_HLS/2020.2/common/technology/autopilot/hls_sqrt_apfixed.h:318]   --->   Operation 581 'or' 'or_ln318_13' <Predicate = true> <Delay = 0.00> <CoreInst = "LogicGate">   --->   Core 74 'LogicGate' <Latency = 0> <II = 1> <Delay = 1.00> <FuncUnit> <Opcode : 'and' 'or' 'xor'> <InPorts = 2> <OutPorts = 1>
ST_104 : Operation 582 [1/1] (0.00ns) (grouped into LUT with out node x_l_I_V_108)   --->   "%xor_ln331_5 = xor i1 %delta_V_5, i1 1" [/home/rcslfpgaserver/Softwares/Xilinx/Vitis_HLS/2020.2/common/technology/autopilot/hls_sqrt_apfixed.h:331]   --->   Operation 582 'xor' 'xor_ln331_5' <Predicate = true> <Delay = 0.00> <CoreInst = "LogicGate">   --->   Core 74 'LogicGate' <Latency = 0> <II = 1> <Delay = 1.00> <FuncUnit> <Opcode : 'and' 'or' 'xor'> <InPorts = 2> <OutPorts = 1>
ST_104 : Operation 583 [1/1] (0.00ns) (grouped into LUT with out node x_l_I_V_108)   --->   "%or_ln331_5 = or i1 %icmp_ln318_13, i1 %xor_ln331_5" [/home/rcslfpgaserver/Softwares/Xilinx/Vitis_HLS/2020.2/common/technology/autopilot/hls_sqrt_apfixed.h:331]   --->   Operation 583 'or' 'or_ln331_5' <Predicate = true> <Delay = 0.00> <CoreInst = "LogicGate">   --->   Core 74 'LogicGate' <Latency = 0> <II = 1> <Delay = 1.00> <FuncUnit> <Opcode : 'and' 'or' 'xor'> <InPorts = 2> <OutPorts = 1>
ST_104 : Operation 584 [1/1] (0.00ns) (grouped into LUT with out node x_l_I_V_108)   --->   "%xor_ln1495_5 = xor i1 %icmp_ln1495_5, i1 1"   --->   Operation 584 'xor' 'xor_ln1495_5' <Predicate = true> <Delay = 0.00> <CoreInst = "LogicGate">   --->   Core 74 'LogicGate' <Latency = 0> <II = 1> <Delay = 1.00> <FuncUnit> <Opcode : 'and' 'or' 'xor'> <InPorts = 2> <OutPorts = 1>
ST_104 : Operation 585 [1/1] (0.00ns) (grouped into LUT with out node x_l_I_V_108)   --->   "%and_ln331_5 = and i1 %or_ln331_5, i1 %xor_ln1495_5" [/home/rcslfpgaserver/Softwares/Xilinx/Vitis_HLS/2020.2/common/technology/autopilot/hls_sqrt_apfixed.h:331]   --->   Operation 585 'and' 'and_ln331_5' <Predicate = true> <Delay = 0.00> <CoreInst = "LogicGate">   --->   Core 74 'LogicGate' <Latency = 0> <II = 1> <Delay = 1.00> <FuncUnit> <Opcode : 'and' 'or' 'xor'> <InPorts = 2> <OutPorts = 1>
ST_104 : Operation 586 [1/1] (0.97ns) (out node of the LUT)   --->   "%x_l_I_V_108 = select i1 %and_ln331_5, i19 %x_l_I_V_107, i19 %x_l_I_V_66" [/home/rcslfpgaserver/Softwares/Xilinx/Vitis_HLS/2020.2/common/technology/autopilot/hls_sqrt_apfixed.h:339]   --->   Operation 586 'select' 'x_l_I_V_108' <Predicate = true> <Delay = 0.97> <CoreInst = "Sel">   --->   Core 73 'Sel' <Latency = 0> <II = 1> <Delay = 0.73> <FuncUnit> <Opcode : 'select'> <InPorts = 3> <OutPorts = 1>
ST_104 : Operation 587 [1/2] (2.04ns)   --->   "%sub_ln703_15 = sub i17 %p_neg173, i17 %mul_FH_V_13"   --->   Operation 587 'sub' 'sub_ln703_15' <Predicate = true> <Delay = 2.04> <CoreInst = "Adder">   --->   Core 1 'Adder' <Latency = 1> <II = 1> <Delay = 1.93> <FuncUnit> <Opcode : 'add' 'sub'> <InPorts = 2> <OutPorts = 1>
ST_104 : Operation 588 [1/2] (2.04ns)   --->   "%x_l_FL_V_11 = sub i17 %x_l_FL_V_20, i17 %mul_FL_V_5"   --->   Operation 588 'sub' 'x_l_FL_V_11' <Predicate = true> <Delay = 2.04> <CoreInst = "Adder">   --->   Core 1 'Adder' <Latency = 1> <II = 1> <Delay = 1.93> <FuncUnit> <Opcode : 'add' 'sub'> <InPorts = 2> <OutPorts = 1>
ST_104 : Operation 589 [1/1] (0.00ns) (grouped into LUT with out node and_ln318_20)   --->   "%xor_ln1494_13 = xor i1 %icmp_ln1494_15, i1 1"   --->   Operation 589 'xor' 'xor_ln1494_13' <Predicate = true> <Delay = 0.00> <CoreInst = "LogicGate">   --->   Core 74 'LogicGate' <Latency = 0> <II = 1> <Delay = 1.00> <FuncUnit> <Opcode : 'and' 'or' 'xor'> <InPorts = 2> <OutPorts = 1>
ST_104 : Operation 590 [1/1] (0.00ns) (grouped into LUT with out node and_ln318_20)   --->   "%and_ln318_19 = and i1 %xor_ln1494_13, i1 %or_ln318_13" [/home/rcslfpgaserver/Softwares/Xilinx/Vitis_HLS/2020.2/common/technology/autopilot/hls_sqrt_apfixed.h:318]   --->   Operation 590 'and' 'and_ln318_19' <Predicate = true> <Delay = 0.00> <CoreInst = "LogicGate">   --->   Core 74 'LogicGate' <Latency = 0> <II = 1> <Delay = 1.00> <FuncUnit> <Opcode : 'and' 'or' 'xor'> <InPorts = 2> <OutPorts = 1>
ST_104 : Operation 591 [1/1] (0.97ns) (out node of the LUT)   --->   "%and_ln318_20 = and i1 %and_ln318_19, i1 %icmp_ln1498_6" [/home/rcslfpgaserver/Softwares/Xilinx/Vitis_HLS/2020.2/common/technology/autopilot/hls_sqrt_apfixed.h:318]   --->   Operation 591 'and' 'and_ln318_20' <Predicate = true> <Delay = 0.97> <CoreInst = "LogicGate">   --->   Core 74 'LogicGate' <Latency = 0> <II = 1> <Delay = 1.00> <FuncUnit> <Opcode : 'and' 'or' 'xor'> <InPorts = 2> <OutPorts = 1>

State 105 <SV = 104> <Delay = 2.04>
ST_105 : Operation 592 [2/2] (2.04ns)   --->   "%x_l_FH_V_53 = add i17 %sub_ln703_15, i17 %x_l_FH_V_52"   --->   Operation 592 'add' 'x_l_FH_V_53' <Predicate = (!and_ln318_20)> <Delay = 2.04> <CoreInst = "Adder">   --->   Core 1 'Adder' <Latency = 1> <II = 1> <Delay = 1.93> <FuncUnit> <Opcode : 'add' 'sub'> <InPorts = 2> <OutPorts = 1>
ST_105 : Operation 593 [1/1] (0.00ns)   --->   "%p_Result_71 = bitset i17 @_ssdm_op_BitSet.i17.i17.i32.i1, i17 %res_FH_V_45, i32 2, i1 1"   --->   Operation 593 'bitset' 'p_Result_71' <Predicate = (!and_ln318_20)> <Delay = 0.00>
ST_105 : Operation 594 [1/1] (0.78ns)   --->   "%res_FH_V_46 = select i1 %and_ln318_20, i17 %res_FH_V_45, i17 %p_Result_71" [/home/rcslfpgaserver/Softwares/Xilinx/Vitis_HLS/2020.2/common/technology/autopilot/hls_sqrt_apfixed.h:318]   --->   Operation 594 'select' 'res_FH_V_46' <Predicate = true> <Delay = 0.78> <CoreInst = "Sel">   --->   Core 73 'Sel' <Latency = 0> <II = 1> <Delay = 0.73> <FuncUnit> <Opcode : 'select'> <InPorts = 3> <OutPorts = 1>
ST_105 : Operation 595 [1/1] (0.78ns)   --->   "%x_l_FL_V_21 = select i1 %and_ln318_20, i17 %x_l_FL_V_20, i17 %x_l_FL_V_11" [/home/rcslfpgaserver/Softwares/Xilinx/Vitis_HLS/2020.2/common/technology/autopilot/hls_sqrt_apfixed.h:318]   --->   Operation 595 'select' 'x_l_FL_V_21' <Predicate = true> <Delay = 0.78> <CoreInst = "Sel">   --->   Core 73 'Sel' <Latency = 0> <II = 1> <Delay = 0.73> <FuncUnit> <Opcode : 'select'> <InPorts = 3> <OutPorts = 1>
ST_105 : Operation 596 [1/1] (0.73ns) (out node of the LUT)   --->   "%x_l_I_V_109 = select i1 %and_ln318_20, i19 %x_l_I_V_107, i19 %x_l_I_V_108" [/home/rcslfpgaserver/Softwares/Xilinx/Vitis_HLS/2020.2/common/technology/autopilot/hls_sqrt_apfixed.h:318]   --->   Operation 596 'select' 'x_l_I_V_109' <Predicate = true> <Delay = 0.73> <CoreInst = "Sel">   --->   Core 73 'Sel' <Latency = 0> <II = 1> <Delay = 0.73> <FuncUnit> <Opcode : 'select'> <InPorts = 3> <OutPorts = 1>
ST_105 : Operation 597 [1/1] (0.00ns)   --->   "%tmp_13 = partselect i14 @_ssdm_op_PartSelect.i14.i17.i32.i32, i17 %res_FH_V_46, i32 1, i32 14"   --->   Operation 597 'partselect' 'tmp_13' <Predicate = true> <Delay = 0.00>
ST_105 : Operation 598 [1/1] (0.00ns)   --->   "%tmp_26 = partselect i2 @_ssdm_op_PartSelect.i2.i17.i32.i32, i17 %res_FH_V_46, i32 15, i32 16"   --->   Operation 598 'partselect' 'tmp_26' <Predicate = true> <Delay = 0.00>

State 106 <SV = 105> <Delay = 2.43>
ST_106 : Operation 599 [1/2] (2.04ns)   --->   "%x_l_FH_V_53 = add i17 %sub_ln703_15, i17 %x_l_FH_V_52"   --->   Operation 599 'add' 'x_l_FH_V_53' <Predicate = (!and_ln318_20)> <Delay = 2.04> <CoreInst = "Adder">   --->   Core 1 'Adder' <Latency = 1> <II = 1> <Delay = 1.93> <FuncUnit> <Opcode : 'add' 'sub'> <InPorts = 2> <OutPorts = 1>
ST_106 : Operation 600 [1/1] (0.00ns)   --->   "%mul_FL_V_6 = bitconcatenate i17 @_ssdm_op_BitConcatenate.i17.i14.i3, i14 %tmp_13, i3 4"   --->   Operation 600 'bitconcatenate' 'mul_FL_V_6' <Predicate = true> <Delay = 0.00>
ST_106 : Operation 601 [1/1] (2.43ns)   --->   "%delta_V_6 = icmp_ult  i17 %x_l_FL_V_21, i17 %mul_FL_V_6"   --->   Operation 601 'icmp' 'delta_V_6' <Predicate = true> <Delay = 2.43> <CoreInst = "Cmp">   --->   Core 9 'Cmp' <Latency = 0> <II = 1> <Delay = 0.95> <FuncUnit> <Opcode : 'icmp'> <InPorts = 2> <OutPorts = 1>

State 107 <SV = 106> <Delay = 2.07>
ST_107 : Operation 602 [1/1] (0.78ns)   --->   "%x_l_FH_V_54 = select i1 %and_ln318_20, i17 %x_l_FH_V_52, i17 %x_l_FH_V_53" [/home/rcslfpgaserver/Softwares/Xilinx/Vitis_HLS/2020.2/common/technology/autopilot/hls_sqrt_apfixed.h:318]   --->   Operation 602 'select' 'x_l_FH_V_54' <Predicate = true> <Delay = 0.78> <CoreInst = "Sel">   --->   Core 73 'Sel' <Latency = 0> <II = 1> <Delay = 0.73> <FuncUnit> <Opcode : 'select'> <InPorts = 3> <OutPorts = 1>
ST_107 : Operation 603 [1/1] (0.99ns)   --->   "%p_neg174 = select i1 %delta_V_6, i17 131071, i17 0"   --->   Operation 603 'select' 'p_neg174' <Predicate = true> <Delay = 0.99> <CoreInst = "Sel">   --->   Core 73 'Sel' <Latency = 0> <II = 1> <Delay = 0.73> <FuncUnit> <Opcode : 'select'> <InPorts = 3> <OutPorts = 1>
ST_107 : Operation 604 [2/2] (2.07ns)   --->   "%x_l_I_V_69 = add i19 %x_l_I_V_109, i19 524287"   --->   Operation 604 'add' 'x_l_I_V_69' <Predicate = true> <Delay = 2.07> <CoreInst = "Adder">   --->   Core 1 'Adder' <Latency = 1> <II = 1> <Delay = 1.93> <FuncUnit> <Opcode : 'add' 'sub'> <InPorts = 2> <OutPorts = 1>

State 108 <SV = 107> <Delay = 2.43>
ST_108 : Operation 605 [1/1] (0.00ns)   --->   "%mul_FH_V_14 = bitconcatenate i17 @_ssdm_op_BitConcatenate.i17.i7.i8.i2, i7 0, i8 %res_I_V, i2 %tmp_26"   --->   Operation 605 'bitconcatenate' 'mul_FH_V_14' <Predicate = true> <Delay = 0.00>
ST_108 : Operation 606 [1/1] (2.43ns)   --->   "%icmp_ln318_14 = icmp_ne  i17 %x_l_FH_V_54, i17 %mul_FH_V_14" [/home/rcslfpgaserver/Softwares/Xilinx/Vitis_HLS/2020.2/common/technology/autopilot/hls_sqrt_apfixed.h:318]   --->   Operation 606 'icmp' 'icmp_ln318_14' <Predicate = true> <Delay = 2.43> <CoreInst = "Cmp">   --->   Core 9 'Cmp' <Latency = 0> <II = 1> <Delay = 0.95> <FuncUnit> <Opcode : 'icmp'> <InPorts = 2> <OutPorts = 1>
ST_108 : Operation 607 [1/1] (2.43ns)   --->   "%icmp_ln1495_6 = icmp_ult  i17 %x_l_FH_V_54, i17 %mul_FH_V_14"   --->   Operation 607 'icmp' 'icmp_ln1495_6' <Predicate = true> <Delay = 2.43> <CoreInst = "Cmp">   --->   Core 9 'Cmp' <Latency = 0> <II = 1> <Delay = 0.95> <FuncUnit> <Opcode : 'icmp'> <InPorts = 2> <OutPorts = 1>
ST_108 : Operation 608 [1/2] (2.07ns)   --->   "%x_l_I_V_69 = add i19 %x_l_I_V_109, i19 524287"   --->   Operation 608 'add' 'x_l_I_V_69' <Predicate = true> <Delay = 2.07> <CoreInst = "Adder">   --->   Core 1 'Adder' <Latency = 1> <II = 1> <Delay = 1.93> <FuncUnit> <Opcode : 'add' 'sub'> <InPorts = 2> <OutPorts = 1>
ST_108 : Operation 609 [2/2] (2.04ns)   --->   "%sub_ln703_18 = sub i17 %p_neg174, i17 %mul_FH_V_14"   --->   Operation 609 'sub' 'sub_ln703_18' <Predicate = true> <Delay = 2.04> <CoreInst = "Adder">   --->   Core 1 'Adder' <Latency = 1> <II = 1> <Delay = 1.93> <FuncUnit> <Opcode : 'add' 'sub'> <InPorts = 2> <OutPorts = 1>
ST_108 : Operation 610 [1/1] (2.43ns)   --->   "%icmp_ln1498_7 = icmp_eq  i19 %x_l_I_V_109, i19 0"   --->   Operation 610 'icmp' 'icmp_ln1498_7' <Predicate = true> <Delay = 2.43> <CoreInst = "Cmp">   --->   Core 9 'Cmp' <Latency = 0> <II = 1> <Delay = 0.95> <FuncUnit> <Opcode : 'icmp'> <InPorts = 2> <OutPorts = 1>
ST_108 : Operation 611 [1/1] (2.43ns)   --->   "%icmp_ln1494_16 = icmp_ult  i17 %mul_FH_V_14, i17 %x_l_FH_V_54"   --->   Operation 611 'icmp' 'icmp_ln1494_16' <Predicate = true> <Delay = 2.43> <CoreInst = "Cmp">   --->   Core 9 'Cmp' <Latency = 0> <II = 1> <Delay = 0.95> <FuncUnit> <Opcode : 'icmp'> <InPorts = 2> <OutPorts = 1>

State 109 <SV = 108> <Delay = 2.04>
ST_109 : Operation 612 [1/1] (0.00ns) (grouped into LUT with out node and_ln318_22)   --->   "%or_ln318_14 = or i1 %icmp_ln318_14, i1 %delta_V_6" [/home/rcslfpgaserver/Softwares/Xilinx/Vitis_HLS/2020.2/common/technology/autopilot/hls_sqrt_apfixed.h:318]   --->   Operation 612 'or' 'or_ln318_14' <Predicate = true> <Delay = 0.00> <CoreInst = "LogicGate">   --->   Core 74 'LogicGate' <Latency = 0> <II = 1> <Delay = 1.00> <FuncUnit> <Opcode : 'and' 'or' 'xor'> <InPorts = 2> <OutPorts = 1>
ST_109 : Operation 613 [1/1] (0.00ns) (grouped into LUT with out node x_l_I_V_110)   --->   "%xor_ln331_6 = xor i1 %delta_V_6, i1 1" [/home/rcslfpgaserver/Softwares/Xilinx/Vitis_HLS/2020.2/common/technology/autopilot/hls_sqrt_apfixed.h:331]   --->   Operation 613 'xor' 'xor_ln331_6' <Predicate = true> <Delay = 0.00> <CoreInst = "LogicGate">   --->   Core 74 'LogicGate' <Latency = 0> <II = 1> <Delay = 1.00> <FuncUnit> <Opcode : 'and' 'or' 'xor'> <InPorts = 2> <OutPorts = 1>
ST_109 : Operation 614 [1/1] (0.00ns) (grouped into LUT with out node x_l_I_V_110)   --->   "%or_ln331_6 = or i1 %icmp_ln318_14, i1 %xor_ln331_6" [/home/rcslfpgaserver/Softwares/Xilinx/Vitis_HLS/2020.2/common/technology/autopilot/hls_sqrt_apfixed.h:331]   --->   Operation 614 'or' 'or_ln331_6' <Predicate = true> <Delay = 0.00> <CoreInst = "LogicGate">   --->   Core 74 'LogicGate' <Latency = 0> <II = 1> <Delay = 1.00> <FuncUnit> <Opcode : 'and' 'or' 'xor'> <InPorts = 2> <OutPorts = 1>
ST_109 : Operation 615 [1/1] (0.00ns) (grouped into LUT with out node x_l_I_V_110)   --->   "%xor_ln1495_6 = xor i1 %icmp_ln1495_6, i1 1"   --->   Operation 615 'xor' 'xor_ln1495_6' <Predicate = true> <Delay = 0.00> <CoreInst = "LogicGate">   --->   Core 74 'LogicGate' <Latency = 0> <II = 1> <Delay = 1.00> <FuncUnit> <Opcode : 'and' 'or' 'xor'> <InPorts = 2> <OutPorts = 1>
ST_109 : Operation 616 [1/1] (0.00ns) (grouped into LUT with out node x_l_I_V_110)   --->   "%and_ln331_6 = and i1 %or_ln331_6, i1 %xor_ln1495_6" [/home/rcslfpgaserver/Softwares/Xilinx/Vitis_HLS/2020.2/common/technology/autopilot/hls_sqrt_apfixed.h:331]   --->   Operation 616 'and' 'and_ln331_6' <Predicate = true> <Delay = 0.00> <CoreInst = "LogicGate">   --->   Core 74 'LogicGate' <Latency = 0> <II = 1> <Delay = 1.00> <FuncUnit> <Opcode : 'and' 'or' 'xor'> <InPorts = 2> <OutPorts = 1>
ST_109 : Operation 617 [1/1] (0.97ns) (out node of the LUT)   --->   "%x_l_I_V_110 = select i1 %and_ln331_6, i19 %x_l_I_V_109, i19 %x_l_I_V_69" [/home/rcslfpgaserver/Softwares/Xilinx/Vitis_HLS/2020.2/common/technology/autopilot/hls_sqrt_apfixed.h:339]   --->   Operation 617 'select' 'x_l_I_V_110' <Predicate = true> <Delay = 0.97> <CoreInst = "Sel">   --->   Core 73 'Sel' <Latency = 0> <II = 1> <Delay = 0.73> <FuncUnit> <Opcode : 'select'> <InPorts = 3> <OutPorts = 1>
ST_109 : Operation 618 [1/2] (2.04ns)   --->   "%sub_ln703_18 = sub i17 %p_neg174, i17 %mul_FH_V_14"   --->   Operation 618 'sub' 'sub_ln703_18' <Predicate = true> <Delay = 2.04> <CoreInst = "Adder">   --->   Core 1 'Adder' <Latency = 1> <II = 1> <Delay = 1.93> <FuncUnit> <Opcode : 'add' 'sub'> <InPorts = 2> <OutPorts = 1>
ST_109 : Operation 619 [2/2] (2.04ns)   --->   "%x_l_FL_V_13 = sub i17 %x_l_FL_V_21, i17 %mul_FL_V_6"   --->   Operation 619 'sub' 'x_l_FL_V_13' <Predicate = true> <Delay = 2.04> <CoreInst = "Adder">   --->   Core 1 'Adder' <Latency = 1> <II = 1> <Delay = 1.93> <FuncUnit> <Opcode : 'add' 'sub'> <InPorts = 2> <OutPorts = 1>
ST_109 : Operation 620 [1/1] (0.00ns) (grouped into LUT with out node and_ln318_22)   --->   "%xor_ln1494_14 = xor i1 %icmp_ln1494_16, i1 1"   --->   Operation 620 'xor' 'xor_ln1494_14' <Predicate = true> <Delay = 0.00> <CoreInst = "LogicGate">   --->   Core 74 'LogicGate' <Latency = 0> <II = 1> <Delay = 1.00> <FuncUnit> <Opcode : 'and' 'or' 'xor'> <InPorts = 2> <OutPorts = 1>
ST_109 : Operation 621 [1/1] (0.00ns) (grouped into LUT with out node and_ln318_22)   --->   "%and_ln318_21 = and i1 %xor_ln1494_14, i1 %or_ln318_14" [/home/rcslfpgaserver/Softwares/Xilinx/Vitis_HLS/2020.2/common/technology/autopilot/hls_sqrt_apfixed.h:318]   --->   Operation 621 'and' 'and_ln318_21' <Predicate = true> <Delay = 0.00> <CoreInst = "LogicGate">   --->   Core 74 'LogicGate' <Latency = 0> <II = 1> <Delay = 1.00> <FuncUnit> <Opcode : 'and' 'or' 'xor'> <InPorts = 2> <OutPorts = 1>
ST_109 : Operation 622 [1/1] (0.97ns) (out node of the LUT)   --->   "%and_ln318_22 = and i1 %and_ln318_21, i1 %icmp_ln1498_7" [/home/rcslfpgaserver/Softwares/Xilinx/Vitis_HLS/2020.2/common/technology/autopilot/hls_sqrt_apfixed.h:318]   --->   Operation 622 'and' 'and_ln318_22' <Predicate = true> <Delay = 0.97> <CoreInst = "LogicGate">   --->   Core 74 'LogicGate' <Latency = 0> <II = 1> <Delay = 1.00> <FuncUnit> <Opcode : 'and' 'or' 'xor'> <InPorts = 2> <OutPorts = 1>

State 110 <SV = 109> <Delay = 2.43>
ST_110 : Operation 623 [2/2] (2.04ns)   --->   "%x_l_FH_V_55 = add i17 %sub_ln703_18, i17 %x_l_FH_V_54"   --->   Operation 623 'add' 'x_l_FH_V_55' <Predicate = (!and_ln318_22)> <Delay = 2.04> <CoreInst = "Adder">   --->   Core 1 'Adder' <Latency = 1> <II = 1> <Delay = 1.93> <FuncUnit> <Opcode : 'add' 'sub'> <InPorts = 2> <OutPorts = 1>
ST_110 : Operation 624 [1/2] (2.04ns)   --->   "%x_l_FL_V_13 = sub i17 %x_l_FL_V_21, i17 %mul_FL_V_6"   --->   Operation 624 'sub' 'x_l_FL_V_13' <Predicate = true> <Delay = 2.04> <CoreInst = "Adder">   --->   Core 1 'Adder' <Latency = 1> <II = 1> <Delay = 1.93> <FuncUnit> <Opcode : 'add' 'sub'> <InPorts = 2> <OutPorts = 1>
ST_110 : Operation 625 [1/1] (0.00ns)   --->   "%p_Result_72 = bitset i17 @_ssdm_op_BitSet.i17.i17.i32.i1, i17 %res_FH_V_46, i32 1, i1 1"   --->   Operation 625 'bitset' 'p_Result_72' <Predicate = (!and_ln318_22)> <Delay = 0.00>
ST_110 : Operation 626 [1/1] (0.78ns)   --->   "%res_FH_V_47 = select i1 %and_ln318_22, i17 %res_FH_V_46, i17 %p_Result_72" [/home/rcslfpgaserver/Softwares/Xilinx/Vitis_HLS/2020.2/common/technology/autopilot/hls_sqrt_apfixed.h:318]   --->   Operation 626 'select' 'res_FH_V_47' <Predicate = true> <Delay = 0.78> <CoreInst = "Sel">   --->   Core 73 'Sel' <Latency = 0> <II = 1> <Delay = 0.73> <FuncUnit> <Opcode : 'select'> <InPorts = 3> <OutPorts = 1>
ST_110 : Operation 627 [1/1] (0.00ns) (grouped into LUT with out node icmp_ln1498_8)   --->   "%x_l_I_V_111 = select i1 %and_ln318_22, i19 %x_l_I_V_109, i19 %x_l_I_V_110" [/home/rcslfpgaserver/Softwares/Xilinx/Vitis_HLS/2020.2/common/technology/autopilot/hls_sqrt_apfixed.h:318]   --->   Operation 627 'select' 'x_l_I_V_111' <Predicate = true> <Delay = 0.00> <CoreInst = "Sel">   --->   Core 73 'Sel' <Latency = 0> <II = 1> <Delay = 0.73> <FuncUnit> <Opcode : 'select'> <InPorts = 3> <OutPorts = 1>
ST_110 : Operation 628 [1/1] (0.00ns)   --->   "%tmp_56 = bitselect i1 @_ssdm_op_BitSelect.i1.i17.i32, i17 %res_FH_V_47, i32 16"   --->   Operation 628 'bitselect' 'tmp_56' <Predicate = true> <Delay = 0.00>
ST_110 : Operation 629 [1/1] (2.43ns) (out node of the LUT)   --->   "%icmp_ln1498_8 = icmp_eq  i19 %x_l_I_V_111, i19 0"   --->   Operation 629 'icmp' 'icmp_ln1498_8' <Predicate = true> <Delay = 2.43> <CoreInst = "Cmp">   --->   Core 9 'Cmp' <Latency = 0> <II = 1> <Delay = 0.95> <FuncUnit> <Opcode : 'icmp'> <InPorts = 2> <OutPorts = 1>

State 111 <SV = 110> <Delay = 2.43>
ST_111 : Operation 630 [1/2] (2.04ns)   --->   "%x_l_FH_V_55 = add i17 %sub_ln703_18, i17 %x_l_FH_V_54"   --->   Operation 630 'add' 'x_l_FH_V_55' <Predicate = (!and_ln318_22)> <Delay = 2.04> <CoreInst = "Adder">   --->   Core 1 'Adder' <Latency = 1> <II = 1> <Delay = 1.93> <FuncUnit> <Opcode : 'add' 'sub'> <InPorts = 2> <OutPorts = 1>
ST_111 : Operation 631 [1/1] (0.00ns) (grouped into LUT with out node icmp_ln1496)   --->   "%x_l_FL_V_14 = select i1 %and_ln318_22, i17 %x_l_FL_V_21, i17 %x_l_FL_V_13" [/home/rcslfpgaserver/Softwares/Xilinx/Vitis_HLS/2020.2/common/technology/autopilot/hls_sqrt_apfixed.h:318]   --->   Operation 631 'select' 'x_l_FL_V_14' <Predicate = true> <Delay = 0.00> <CoreInst = "Sel">   --->   Core 73 'Sel' <Latency = 0> <II = 1> <Delay = 0.73> <FuncUnit> <Opcode : 'select'> <InPorts = 3> <OutPorts = 1>
ST_111 : Operation 632 [1/1] (0.00ns) (grouped into LUT with out node icmp_ln1496)   --->   "%trunc_ln104_7 = trunc i17 %res_FH_V_47"   --->   Operation 632 'trunc' 'trunc_ln104_7' <Predicate = true> <Delay = 0.00>
ST_111 : Operation 633 [1/1] (0.00ns) (grouped into LUT with out node icmp_ln1496)   --->   "%mul_FL_V_7 = bitconcatenate i17 @_ssdm_op_BitConcatenate.i17.i16.i1, i16 %trunc_ln104_7, i1 1"   --->   Operation 633 'bitconcatenate' 'mul_FL_V_7' <Predicate = true> <Delay = 0.00>
ST_111 : Operation 634 [1/1] (2.43ns) (out node of the LUT)   --->   "%icmp_ln1496 = icmp_ult  i17 %x_l_FL_V_14, i17 %mul_FL_V_7"   --->   Operation 634 'icmp' 'icmp_ln1496' <Predicate = true> <Delay = 2.43> <CoreInst = "Cmp">   --->   Core 9 'Cmp' <Latency = 0> <II = 1> <Delay = 0.95> <FuncUnit> <Opcode : 'icmp'> <InPorts = 2> <OutPorts = 1>

State 112 <SV = 111> <Delay = 0.78>
ST_112 : Operation 635 [1/1] (0.78ns)   --->   "%x_l_FH_V_56 = select i1 %and_ln318_22, i17 %x_l_FH_V_54, i17 %x_l_FH_V_55" [/home/rcslfpgaserver/Softwares/Xilinx/Vitis_HLS/2020.2/common/technology/autopilot/hls_sqrt_apfixed.h:318]   --->   Operation 635 'select' 'x_l_FH_V_56' <Predicate = true> <Delay = 0.78> <CoreInst = "Sel">   --->   Core 73 'Sel' <Latency = 0> <II = 1> <Delay = 0.73> <FuncUnit> <Opcode : 'select'> <InPorts = 3> <OutPorts = 1>

State 113 <SV = 112> <Delay = 2.43>
ST_113 : Operation 636 [1/1] (0.00ns)   --->   "%mul_FH_V_15 = bitconcatenate i17 @_ssdm_op_BitConcatenate.i17.i8.i8.i1, i8 0, i8 %res_I_V, i1 %tmp_56"   --->   Operation 636 'bitconcatenate' 'mul_FH_V_15' <Predicate = true> <Delay = 0.00>
ST_113 : Operation 637 [1/1] (2.43ns)   --->   "%icmp_ln318_15 = icmp_ne  i17 %x_l_FH_V_56, i17 %mul_FH_V_15" [/home/rcslfpgaserver/Softwares/Xilinx/Vitis_HLS/2020.2/common/technology/autopilot/hls_sqrt_apfixed.h:318]   --->   Operation 637 'icmp' 'icmp_ln318_15' <Predicate = true> <Delay = 2.43> <CoreInst = "Cmp">   --->   Core 9 'Cmp' <Latency = 0> <II = 1> <Delay = 0.95> <FuncUnit> <Opcode : 'icmp'> <InPorts = 2> <OutPorts = 1>
ST_113 : Operation 638 [1/1] (2.43ns)   --->   "%icmp_ln1494_17 = icmp_ult  i17 %mul_FH_V_15, i17 %x_l_FH_V_56"   --->   Operation 638 'icmp' 'icmp_ln1494_17' <Predicate = true> <Delay = 2.43> <CoreInst = "Cmp">   --->   Core 9 'Cmp' <Latency = 0> <II = 1> <Delay = 0.95> <FuncUnit> <Opcode : 'icmp'> <InPorts = 2> <OutPorts = 1>

State 114 <SV = 113> <Delay = 0.97>
ST_114 : Operation 639 [1/1] (0.00ns) (grouped into LUT with out node res_FH_V_31)   --->   "%or_ln318_15 = or i1 %icmp_ln318_15, i1 %icmp_ln1496" [/home/rcslfpgaserver/Softwares/Xilinx/Vitis_HLS/2020.2/common/technology/autopilot/hls_sqrt_apfixed.h:318]   --->   Operation 639 'or' 'or_ln318_15' <Predicate = true> <Delay = 0.00> <CoreInst = "LogicGate">   --->   Core 74 'LogicGate' <Latency = 0> <II = 1> <Delay = 1.00> <FuncUnit> <Opcode : 'and' 'or' 'xor'> <InPorts = 2> <OutPorts = 1>
ST_114 : Operation 640 [1/1] (0.00ns) (grouped into LUT with out node res_FH_V_31)   --->   "%p_Result_73 = bitset i17 @_ssdm_op_BitSet.i17.i17.i32.i1, i17 %res_FH_V_47, i32 0, i1 1"   --->   Operation 640 'bitset' 'p_Result_73' <Predicate = true> <Delay = 0.00>
ST_114 : Operation 641 [1/1] (0.00ns) (grouped into LUT with out node res_FH_V_31)   --->   "%xor_ln1494_15 = xor i1 %icmp_ln1494_17, i1 1"   --->   Operation 641 'xor' 'xor_ln1494_15' <Predicate = true> <Delay = 0.00> <CoreInst = "LogicGate">   --->   Core 74 'LogicGate' <Latency = 0> <II = 1> <Delay = 1.00> <FuncUnit> <Opcode : 'and' 'or' 'xor'> <InPorts = 2> <OutPorts = 1>
ST_114 : Operation 642 [1/1] (0.00ns) (grouped into LUT with out node res_FH_V_31)   --->   "%and_ln318_23 = and i1 %xor_ln1494_15, i1 %or_ln318_15" [/home/rcslfpgaserver/Softwares/Xilinx/Vitis_HLS/2020.2/common/technology/autopilot/hls_sqrt_apfixed.h:318]   --->   Operation 642 'and' 'and_ln318_23' <Predicate = true> <Delay = 0.00> <CoreInst = "LogicGate">   --->   Core 74 'LogicGate' <Latency = 0> <II = 1> <Delay = 1.00> <FuncUnit> <Opcode : 'and' 'or' 'xor'> <InPorts = 2> <OutPorts = 1>
ST_114 : Operation 643 [1/1] (0.00ns) (grouped into LUT with out node res_FH_V_31)   --->   "%and_ln318_24 = and i1 %and_ln318_23, i1 %icmp_ln1498_8" [/home/rcslfpgaserver/Softwares/Xilinx/Vitis_HLS/2020.2/common/technology/autopilot/hls_sqrt_apfixed.h:318]   --->   Operation 643 'and' 'and_ln318_24' <Predicate = true> <Delay = 0.00> <CoreInst = "LogicGate">   --->   Core 74 'LogicGate' <Latency = 0> <II = 1> <Delay = 1.00> <FuncUnit> <Opcode : 'and' 'or' 'xor'> <InPorts = 2> <OutPorts = 1>
ST_114 : Operation 644 [1/1] (0.97ns) (out node of the LUT)   --->   "%res_FH_V_31 = select i1 %and_ln318_24, i17 %res_FH_V_47, i17 %p_Result_73" [/home/rcslfpgaserver/Softwares/Xilinx/Vitis_HLS/2020.2/common/technology/autopilot/hls_sqrt_apfixed.h:318]   --->   Operation 644 'select' 'res_FH_V_31' <Predicate = true> <Delay = 0.97> <CoreInst = "Sel">   --->   Core 73 'Sel' <Latency = 0> <II = 1> <Delay = 0.73> <FuncUnit> <Opcode : 'select'> <InPorts = 3> <OutPorts = 1>

State 115 <SV = 114> <Delay = 2.04>
ST_115 : Operation 645 [1/1] (0.00ns)   --->   "%zext_ln703 = zext i17 %res_FH_V_31"   --->   Operation 645 'zext' 'zext_ln703' <Predicate = true> <Delay = 0.00>
ST_115 : Operation 646 [2/2] (2.04ns)   --->   "%res_FH_l_V = add i18 %zext_ln703, i18 1"   --->   Operation 646 'add' 'res_FH_l_V' <Predicate = true> <Delay = 2.04> <CoreInst = "Adder">   --->   Core 1 'Adder' <Latency = 1> <II = 1> <Delay = 1.93> <FuncUnit> <Opcode : 'add' 'sub'> <InPorts = 2> <OutPorts = 1>
ST_115 : Operation 647 [2/2] (2.04ns)   --->   "%res_FH_V_48 = add i17 %res_FH_V_31, i17 1"   --->   Operation 647 'add' 'res_FH_V_48' <Predicate = true> <Delay = 2.04> <CoreInst = "Adder">   --->   Core 1 'Adder' <Latency = 1> <II = 1> <Delay = 1.93> <FuncUnit> <Opcode : 'add' 'sub'> <InPorts = 2> <OutPorts = 1>
ST_115 : Operation 648 [2/2] (1.93ns)   --->   "%res_I_V_14 = add i8 %res_I_V, i8 1"   --->   Operation 648 'add' 'res_I_V_14' <Predicate = true> <Delay = 1.93> <CoreInst = "Adder">   --->   Core 1 'Adder' <Latency = 1> <II = 1> <Delay = 1.93> <FuncUnit> <Opcode : 'add' 'sub'> <InPorts = 2> <OutPorts = 1>

State 116 <SV = 115> <Delay = 2.04>
ST_116 : Operation 649 [1/2] (2.04ns)   --->   "%res_FH_l_V = add i18 %zext_ln703, i18 1"   --->   Operation 649 'add' 'res_FH_l_V' <Predicate = true> <Delay = 2.04> <CoreInst = "Adder">   --->   Core 1 'Adder' <Latency = 1> <II = 1> <Delay = 1.93> <FuncUnit> <Opcode : 'add' 'sub'> <InPorts = 2> <OutPorts = 1>
ST_116 : Operation 650 [1/2] (2.04ns)   --->   "%res_FH_V_48 = add i17 %res_FH_V_31, i17 1"   --->   Operation 650 'add' 'res_FH_V_48' <Predicate = true> <Delay = 2.04> <CoreInst = "Adder">   --->   Core 1 'Adder' <Latency = 1> <II = 1> <Delay = 1.93> <FuncUnit> <Opcode : 'add' 'sub'> <InPorts = 2> <OutPorts = 1>
ST_116 : Operation 651 [1/2] (1.93ns)   --->   "%res_I_V_14 = add i8 %res_I_V, i8 1"   --->   Operation 651 'add' 'res_I_V_14' <Predicate = true> <Delay = 1.93> <CoreInst = "Adder">   --->   Core 1 'Adder' <Latency = 1> <II = 1> <Delay = 1.93> <FuncUnit> <Opcode : 'add' 'sub'> <InPorts = 2> <OutPorts = 1>

State 117 <SV = 116> <Delay = 1.24>
ST_117 : Operation 652 [1/1] (0.00ns)   --->   "%specpipeline_ln42 = specpipeline void @_ssdm_op_SpecPipeline, i32 4294967295, i32 0, i32 0, i32 0, void @empty_1" [/home/rcslfpgaserver/Softwares/Xilinx/Vitis_HLS/2020.2/common/technology/autopilot/hls_sqrt_apfixed.h:42]   --->   Operation 652 'specpipeline' 'specpipeline_ln42' <Predicate = true> <Delay = 0.00>
ST_117 : Operation 653 [1/1] (0.00ns) (grouped into LUT with out node select_ln99)   --->   "%p_Result_s = bitselect i1 @_ssdm_op_BitSelect.i1.i32.i32, i32 %x_read, i32 31"   --->   Operation 653 'bitselect' 'p_Result_s' <Predicate = true> <Delay = 0.00>
ST_117 : Operation 654 [1/1] (0.00ns) (grouped into LUT with out node select_ln99)   --->   "%p_Result_40 = bitselect i1 @_ssdm_op_BitSelect.i1.i18.i32, i18 %res_FH_l_V, i32 17"   --->   Operation 654 'bitselect' 'p_Result_40' <Predicate = true> <Delay = 0.00>
ST_117 : Operation 655 [1/1] (0.00ns) (grouped into LUT with out node select_ln99)   --->   "%res_I_V_23 = select i1 %p_Result_40, i8 %res_I_V_14, i8 %res_I_V" [/home/rcslfpgaserver/Softwares/Xilinx/Vitis_HLS/2020.2/common/technology/autopilot/hls_sqrt_apfixed.h:363]   --->   Operation 655 'select' 'res_I_V_23' <Predicate = true> <Delay = 0.00> <CoreInst = "Sel">   --->   Core 73 'Sel' <Latency = 0> <II = 1> <Delay = 0.73> <FuncUnit> <Opcode : 'select'> <InPorts = 3> <OutPorts = 1>
ST_117 : Operation 656 [1/1] (0.00ns) (grouped into LUT with out node select_ln99)   --->   "%tmp_27 = partselect i16 @_ssdm_op_PartSelect.i16.i17.i32.i32, i17 %res_FH_V_48, i32 1, i32 16"   --->   Operation 656 'partselect' 'tmp_27' <Predicate = true> <Delay = 0.00>
ST_117 : Operation 657 [1/1] (0.00ns) (grouped into LUT with out node select_ln99)   --->   "%trunc_ln9 = bitconcatenate i24 @_ssdm_op_BitConcatenate.i24.i8.i16, i8 %res_I_V_23, i16 %tmp_27"   --->   Operation 657 'bitconcatenate' 'trunc_ln9' <Predicate = true> <Delay = 0.00>
ST_117 : Operation 658 [1/1] (1.24ns) (out node of the LUT)   --->   "%select_ln99 = select i1 %p_Result_s, i24 0, i24 %trunc_ln9"   --->   Operation 658 'select' 'select_ln99' <Predicate = true> <Delay = 1.24> <CoreInst = "Sel">   --->   Core 73 'Sel' <Latency = 0> <II = 1> <Delay = 0.73> <FuncUnit> <Opcode : 'select'> <InPorts = 3> <OutPorts = 1>
ST_117 : Operation 659 [1/1] (0.00ns)   --->   "%ret_ln372 = ret i24 %select_ln99" [/home/rcslfpgaserver/Softwares/Xilinx/Vitis_HLS/2020.2/common/technology/autopilot/hls_sqrt_apfixed.h:372]   --->   Operation 659 'ret' 'ret_ln372' <Predicate = true> <Delay = 0.00>


============================================================
+ Verbose Summary: Binding
============================================================
STG Binding: 
---------------- STG Properties BEGIN ----------------
- Is combinational: 0
- Is one-state seq: 0
- Is datapath-only: 1
- Is pipelined: 1
- Is top level: 0
Port [ Return ] is wired: 1; IO mode=ap_ctrl_hs:ce=0
Port [ x]:  wired=1; compound=0; hidden=0; nouse=0; global=0; static=0; extern=0; dir=0; type=0; pingpong=0; private_global=0; IO mode=ap_none:ce=0
---------------- STG Properties END ------------------

---------------- Datapath Model BEGIN ----------------

<LifeTime>
<method=bitvector/>
x_read            (read          ) [ 0111111111111111111111111111111111111111111111111111111111111111111111111111111111111111111111111111111111111111111111]
trunc_ln          (partselect    ) [ 0111000000000000000000000000000000000000000000000000000000000000000000000000000000000000000000000000000000000000000000]
trunc_ln731       (trunc         ) [ 0111111111111111111111111111110000000000000000000000000000000000000000000000000000000000000000000000000000000000000000]
tmp               (partselect    ) [ 0000000000000000000000000000000000000000000000000000000000000000000000000000000000000000000000000000000000000000000000]
sext_ln640        (sext          ) [ 0110000000000000000000000000000000000000000000000000000000000000000000000000000000000000000000000000000000000000000000]
icmp_ln489        (icmp          ) [ 0111000000000000000000000000000000000000000000000000000000000000000000000000000000000000000000000000000000000000000000]
tmp_38            (partselect    ) [ 0000000000000000000000000000000000000000000000000000000000000000000000000000000000000000000000000000000000000000000000]
icmp_ln318_1      (icmp          ) [ 0111111111111111111111111111110000000000000000000000000000000000000000000000000000000000000000000000000000000000000000]
add_ln248         (add           ) [ 0101000000000000000000000000000000000000000000000000000000000000000000000000000000000000000000000000000000000000000000]
zext_ln708        (zext          ) [ 0000000000000000000000000000000000000000000000000000000000000000000000000000000000000000000000000000000000000000000000]
p_Result_43       (partset       ) [ 0000000000000000000000000000000000000000000000000000000000000000000000000000000000000000000000000000000000000000000000]
x_l_I_V_72        (select        ) [ 0100111000000000000000000000000000000000000000000000000000000000000000000000000000000000000000000000000000000000000000]
res_I_V_16        (select        ) [ 0100111000000000000000000000000000000000000000000000000000000000000000000000000000000000000000000000000000000000000000]
p_Result_s_97     (partselect    ) [ 0100100000000000000000000000000000000000000000000000000000000000000000000000000000000000000000000000000000000000000000]
p_Result_1        (partselect    ) [ 0100110000000000000000000000000000000000000000000000000000000000000000000000000000000000000000000000000000000000000000]
tmp_1             (bitconcatenate) [ 0000000000000000000000000000000000000000000000000000000000000000000000000000000000000000000000000000000000000000000000]
zext_ln489        (zext          ) [ 0100010000000000000000000000000000000000000000000000000000000000000000000000000000000000000000000000000000000000000000]
icmp_ln489_1      (icmp          ) [ 0100011000000000000000000000000000000000000000000000000000000000000000000000000000000000000000000000000000000000000000]
sub_ln248         (sub           ) [ 0100001000000000000000000000000000000000000000000000000000000000000000000000000000000000000000000000000000000000000000]
p_Result_44       (partset       ) [ 0000000000000000000000000000000000000000000000000000000000000000000000000000000000000000000000000000000000000000000000]
p_Result_45       (bitset        ) [ 0000000000000000000000000000000000000000000000000000000000000000000000000000000000000000000000000000000000000000000000]
x_l_I_V_73        (select        ) [ 0100000111000000000000000000000000000000000000000000000000000000000000000000000000000000000000000000000000000000000000]
res_I_V_17        (select        ) [ 0100000111000000000000000000000000000000000000000000000000000000000000000000000000000000000000000000000000000000000000]
p_Result_4        (partselect    ) [ 0100000100000000000000000000000000000000000000000000000000000000000000000000000000000000000000000000000000000000000000]
p_Result_5        (partselect    ) [ 0100000110000000000000000000000000000000000000000000000000000000000000000000000000000000000000000000000000000000000000]
tmp_2             (bitconcatenate) [ 0000000000000000000000000000000000000000000000000000000000000000000000000000000000000000000000000000000000000000000000]
zext_ln489_1      (zext          ) [ 0100000010000000000000000000000000000000000000000000000000000000000000000000000000000000000000000000000000000000000000]
icmp_ln489_2      (icmp          ) [ 0100000011000000000000000000000000000000000000000000000000000000000000000000000000000000000000000000000000000000000000]
sub_ln248_1       (sub           ) [ 0100000001000000000000000000000000000000000000000000000000000000000000000000000000000000000000000000000000000000000000]
p_Result_46       (partset       ) [ 0000000000000000000000000000000000000000000000000000000000000000000000000000000000000000000000000000000000000000000000]
p_Result_47       (bitset        ) [ 0000000000000000000000000000000000000000000000000000000000000000000000000000000000000000000000000000000000000000000000]
x_l_I_V_74        (select        ) [ 0100000000111000000000000000000000000000000000000000000000000000000000000000000000000000000000000000000000000000000000]
res_I_V_18        (select        ) [ 0100000000111000000000000000000000000000000000000000000000000000000000000000000000000000000000000000000000000000000000]
p_Result_8        (partselect    ) [ 0100000000100000000000000000000000000000000000000000000000000000000000000000000000000000000000000000000000000000000000]
p_Result_9        (partselect    ) [ 0100000000110000000000000000000000000000000000000000000000000000000000000000000000000000000000000000000000000000000000]
tmp_3             (bitconcatenate) [ 0000000000000000000000000000000000000000000000000000000000000000000000000000000000000000000000000000000000000000000000]
zext_ln489_2      (zext          ) [ 0100000000010000000000000000000000000000000000000000000000000000000000000000000000000000000000000000000000000000000000]
icmp_ln489_3      (icmp          ) [ 0100000000011000000000000000000000000000000000000000000000000000000000000000000000000000000000000000000000000000000000]
sub_ln248_2       (sub           ) [ 0100000000001000000000000000000000000000000000000000000000000000000000000000000000000000000000000000000000000000000000]
p_Result_48       (partset       ) [ 0000000000000000000000000000000000000000000000000000000000000000000000000000000000000000000000000000000000000000000000]
p_Result_49       (bitset        ) [ 0000000000000000000000000000000000000000000000000000000000000000000000000000000000000000000000000000000000000000000000]
x_l_I_V_75        (select        ) [ 0100000000000111000000000000000000000000000000000000000000000000000000000000000000000000000000000000000000000000000000]
res_I_V_19        (select        ) [ 0100000000000111000000000000000000000000000000000000000000000000000000000000000000000000000000000000000000000000000000]
p_Result_10       (partselect    ) [ 0100000000000100000000000000000000000000000000000000000000000000000000000000000000000000000000000000000000000000000000]
p_Result_11       (partselect    ) [ 0100000000000110000000000000000000000000000000000000000000000000000000000000000000000000000000000000000000000000000000]
tmp_4             (bitconcatenate) [ 0000000000000000000000000000000000000000000000000000000000000000000000000000000000000000000000000000000000000000000000]
zext_ln489_3      (zext          ) [ 0100000000000010000000000000000000000000000000000000000000000000000000000000000000000000000000000000000000000000000000]
icmp_ln489_4      (icmp          ) [ 0100000000000011000000000000000000000000000000000000000000000000000000000000000000000000000000000000000000000000000000]
sub_ln248_3       (sub           ) [ 0100000000000001000000000000000000000000000000000000000000000000000000000000000000000000000000000000000000000000000000]
p_Result_50       (partset       ) [ 0000000000000000000000000000000000000000000000000000000000000000000000000000000000000000000000000000000000000000000000]
p_Result_51       (bitset        ) [ 0000000000000000000000000000000000000000000000000000000000000000000000000000000000000000000000000000000000000000000000]
x_l_I_V_76        (select        ) [ 0100000000000000111000000000000000000000000000000000000000000000000000000000000000000000000000000000000000000000000000]
res_I_V_20        (select        ) [ 0100000000000000111000000000000000000000000000000000000000000000000000000000000000000000000000000000000000000000000000]
p_Result_13       (partselect    ) [ 0100000000000000100000000000000000000000000000000000000000000000000000000000000000000000000000000000000000000000000000]
p_Result_14       (partselect    ) [ 0100000000000000110000000000000000000000000000000000000000000000000000000000000000000000000000000000000000000000000000]
tmp_5             (bitconcatenate) [ 0000000000000000000000000000000000000000000000000000000000000000000000000000000000000000000000000000000000000000000000]
zext_ln489_4      (zext          ) [ 0100000000000000010000000000000000000000000000000000000000000000000000000000000000000000000000000000000000000000000000]
icmp_ln489_5      (icmp          ) [ 0100000000000000011000000000000000000000000000000000000000000000000000000000000000000000000000000000000000000000000000]
sub_ln248_4       (sub           ) [ 0100000000000000001000000000000000000000000000000000000000000000000000000000000000000000000000000000000000000000000000]
p_Result_52       (partset       ) [ 0000000000000000000000000000000000000000000000000000000000000000000000000000000000000000000000000000000000000000000000]
p_Result_53       (bitset        ) [ 0000000000000000000000000000000000000000000000000000000000000000000000000000000000000000000000000000000000000000000000]
x_l_I_V_77        (select        ) [ 0100000000000000000111000000000000000000000000000000000000000000000000000000000000000000000000000000000000000000000000]
res_I_V_21        (select        ) [ 0100000000000000000110000000000000000000000000000000000000000000000000000000000000000000000000000000000000000000000000]
p_Result_16       (partselect    ) [ 0100000000000000000100000000000000000000000000000000000000000000000000000000000000000000000000000000000000000000000000]
p_Result_17       (partselect    ) [ 0100000000000000000110000000000000000000000000000000000000000000000000000000000000000000000000000000000000000000000000]
tmp_6             (bitconcatenate) [ 0000000000000000000000000000000000000000000000000000000000000000000000000000000000000000000000000000000000000000000000]
zext_ln489_5      (zext          ) [ 0100000000000000000010000000000000000000000000000000000000000000000000000000000000000000000000000000000000000000000000]
icmp_ln489_6      (icmp          ) [ 0100000000000000000011000000000000000000000000000000000000000000000000000000000000000000000000000000000000000000000000]
sub_ln248_5       (sub           ) [ 0100000000000000000001000000000000000000000000000000000000000000000000000000000000000000000000000000000000000000000000]
p_Result_55       (bitset        ) [ 0000000000000000000000000000000000000000000000000000000000000000000000000000000000000000000000000000000000000000000000]
res_I_V_22        (select        ) [ 0100000000000000000001111111000000000000000000000000000000000000000000000000000000000000000000000000000000000000000000]
p_Result_54       (partset       ) [ 0000000000000000000000000000000000000000000000000000000000000000000000000000000000000000000000000000000000000000000000]
x_l_I_V_78        (select        ) [ 0100000000000000000000111000000000000000000000000000000000000000000000000000000000000000000000000000000000000000000000]
trunc_ln640       (trunc         ) [ 0100000000000000000000110000000000000000000000000000000000000000000000000000000000000000000000000000000000000000000000]
tmp_8             (bitconcatenate) [ 0000000000000000000000000000000000000000000000000000000000000000000000000000000000000000000000000000000000000000000000]
zext_ln489_6      (zext          ) [ 0100000000000000000000010000000000000000000000000000000000000000000000000000000000000000000000000000000000000000000000]
icmp_ln489_7      (icmp          ) [ 0100000000000000000000011111000000000000000000000000000000000000000000000000000000000000000000000000000000000000000000]
sub_ln248_6       (sub           ) [ 0100000000000000000000001000000000000000000000000000000000000000000000000000000000000000000000000000000000000000000000]
p_Result_56       (partset       ) [ 0000000000000000000000000000000000000000000000000000000000000000000000000000000000000000000000000000000000000000000000]
x_l_I_V_79        (select        ) [ 0100000000000000000000000111111000000000000000000000000000000000000000000000000000000000000000000000000000000000000000]
x_l_I_V_17        (add           ) [ 0100000000000000000000000001000000000000000000000000000000000000000000000000000000000000000000000000000000000000000000]
p_Result_57       (bitset        ) [ 0000000000000000000000000000000000000000000000000000000000000000000000000000000000000000000000000000000000000000000000]
res_I_V           (select        ) [ 0100000000000000000000000000111111111111111111111111111111111111111111111111111111111111111111111111111111111111111111]
x_l_I_V_18        (select        ) [ 0100000000000000000000000000110000000000000000000000000000000000000000000000000000000000000000000000000000000000000000]
trunc_ln104       (trunc         ) [ 0100000000000000000000000000111110000000000000000000000000000000000000000000000000000000000000000000000000000000000000]
tmp_14            (partselect    ) [ 0100000000000000000000000000111110000000000000000000000000000000000000000000000000000000000000000000000000000000000000]
trunc_ln104_1     (trunc         ) [ 0100000000000000000000000000111111111110000000000000000000000000000000000000000000000000000000000000000000000000000000]
tmp_15            (partselect    ) [ 0100000000000000000000000000111111111110000000000000000000000000000000000000000000000000000000000000000000000000000000]
trunc_ln104_2     (trunc         ) [ 0100000000000000000000000000111111111111111110000000000000000000000000000000000000000000000000000000000000000000000000]
tmp_16            (partselect    ) [ 0100000000000000000000000000111111111111111110000000000000000000000000000000000000000000000000000000000000000000000000]
trunc_ln104_3     (trunc         ) [ 0100000000000000000000000000111111111111111111111110000000000000000000000000000000000000000000000000000000000000000000]
tmp_17            (partselect    ) [ 0100000000000000000000000000111111111111111111111110000000000000000000000000000000000000000000000000000000000000000000]
trunc_ln104_4     (trunc         ) [ 0100000000000000000000000000111111111111111111111111111110000000000000000000000000000000000000000000000000000000000000]
tmp_18            (partselect    ) [ 0100000000000000000000000000111111111111111111111111111110000000000000000000000000000000000000000000000000000000000000]
trunc_ln104_5     (trunc         ) [ 0100000000000000000000000000111111111111111111111111111111111110000000000000000000000000000000000000000000000000000000]
tmp_19            (partselect    ) [ 0100000000000000000000000000111111111111111111111111111111111111100000000000000000000000000000000000000000000000000000]
trunc_ln104_6     (trunc         ) [ 0100000000000000000000000000111111111111111111111111111111111111111110000000000000000000000000000000000000000000000000]
tmp_45            (bitselect     ) [ 0100000000000000000000000000111111111111111111111111111111111111111111000000000000000000000000000000000000000000000000]
trunc_ln7         (bitconcatenate) [ 0000000000000000000000000000000000000000000000000000000000000000000000000000000000000000000000000000000000000000000000]
zext_ln318        (zext          ) [ 0100000000000000000000000000010000000000000000000000000000000000000000000000000000000000000000000000000000000000000000]
icmp_ln318        (icmp          ) [ 0100000000000000000000000000010000000000000000000000000000000000000000000000000000000000000000000000000000000000000000]
icmp_ln1494       (icmp          ) [ 0100000000000000000000000000010000000000000000000000000000000000000000000000000000000000000000000000000000000000000000]
x_l_FH_V          (bitconcatenate) [ 0100000000000000000000000000001100000000000000000000000000000000000000000000000000000000000000000000000000000000000000]
or_ln318          (or            ) [ 0000000000000000000000000000000000000000000000000000000000000000000000000000000000000000000000000000000000000000000000]
x_l_I_V_80        (sub           ) [ 0100000000000000000000000000001000000000000000000000000000000000000000000000000000000000000000000000000000000000000000]
xor_ln1494        (xor           ) [ 0000000000000000000000000000000000000000000000000000000000000000000000000000000000000000000000000000000000000000000000]
and_ln318_1       (and           ) [ 0100000000000000000000000000001100000000000000000000000000000000000000000000000000000000000000000000000000000000000000]
x_l_FH_V_26       (add           ) [ 0100000000000000000000000000000100000000000000000000000000000000000000000000000000000000000000000000000000000000000000]
x_l_I_V_81        (select        ) [ 0100000000000000000000000000000111111000000000000000000000000000000000000000000000000000000000000000000000000000000000]
res_FH_V_33       (select        ) [ 0100000000000000000000000000000011111100000000000000000000000000000000000000000000000000000000000000000000000000000000]
p_Val2_23         (select        ) [ 0100000000000000000000000000000011100000000000000000000000000000000000000000000000000000000000000000000000000000000000]
p_Result_20       (partselect    ) [ 0100000000000000000000000000000010000000000000000000000000000000000000000000000000000000000000000000000000000000000000]
mul_FH_V          (bitconcatenate) [ 0100000000000000000000000000000001000000000000000000000000000000000000000000000000000000000000000000000000000000000000]
trunc_ln318_1     (bitconcatenate) [ 0000000000000000000000000000000000000000000000000000000000000000000000000000000000000000000000000000000000000000000000]
zext_ln318_1      (zext          ) [ 0100000000000000000000000000000001110000000000000000000000000000000000000000000000000000000000000000000000000000000000]
icmp_ln318_2      (icmp          ) [ 0100000000000000000000000000000001000000000000000000000000000000000000000000000000000000000000000000000000000000000000]
icmp_ln318_3      (icmp          ) [ 0100000000000000000000000000000001000000000000000000000000000000000000000000000000000000000000000000000000000000000000]
x_l_I_V           (add           ) [ 0100000000000000000000000000000001000000000000000000000000000000000000000000000000000000000000000000000000000000000000]
icmp_ln1494_1     (icmp          ) [ 0100000000000000000000000000000001000000000000000000000000000000000000000000000000000000000000000000000000000000000000]
or_ln318_1        (or            ) [ 0000000000000000000000000000000000000000000000000000000000000000000000000000000000000000000000000000000000000000000000]
x_l_I_V_21        (select        ) [ 0100000000000000000000000000000000110000000000000000000000000000000000000000000000000000000000000000000000000000000000]
x_l_FH_V_27       (sub           ) [ 0100000000000000000000000000000000100000000000000000000000000000000000000000000000000000000000000000000000000000000000]
xor_ln1494_1      (xor           ) [ 0000000000000000000000000000000000000000000000000000000000000000000000000000000000000000000000000000000000000000000000]
and_ln318_2       (and           ) [ 0100000000000000000000000000000000111100000000000000000000000000000000000000000000000000000000000000000000000000000000]
x_l_FH_V_28       (select        ) [ 0100000000000000000000000000000000011111100000000000000000000000000000000000000000000000000000000000000000000000000000]
x_l_I_V_82        (sub           ) [ 0100000000000000000000000000000000001000000000000000000000000000000000000000000000000000000000000000000000000000000000]
x_l_I_V_83        (select        ) [ 0100000000000000000000000000000000000111111000000000000000000000000000000000000000000000000000000000000000000000000000]
p_Result_58       (bitset        ) [ 0000000000000000000000000000000000000000000000000000000000000000000000000000000000000000000000000000000000000000000000]
res_FH_V_34       (select        ) [ 0100000000000000000000000000000000000011111100000000000000000000000000000000000000000000000000000000000000000000000000]
p_Result_21       (partselect    ) [ 0100000000000000000000000000000000000010000000000000000000000000000000000000000000000000000000000000000000000000000000]
mul_FH_V_1        (bitconcatenate) [ 0100000000000000000000000000000000000001000000000000000000000000000000000000000000000000000000000000000000000000000000]
trunc_ln318_2     (bitconcatenate) [ 0000000000000000000000000000000000000000000000000000000000000000000000000000000000000000000000000000000000000000000000]
zext_ln318_2      (zext          ) [ 0100000000000000000000000000000000000001110000000000000000000000000000000000000000000000000000000000000000000000000000]
icmp_ln318_4      (icmp          ) [ 0100000000000000000000000000000000000001000000000000000000000000000000000000000000000000000000000000000000000000000000]
icmp_ln318_5      (icmp          ) [ 0100000000000000000000000000000000000001000000000000000000000000000000000000000000000000000000000000000000000000000000]
x_l_I_V_24        (add           ) [ 0100000000000000000000000000000000000001000000000000000000000000000000000000000000000000000000000000000000000000000000]
icmp_ln1494_2     (icmp          ) [ 0100000000000000000000000000000000000001000000000000000000000000000000000000000000000000000000000000000000000000000000]
or_ln318_2        (or            ) [ 0000000000000000000000000000000000000000000000000000000000000000000000000000000000000000000000000000000000000000000000]
x_l_I_V_25        (select        ) [ 0100000000000000000000000000000000000000110000000000000000000000000000000000000000000000000000000000000000000000000000]
x_l_FH_V_29       (sub           ) [ 0100000000000000000000000000000000000000100000000000000000000000000000000000000000000000000000000000000000000000000000]
xor_ln1494_2      (xor           ) [ 0000000000000000000000000000000000000000000000000000000000000000000000000000000000000000000000000000000000000000000000]
and_ln318_3       (and           ) [ 0100000000000000000000000000000000000000111100000000000000000000000000000000000000000000000000000000000000000000000000]
x_l_FH_V_30       (select        ) [ 0100000000000000000000000000000000000000011111100000000000000000000000000000000000000000000000000000000000000000000000]
x_l_I_V_84        (sub           ) [ 0100000000000000000000000000000000000000001000000000000000000000000000000000000000000000000000000000000000000000000000]
x_l_I_V_85        (select        ) [ 0100000000000000000000000000000000000000000111111000000000000000000000000000000000000000000000000000000000000000000000]
p_Result_59       (bitset        ) [ 0000000000000000000000000000000000000000000000000000000000000000000000000000000000000000000000000000000000000000000000]
res_FH_V_35       (select        ) [ 0100000000000000000000000000000000000000000011111100000000000000000000000000000000000000000000000000000000000000000000]
p_Result_22       (partselect    ) [ 0100000000000000000000000000000000000000000010000000000000000000000000000000000000000000000000000000000000000000000000]
mul_FH_V_2        (bitconcatenate) [ 0100000000000000000000000000000000000000000001000000000000000000000000000000000000000000000000000000000000000000000000]
trunc_ln318_3     (bitconcatenate) [ 0000000000000000000000000000000000000000000000000000000000000000000000000000000000000000000000000000000000000000000000]
zext_ln318_3      (zext          ) [ 0100000000000000000000000000000000000000000001110000000000000000000000000000000000000000000000000000000000000000000000]
icmp_ln318_6      (icmp          ) [ 0100000000000000000000000000000000000000000001000000000000000000000000000000000000000000000000000000000000000000000000]
icmp_ln318_7      (icmp          ) [ 0100000000000000000000000000000000000000000001000000000000000000000000000000000000000000000000000000000000000000000000]
x_l_I_V_28        (add           ) [ 0100000000000000000000000000000000000000000001000000000000000000000000000000000000000000000000000000000000000000000000]
icmp_ln1494_3     (icmp          ) [ 0100000000000000000000000000000000000000000001000000000000000000000000000000000000000000000000000000000000000000000000]
or_ln318_3        (or            ) [ 0000000000000000000000000000000000000000000000000000000000000000000000000000000000000000000000000000000000000000000000]
x_l_I_V_29        (select        ) [ 0100000000000000000000000000000000000000000000110000000000000000000000000000000000000000000000000000000000000000000000]
x_l_FH_V_31       (sub           ) [ 0100000000000000000000000000000000000000000000100000000000000000000000000000000000000000000000000000000000000000000000]
xor_ln1494_3      (xor           ) [ 0000000000000000000000000000000000000000000000000000000000000000000000000000000000000000000000000000000000000000000000]
and_ln318_4       (and           ) [ 0100000000000000000000000000000000000000000000111100000000000000000000000000000000000000000000000000000000000000000000]
x_l_FH_V_32       (select        ) [ 0100000000000000000000000000000000000000000000011111100000000000000000000000000000000000000000000000000000000000000000]
x_l_I_V_86        (sub           ) [ 0100000000000000000000000000000000000000000000001000000000000000000000000000000000000000000000000000000000000000000000]
x_l_I_V_87        (select        ) [ 0100000000000000000000000000000000000000000000000111111000000000000000000000000000000000000000000000000000000000000000]
p_Result_60       (bitset        ) [ 0000000000000000000000000000000000000000000000000000000000000000000000000000000000000000000000000000000000000000000000]
res_FH_V_36       (select        ) [ 0100000000000000000000000000000000000000000000000011111100000000000000000000000000000000000000000000000000000000000000]
p_Result_23       (partselect    ) [ 0100000000000000000000000000000000000000000000000010000000000000000000000000000000000000000000000000000000000000000000]
mul_FH_V_3        (bitconcatenate) [ 0100000000000000000000000000000000000000000000000001000000000000000000000000000000000000000000000000000000000000000000]
trunc_ln318_4     (bitconcatenate) [ 0000000000000000000000000000000000000000000000000000000000000000000000000000000000000000000000000000000000000000000000]
zext_ln318_4      (zext          ) [ 0100000000000000000000000000000000000000000000000001110000000000000000000000000000000000000000000000000000000000000000]
icmp_ln318_16     (icmp          ) [ 0100000000000000000000000000000000000000000000000001000000000000000000000000000000000000000000000000000000000000000000]
icmp_ln318_17     (icmp          ) [ 0100000000000000000000000000000000000000000000000001000000000000000000000000000000000000000000000000000000000000000000]
x_l_I_V_32        (add           ) [ 0100000000000000000000000000000000000000000000000001000000000000000000000000000000000000000000000000000000000000000000]
icmp_ln1494_4     (icmp          ) [ 0100000000000000000000000000000000000000000000000001000000000000000000000000000000000000000000000000000000000000000000]
or_ln318_4        (or            ) [ 0000000000000000000000000000000000000000000000000000000000000000000000000000000000000000000000000000000000000000000000]
x_l_I_V_33        (select        ) [ 0100000000000000000000000000000000000000000000000000110000000000000000000000000000000000000000000000000000000000000000]
x_l_FH_V_33       (sub           ) [ 0100000000000000000000000000000000000000000000000000100000000000000000000000000000000000000000000000000000000000000000]
xor_ln1494_4      (xor           ) [ 0000000000000000000000000000000000000000000000000000000000000000000000000000000000000000000000000000000000000000000000]
and_ln318_5       (and           ) [ 0100000000000000000000000000000000000000000000000000111100000000000000000000000000000000000000000000000000000000000000]
x_l_FH_V_34       (select        ) [ 0100000000000000000000000000000000000000000000000000011111100000000000000000000000000000000000000000000000000000000000]
x_l_I_V_88        (sub           ) [ 0100000000000000000000000000000000000000000000000000001000000000000000000000000000000000000000000000000000000000000000]
x_l_I_V_89        (select        ) [ 0100000000000000000000000000000000000000000000000000000111111000000000000000000000000000000000000000000000000000000000]
p_Result_61       (bitset        ) [ 0000000000000000000000000000000000000000000000000000000000000000000000000000000000000000000000000000000000000000000000]
res_FH_V_37       (select        ) [ 0100000000000000000000000000000000000000000000000000000011111100000000000000000000000000000000000000000000000000000000]
p_Result_24       (partselect    ) [ 0100000000000000000000000000000000000000000000000000000010000000000000000000000000000000000000000000000000000000000000]
mul_FH_V_4        (bitconcatenate) [ 0100000000000000000000000000000000000000000000000000000001000000000000000000000000000000000000000000000000000000000000]
trunc_ln318_5     (bitconcatenate) [ 0000000000000000000000000000000000000000000000000000000000000000000000000000000000000000000000000000000000000000000000]
zext_ln318_5      (zext          ) [ 0100000000000000000000000000000000000000000000000000000001110000000000000000000000000000000000000000000000000000000000]
icmp_ln318_18     (icmp          ) [ 0100000000000000000000000000000000000000000000000000000001000000000000000000000000000000000000000000000000000000000000]
icmp_ln318_19     (icmp          ) [ 0100000000000000000000000000000000000000000000000000000001000000000000000000000000000000000000000000000000000000000000]
x_l_I_V_36        (add           ) [ 0100000000000000000000000000000000000000000000000000000001000000000000000000000000000000000000000000000000000000000000]
icmp_ln1494_5     (icmp          ) [ 0100000000000000000000000000000000000000000000000000000001000000000000000000000000000000000000000000000000000000000000]
or_ln318_5        (or            ) [ 0000000000000000000000000000000000000000000000000000000000000000000000000000000000000000000000000000000000000000000000]
x_l_I_V_37        (select        ) [ 0100000000000000000000000000000000000000000000000000000000110000000000000000000000000000000000000000000000000000000000]
x_l_FH_V_35       (sub           ) [ 0100000000000000000000000000000000000000000000000000000000100000000000000000000000000000000000000000000000000000000000]
xor_ln1494_5      (xor           ) [ 0000000000000000000000000000000000000000000000000000000000000000000000000000000000000000000000000000000000000000000000]
and_ln318_6       (and           ) [ 0100000000000000000000000000000000000000000000000000000000111100000000000000000000000000000000000000000000000000000000]
x_l_FH_V_36       (select        ) [ 0100000000000000000000000000000000000000000000000000000000011111111000000000000000000000000000000000000000000000000000]
x_l_I_V_90        (sub           ) [ 0100000000000000000000000000000000000000000000000000000000001000000000000000000000000000000000000000000000000000000000]
x_l_I_V_91        (select        ) [ 0100000000000000000000000000000000000000000000000000000000000111111000000000000000000000000000000000000000000000000000]
p_Result_62       (bitset        ) [ 0000000000000000000000000000000000000000000000000000000000000000000000000000000000000000000000000000000000000000000000]
res_FH_V_38       (select        ) [ 0100000000000000000000000000000000000000000000000000000000000011111100000000000000000000000000000000000000000000000000]
p_Result_25       (partselect    ) [ 0100000000000000000000000000000000000000000000000000000000000010000000000000000000000000000000000000000000000000000000]
mul_FH_V_5        (bitconcatenate) [ 0100000000000000000000000000000000000000000000000000000000000001110000000000000000000000000000000000000000000000000000]
icmp_ln318_21     (icmp          ) [ 0100000000000000000000000000000000000000000000000000000000000001110000000000000000000000000000000000000000000000000000]
x_l_I_V_40        (add           ) [ 0100000000000000000000000000000000000000000000000000000000000001000000000000000000000000000000000000000000000000000000]
x_l_I_V_41        (select        ) [ 0100000000000000000000000000000000000000000000000000000000000000110000000000000000000000000000000000000000000000000000]
trunc_ln318_6     (bitconcatenate) [ 0000000000000000000000000000000000000000000000000000000000000000000000000000000000000000000000000000000000000000000000]
zext_ln318_6      (zext          ) [ 0100000000000000000000000000000000000000000000000000000000000000010000000000000000000000000000000000000000000000000000]
icmp_ln318_20     (icmp          ) [ 0100000000000000000000000000000000000000000000000000000000000000010000000000000000000000000000000000000000000000000000]
icmp_ln1494_6     (icmp          ) [ 0100000000000000000000000000000000000000000000000000000000000000010000000000000000000000000000000000000000000000000000]
or_ln318_6        (or            ) [ 0000000000000000000000000000000000000000000000000000000000000000000000000000000000000000000000000000000000000000000000]
x_l_I_V_92        (sub           ) [ 0100000000000000000000000000000000000000000000000000000000000000001000000000000000000000000000000000000000000000000000]
x_l_FH_V_37       (sub           ) [ 0100000000000000000000000000000000000000000000000000000000000000001000000000000000000000000000000000000000000000000000]
xor_ln1494_6      (xor           ) [ 0000000000000000000000000000000000000000000000000000000000000000000000000000000000000000000000000000000000000000000000]
and_ln318_7       (and           ) [ 0100000000000000000000000000000000000000000000000000000000000000001100000000000000000000000000000000000000000000000000]
x_l_FH_V_38       (select        ) [ 0100000000000000000000000000000000000000000000000000000000000000000111110000000000000000000000000000000000000000000000]
x_l_I_V_93        (select        ) [ 0100000000000000000000000000000000000000000000000000000000000000000111111000000000000000000000000000000000000000000000]
p_Result_63       (bitset        ) [ 0000000000000000000000000000000000000000000000000000000000000000000000000000000000000000000000000000000000000000000000]
res_FH_V_39       (select        ) [ 0100000000000000000000000000000000000000000000000000000000000000000011110000000000000000000000000000000000000000000000]
p_Result_26       (partselect    ) [ 0100000000000000000000000000000000000000000000000000000000000000000010000000000000000000000000000000000000000000000000]
mul_FH_V_6        (bitconcatenate) [ 0100000000000000000000000000000000000000000000000000000000000000000001100000000000000000000000000000000000000000000000]
icmp_ln318_23     (icmp          ) [ 0100000000000000000000000000000000000000000000000000000000000000000001100000000000000000000000000000000000000000000000]
x_l_I_V_44        (add           ) [ 0100000000000000000000000000000000000000000000000000000000000000000001000000000000000000000000000000000000000000000000]
trunc_ln318_7     (bitconcatenate) [ 0000000000000000000000000000000000000000000000000000000000000000000000000000000000000000000000000000000000000000000000]
zext_ln318_7      (zext          ) [ 0100000000000000000000000000000000000000000000000000000000000000000000110000000000000000000000000000000000000000000000]
icmp_ln318_22     (icmp          ) [ 0100000000000000000000000000000000000000000000000000000000000000000000100000000000000000000000000000000000000000000000]
x_l_I_V_45        (select        ) [ 0100000000000000000000000000000000000000000000000000000000000000000000110000000000000000000000000000000000000000000000]
icmp_ln1494_7     (icmp          ) [ 0100000000000000000000000000000000000000000000000000000000000000000000100000000000000000000000000000000000000000000000]
or_ln318_7        (or            ) [ 0000000000000000000000000000000000000000000000000000000000000000000000000000000000000000000000000000000000000000000000]
x_l_FH_V_39       (sub           ) [ 0100000000000000000000000000000000000000000000000000000000000000000000010000000000000000000000000000000000000000000000]
xor_ln1494_7      (xor           ) [ 0000000000000000000000000000000000000000000000000000000000000000000000000000000000000000000000000000000000000000000000]
and_ln318_8       (and           ) [ 0100000000000000000000000000000000000000000000000000000000000000000000011000000000000000000000000000000000000000000000]
x_l_I_V_94        (sub           ) [ 0100000000000000000000000000000000000000000000000000000000000000000000001000000000000000000000000000000000000000000000]
p_Result_64       (bitset        ) [ 0000000000000000000000000000000000000000000000000000000000000000000000000000000000000000000000000000000000000000000000]
res_FH_V          (select        ) [ 0100000000000000000000000000000000000000000000000000000000000000000000001111000000000000000000000000000000000000000000]
x_l_FH_V_40       (select        ) [ 0100000000000000000000000000000000000000000000000000000000000000000000001111000000000000000000000000000000000000000000]
p_Result_27       (partselect    ) [ 0100000000000000000000000000000000000000000000000000000000000000000000001000000000000000000000000000000000000000000000]
x_l_I_V_95        (select        ) [ 0100000000000000000000000000000000000000000000000000000000000000000000000111000000000000000000000000000000000000000000]
mul_FH_V_7        (bitconcatenate) [ 0000000000000000000000000000000000000000000000000000000000000000000000000000000000000000000000000000000000000000000000]
icmp_ln1494_9     (icmp          ) [ 0100000000000000000000000000000000000000000000000000000000000000000000000110000000000000000000000000000000000000000000]
icmp_ln331        (icmp          ) [ 0100000000000000000000000000000000000000000000000000000000000000000000000111000000000000000000000000000000000000000000]
xor_ln703         (xor           ) [ 0100000000000000000000000000000000000000000000000000000000000000000000000110000000000000000000000000000000000000000000]
icmp_ln1494_8     (icmp          ) [ 0100000000000000000000000000000000000000000000000000000000000000000000000010000000000000000000000000000000000000000000]
icmp_ln1498       (icmp          ) [ 0100000000000000000000000000000000000000000000000000000000000000000000000010000000000000000000000000000000000000000000]
and_ln318         (and           ) [ 0000000000000000000000000000000000000000000000000000000000000000000000000000000000000000000000000000000000000000000000]
x_l_I_V_48        (add           ) [ 0100000000000000000000000000000000000000000000000000000000000000000000000001000000000000000000000000000000000000000000]
x_l_FH_V_41       (add           ) [ 0100000000000000000000000000000000000000000000000000000000000000000000000001000000000000000000000000000000000000000000]
or_ln318_16       (or            ) [ 0100000000000000000000000000000000000000000000000000000000000000000000000001000000000000000000000000000000000000000000]
xor_ln331_7       (xor           ) [ 0000000000000000000000000000000000000000000000000000000000000000000000000000000000000000000000000000000000000000000000]
x_l_I_V_96        (select        ) [ 0000000000000000000000000000000000000000000000000000000000000000000000000000000000000000000000000000000000000000000000]
p_Result_65       (bitset        ) [ 0000000000000000000000000000000000000000000000000000000000000000000000000000000000000000000000000000000000000000000000]
res_FH_V_40       (select        ) [ 0100000000000000000000000000000000000000000000000000000000000000000000000000111110000000000000000000000000000000000000]
x_l_FL_V_15       (select        ) [ 0100000000000000000000000000000000000000000000000000000000000000000000000000111000000000000000000000000000000000000000]
x_l_FH_V_42       (select        ) [ 0100000000000000000000000000000000000000000000000000000000000000000000000000111111100000000000000000000000000000000000]
x_l_I_V_97        (select        ) [ 0100000000000000000000000000000000000000000000000000000000000000000000000000111100000000000000000000000000000000000000]
tmp_s             (partselect    ) [ 0100000000000000000000000000000000000000000000000000000000000000000000000000100000000000000000000000000000000000000000]
tmp_20            (partselect    ) [ 0100000000000000000000000000000000000000000000000000000000000000000000000000100000000000000000000000000000000000000000]
mul_FH_V_8        (bitconcatenate) [ 0100000000000000000000000000000000000000000000000000000000000000000000000000011100000000000000000000000000000000000000]
mul_FL_V          (bitconcatenate) [ 0100000000000000000000000000000000000000000000000000000000000000000000000000010000000000000000000000000000000000000000]
icmp_ln318_8      (icmp          ) [ 0100000000000000000000000000000000000000000000000000000000000000000000000000011000000000000000000000000000000000000000]
delta_V           (icmp          ) [ 0100000000000000000000000000000000000000000000000000000000000000000000000000011000000000000000000000000000000000000000]
icmp_ln1498_1     (icmp          ) [ 0100000000000000000000000000000000000000000000000000000000000000000000000000010000000000000000000000000000000000000000]
icmp_ln1494_10    (icmp          ) [ 0100000000000000000000000000000000000000000000000000000000000000000000000000010000000000000000000000000000000000000000]
or_ln318_8        (or            ) [ 0000000000000000000000000000000000000000000000000000000000000000000000000000000000000000000000000000000000000000000000]
icmp_ln1495       (icmp          ) [ 0100000000000000000000000000000000000000000000000000000000000000000000000000001000000000000000000000000000000000000000]
p_neg168          (select        ) [ 0100000000000000000000000000000000000000000000000000000000000000000000000000001100000000000000000000000000000000000000]
x_l_I_V_51        (add           ) [ 0100000000000000000000000000000000000000000000000000000000000000000000000000001000000000000000000000000000000000000000]
x_l_FL_V          (sub           ) [ 0100000000000000000000000000000000000000000000000000000000000000000000000000001000000000000000000000000000000000000000]
xor_ln1494_8      (xor           ) [ 0000000000000000000000000000000000000000000000000000000000000000000000000000000000000000000000000000000000000000000000]
and_ln318_9       (and           ) [ 0000000000000000000000000000000000000000000000000000000000000000000000000000000000000000000000000000000000000000000000]
and_ln318_10      (and           ) [ 0100000000000000000000000000000000000000000000000000000000000000000000000000001111100000000000000000000000000000000000]
xor_ln331         (xor           ) [ 0000000000000000000000000000000000000000000000000000000000000000000000000000000000000000000000000000000000000000000000]
or_ln331          (or            ) [ 0000000000000000000000000000000000000000000000000000000000000000000000000000000000000000000000000000000000000000000000]
xor_ln1495        (xor           ) [ 0000000000000000000000000000000000000000000000000000000000000000000000000000000000000000000000000000000000000000000000]
and_ln331         (and           ) [ 0000000000000000000000000000000000000000000000000000000000000000000000000000000000000000000000000000000000000000000000]
x_l_I_V_98        (select        ) [ 0100000000000000000000000000000000000000000000000000000000000000000000000000000100000000000000000000000000000000000000]
x_l_FL_V_16       (select        ) [ 0100000000000000000000000000000000000000000000000000000000000000000000000000000111111100000000000000000000000000000000]
sub_ln703         (sub           ) [ 0100000000000000000000000000000000000000000000000000000000000000000000000000000011000000000000000000000000000000000000]
x_l_I_V_99        (select        ) [ 0100000000000000000000000000000000000000000000000000000000000000000000000000000011111100000000000000000000000000000000]
p_Result_66       (bitset        ) [ 0000000000000000000000000000000000000000000000000000000000000000000000000000000000000000000000000000000000000000000000]
res_FH_V_41       (select        ) [ 0100000000000000000000000000000000000000000000000000000000000000000000000000000001111100000000000000000000000000000000]
tmp_7             (partselect    ) [ 0100000000000000000000000000000000000000000000000000000000000000000000000000000001000000000000000000000000000000000000]
tmp_21            (partselect    ) [ 0100000000000000000000000000000000000000000000000000000000000000000000000000000001110000000000000000000000000000000000]
x_l_FH_V_43       (add           ) [ 0100000000000000000000000000000000000000000000000000000000000000000000000000000000100000000000000000000000000000000000]
mul_FL_V_1        (bitconcatenate) [ 0100000000000000000000000000000000000000000000000000000000000000000000000000000000111000000000000000000000000000000000]
delta_V_1         (icmp          ) [ 0100000000000000000000000000000000000000000000000000000000000000000000000000000000111000000000000000000000000000000000]
x_l_FH_V_44       (select        ) [ 0100000000000000000000000000000000000000000000000000000000000000000000000000000000011111000000000000000000000000000000]
p_neg169          (select        ) [ 0100000000000000000000000000000000000000000000000000000000000000000000000000000000011000000000000000000000000000000000]
mul_FH_V_9        (bitconcatenate) [ 0100000000000000000000000000000000000000000000000000000000000000000000000000000000001000000000000000000000000000000000]
icmp_ln318_9      (icmp          ) [ 0100000000000000000000000000000000000000000000000000000000000000000000000000000000001000000000000000000000000000000000]
icmp_ln1495_1     (icmp          ) [ 0100000000000000000000000000000000000000000000000000000000000000000000000000000000001000000000000000000000000000000000]
x_l_I_V_54        (add           ) [ 0100000000000000000000000000000000000000000000000000000000000000000000000000000000001000000000000000000000000000000000]
icmp_ln1498_2     (icmp          ) [ 0100000000000000000000000000000000000000000000000000000000000000000000000000000000001000000000000000000000000000000000]
icmp_ln1494_11    (icmp          ) [ 0100000000000000000000000000000000000000000000000000000000000000000000000000000000001000000000000000000000000000000000]
or_ln318_9        (or            ) [ 0000000000000000000000000000000000000000000000000000000000000000000000000000000000000000000000000000000000000000000000]
xor_ln331_1       (xor           ) [ 0000000000000000000000000000000000000000000000000000000000000000000000000000000000000000000000000000000000000000000000]
or_ln331_1        (or            ) [ 0000000000000000000000000000000000000000000000000000000000000000000000000000000000000000000000000000000000000000000000]
xor_ln1495_1      (xor           ) [ 0000000000000000000000000000000000000000000000000000000000000000000000000000000000000000000000000000000000000000000000]
and_ln331_1       (and           ) [ 0000000000000000000000000000000000000000000000000000000000000000000000000000000000000000000000000000000000000000000000]
x_l_I_V_100       (select        ) [ 0100000000000000000000000000000000000000000000000000000000000000000000000000000000000100000000000000000000000000000000]
sub_ln703_3       (sub           ) [ 0100000000000000000000000000000000000000000000000000000000000000000000000000000000000110000000000000000000000000000000]
x_l_FL_V_3        (sub           ) [ 0100000000000000000000000000000000000000000000000000000000000000000000000000000000000100000000000000000000000000000000]
xor_ln1494_9      (xor           ) [ 0000000000000000000000000000000000000000000000000000000000000000000000000000000000000000000000000000000000000000000000]
and_ln318_11      (and           ) [ 0000000000000000000000000000000000000000000000000000000000000000000000000000000000000000000000000000000000000000000000]
and_ln318_12      (and           ) [ 0100000000000000000000000000000000000000000000000000000000000000000000000000000000000111000000000000000000000000000000]
p_Result_67       (bitset        ) [ 0000000000000000000000000000000000000000000000000000000000000000000000000000000000000000000000000000000000000000000000]
res_FH_V_42       (select        ) [ 0100000000000000000000000000000000000000000000000000000000000000000000000000000000000011111000000000000000000000000000]
x_l_FL_V_17       (select        ) [ 0100000000000000000000000000000000000000000000000000000000000000000000000000000000000011111000000000000000000000000000]
x_l_I_V_101       (select        ) [ 0100000000000000000000000000000000000000000000000000000000000000000000000000000000000011111000000000000000000000000000]
tmp_9             (partselect    ) [ 0100000000000000000000000000000000000000000000000000000000000000000000000000000000000010000000000000000000000000000000]
tmp_22            (partselect    ) [ 0100000000000000000000000000000000000000000000000000000000000000000000000000000000000011100000000000000000000000000000]
x_l_FH_V_45       (add           ) [ 0100000000000000000000000000000000000000000000000000000000000000000000000000000000000001000000000000000000000000000000]
mul_FL_V_2        (bitconcatenate) [ 0100000000000000000000000000000000000000000000000000000000000000000000000000000000000001110000000000000000000000000000]
delta_V_2         (icmp          ) [ 0100000000000000000000000000000000000000000000000000000000000000000000000000000000000001110000000000000000000000000000]
x_l_FH_V_46       (select        ) [ 0100000000000000000000000000000000000000000000000000000000000000000000000000000000000000111110000000000000000000000000]
p_neg170          (select        ) [ 0100000000000000000000000000000000000000000000000000000000000000000000000000000000000000110000000000000000000000000000]
mul_FH_V_10       (bitconcatenate) [ 0100000000000000000000000000000000000000000000000000000000000000000000000000000000000000010000000000000000000000000000]
icmp_ln318_10     (icmp          ) [ 0100000000000000000000000000000000000000000000000000000000000000000000000000000000000000010000000000000000000000000000]
icmp_ln1495_2     (icmp          ) [ 0100000000000000000000000000000000000000000000000000000000000000000000000000000000000000010000000000000000000000000000]
x_l_I_V_57        (add           ) [ 0100000000000000000000000000000000000000000000000000000000000000000000000000000000000000010000000000000000000000000000]
icmp_ln1498_3     (icmp          ) [ 0100000000000000000000000000000000000000000000000000000000000000000000000000000000000000010000000000000000000000000000]
icmp_ln1494_12    (icmp          ) [ 0100000000000000000000000000000000000000000000000000000000000000000000000000000000000000010000000000000000000000000000]
or_ln318_10       (or            ) [ 0000000000000000000000000000000000000000000000000000000000000000000000000000000000000000000000000000000000000000000000]
xor_ln331_2       (xor           ) [ 0000000000000000000000000000000000000000000000000000000000000000000000000000000000000000000000000000000000000000000000]
or_ln331_2        (or            ) [ 0000000000000000000000000000000000000000000000000000000000000000000000000000000000000000000000000000000000000000000000]
xor_ln1495_2      (xor           ) [ 0000000000000000000000000000000000000000000000000000000000000000000000000000000000000000000000000000000000000000000000]
and_ln331_2       (and           ) [ 0000000000000000000000000000000000000000000000000000000000000000000000000000000000000000000000000000000000000000000000]
x_l_I_V_102       (select        ) [ 0100000000000000000000000000000000000000000000000000000000000000000000000000000000000000001000000000000000000000000000]
sub_ln703_6       (sub           ) [ 0100000000000000000000000000000000000000000000000000000000000000000000000000000000000000001100000000000000000000000000]
x_l_FL_V_5        (sub           ) [ 0100000000000000000000000000000000000000000000000000000000000000000000000000000000000000001000000000000000000000000000]
xor_ln1494_10     (xor           ) [ 0000000000000000000000000000000000000000000000000000000000000000000000000000000000000000000000000000000000000000000000]
and_ln318_13      (and           ) [ 0000000000000000000000000000000000000000000000000000000000000000000000000000000000000000000000000000000000000000000000]
and_ln318_14      (and           ) [ 0100000000000000000000000000000000000000000000000000000000000000000000000000000000000000001110000000000000000000000000]
p_Result_68       (bitset        ) [ 0000000000000000000000000000000000000000000000000000000000000000000000000000000000000000000000000000000000000000000000]
res_FH_V_43       (select        ) [ 0100000000000000000000000000000000000000000000000000000000000000000000000000000000000000000111110000000000000000000000]
x_l_FL_V_18       (select        ) [ 0100000000000000000000000000000000000000000000000000000000000000000000000000000000000000000111110000000000000000000000]
x_l_I_V_103       (select        ) [ 0100000000000000000000000000000000000000000000000000000000000000000000000000000000000000000111110000000000000000000000]
tmp_10            (partselect    ) [ 0100000000000000000000000000000000000000000000000000000000000000000000000000000000000000000100000000000000000000000000]
tmp_23            (partselect    ) [ 0100000000000000000000000000000000000000000000000000000000000000000000000000000000000000000111000000000000000000000000]
x_l_FH_V_47       (add           ) [ 0100000000000000000000000000000000000000000000000000000000000000000000000000000000000000000010000000000000000000000000]
mul_FL_V_3        (bitconcatenate) [ 0100000000000000000000000000000000000000000000000000000000000000000000000000000000000000000011100000000000000000000000]
delta_V_3         (icmp          ) [ 0100000000000000000000000000000000000000000000000000000000000000000000000000000000000000000011100000000000000000000000]
x_l_FH_V_48       (select        ) [ 0100000000000000000000000000000000000000000000000000000000000000000000000000000000000000000001111100000000000000000000]
p_neg171          (select        ) [ 0100000000000000000000000000000000000000000000000000000000000000000000000000000000000000000001100000000000000000000000]
mul_FH_V_11       (bitconcatenate) [ 0100000000000000000000000000000000000000000000000000000000000000000000000000000000000000000000100000000000000000000000]
icmp_ln318_11     (icmp          ) [ 0100000000000000000000000000000000000000000000000000000000000000000000000000000000000000000000100000000000000000000000]
icmp_ln1495_3     (icmp          ) [ 0100000000000000000000000000000000000000000000000000000000000000000000000000000000000000000000100000000000000000000000]
x_l_I_V_60        (add           ) [ 0100000000000000000000000000000000000000000000000000000000000000000000000000000000000000000000100000000000000000000000]
icmp_ln1498_4     (icmp          ) [ 0100000000000000000000000000000000000000000000000000000000000000000000000000000000000000000000100000000000000000000000]
icmp_ln1494_13    (icmp          ) [ 0100000000000000000000000000000000000000000000000000000000000000000000000000000000000000000000100000000000000000000000]
or_ln318_11       (or            ) [ 0000000000000000000000000000000000000000000000000000000000000000000000000000000000000000000000000000000000000000000000]
xor_ln331_3       (xor           ) [ 0000000000000000000000000000000000000000000000000000000000000000000000000000000000000000000000000000000000000000000000]
or_ln331_3        (or            ) [ 0000000000000000000000000000000000000000000000000000000000000000000000000000000000000000000000000000000000000000000000]
xor_ln1495_3      (xor           ) [ 0000000000000000000000000000000000000000000000000000000000000000000000000000000000000000000000000000000000000000000000]
and_ln331_3       (and           ) [ 0000000000000000000000000000000000000000000000000000000000000000000000000000000000000000000000000000000000000000000000]
x_l_I_V_104       (select        ) [ 0100000000000000000000000000000000000000000000000000000000000000000000000000000000000000000000010000000000000000000000]
sub_ln703_9       (sub           ) [ 0100000000000000000000000000000000000000000000000000000000000000000000000000000000000000000000011000000000000000000000]
x_l_FL_V_7        (sub           ) [ 0100000000000000000000000000000000000000000000000000000000000000000000000000000000000000000000010000000000000000000000]
xor_ln1494_11     (xor           ) [ 0000000000000000000000000000000000000000000000000000000000000000000000000000000000000000000000000000000000000000000000]
and_ln318_15      (and           ) [ 0000000000000000000000000000000000000000000000000000000000000000000000000000000000000000000000000000000000000000000000]
and_ln318_16      (and           ) [ 0100000000000000000000000000000000000000000000000000000000000000000000000000000000000000000000011100000000000000000000]
p_Result_69       (bitset        ) [ 0000000000000000000000000000000000000000000000000000000000000000000000000000000000000000000000000000000000000000000000]
res_FH_V_44       (select        ) [ 0100000000000000000000000000000000000000000000000000000000000000000000000000000000000000000000001111100000000000000000]
x_l_FL_V_19       (select        ) [ 0100000000000000000000000000000000000000000000000000000000000000000000000000000000000000000000001111100000000000000000]
x_l_I_V_105       (select        ) [ 0100000000000000000000000000000000000000000000000000000000000000000000000000000000000000000000001111100000000000000000]
tmp_11            (partselect    ) [ 0100000000000000000000000000000000000000000000000000000000000000000000000000000000000000000000001000000000000000000000]
tmp_24            (partselect    ) [ 0100000000000000000000000000000000000000000000000000000000000000000000000000000000000000000000001110000000000000000000]
x_l_FH_V_49       (add           ) [ 0100000000000000000000000000000000000000000000000000000000000000000000000000000000000000000000000100000000000000000000]
mul_FL_V_4        (bitconcatenate) [ 0100000000000000000000000000000000000000000000000000000000000000000000000000000000000000000000000111000000000000000000]
delta_V_4         (icmp          ) [ 0100000000000000000000000000000000000000000000000000000000000000000000000000000000000000000000000111000000000000000000]
x_l_FH_V_50       (select        ) [ 0100000000000000000000000000000000000000000000000000000000000000000000000000000000000000000000000011111000000000000000]
p_neg172          (select        ) [ 0100000000000000000000000000000000000000000000000000000000000000000000000000000000000000000000000011000000000000000000]
mul_FH_V_12       (bitconcatenate) [ 0100000000000000000000000000000000000000000000000000000000000000000000000000000000000000000000000001000000000000000000]
icmp_ln318_12     (icmp          ) [ 0100000000000000000000000000000000000000000000000000000000000000000000000000000000000000000000000001000000000000000000]
icmp_ln1495_4     (icmp          ) [ 0100000000000000000000000000000000000000000000000000000000000000000000000000000000000000000000000001000000000000000000]
x_l_I_V_63        (add           ) [ 0100000000000000000000000000000000000000000000000000000000000000000000000000000000000000000000000001000000000000000000]
icmp_ln1498_5     (icmp          ) [ 0100000000000000000000000000000000000000000000000000000000000000000000000000000000000000000000000001000000000000000000]
icmp_ln1494_14    (icmp          ) [ 0100000000000000000000000000000000000000000000000000000000000000000000000000000000000000000000000001000000000000000000]
or_ln318_12       (or            ) [ 0000000000000000000000000000000000000000000000000000000000000000000000000000000000000000000000000000000000000000000000]
xor_ln331_4       (xor           ) [ 0000000000000000000000000000000000000000000000000000000000000000000000000000000000000000000000000000000000000000000000]
or_ln331_4        (or            ) [ 0000000000000000000000000000000000000000000000000000000000000000000000000000000000000000000000000000000000000000000000]
xor_ln1495_4      (xor           ) [ 0000000000000000000000000000000000000000000000000000000000000000000000000000000000000000000000000000000000000000000000]
and_ln331_4       (and           ) [ 0000000000000000000000000000000000000000000000000000000000000000000000000000000000000000000000000000000000000000000000]
x_l_I_V_106       (select        ) [ 0100000000000000000000000000000000000000000000000000000000000000000000000000000000000000000000000000100000000000000000]
sub_ln703_12      (sub           ) [ 0100000000000000000000000000000000000000000000000000000000000000000000000000000000000000000000000000110000000000000000]
x_l_FL_V_9        (sub           ) [ 0100000000000000000000000000000000000000000000000000000000000000000000000000000000000000000000000000100000000000000000]
xor_ln1494_12     (xor           ) [ 0000000000000000000000000000000000000000000000000000000000000000000000000000000000000000000000000000000000000000000000]
and_ln318_17      (and           ) [ 0000000000000000000000000000000000000000000000000000000000000000000000000000000000000000000000000000000000000000000000]
and_ln318_18      (and           ) [ 0100000000000000000000000000000000000000000000000000000000000000000000000000000000000000000000000000111000000000000000]
p_Result_70       (bitset        ) [ 0000000000000000000000000000000000000000000000000000000000000000000000000000000000000000000000000000000000000000000000]
res_FH_V_45       (select        ) [ 0100000000000000000000000000000000000000000000000000000000000000000000000000000000000000000000000000011111000000000000]
x_l_FL_V_20       (select        ) [ 0100000000000000000000000000000000000000000000000000000000000000000000000000000000000000000000000000011111000000000000]
x_l_I_V_107       (select        ) [ 0100000000000000000000000000000000000000000000000000000000000000000000000000000000000000000000000000011111000000000000]
tmp_12            (partselect    ) [ 0100000000000000000000000000000000000000000000000000000000000000000000000000000000000000000000000000010000000000000000]
tmp_25            (partselect    ) [ 0100000000000000000000000000000000000000000000000000000000000000000000000000000000000000000000000000011100000000000000]
x_l_FH_V_51       (add           ) [ 0100000000000000000000000000000000000000000000000000000000000000000000000000000000000000000000000000001000000000000000]
mul_FL_V_5        (bitconcatenate) [ 0100000000000000000000000000000000000000000000000000000000000000000000000000000000000000000000000000001110000000000000]
delta_V_5         (icmp          ) [ 0100000000000000000000000000000000000000000000000000000000000000000000000000000000000000000000000000001110000000000000]
x_l_FH_V_52       (select        ) [ 0100000000000000000000000000000000000000000000000000000000000000000000000000000000000000000000000000000111110000000000]
p_neg173          (select        ) [ 0100000000000000000000000000000000000000000000000000000000000000000000000000000000000000000000000000000110000000000000]
mul_FH_V_13       (bitconcatenate) [ 0100000000000000000000000000000000000000000000000000000000000000000000000000000000000000000000000000000010000000000000]
icmp_ln318_13     (icmp          ) [ 0100000000000000000000000000000000000000000000000000000000000000000000000000000000000000000000000000000010000000000000]
icmp_ln1495_5     (icmp          ) [ 0100000000000000000000000000000000000000000000000000000000000000000000000000000000000000000000000000000010000000000000]
x_l_I_V_66        (add           ) [ 0100000000000000000000000000000000000000000000000000000000000000000000000000000000000000000000000000000010000000000000]
icmp_ln1498_6     (icmp          ) [ 0100000000000000000000000000000000000000000000000000000000000000000000000000000000000000000000000000000010000000000000]
icmp_ln1494_15    (icmp          ) [ 0100000000000000000000000000000000000000000000000000000000000000000000000000000000000000000000000000000010000000000000]
or_ln318_13       (or            ) [ 0000000000000000000000000000000000000000000000000000000000000000000000000000000000000000000000000000000000000000000000]
xor_ln331_5       (xor           ) [ 0000000000000000000000000000000000000000000000000000000000000000000000000000000000000000000000000000000000000000000000]
or_ln331_5        (or            ) [ 0000000000000000000000000000000000000000000000000000000000000000000000000000000000000000000000000000000000000000000000]
xor_ln1495_5      (xor           ) [ 0000000000000000000000000000000000000000000000000000000000000000000000000000000000000000000000000000000000000000000000]
and_ln331_5       (and           ) [ 0000000000000000000000000000000000000000000000000000000000000000000000000000000000000000000000000000000000000000000000]
x_l_I_V_108       (select        ) [ 0100000000000000000000000000000000000000000000000000000000000000000000000000000000000000000000000000000001000000000000]
sub_ln703_15      (sub           ) [ 0100000000000000000000000000000000000000000000000000000000000000000000000000000000000000000000000000000001100000000000]
x_l_FL_V_11       (sub           ) [ 0100000000000000000000000000000000000000000000000000000000000000000000000000000000000000000000000000000001000000000000]
xor_ln1494_13     (xor           ) [ 0000000000000000000000000000000000000000000000000000000000000000000000000000000000000000000000000000000000000000000000]
and_ln318_19      (and           ) [ 0000000000000000000000000000000000000000000000000000000000000000000000000000000000000000000000000000000000000000000000]
and_ln318_20      (and           ) [ 0100000000000000000000000000000000000000000000000000000000000000000000000000000000000000000000000000000001110000000000]
p_Result_71       (bitset        ) [ 0000000000000000000000000000000000000000000000000000000000000000000000000000000000000000000000000000000000000000000000]
res_FH_V_46       (select        ) [ 0100000000000000000000000000000000000000000000000000000000000000000000000000000000000000000000000000000000111110000000]
x_l_FL_V_21       (select        ) [ 0100000000000000000000000000000000000000000000000000000000000000000000000000000000000000000000000000000000111111000000]
x_l_I_V_109       (select        ) [ 0100000000000000000000000000000000000000000000000000000000000000000000000000000000000000000000000000000000111110000000]
tmp_13            (partselect    ) [ 0100000000000000000000000000000000000000000000000000000000000000000000000000000000000000000000000000000000100000000000]
tmp_26            (partselect    ) [ 0100000000000000000000000000000000000000000000000000000000000000000000000000000000000000000000000000000000111000000000]
x_l_FH_V_53       (add           ) [ 0100000000000000000000000000000000000000000000000000000000000000000000000000000000000000000000000000000000010000000000]
mul_FL_V_6        (bitconcatenate) [ 0100000000000000000000000000000000000000000000000000000000000000000000000000000000000000000000000000000000011110000000]
delta_V_6         (icmp          ) [ 0100000000000000000000000000000000000000000000000000000000000000000000000000000000000000000000000000000000011100000000]
x_l_FH_V_54       (select        ) [ 0100000000000000000000000000000000000000000000000000000000000000000000000000000000000000000000000000000000001111100000]
p_neg174          (select        ) [ 0100000000000000000000000000000000000000000000000000000000000000000000000000000000000000000000000000000000001100000000]
mul_FH_V_14       (bitconcatenate) [ 0100000000000000000000000000000000000000000000000000000000000000000000000000000000000000000000000000000000000100000000]
icmp_ln318_14     (icmp          ) [ 0100000000000000000000000000000000000000000000000000000000000000000000000000000000000000000000000000000000000100000000]
icmp_ln1495_6     (icmp          ) [ 0100000000000000000000000000000000000000000000000000000000000000000000000000000000000000000000000000000000000100000000]
x_l_I_V_69        (add           ) [ 0100000000000000000000000000000000000000000000000000000000000000000000000000000000000000000000000000000000000100000000]
icmp_ln1498_7     (icmp          ) [ 0100000000000000000000000000000000000000000000000000000000000000000000000000000000000000000000000000000000000100000000]
icmp_ln1494_16    (icmp          ) [ 0100000000000000000000000000000000000000000000000000000000000000000000000000000000000000000000000000000000000100000000]
or_ln318_14       (or            ) [ 0000000000000000000000000000000000000000000000000000000000000000000000000000000000000000000000000000000000000000000000]
xor_ln331_6       (xor           ) [ 0000000000000000000000000000000000000000000000000000000000000000000000000000000000000000000000000000000000000000000000]
or_ln331_6        (or            ) [ 0000000000000000000000000000000000000000000000000000000000000000000000000000000000000000000000000000000000000000000000]
xor_ln1495_6      (xor           ) [ 0000000000000000000000000000000000000000000000000000000000000000000000000000000000000000000000000000000000000000000000]
and_ln331_6       (and           ) [ 0000000000000000000000000000000000000000000000000000000000000000000000000000000000000000000000000000000000000000000000]
x_l_I_V_110       (select        ) [ 0100000000000000000000000000000000000000000000000000000000000000000000000000000000000000000000000000000000000010000000]
sub_ln703_18      (sub           ) [ 0100000000000000000000000000000000000000000000000000000000000000000000000000000000000000000000000000000000000011000000]
xor_ln1494_14     (xor           ) [ 0000000000000000000000000000000000000000000000000000000000000000000000000000000000000000000000000000000000000000000000]
and_ln318_21      (and           ) [ 0000000000000000000000000000000000000000000000000000000000000000000000000000000000000000000000000000000000000000000000]
and_ln318_22      (and           ) [ 0100000000000000000000000000000000000000000000000000000000000000000000000000000000000000000000000000000000000011100000]
x_l_FL_V_13       (sub           ) [ 0100000000000000000000000000000000000000000000000000000000000000000000000000000000000000000000000000000000000001000000]
p_Result_72       (bitset        ) [ 0000000000000000000000000000000000000000000000000000000000000000000000000000000000000000000000000000000000000000000000]
res_FH_V_47       (select        ) [ 0100000000000000000000000000000000000000000000000000000000000000000000000000000000000000000000000000000000000001111000]
x_l_I_V_111       (select        ) [ 0000000000000000000000000000000000000000000000000000000000000000000000000000000000000000000000000000000000000000000000]
tmp_56            (bitselect     ) [ 0100000000000000000000000000000000000000000000000000000000000000000000000000000000000000000000000000000000000001110000]
icmp_ln1498_8     (icmp          ) [ 0100000000000000000000000000000000000000000000000000000000000000000000000000000000000000000000000000000000000001111000]
x_l_FH_V_55       (add           ) [ 0100000000000000000000000000000000000000000000000000000000000000000000000000000000000000000000000000000000000000100000]
x_l_FL_V_14       (select        ) [ 0000000000000000000000000000000000000000000000000000000000000000000000000000000000000000000000000000000000000000000000]
trunc_ln104_7     (trunc         ) [ 0000000000000000000000000000000000000000000000000000000000000000000000000000000000000000000000000000000000000000000000]
mul_FL_V_7        (bitconcatenate) [ 0000000000000000000000000000000000000000000000000000000000000000000000000000000000000000000000000000000000000000000000]
icmp_ln1496       (icmp          ) [ 0100000000000000000000000000000000000000000000000000000000000000000000000000000000000000000000000000000000000000111000]
x_l_FH_V_56       (select        ) [ 0100000000000000000000000000000000000000000000000000000000000000000000000000000000000000000000000000000000000000010000]
mul_FH_V_15       (bitconcatenate) [ 0000000000000000000000000000000000000000000000000000000000000000000000000000000000000000000000000000000000000000000000]
icmp_ln318_15     (icmp          ) [ 0100000000000000000000000000000000000000000000000000000000000000000000000000000000000000000000000000000000000000001000]
icmp_ln1494_17    (icmp          ) [ 0100000000000000000000000000000000000000000000000000000000000000000000000000000000000000000000000000000000000000001000]
or_ln318_15       (or            ) [ 0000000000000000000000000000000000000000000000000000000000000000000000000000000000000000000000000000000000000000000000]
p_Result_73       (bitset        ) [ 0000000000000000000000000000000000000000000000000000000000000000000000000000000000000000000000000000000000000000000000]
xor_ln1494_15     (xor           ) [ 0000000000000000000000000000000000000000000000000000000000000000000000000000000000000000000000000000000000000000000000]
and_ln318_23      (and           ) [ 0000000000000000000000000000000000000000000000000000000000000000000000000000000000000000000000000000000000000000000000]
and_ln318_24      (and           ) [ 0000000000000000000000000000000000000000000000000000000000000000000000000000000000000000000000000000000000000000000000]
res_FH_V_31       (select        ) [ 0100000000000000000000000000000000000000000000000000000000000000000000000000000000000000000000000000000000000000000110]
zext_ln703        (zext          ) [ 0100000000000000000000000000000000000000000000000000000000000000000000000000000000000000000000000000000000000000000010]
res_FH_l_V        (add           ) [ 0100000000000000000000000000000000000000000000000000000000000000000000000000000000000000000000000000000000000000000001]
res_FH_V_48       (add           ) [ 0100000000000000000000000000000000000000000000000000000000000000000000000000000000000000000000000000000000000000000001]
res_I_V_14        (add           ) [ 0100000000000000000000000000000000000000000000000000000000000000000000000000000000000000000000000000000000000000000001]
specpipeline_ln42 (specpipeline  ) [ 0000000000000000000000000000000000000000000000000000000000000000000000000000000000000000000000000000000000000000000000]
p_Result_s        (bitselect     ) [ 0000000000000000000000000000000000000000000000000000000000000000000000000000000000000000000000000000000000000000000000]
p_Result_40       (bitselect     ) [ 0000000000000000000000000000000000000000000000000000000000000000000000000000000000000000000000000000000000000000000000]
res_I_V_23        (select        ) [ 0000000000000000000000000000000000000000000000000000000000000000000000000000000000000000000000000000000000000000000000]
tmp_27            (partselect    ) [ 0000000000000000000000000000000000000000000000000000000000000000000000000000000000000000000000000000000000000000000000]
trunc_ln9         (bitconcatenate) [ 0000000000000000000000000000000000000000000000000000000000000000000000000000000000000000000000000000000000000000000000]
select_ln99       (select        ) [ 0000000000000000000000000000000000000000000000000000000000000000000000000000000000000000000000000000000000000000000000]
ret_ln372         (ret           ) [ 0000000000000000000000000000000000000000000000000000000000000000000000000000000000000000000000000000000000000000000000]
</LifeTime>

<model>

<comp_list>
<comp id="0" class="1000" name="x">
<pin_list>
<pin id="1" dir="1" index="0" bw="1" slack="0"/>
</pin_list>
<bind>
<StgValue><ssdm name="x"/></StgValue>
</bind>
</comp>

<comp id="2" class="1001" name="const_2">
<pin_list>
<pin id="3" dir="1" index="0" bw="1" slack="0"/>
</pin_list>
<bind>
<StgValue><ssdm name="_ssdm_op_Read.ap_auto.i32"/></StgValue>
</bind>
</comp>

<comp id="4" class="1001" name="const_4">
<pin_list>
<pin id="5" dir="1" index="0" bw="1" slack="0"/>
</pin_list>
<bind>
<StgValue><ssdm name="_ssdm_op_PartSelect.i16.i32.i32.i32"/></StgValue>
</bind>
</comp>

<comp id="6" class="1001" name="const_6">
<pin_list>
<pin id="7" dir="1" index="0" bw="1" slack="0"/>
</pin_list>
<bind>
<StgValue><ssdm name=""/></StgValue>
</bind>
</comp>

<comp id="8" class="1001" name="const_8">
<pin_list>
<pin id="9" dir="1" index="0" bw="1" slack="0"/>
</pin_list>
<bind>
<StgValue><ssdm name=""/></StgValue>
</bind>
</comp>

<comp id="10" class="1001" name="const_10">
<pin_list>
<pin id="11" dir="1" index="0" bw="1" slack="0"/>
</pin_list>
<bind>
<StgValue><ssdm name="_ssdm_op_PartSelect.i2.i32.i32.i32"/></StgValue>
</bind>
</comp>

<comp id="12" class="1001" name="const_12">
<pin_list>
<pin id="13" dir="1" index="0" bw="1" slack="0"/>
</pin_list>
<bind>
<StgValue><ssdm name=""/></StgValue>
</bind>
</comp>

<comp id="14" class="1001" name="const_14">
<pin_list>
<pin id="15" dir="1" index="0" bw="1" slack="0"/>
</pin_list>
<bind>
<StgValue><ssdm name=""/></StgValue>
</bind>
</comp>

<comp id="16" class="1001" name="const_16">
<pin_list>
<pin id="17" dir="1" index="0" bw="1" slack="0"/>
</pin_list>
<bind>
<StgValue><ssdm name=""/></StgValue>
</bind>
</comp>

<comp id="18" class="1001" name="const_18">
<pin_list>
<pin id="19" dir="1" index="0" bw="1" slack="0"/>
</pin_list>
<bind>
<StgValue><ssdm name=""/></StgValue>
</bind>
</comp>

<comp id="20" class="1001" name="const_20">
<pin_list>
<pin id="21" dir="1" index="0" bw="1" slack="0"/>
</pin_list>
<bind>
<StgValue><ssdm name=""/></StgValue>
</bind>
</comp>

<comp id="22" class="1001" name="const_22">
<pin_list>
<pin id="23" dir="1" index="0" bw="1" slack="0"/>
</pin_list>
<bind>
<StgValue><ssdm name="llvm.part.set.i19.i3"/></StgValue>
</bind>
</comp>

<comp id="24" class="1001" name="const_24">
<pin_list>
<pin id="25" dir="1" index="0" bw="1" slack="0"/>
</pin_list>
<bind>
<StgValue><ssdm name=""/></StgValue>
</bind>
</comp>

<comp id="26" class="1001" name="const_26">
<pin_list>
<pin id="27" dir="1" index="0" bw="1" slack="0"/>
</pin_list>
<bind>
<StgValue><ssdm name=""/></StgValue>
</bind>
</comp>

<comp id="28" class="1001" name="const_28">
<pin_list>
<pin id="29" dir="1" index="0" bw="1" slack="0"/>
</pin_list>
<bind>
<StgValue><ssdm name="_ssdm_op_PartSelect.i2.i8.i32.i32"/></StgValue>
</bind>
</comp>

<comp id="30" class="1001" name="const_30">
<pin_list>
<pin id="31" dir="1" index="0" bw="1" slack="0"/>
</pin_list>
<bind>
<StgValue><ssdm name=""/></StgValue>
</bind>
</comp>

<comp id="32" class="1001" name="const_32">
<pin_list>
<pin id="33" dir="1" index="0" bw="1" slack="0"/>
</pin_list>
<bind>
<StgValue><ssdm name=""/></StgValue>
</bind>
</comp>

<comp id="34" class="1001" name="const_34">
<pin_list>
<pin id="35" dir="1" index="0" bw="1" slack="0"/>
</pin_list>
<bind>
<StgValue><ssdm name="_ssdm_op_PartSelect.i4.i19.i32.i32"/></StgValue>
</bind>
</comp>

<comp id="36" class="1001" name="const_36">
<pin_list>
<pin id="37" dir="1" index="0" bw="1" slack="0"/>
</pin_list>
<bind>
<StgValue><ssdm name=""/></StgValue>
</bind>
</comp>

<comp id="38" class="1001" name="const_38">
<pin_list>
<pin id="39" dir="1" index="0" bw="1" slack="0"/>
</pin_list>
<bind>
<StgValue><ssdm name="_ssdm_op_BitConcatenate.i3.i2.i1"/></StgValue>
</bind>
</comp>

<comp id="40" class="1001" name="const_40">
<pin_list>
<pin id="41" dir="1" index="0" bw="1" slack="0"/>
</pin_list>
<bind>
<StgValue><ssdm name=""/></StgValue>
</bind>
</comp>

<comp id="42" class="1001" name="const_42">
<pin_list>
<pin id="43" dir="1" index="0" bw="1" slack="0"/>
</pin_list>
<bind>
<StgValue><ssdm name="llvm.part.set.i19.i4"/></StgValue>
</bind>
</comp>

<comp id="44" class="1001" name="const_44">
<pin_list>
<pin id="45" dir="1" index="0" bw="1" slack="0"/>
</pin_list>
<bind>
<StgValue><ssdm name="_ssdm_op_BitSet.i8.i8.i32.i1"/></StgValue>
</bind>
</comp>

<comp id="46" class="1001" name="const_46">
<pin_list>
<pin id="47" dir="1" index="0" bw="1" slack="0"/>
</pin_list>
<bind>
<StgValue><ssdm name="_ssdm_op_PartSelect.i3.i8.i32.i32"/></StgValue>
</bind>
</comp>

<comp id="48" class="1001" name="const_48">
<pin_list>
<pin id="49" dir="1" index="0" bw="1" slack="0"/>
</pin_list>
<bind>
<StgValue><ssdm name=""/></StgValue>
</bind>
</comp>

<comp id="50" class="1001" name="const_50">
<pin_list>
<pin id="51" dir="1" index="0" bw="1" slack="0"/>
</pin_list>
<bind>
<StgValue><ssdm name="_ssdm_op_PartSelect.i5.i19.i32.i32"/></StgValue>
</bind>
</comp>

<comp id="52" class="1001" name="const_52">
<pin_list>
<pin id="53" dir="1" index="0" bw="1" slack="0"/>
</pin_list>
<bind>
<StgValue><ssdm name=""/></StgValue>
</bind>
</comp>

<comp id="54" class="1001" name="const_54">
<pin_list>
<pin id="55" dir="1" index="0" bw="1" slack="0"/>
</pin_list>
<bind>
<StgValue><ssdm name="_ssdm_op_BitConcatenate.i4.i3.i1"/></StgValue>
</bind>
</comp>

<comp id="56" class="1001" name="const_56">
<pin_list>
<pin id="57" dir="1" index="0" bw="1" slack="0"/>
</pin_list>
<bind>
<StgValue><ssdm name="llvm.part.set.i19.i5"/></StgValue>
</bind>
</comp>

<comp id="58" class="1001" name="const_58">
<pin_list>
<pin id="59" dir="1" index="0" bw="1" slack="0"/>
</pin_list>
<bind>
<StgValue><ssdm name="_ssdm_op_PartSelect.i4.i8.i32.i32"/></StgValue>
</bind>
</comp>

<comp id="60" class="1001" name="const_60">
<pin_list>
<pin id="61" dir="1" index="0" bw="1" slack="0"/>
</pin_list>
<bind>
<StgValue><ssdm name=""/></StgValue>
</bind>
</comp>

<comp id="62" class="1001" name="const_62">
<pin_list>
<pin id="63" dir="1" index="0" bw="1" slack="0"/>
</pin_list>
<bind>
<StgValue><ssdm name="_ssdm_op_PartSelect.i6.i19.i32.i32"/></StgValue>
</bind>
</comp>

<comp id="64" class="1001" name="const_64">
<pin_list>
<pin id="65" dir="1" index="0" bw="1" slack="0"/>
</pin_list>
<bind>
<StgValue><ssdm name=""/></StgValue>
</bind>
</comp>

<comp id="66" class="1001" name="const_66">
<pin_list>
<pin id="67" dir="1" index="0" bw="1" slack="0"/>
</pin_list>
<bind>
<StgValue><ssdm name=""/></StgValue>
</bind>
</comp>

<comp id="68" class="1001" name="const_68">
<pin_list>
<pin id="69" dir="1" index="0" bw="1" slack="0"/>
</pin_list>
<bind>
<StgValue><ssdm name="_ssdm_op_BitConcatenate.i5.i4.i1"/></StgValue>
</bind>
</comp>

<comp id="70" class="1001" name="const_70">
<pin_list>
<pin id="71" dir="1" index="0" bw="1" slack="0"/>
</pin_list>
<bind>
<StgValue><ssdm name="llvm.part.set.i19.i6"/></StgValue>
</bind>
</comp>

<comp id="72" class="1001" name="const_72">
<pin_list>
<pin id="73" dir="1" index="0" bw="1" slack="0"/>
</pin_list>
<bind>
<StgValue><ssdm name="_ssdm_op_PartSelect.i5.i8.i32.i32"/></StgValue>
</bind>
</comp>

<comp id="74" class="1001" name="const_74">
<pin_list>
<pin id="75" dir="1" index="0" bw="1" slack="0"/>
</pin_list>
<bind>
<StgValue><ssdm name=""/></StgValue>
</bind>
</comp>

<comp id="76" class="1001" name="const_76">
<pin_list>
<pin id="77" dir="1" index="0" bw="1" slack="0"/>
</pin_list>
<bind>
<StgValue><ssdm name="_ssdm_op_PartSelect.i7.i19.i32.i32"/></StgValue>
</bind>
</comp>

<comp id="78" class="1001" name="const_78">
<pin_list>
<pin id="79" dir="1" index="0" bw="1" slack="0"/>
</pin_list>
<bind>
<StgValue><ssdm name="_ssdm_op_BitConcatenate.i6.i5.i1"/></StgValue>
</bind>
</comp>

<comp id="80" class="1001" name="const_80">
<pin_list>
<pin id="81" dir="1" index="0" bw="1" slack="0"/>
</pin_list>
<bind>
<StgValue><ssdm name="llvm.part.set.i19.i7"/></StgValue>
</bind>
</comp>

<comp id="82" class="1001" name="const_82">
<pin_list>
<pin id="83" dir="1" index="0" bw="1" slack="0"/>
</pin_list>
<bind>
<StgValue><ssdm name="_ssdm_op_PartSelect.i6.i8.i32.i32"/></StgValue>
</bind>
</comp>

<comp id="84" class="1001" name="const_84">
<pin_list>
<pin id="85" dir="1" index="0" bw="1" slack="0"/>
</pin_list>
<bind>
<StgValue><ssdm name=""/></StgValue>
</bind>
</comp>

<comp id="86" class="1001" name="const_86">
<pin_list>
<pin id="87" dir="1" index="0" bw="1" slack="0"/>
</pin_list>
<bind>
<StgValue><ssdm name="_ssdm_op_PartSelect.i8.i19.i32.i32"/></StgValue>
</bind>
</comp>

<comp id="88" class="1001" name="const_88">
<pin_list>
<pin id="89" dir="1" index="0" bw="1" slack="0"/>
</pin_list>
<bind>
<StgValue><ssdm name=""/></StgValue>
</bind>
</comp>

<comp id="90" class="1001" name="const_90">
<pin_list>
<pin id="91" dir="1" index="0" bw="1" slack="0"/>
</pin_list>
<bind>
<StgValue><ssdm name="_ssdm_op_BitConcatenate.i7.i6.i1"/></StgValue>
</bind>
</comp>

<comp id="92" class="1001" name="const_92">
<pin_list>
<pin id="93" dir="1" index="0" bw="1" slack="0"/>
</pin_list>
<bind>
<StgValue><ssdm name="llvm.part.set.i19.i8"/></StgValue>
</bind>
</comp>

<comp id="94" class="1001" name="const_94">
<pin_list>
<pin id="95" dir="1" index="0" bw="1" slack="0"/>
</pin_list>
<bind>
<StgValue><ssdm name="_ssdm_op_PartSelect.i7.i8.i32.i32"/></StgValue>
</bind>
</comp>

<comp id="96" class="1001" name="const_96">
<pin_list>
<pin id="97" dir="1" index="0" bw="1" slack="0"/>
</pin_list>
<bind>
<StgValue><ssdm name=""/></StgValue>
</bind>
</comp>

<comp id="98" class="1001" name="const_98">
<pin_list>
<pin id="99" dir="1" index="0" bw="1" slack="0"/>
</pin_list>
<bind>
<StgValue><ssdm name="_ssdm_op_PartSelect.i9.i19.i32.i32"/></StgValue>
</bind>
</comp>

<comp id="100" class="1001" name="const_100">
<pin_list>
<pin id="101" dir="1" index="0" bw="1" slack="0"/>
</pin_list>
<bind>
<StgValue><ssdm name="_ssdm_op_BitConcatenate.i8.i7.i1"/></StgValue>
</bind>
</comp>

<comp id="102" class="1001" name="const_102">
<pin_list>
<pin id="103" dir="1" index="0" bw="1" slack="0"/>
</pin_list>
<bind>
<StgValue><ssdm name="llvm.part.set.i19.i9"/></StgValue>
</bind>
</comp>

<comp id="104" class="1001" name="const_104">
<pin_list>
<pin id="105" dir="1" index="0" bw="1" slack="0"/>
</pin_list>
<bind>
<StgValue><ssdm name="_ssdm_op_BitConcatenate.i9.i8.i1"/></StgValue>
</bind>
</comp>

<comp id="106" class="1001" name="const_106">
<pin_list>
<pin id="107" dir="1" index="0" bw="1" slack="0"/>
</pin_list>
<bind>
<StgValue><ssdm name="llvm.part.set.i19.i10"/></StgValue>
</bind>
</comp>

<comp id="108" class="1001" name="const_108">
<pin_list>
<pin id="109" dir="1" index="0" bw="1" slack="0"/>
</pin_list>
<bind>
<StgValue><ssdm name=""/></StgValue>
</bind>
</comp>

<comp id="110" class="1001" name="const_110">
<pin_list>
<pin id="111" dir="1" index="0" bw="1" slack="0"/>
</pin_list>
<bind>
<StgValue><ssdm name=""/></StgValue>
</bind>
</comp>

<comp id="112" class="1001" name="const_112">
<pin_list>
<pin id="113" dir="1" index="0" bw="1" slack="0"/>
</pin_list>
<bind>
<StgValue><ssdm name=""/></StgValue>
</bind>
</comp>

<comp id="114" class="1001" name="const_114">
<pin_list>
<pin id="115" dir="1" index="0" bw="1" slack="0"/>
</pin_list>
<bind>
<StgValue><ssdm name="_ssdm_op_BitSelect.i1.i8.i32"/></StgValue>
</bind>
</comp>

<comp id="116" class="1001" name="const_116">
<pin_list>
<pin id="117" dir="1" index="0" bw="1" slack="0"/>
</pin_list>
<bind>
<StgValue><ssdm name="_ssdm_op_BitConcatenate.i17.i9.i8"/></StgValue>
</bind>
</comp>

<comp id="118" class="1001" name="const_118">
<pin_list>
<pin id="119" dir="1" index="0" bw="1" slack="0"/>
</pin_list>
<bind>
<StgValue><ssdm name=""/></StgValue>
</bind>
</comp>

<comp id="120" class="1001" name="const_120">
<pin_list>
<pin id="121" dir="1" index="0" bw="1" slack="0"/>
</pin_list>
<bind>
<StgValue><ssdm name="_ssdm_op_BitConcatenate.i17.i16.i1"/></StgValue>
</bind>
</comp>

<comp id="122" class="1001" name="const_122">
<pin_list>
<pin id="123" dir="1" index="0" bw="1" slack="0"/>
</pin_list>
<bind>
<StgValue><ssdm name=""/></StgValue>
</bind>
</comp>

<comp id="124" class="1001" name="const_124">
<pin_list>
<pin id="125" dir="1" index="0" bw="1" slack="0"/>
</pin_list>
<bind>
<StgValue><ssdm name=""/></StgValue>
</bind>
</comp>

<comp id="126" class="1001" name="const_126">
<pin_list>
<pin id="127" dir="1" index="0" bw="1" slack="0"/>
</pin_list>
<bind>
<StgValue><ssdm name=""/></StgValue>
</bind>
</comp>

<comp id="128" class="1001" name="const_128">
<pin_list>
<pin id="129" dir="1" index="0" bw="1" slack="0"/>
</pin_list>
<bind>
<StgValue><ssdm name=""/></StgValue>
</bind>
</comp>

<comp id="130" class="1001" name="const_130">
<pin_list>
<pin id="131" dir="1" index="0" bw="1" slack="0"/>
</pin_list>
<bind>
<StgValue><ssdm name="_ssdm_op_PartSelect.i2.i17.i32.i32"/></StgValue>
</bind>
</comp>

<comp id="132" class="1001" name="const_132">
<pin_list>
<pin id="133" dir="1" index="0" bw="1" slack="0"/>
</pin_list>
<bind>
<StgValue><ssdm name="_ssdm_op_BitConcatenate.i17.i1.i2.i14"/></StgValue>
</bind>
</comp>

<comp id="134" class="1001" name="const_134">
<pin_list>
<pin id="135" dir="1" index="0" bw="1" slack="0"/>
</pin_list>
<bind>
<StgValue><ssdm name=""/></StgValue>
</bind>
</comp>

<comp id="136" class="1001" name="const_136">
<pin_list>
<pin id="137" dir="1" index="0" bw="1" slack="0"/>
</pin_list>
<bind>
<StgValue><ssdm name="_ssdm_op_BitConcatenate.i17.i10.i7"/></StgValue>
</bind>
</comp>

<comp id="138" class="1001" name="const_138">
<pin_list>
<pin id="139" dir="1" index="0" bw="1" slack="0"/>
</pin_list>
<bind>
<StgValue><ssdm name=""/></StgValue>
</bind>
</comp>

<comp id="140" class="1001" name="const_140">
<pin_list>
<pin id="141" dir="1" index="0" bw="1" slack="0"/>
</pin_list>
<bind>
<StgValue><ssdm name="_ssdm_op_BitSet.i17.i17.i32.i1"/></StgValue>
</bind>
</comp>

<comp id="142" class="1001" name="const_142">
<pin_list>
<pin id="143" dir="1" index="0" bw="1" slack="0"/>
</pin_list>
<bind>
<StgValue><ssdm name="_ssdm_op_PartSelect.i3.i17.i32.i32"/></StgValue>
</bind>
</comp>

<comp id="144" class="1001" name="const_144">
<pin_list>
<pin id="145" dir="1" index="0" bw="1" slack="0"/>
</pin_list>
<bind>
<StgValue><ssdm name="_ssdm_op_BitConcatenate.i17.i2.i3.i12"/></StgValue>
</bind>
</comp>

<comp id="146" class="1001" name="const_146">
<pin_list>
<pin id="147" dir="1" index="0" bw="1" slack="0"/>
</pin_list>
<bind>
<StgValue><ssdm name=""/></StgValue>
</bind>
</comp>

<comp id="148" class="1001" name="const_148">
<pin_list>
<pin id="149" dir="1" index="0" bw="1" slack="0"/>
</pin_list>
<bind>
<StgValue><ssdm name="_ssdm_op_BitConcatenate.i17.i11.i6"/></StgValue>
</bind>
</comp>

<comp id="150" class="1001" name="const_150">
<pin_list>
<pin id="151" dir="1" index="0" bw="1" slack="0"/>
</pin_list>
<bind>
<StgValue><ssdm name=""/></StgValue>
</bind>
</comp>

<comp id="152" class="1001" name="const_152">
<pin_list>
<pin id="153" dir="1" index="0" bw="1" slack="0"/>
</pin_list>
<bind>
<StgValue><ssdm name="_ssdm_op_PartSelect.i4.i17.i32.i32"/></StgValue>
</bind>
</comp>

<comp id="154" class="1001" name="const_154">
<pin_list>
<pin id="155" dir="1" index="0" bw="1" slack="0"/>
</pin_list>
<bind>
<StgValue><ssdm name="_ssdm_op_BitConcatenate.i17.i3.i4.i10"/></StgValue>
</bind>
</comp>

<comp id="156" class="1001" name="const_156">
<pin_list>
<pin id="157" dir="1" index="0" bw="1" slack="0"/>
</pin_list>
<bind>
<StgValue><ssdm name=""/></StgValue>
</bind>
</comp>

<comp id="158" class="1001" name="const_158">
<pin_list>
<pin id="159" dir="1" index="0" bw="1" slack="0"/>
</pin_list>
<bind>
<StgValue><ssdm name="_ssdm_op_BitConcatenate.i17.i12.i5"/></StgValue>
</bind>
</comp>

<comp id="160" class="1001" name="const_160">
<pin_list>
<pin id="161" dir="1" index="0" bw="1" slack="0"/>
</pin_list>
<bind>
<StgValue><ssdm name=""/></StgValue>
</bind>
</comp>

<comp id="162" class="1001" name="const_162">
<pin_list>
<pin id="163" dir="1" index="0" bw="1" slack="0"/>
</pin_list>
<bind>
<StgValue><ssdm name="_ssdm_op_PartSelect.i5.i17.i32.i32"/></StgValue>
</bind>
</comp>

<comp id="164" class="1001" name="const_164">
<pin_list>
<pin id="165" dir="1" index="0" bw="1" slack="0"/>
</pin_list>
<bind>
<StgValue><ssdm name="_ssdm_op_BitConcatenate.i17.i4.i5.i8"/></StgValue>
</bind>
</comp>

<comp id="166" class="1001" name="const_166">
<pin_list>
<pin id="167" dir="1" index="0" bw="1" slack="0"/>
</pin_list>
<bind>
<StgValue><ssdm name="_ssdm_op_BitConcatenate.i17.i13.i4"/></StgValue>
</bind>
</comp>

<comp id="168" class="1001" name="const_168">
<pin_list>
<pin id="169" dir="1" index="0" bw="1" slack="0"/>
</pin_list>
<bind>
<StgValue><ssdm name=""/></StgValue>
</bind>
</comp>

<comp id="170" class="1001" name="const_170">
<pin_list>
<pin id="171" dir="1" index="0" bw="1" slack="0"/>
</pin_list>
<bind>
<StgValue><ssdm name="_ssdm_op_PartSelect.i6.i17.i32.i32"/></StgValue>
</bind>
</comp>

<comp id="172" class="1001" name="const_172">
<pin_list>
<pin id="173" dir="1" index="0" bw="1" slack="0"/>
</pin_list>
<bind>
<StgValue><ssdm name="_ssdm_op_BitConcatenate.i17.i5.i6.i6"/></StgValue>
</bind>
</comp>

<comp id="174" class="1001" name="const_174">
<pin_list>
<pin id="175" dir="1" index="0" bw="1" slack="0"/>
</pin_list>
<bind>
<StgValue><ssdm name=""/></StgValue>
</bind>
</comp>

<comp id="176" class="1001" name="const_176">
<pin_list>
<pin id="177" dir="1" index="0" bw="1" slack="0"/>
</pin_list>
<bind>
<StgValue><ssdm name="_ssdm_op_BitConcatenate.i17.i14.i3"/></StgValue>
</bind>
</comp>

<comp id="178" class="1001" name="const_178">
<pin_list>
<pin id="179" dir="1" index="0" bw="1" slack="0"/>
</pin_list>
<bind>
<StgValue><ssdm name=""/></StgValue>
</bind>
</comp>

<comp id="180" class="1001" name="const_180">
<pin_list>
<pin id="181" dir="1" index="0" bw="1" slack="0"/>
</pin_list>
<bind>
<StgValue><ssdm name="_ssdm_op_PartSelect.i7.i17.i32.i32"/></StgValue>
</bind>
</comp>

<comp id="182" class="1001" name="const_182">
<pin_list>
<pin id="183" dir="1" index="0" bw="1" slack="0"/>
</pin_list>
<bind>
<StgValue><ssdm name="_ssdm_op_BitConcatenate.i17.i6.i7.i4"/></StgValue>
</bind>
</comp>

<comp id="184" class="1001" name="const_184">
<pin_list>
<pin id="185" dir="1" index="0" bw="1" slack="0"/>
</pin_list>
<bind>
<StgValue><ssdm name=""/></StgValue>
</bind>
</comp>

<comp id="186" class="1001" name="const_186">
<pin_list>
<pin id="187" dir="1" index="0" bw="1" slack="0"/>
</pin_list>
<bind>
<StgValue><ssdm name="_ssdm_op_BitConcatenate.i17.i15.i2"/></StgValue>
</bind>
</comp>

<comp id="188" class="1001" name="const_188">
<pin_list>
<pin id="189" dir="1" index="0" bw="1" slack="0"/>
</pin_list>
<bind>
<StgValue><ssdm name=""/></StgValue>
</bind>
</comp>

<comp id="190" class="1001" name="const_190">
<pin_list>
<pin id="191" dir="1" index="0" bw="1" slack="0"/>
</pin_list>
<bind>
<StgValue><ssdm name="_ssdm_op_PartSelect.i8.i17.i32.i32"/></StgValue>
</bind>
</comp>

<comp id="192" class="1001" name="const_192">
<pin_list>
<pin id="193" dir="1" index="0" bw="1" slack="0"/>
</pin_list>
<bind>
<StgValue><ssdm name="_ssdm_op_BitConcatenate.i17.i7.i8.i2"/></StgValue>
</bind>
</comp>

<comp id="194" class="1001" name="const_194">
<pin_list>
<pin id="195" dir="1" index="0" bw="1" slack="0"/>
</pin_list>
<bind>
<StgValue><ssdm name=""/></StgValue>
</bind>
</comp>

<comp id="196" class="1001" name="const_196">
<pin_list>
<pin id="197" dir="1" index="0" bw="1" slack="0"/>
</pin_list>
<bind>
<StgValue><ssdm name=""/></StgValue>
</bind>
</comp>

<comp id="198" class="1001" name="const_198">
<pin_list>
<pin id="199" dir="1" index="0" bw="1" slack="0"/>
</pin_list>
<bind>
<StgValue><ssdm name="_ssdm_op_PartSelect.i9.i17.i32.i32"/></StgValue>
</bind>
</comp>

<comp id="200" class="1001" name="const_200">
<pin_list>
<pin id="201" dir="1" index="0" bw="1" slack="0"/>
</pin_list>
<bind>
<StgValue><ssdm name="_ssdm_op_BitConcatenate.i17.i8.i9"/></StgValue>
</bind>
</comp>

<comp id="202" class="1001" name="const_202">
<pin_list>
<pin id="203" dir="1" index="0" bw="1" slack="0"/>
</pin_list>
<bind>
<StgValue><ssdm name=""/></StgValue>
</bind>
</comp>

<comp id="204" class="1001" name="const_204">
<pin_list>
<pin id="205" dir="1" index="0" bw="1" slack="0"/>
</pin_list>
<bind>
<StgValue><ssdm name=""/></StgValue>
</bind>
</comp>

<comp id="206" class="1001" name="const_206">
<pin_list>
<pin id="207" dir="1" index="0" bw="1" slack="0"/>
</pin_list>
<bind>
<StgValue><ssdm name="_ssdm_op_BitConcatenate.i17.i1.i8.i8"/></StgValue>
</bind>
</comp>

<comp id="208" class="1001" name="const_208">
<pin_list>
<pin id="209" dir="1" index="0" bw="1" slack="0"/>
</pin_list>
<bind>
<StgValue><ssdm name="_ssdm_op_BitConcatenate.i17.i2.i15"/></StgValue>
</bind>
</comp>

<comp id="210" class="1001" name="const_210">
<pin_list>
<pin id="211" dir="1" index="0" bw="1" slack="0"/>
</pin_list>
<bind>
<StgValue><ssdm name=""/></StgValue>
</bind>
</comp>

<comp id="212" class="1001" name="const_212">
<pin_list>
<pin id="213" dir="1" index="0" bw="1" slack="0"/>
</pin_list>
<bind>
<StgValue><ssdm name="_ssdm_op_BitConcatenate.i17.i4.i13"/></StgValue>
</bind>
</comp>

<comp id="214" class="1001" name="const_214">
<pin_list>
<pin id="215" dir="1" index="0" bw="1" slack="0"/>
</pin_list>
<bind>
<StgValue><ssdm name=""/></StgValue>
</bind>
</comp>

<comp id="216" class="1001" name="const_216">
<pin_list>
<pin id="217" dir="1" index="0" bw="1" slack="0"/>
</pin_list>
<bind>
<StgValue><ssdm name="_ssdm_op_BitConcatenate.i17.i2.i8.i7"/></StgValue>
</bind>
</comp>

<comp id="218" class="1001" name="const_218">
<pin_list>
<pin id="219" dir="1" index="0" bw="1" slack="0"/>
</pin_list>
<bind>
<StgValue><ssdm name="_ssdm_op_BitConcatenate.i17.i6.i11"/></StgValue>
</bind>
</comp>

<comp id="220" class="1001" name="const_220">
<pin_list>
<pin id="221" dir="1" index="0" bw="1" slack="0"/>
</pin_list>
<bind>
<StgValue><ssdm name=""/></StgValue>
</bind>
</comp>

<comp id="222" class="1001" name="const_222">
<pin_list>
<pin id="223" dir="1" index="0" bw="1" slack="0"/>
</pin_list>
<bind>
<StgValue><ssdm name="_ssdm_op_BitConcatenate.i17.i3.i8.i6"/></StgValue>
</bind>
</comp>

<comp id="224" class="1001" name="const_224">
<pin_list>
<pin id="225" dir="1" index="0" bw="1" slack="0"/>
</pin_list>
<bind>
<StgValue><ssdm name=""/></StgValue>
</bind>
</comp>

<comp id="226" class="1001" name="const_226">
<pin_list>
<pin id="227" dir="1" index="0" bw="1" slack="0"/>
</pin_list>
<bind>
<StgValue><ssdm name=""/></StgValue>
</bind>
</comp>

<comp id="228" class="1001" name="const_228">
<pin_list>
<pin id="229" dir="1" index="0" bw="1" slack="0"/>
</pin_list>
<bind>
<StgValue><ssdm name="_ssdm_op_BitConcatenate.i17.i4.i8.i5"/></StgValue>
</bind>
</comp>

<comp id="230" class="1001" name="const_230">
<pin_list>
<pin id="231" dir="1" index="0" bw="1" slack="0"/>
</pin_list>
<bind>
<StgValue><ssdm name=""/></StgValue>
</bind>
</comp>

<comp id="232" class="1001" name="const_232">
<pin_list>
<pin id="233" dir="1" index="0" bw="1" slack="0"/>
</pin_list>
<bind>
<StgValue><ssdm name="_ssdm_op_PartSelect.i10.i17.i32.i32"/></StgValue>
</bind>
</comp>

<comp id="234" class="1001" name="const_234">
<pin_list>
<pin id="235" dir="1" index="0" bw="1" slack="0"/>
</pin_list>
<bind>
<StgValue><ssdm name=""/></StgValue>
</bind>
</comp>

<comp id="236" class="1001" name="const_236">
<pin_list>
<pin id="237" dir="1" index="0" bw="1" slack="0"/>
</pin_list>
<bind>
<StgValue><ssdm name="_ssdm_op_BitConcatenate.i17.i5.i8.i4"/></StgValue>
</bind>
</comp>

<comp id="238" class="1001" name="const_238">
<pin_list>
<pin id="239" dir="1" index="0" bw="1" slack="0"/>
</pin_list>
<bind>
<StgValue><ssdm name=""/></StgValue>
</bind>
</comp>

<comp id="240" class="1001" name="const_240">
<pin_list>
<pin id="241" dir="1" index="0" bw="1" slack="0"/>
</pin_list>
<bind>
<StgValue><ssdm name="_ssdm_op_PartSelect.i12.i17.i32.i32"/></StgValue>
</bind>
</comp>

<comp id="242" class="1001" name="const_242">
<pin_list>
<pin id="243" dir="1" index="0" bw="1" slack="0"/>
</pin_list>
<bind>
<StgValue><ssdm name=""/></StgValue>
</bind>
</comp>

<comp id="244" class="1001" name="const_244">
<pin_list>
<pin id="245" dir="1" index="0" bw="1" slack="0"/>
</pin_list>
<bind>
<StgValue><ssdm name="_ssdm_op_BitConcatenate.i17.i6.i8.i3"/></StgValue>
</bind>
</comp>

<comp id="246" class="1001" name="const_246">
<pin_list>
<pin id="247" dir="1" index="0" bw="1" slack="0"/>
</pin_list>
<bind>
<StgValue><ssdm name=""/></StgValue>
</bind>
</comp>

<comp id="248" class="1001" name="const_248">
<pin_list>
<pin id="249" dir="1" index="0" bw="1" slack="0"/>
</pin_list>
<bind>
<StgValue><ssdm name="_ssdm_op_PartSelect.i14.i17.i32.i32"/></StgValue>
</bind>
</comp>

<comp id="250" class="1001" name="const_250">
<pin_list>
<pin id="251" dir="1" index="0" bw="1" slack="0"/>
</pin_list>
<bind>
<StgValue><ssdm name=""/></StgValue>
</bind>
</comp>

<comp id="252" class="1001" name="const_252">
<pin_list>
<pin id="253" dir="1" index="0" bw="1" slack="0"/>
</pin_list>
<bind>
<StgValue><ssdm name=""/></StgValue>
</bind>
</comp>

<comp id="254" class="1001" name="const_254">
<pin_list>
<pin id="255" dir="1" index="0" bw="1" slack="0"/>
</pin_list>
<bind>
<StgValue><ssdm name="_ssdm_op_BitSelect.i1.i17.i32"/></StgValue>
</bind>
</comp>

<comp id="256" class="1001" name="const_256">
<pin_list>
<pin id="257" dir="1" index="0" bw="1" slack="0"/>
</pin_list>
<bind>
<StgValue><ssdm name="_ssdm_op_BitConcatenate.i17.i8.i8.i1"/></StgValue>
</bind>
</comp>

<comp id="258" class="1001" name="const_258">
<pin_list>
<pin id="259" dir="1" index="0" bw="1" slack="0"/>
</pin_list>
<bind>
<StgValue><ssdm name=""/></StgValue>
</bind>
</comp>

<comp id="260" class="1001" name="const_260">
<pin_list>
<pin id="261" dir="1" index="0" bw="1" slack="0"/>
</pin_list>
<bind>
<StgValue><ssdm name=""/></StgValue>
</bind>
</comp>

<comp id="262" class="1001" name="const_262">
<pin_list>
<pin id="263" dir="1" index="0" bw="1" slack="0"/>
</pin_list>
<bind>
<StgValue><ssdm name=""/></StgValue>
</bind>
</comp>

<comp id="264" class="1001" name="const_264">
<pin_list>
<pin id="265" dir="1" index="0" bw="1" slack="2147483647"/>
</pin_list>
<bind>
<StgValue><ssdm name="_ssdm_op_SpecPipeline"/></StgValue>
</bind>
</comp>

<comp id="266" class="1001" name="const_266">
<pin_list>
<pin id="267" dir="1" index="0" bw="1" slack="2147483647"/>
</pin_list>
<bind>
<StgValue><ssdm name=""/></StgValue>
</bind>
</comp>

<comp id="268" class="1001" name="const_268">
<pin_list>
<pin id="269" dir="1" index="0" bw="1" slack="2147483647"/>
</pin_list>
<bind>
<StgValue><ssdm name="empty_1"/></StgValue>
</bind>
</comp>

<comp id="270" class="1001" name="const_270">
<pin_list>
<pin id="271" dir="1" index="0" bw="1" slack="0"/>
</pin_list>
<bind>
<StgValue><ssdm name="_ssdm_op_BitSelect.i1.i32.i32"/></StgValue>
</bind>
</comp>

<comp id="272" class="1001" name="const_272">
<pin_list>
<pin id="273" dir="1" index="0" bw="1" slack="0"/>
</pin_list>
<bind>
<StgValue><ssdm name="_ssdm_op_BitSelect.i1.i18.i32"/></StgValue>
</bind>
</comp>

<comp id="274" class="1001" name="const_274">
<pin_list>
<pin id="275" dir="1" index="0" bw="1" slack="0"/>
</pin_list>
<bind>
<StgValue><ssdm name=""/></StgValue>
</bind>
</comp>

<comp id="276" class="1001" name="const_276">
<pin_list>
<pin id="277" dir="1" index="0" bw="1" slack="0"/>
</pin_list>
<bind>
<StgValue><ssdm name="_ssdm_op_PartSelect.i16.i17.i32.i32"/></StgValue>
</bind>
</comp>

<comp id="278" class="1001" name="const_278">
<pin_list>
<pin id="279" dir="1" index="0" bw="1" slack="0"/>
</pin_list>
<bind>
<StgValue><ssdm name="_ssdm_op_BitConcatenate.i24.i8.i16"/></StgValue>
</bind>
</comp>

<comp id="280" class="1001" name="const_280">
<pin_list>
<pin id="281" dir="1" index="0" bw="1" slack="0"/>
</pin_list>
<bind>
<StgValue><ssdm name=""/></StgValue>
</bind>
</comp>

<comp id="282" class="1004" name="x_read_read_fu_282">
<pin_list>
<pin id="283" dir="0" index="0" bw="32" slack="0"/>
<pin id="284" dir="0" index="1" bw="32" slack="0"/>
<pin id="285" dir="1" index="2" bw="32" slack="0"/>
</pin_list>
<bind>
<opcode="read(1150) " fcode="read"/>
<opset="x_read/1 "/>
</bind>
</comp>

<comp id="288" class="1004" name="trunc_ln_fu_288">
<pin_list>
<pin id="289" dir="0" index="0" bw="16" slack="0"/>
<pin id="290" dir="0" index="1" bw="32" slack="0"/>
<pin id="291" dir="0" index="2" bw="6" slack="0"/>
<pin id="292" dir="0" index="3" bw="6" slack="0"/>
<pin id="293" dir="1" index="4" bw="16" slack="2"/>
</pin_list>
<bind>
<opcode="partselect(1002) " fcode="partselect"/>
<opset="trunc_ln/1 "/>
</bind>
</comp>

<comp id="298" class="1004" name="trunc_ln731_fu_298">
<pin_list>
<pin id="299" dir="0" index="0" bw="32" slack="0"/>
<pin id="300" dir="1" index="1" bw="16" slack="28"/>
</pin_list>
<bind>
<opcode="trunc(33) " fcode="trunc"/>
<opset="trunc_ln731/1 "/>
</bind>
</comp>

<comp id="302" class="1004" name="tmp_fu_302">
<pin_list>
<pin id="303" dir="0" index="0" bw="2" slack="0"/>
<pin id="304" dir="0" index="1" bw="32" slack="0"/>
<pin id="305" dir="0" index="2" bw="6" slack="0"/>
<pin id="306" dir="0" index="3" bw="6" slack="0"/>
<pin id="307" dir="1" index="4" bw="2" slack="0"/>
</pin_list>
<bind>
<opcode="partselect(1002) " fcode="partselect"/>
<opset="tmp/1 "/>
</bind>
</comp>

<comp id="312" class="1004" name="sext_ln640_fu_312">
<pin_list>
<pin id="313" dir="0" index="0" bw="2" slack="0"/>
<pin id="314" dir="1" index="1" bw="3" slack="0"/>
</pin_list>
<bind>
<opcode="sext(35) " fcode="sext"/>
<opset="sext_ln640/1 "/>
</bind>
</comp>

<comp id="316" class="1004" name="icmp_ln489_fu_316">
<pin_list>
<pin id="317" dir="0" index="0" bw="2" slack="0"/>
<pin id="318" dir="0" index="1" bw="2" slack="0"/>
<pin id="319" dir="1" index="2" bw="1" slack="2"/>
</pin_list>
<bind>
<opcode="icmp(45) " fcode="icmp"/>
<opset="icmp_ln489/1 "/>
</bind>
</comp>

<comp id="322" class="1004" name="grp_fu_322">
<pin_list>
<pin id="323" dir="0" index="0" bw="2" slack="0"/>
<pin id="324" dir="0" index="1" bw="1" slack="0"/>
<pin id="325" dir="1" index="2" bw="3" slack="1"/>
</pin_list>
<bind>
<opcode="add(8) " fcode="add"/>
<opset="add_ln248/1 "/>
</bind>
</comp>

<comp id="328" class="1004" name="tmp_38_fu_328">
<pin_list>
<pin id="329" dir="0" index="0" bw="2" slack="0"/>
<pin id="330" dir="0" index="1" bw="32" slack="0"/>
<pin id="331" dir="0" index="2" bw="5" slack="0"/>
<pin id="332" dir="0" index="3" bw="5" slack="0"/>
<pin id="333" dir="1" index="4" bw="2" slack="0"/>
</pin_list>
<bind>
<opcode="partselect(1002) " fcode="partselect"/>
<opset="tmp_38/1 "/>
</bind>
</comp>

<comp id="338" class="1004" name="icmp_ln318_1_fu_338">
<pin_list>
<pin id="339" dir="0" index="0" bw="2" slack="0"/>
<pin id="340" dir="0" index="1" bw="2" slack="0"/>
<pin id="341" dir="1" index="2" bw="1" slack="24"/>
</pin_list>
<bind>
<opcode="icmp(45) " fcode="icmp"/>
<opset="icmp_ln318_1/1 "/>
</bind>
</comp>

<comp id="344" class="1004" name="zext_ln708_fu_344">
<pin_list>
<pin id="345" dir="0" index="0" bw="16" slack="2"/>
<pin id="346" dir="1" index="1" bw="19" slack="0"/>
</pin_list>
<bind>
<opcode="zext(34) " fcode="zext"/>
<opset="zext_ln708/3 "/>
</bind>
</comp>

<comp id="347" class="1004" name="p_Result_43_fu_347">
<pin_list>
<pin id="348" dir="0" index="0" bw="19" slack="0"/>
<pin id="349" dir="0" index="1" bw="16" slack="0"/>
<pin id="350" dir="0" index="2" bw="3" slack="1"/>
<pin id="351" dir="0" index="3" bw="5" slack="0"/>
<pin id="352" dir="0" index="4" bw="6" slack="0"/>
<pin id="353" dir="1" index="5" bw="19" slack="0"/>
</pin_list>
<bind>
<opcode="partset(1003) " fcode="partset"/>
<opset="p_Result_43/3 "/>
</bind>
</comp>

<comp id="358" class="1004" name="x_l_I_V_72_fu_358">
<pin_list>
<pin id="359" dir="0" index="0" bw="1" slack="2"/>
<pin id="360" dir="0" index="1" bw="19" slack="0"/>
<pin id="361" dir="0" index="2" bw="19" slack="0"/>
<pin id="362" dir="1" index="3" bw="19" slack="0"/>
</pin_list>
<bind>
<opcode="select(49) " fcode="select"/>
<opset="x_l_I_V_72/3 "/>
</bind>
</comp>

<comp id="365" class="1004" name="res_I_V_16_fu_365">
<pin_list>
<pin id="366" dir="0" index="0" bw="1" slack="2"/>
<pin id="367" dir="0" index="1" bw="8" slack="0"/>
<pin id="368" dir="0" index="2" bw="8" slack="0"/>
<pin id="369" dir="1" index="3" bw="8" slack="0"/>
</pin_list>
<bind>
<opcode="select(49) " fcode="select"/>
<opset="res_I_V_16/3 "/>
</bind>
</comp>

<comp id="372" class="1004" name="p_Result_s_97_fu_372">
<pin_list>
<pin id="373" dir="0" index="0" bw="2" slack="0"/>
<pin id="374" dir="0" index="1" bw="8" slack="0"/>
<pin id="375" dir="0" index="2" bw="4" slack="0"/>
<pin id="376" dir="0" index="3" bw="4" slack="0"/>
<pin id="377" dir="1" index="4" bw="2" slack="1"/>
</pin_list>
<bind>
<opcode="partselect(1002) " fcode="partselect"/>
<opset="p_Result_s_97/3 "/>
</bind>
</comp>

<comp id="382" class="1004" name="p_Result_1_fu_382">
<pin_list>
<pin id="383" dir="0" index="0" bw="4" slack="0"/>
<pin id="384" dir="0" index="1" bw="19" slack="0"/>
<pin id="385" dir="0" index="2" bw="5" slack="0"/>
<pin id="386" dir="0" index="3" bw="5" slack="0"/>
<pin id="387" dir="1" index="4" bw="4" slack="1"/>
</pin_list>
<bind>
<opcode="partselect(1002) " fcode="partselect"/>
<opset="p_Result_1/3 "/>
</bind>
</comp>

<comp id="392" class="1004" name="tmp_1_fu_392">
<pin_list>
<pin id="393" dir="0" index="0" bw="3" slack="0"/>
<pin id="394" dir="0" index="1" bw="2" slack="1"/>
<pin id="395" dir="0" index="2" bw="1" slack="0"/>
<pin id="396" dir="1" index="3" bw="3" slack="0"/>
</pin_list>
<bind>
<opcode="bitconcatenate(1004) " fcode="bitconcatenate"/>
<opset="tmp_1/4 "/>
</bind>
</comp>

<comp id="399" class="1004" name="zext_ln489_fu_399">
<pin_list>
<pin id="400" dir="0" index="0" bw="3" slack="0"/>
<pin id="401" dir="1" index="1" bw="4" slack="0"/>
</pin_list>
<bind>
<opcode="zext(34) " fcode="zext"/>
<opset="zext_ln489/4 "/>
</bind>
</comp>

<comp id="403" class="1004" name="icmp_ln489_1_fu_403">
<pin_list>
<pin id="404" dir="0" index="0" bw="4" slack="1"/>
<pin id="405" dir="0" index="1" bw="4" slack="0"/>
<pin id="406" dir="1" index="2" bw="1" slack="2"/>
</pin_list>
<bind>
<opcode="icmp(45) " fcode="icmp"/>
<opset="icmp_ln489_1/4 "/>
</bind>
</comp>

<comp id="408" class="1004" name="grp_fu_408">
<pin_list>
<pin id="409" dir="0" index="0" bw="4" slack="1"/>
<pin id="410" dir="0" index="1" bw="3" slack="0"/>
<pin id="411" dir="1" index="2" bw="4" slack="1"/>
</pin_list>
<bind>
<opcode="sub(10) " fcode="sub"/>
<opset="sub_ln248/4 "/>
</bind>
</comp>

<comp id="413" class="1004" name="p_Result_44_fu_413">
<pin_list>
<pin id="414" dir="0" index="0" bw="19" slack="0"/>
<pin id="415" dir="0" index="1" bw="19" slack="3"/>
<pin id="416" dir="0" index="2" bw="4" slack="1"/>
<pin id="417" dir="0" index="3" bw="5" slack="0"/>
<pin id="418" dir="0" index="4" bw="5" slack="0"/>
<pin id="419" dir="1" index="5" bw="19" slack="0"/>
</pin_list>
<bind>
<opcode="partset(1003) " fcode="partset"/>
<opset="p_Result_44/6 "/>
</bind>
</comp>

<comp id="423" class="1004" name="p_Result_45_fu_423">
<pin_list>
<pin id="424" dir="0" index="0" bw="8" slack="0"/>
<pin id="425" dir="0" index="1" bw="8" slack="3"/>
<pin id="426" dir="0" index="2" bw="4" slack="0"/>
<pin id="427" dir="0" index="3" bw="1" slack="0"/>
<pin id="428" dir="1" index="4" bw="8" slack="0"/>
</pin_list>
<bind>
<opcode="bitset(1001) " fcode="bitset"/>
<opset="p_Result_45/6 "/>
</bind>
</comp>

<comp id="432" class="1004" name="x_l_I_V_73_fu_432">
<pin_list>
<pin id="433" dir="0" index="0" bw="1" slack="2"/>
<pin id="434" dir="0" index="1" bw="19" slack="3"/>
<pin id="435" dir="0" index="2" bw="19" slack="0"/>
<pin id="436" dir="1" index="3" bw="19" slack="0"/>
</pin_list>
<bind>
<opcode="select(49) " fcode="select"/>
<opset="x_l_I_V_73/6 "/>
</bind>
</comp>

<comp id="438" class="1004" name="res_I_V_17_fu_438">
<pin_list>
<pin id="439" dir="0" index="0" bw="1" slack="2"/>
<pin id="440" dir="0" index="1" bw="8" slack="3"/>
<pin id="441" dir="0" index="2" bw="8" slack="0"/>
<pin id="442" dir="1" index="3" bw="8" slack="0"/>
</pin_list>
<bind>
<opcode="select(49) " fcode="select"/>
<opset="res_I_V_17/6 "/>
</bind>
</comp>

<comp id="444" class="1004" name="p_Result_4_fu_444">
<pin_list>
<pin id="445" dir="0" index="0" bw="3" slack="0"/>
<pin id="446" dir="0" index="1" bw="8" slack="0"/>
<pin id="447" dir="0" index="2" bw="4" slack="0"/>
<pin id="448" dir="0" index="3" bw="4" slack="0"/>
<pin id="449" dir="1" index="4" bw="3" slack="1"/>
</pin_list>
<bind>
<opcode="partselect(1002) " fcode="partselect"/>
<opset="p_Result_4/6 "/>
</bind>
</comp>

<comp id="454" class="1004" name="p_Result_5_fu_454">
<pin_list>
<pin id="455" dir="0" index="0" bw="5" slack="0"/>
<pin id="456" dir="0" index="1" bw="19" slack="0"/>
<pin id="457" dir="0" index="2" bw="5" slack="0"/>
<pin id="458" dir="0" index="3" bw="5" slack="0"/>
<pin id="459" dir="1" index="4" bw="5" slack="1"/>
</pin_list>
<bind>
<opcode="partselect(1002) " fcode="partselect"/>
<opset="p_Result_5/6 "/>
</bind>
</comp>

<comp id="464" class="1004" name="tmp_2_fu_464">
<pin_list>
<pin id="465" dir="0" index="0" bw="4" slack="0"/>
<pin id="466" dir="0" index="1" bw="3" slack="1"/>
<pin id="467" dir="0" index="2" bw="1" slack="0"/>
<pin id="468" dir="1" index="3" bw="4" slack="0"/>
</pin_list>
<bind>
<opcode="bitconcatenate(1004) " fcode="bitconcatenate"/>
<opset="tmp_2/7 "/>
</bind>
</comp>

<comp id="471" class="1004" name="zext_ln489_1_fu_471">
<pin_list>
<pin id="472" dir="0" index="0" bw="4" slack="0"/>
<pin id="473" dir="1" index="1" bw="5" slack="0"/>
</pin_list>
<bind>
<opcode="zext(34) " fcode="zext"/>
<opset="zext_ln489_1/7 "/>
</bind>
</comp>

<comp id="475" class="1004" name="icmp_ln489_2_fu_475">
<pin_list>
<pin id="476" dir="0" index="0" bw="5" slack="1"/>
<pin id="477" dir="0" index="1" bw="5" slack="0"/>
<pin id="478" dir="1" index="2" bw="1" slack="2"/>
</pin_list>
<bind>
<opcode="icmp(45) " fcode="icmp"/>
<opset="icmp_ln489_2/7 "/>
</bind>
</comp>

<comp id="480" class="1004" name="grp_fu_480">
<pin_list>
<pin id="481" dir="0" index="0" bw="5" slack="1"/>
<pin id="482" dir="0" index="1" bw="4" slack="0"/>
<pin id="483" dir="1" index="2" bw="5" slack="1"/>
</pin_list>
<bind>
<opcode="sub(10) " fcode="sub"/>
<opset="sub_ln248_1/7 "/>
</bind>
</comp>

<comp id="485" class="1004" name="p_Result_46_fu_485">
<pin_list>
<pin id="486" dir="0" index="0" bw="19" slack="0"/>
<pin id="487" dir="0" index="1" bw="19" slack="3"/>
<pin id="488" dir="0" index="2" bw="5" slack="1"/>
<pin id="489" dir="0" index="3" bw="5" slack="0"/>
<pin id="490" dir="0" index="4" bw="5" slack="0"/>
<pin id="491" dir="1" index="5" bw="19" slack="0"/>
</pin_list>
<bind>
<opcode="partset(1003) " fcode="partset"/>
<opset="p_Result_46/9 "/>
</bind>
</comp>

<comp id="495" class="1004" name="p_Result_47_fu_495">
<pin_list>
<pin id="496" dir="0" index="0" bw="8" slack="0"/>
<pin id="497" dir="0" index="1" bw="8" slack="3"/>
<pin id="498" dir="0" index="2" bw="4" slack="0"/>
<pin id="499" dir="0" index="3" bw="1" slack="0"/>
<pin id="500" dir="1" index="4" bw="8" slack="0"/>
</pin_list>
<bind>
<opcode="bitset(1001) " fcode="bitset"/>
<opset="p_Result_47/9 "/>
</bind>
</comp>

<comp id="504" class="1004" name="x_l_I_V_74_fu_504">
<pin_list>
<pin id="505" dir="0" index="0" bw="1" slack="2"/>
<pin id="506" dir="0" index="1" bw="19" slack="3"/>
<pin id="507" dir="0" index="2" bw="19" slack="0"/>
<pin id="508" dir="1" index="3" bw="19" slack="0"/>
</pin_list>
<bind>
<opcode="select(49) " fcode="select"/>
<opset="x_l_I_V_74/9 "/>
</bind>
</comp>

<comp id="510" class="1004" name="res_I_V_18_fu_510">
<pin_list>
<pin id="511" dir="0" index="0" bw="1" slack="2"/>
<pin id="512" dir="0" index="1" bw="8" slack="3"/>
<pin id="513" dir="0" index="2" bw="8" slack="0"/>
<pin id="514" dir="1" index="3" bw="8" slack="0"/>
</pin_list>
<bind>
<opcode="select(49) " fcode="select"/>
<opset="res_I_V_18/9 "/>
</bind>
</comp>

<comp id="516" class="1004" name="p_Result_8_fu_516">
<pin_list>
<pin id="517" dir="0" index="0" bw="4" slack="0"/>
<pin id="518" dir="0" index="1" bw="8" slack="0"/>
<pin id="519" dir="0" index="2" bw="4" slack="0"/>
<pin id="520" dir="0" index="3" bw="4" slack="0"/>
<pin id="521" dir="1" index="4" bw="4" slack="1"/>
</pin_list>
<bind>
<opcode="partselect(1002) " fcode="partselect"/>
<opset="p_Result_8/9 "/>
</bind>
</comp>

<comp id="526" class="1004" name="p_Result_9_fu_526">
<pin_list>
<pin id="527" dir="0" index="0" bw="6" slack="0"/>
<pin id="528" dir="0" index="1" bw="19" slack="0"/>
<pin id="529" dir="0" index="2" bw="5" slack="0"/>
<pin id="530" dir="0" index="3" bw="5" slack="0"/>
<pin id="531" dir="1" index="4" bw="6" slack="1"/>
</pin_list>
<bind>
<opcode="partselect(1002) " fcode="partselect"/>
<opset="p_Result_9/9 "/>
</bind>
</comp>

<comp id="536" class="1004" name="tmp_3_fu_536">
<pin_list>
<pin id="537" dir="0" index="0" bw="5" slack="0"/>
<pin id="538" dir="0" index="1" bw="4" slack="1"/>
<pin id="539" dir="0" index="2" bw="1" slack="0"/>
<pin id="540" dir="1" index="3" bw="5" slack="0"/>
</pin_list>
<bind>
<opcode="bitconcatenate(1004) " fcode="bitconcatenate"/>
<opset="tmp_3/10 "/>
</bind>
</comp>

<comp id="543" class="1004" name="zext_ln489_2_fu_543">
<pin_list>
<pin id="544" dir="0" index="0" bw="5" slack="0"/>
<pin id="545" dir="1" index="1" bw="6" slack="0"/>
</pin_list>
<bind>
<opcode="zext(34) " fcode="zext"/>
<opset="zext_ln489_2/10 "/>
</bind>
</comp>

<comp id="547" class="1004" name="icmp_ln489_3_fu_547">
<pin_list>
<pin id="548" dir="0" index="0" bw="6" slack="1"/>
<pin id="549" dir="0" index="1" bw="6" slack="0"/>
<pin id="550" dir="1" index="2" bw="1" slack="2"/>
</pin_list>
<bind>
<opcode="icmp(45) " fcode="icmp"/>
<opset="icmp_ln489_3/10 "/>
</bind>
</comp>

<comp id="552" class="1004" name="grp_fu_552">
<pin_list>
<pin id="553" dir="0" index="0" bw="6" slack="1"/>
<pin id="554" dir="0" index="1" bw="5" slack="0"/>
<pin id="555" dir="1" index="2" bw="6" slack="1"/>
</pin_list>
<bind>
<opcode="sub(10) " fcode="sub"/>
<opset="sub_ln248_2/10 "/>
</bind>
</comp>

<comp id="557" class="1004" name="p_Result_48_fu_557">
<pin_list>
<pin id="558" dir="0" index="0" bw="19" slack="0"/>
<pin id="559" dir="0" index="1" bw="19" slack="3"/>
<pin id="560" dir="0" index="2" bw="6" slack="1"/>
<pin id="561" dir="0" index="3" bw="5" slack="0"/>
<pin id="562" dir="0" index="4" bw="5" slack="0"/>
<pin id="563" dir="1" index="5" bw="19" slack="0"/>
</pin_list>
<bind>
<opcode="partset(1003) " fcode="partset"/>
<opset="p_Result_48/12 "/>
</bind>
</comp>

<comp id="567" class="1004" name="p_Result_49_fu_567">
<pin_list>
<pin id="568" dir="0" index="0" bw="8" slack="0"/>
<pin id="569" dir="0" index="1" bw="8" slack="3"/>
<pin id="570" dir="0" index="2" bw="4" slack="0"/>
<pin id="571" dir="0" index="3" bw="1" slack="0"/>
<pin id="572" dir="1" index="4" bw="8" slack="0"/>
</pin_list>
<bind>
<opcode="bitset(1001) " fcode="bitset"/>
<opset="p_Result_49/12 "/>
</bind>
</comp>

<comp id="576" class="1004" name="x_l_I_V_75_fu_576">
<pin_list>
<pin id="577" dir="0" index="0" bw="1" slack="2"/>
<pin id="578" dir="0" index="1" bw="19" slack="3"/>
<pin id="579" dir="0" index="2" bw="19" slack="0"/>
<pin id="580" dir="1" index="3" bw="19" slack="0"/>
</pin_list>
<bind>
<opcode="select(49) " fcode="select"/>
<opset="x_l_I_V_75/12 "/>
</bind>
</comp>

<comp id="582" class="1004" name="res_I_V_19_fu_582">
<pin_list>
<pin id="583" dir="0" index="0" bw="1" slack="2"/>
<pin id="584" dir="0" index="1" bw="8" slack="3"/>
<pin id="585" dir="0" index="2" bw="8" slack="0"/>
<pin id="586" dir="1" index="3" bw="8" slack="0"/>
</pin_list>
<bind>
<opcode="select(49) " fcode="select"/>
<opset="res_I_V_19/12 "/>
</bind>
</comp>

<comp id="588" class="1004" name="p_Result_10_fu_588">
<pin_list>
<pin id="589" dir="0" index="0" bw="5" slack="0"/>
<pin id="590" dir="0" index="1" bw="8" slack="0"/>
<pin id="591" dir="0" index="2" bw="3" slack="0"/>
<pin id="592" dir="0" index="3" bw="4" slack="0"/>
<pin id="593" dir="1" index="4" bw="5" slack="1"/>
</pin_list>
<bind>
<opcode="partselect(1002) " fcode="partselect"/>
<opset="p_Result_10/12 "/>
</bind>
</comp>

<comp id="598" class="1004" name="p_Result_11_fu_598">
<pin_list>
<pin id="599" dir="0" index="0" bw="7" slack="0"/>
<pin id="600" dir="0" index="1" bw="19" slack="0"/>
<pin id="601" dir="0" index="2" bw="4" slack="0"/>
<pin id="602" dir="0" index="3" bw="5" slack="0"/>
<pin id="603" dir="1" index="4" bw="7" slack="1"/>
</pin_list>
<bind>
<opcode="partselect(1002) " fcode="partselect"/>
<opset="p_Result_11/12 "/>
</bind>
</comp>

<comp id="608" class="1004" name="tmp_4_fu_608">
<pin_list>
<pin id="609" dir="0" index="0" bw="6" slack="0"/>
<pin id="610" dir="0" index="1" bw="5" slack="1"/>
<pin id="611" dir="0" index="2" bw="1" slack="0"/>
<pin id="612" dir="1" index="3" bw="6" slack="0"/>
</pin_list>
<bind>
<opcode="bitconcatenate(1004) " fcode="bitconcatenate"/>
<opset="tmp_4/13 "/>
</bind>
</comp>

<comp id="615" class="1004" name="zext_ln489_3_fu_615">
<pin_list>
<pin id="616" dir="0" index="0" bw="6" slack="0"/>
<pin id="617" dir="1" index="1" bw="7" slack="0"/>
</pin_list>
<bind>
<opcode="zext(34) " fcode="zext"/>
<opset="zext_ln489_3/13 "/>
</bind>
</comp>

<comp id="619" class="1004" name="icmp_ln489_4_fu_619">
<pin_list>
<pin id="620" dir="0" index="0" bw="7" slack="1"/>
<pin id="621" dir="0" index="1" bw="7" slack="0"/>
<pin id="622" dir="1" index="2" bw="1" slack="2"/>
</pin_list>
<bind>
<opcode="icmp(45) " fcode="icmp"/>
<opset="icmp_ln489_4/13 "/>
</bind>
</comp>

<comp id="624" class="1004" name="grp_fu_624">
<pin_list>
<pin id="625" dir="0" index="0" bw="7" slack="1"/>
<pin id="626" dir="0" index="1" bw="6" slack="0"/>
<pin id="627" dir="1" index="2" bw="7" slack="1"/>
</pin_list>
<bind>
<opcode="sub(10) " fcode="sub"/>
<opset="sub_ln248_3/13 "/>
</bind>
</comp>

<comp id="629" class="1004" name="p_Result_50_fu_629">
<pin_list>
<pin id="630" dir="0" index="0" bw="19" slack="0"/>
<pin id="631" dir="0" index="1" bw="19" slack="3"/>
<pin id="632" dir="0" index="2" bw="7" slack="1"/>
<pin id="633" dir="0" index="3" bw="4" slack="0"/>
<pin id="634" dir="0" index="4" bw="5" slack="0"/>
<pin id="635" dir="1" index="5" bw="19" slack="0"/>
</pin_list>
<bind>
<opcode="partset(1003) " fcode="partset"/>
<opset="p_Result_50/15 "/>
</bind>
</comp>

<comp id="639" class="1004" name="p_Result_51_fu_639">
<pin_list>
<pin id="640" dir="0" index="0" bw="8" slack="0"/>
<pin id="641" dir="0" index="1" bw="8" slack="3"/>
<pin id="642" dir="0" index="2" bw="3" slack="0"/>
<pin id="643" dir="0" index="3" bw="1" slack="0"/>
<pin id="644" dir="1" index="4" bw="8" slack="0"/>
</pin_list>
<bind>
<opcode="bitset(1001) " fcode="bitset"/>
<opset="p_Result_51/15 "/>
</bind>
</comp>

<comp id="648" class="1004" name="x_l_I_V_76_fu_648">
<pin_list>
<pin id="649" dir="0" index="0" bw="1" slack="2"/>
<pin id="650" dir="0" index="1" bw="19" slack="3"/>
<pin id="651" dir="0" index="2" bw="19" slack="0"/>
<pin id="652" dir="1" index="3" bw="19" slack="0"/>
</pin_list>
<bind>
<opcode="select(49) " fcode="select"/>
<opset="x_l_I_V_76/15 "/>
</bind>
</comp>

<comp id="654" class="1004" name="res_I_V_20_fu_654">
<pin_list>
<pin id="655" dir="0" index="0" bw="1" slack="2"/>
<pin id="656" dir="0" index="1" bw="8" slack="3"/>
<pin id="657" dir="0" index="2" bw="8" slack="0"/>
<pin id="658" dir="1" index="3" bw="8" slack="0"/>
</pin_list>
<bind>
<opcode="select(49) " fcode="select"/>
<opset="res_I_V_20/15 "/>
</bind>
</comp>

<comp id="660" class="1004" name="p_Result_13_fu_660">
<pin_list>
<pin id="661" dir="0" index="0" bw="6" slack="0"/>
<pin id="662" dir="0" index="1" bw="8" slack="0"/>
<pin id="663" dir="0" index="2" bw="3" slack="0"/>
<pin id="664" dir="0" index="3" bw="4" slack="0"/>
<pin id="665" dir="1" index="4" bw="6" slack="1"/>
</pin_list>
<bind>
<opcode="partselect(1002) " fcode="partselect"/>
<opset="p_Result_13/15 "/>
</bind>
</comp>

<comp id="670" class="1004" name="p_Result_14_fu_670">
<pin_list>
<pin id="671" dir="0" index="0" bw="8" slack="0"/>
<pin id="672" dir="0" index="1" bw="19" slack="0"/>
<pin id="673" dir="0" index="2" bw="4" slack="0"/>
<pin id="674" dir="0" index="3" bw="5" slack="0"/>
<pin id="675" dir="1" index="4" bw="8" slack="1"/>
</pin_list>
<bind>
<opcode="partselect(1002) " fcode="partselect"/>
<opset="p_Result_14/15 "/>
</bind>
</comp>

<comp id="680" class="1004" name="tmp_5_fu_680">
<pin_list>
<pin id="681" dir="0" index="0" bw="7" slack="0"/>
<pin id="682" dir="0" index="1" bw="6" slack="1"/>
<pin id="683" dir="0" index="2" bw="1" slack="0"/>
<pin id="684" dir="1" index="3" bw="7" slack="0"/>
</pin_list>
<bind>
<opcode="bitconcatenate(1004) " fcode="bitconcatenate"/>
<opset="tmp_5/16 "/>
</bind>
</comp>

<comp id="687" class="1004" name="zext_ln489_4_fu_687">
<pin_list>
<pin id="688" dir="0" index="0" bw="7" slack="0"/>
<pin id="689" dir="1" index="1" bw="8" slack="0"/>
</pin_list>
<bind>
<opcode="zext(34) " fcode="zext"/>
<opset="zext_ln489_4/16 "/>
</bind>
</comp>

<comp id="691" class="1004" name="icmp_ln489_5_fu_691">
<pin_list>
<pin id="692" dir="0" index="0" bw="8" slack="1"/>
<pin id="693" dir="0" index="1" bw="8" slack="0"/>
<pin id="694" dir="1" index="2" bw="1" slack="2"/>
</pin_list>
<bind>
<opcode="icmp(45) " fcode="icmp"/>
<opset="icmp_ln489_5/16 "/>
</bind>
</comp>

<comp id="696" class="1004" name="grp_fu_696">
<pin_list>
<pin id="697" dir="0" index="0" bw="8" slack="1"/>
<pin id="698" dir="0" index="1" bw="7" slack="0"/>
<pin id="699" dir="1" index="2" bw="8" slack="1"/>
</pin_list>
<bind>
<opcode="sub(10) " fcode="sub"/>
<opset="sub_ln248_4/16 "/>
</bind>
</comp>

<comp id="701" class="1004" name="p_Result_52_fu_701">
<pin_list>
<pin id="702" dir="0" index="0" bw="19" slack="0"/>
<pin id="703" dir="0" index="1" bw="19" slack="3"/>
<pin id="704" dir="0" index="2" bw="8" slack="1"/>
<pin id="705" dir="0" index="3" bw="4" slack="0"/>
<pin id="706" dir="0" index="4" bw="5" slack="0"/>
<pin id="707" dir="1" index="5" bw="19" slack="0"/>
</pin_list>
<bind>
<opcode="partset(1003) " fcode="partset"/>
<opset="p_Result_52/18 "/>
</bind>
</comp>

<comp id="711" class="1004" name="p_Result_53_fu_711">
<pin_list>
<pin id="712" dir="0" index="0" bw="8" slack="0"/>
<pin id="713" dir="0" index="1" bw="8" slack="3"/>
<pin id="714" dir="0" index="2" bw="3" slack="0"/>
<pin id="715" dir="0" index="3" bw="1" slack="0"/>
<pin id="716" dir="1" index="4" bw="8" slack="0"/>
</pin_list>
<bind>
<opcode="bitset(1001) " fcode="bitset"/>
<opset="p_Result_53/18 "/>
</bind>
</comp>

<comp id="720" class="1004" name="x_l_I_V_77_fu_720">
<pin_list>
<pin id="721" dir="0" index="0" bw="1" slack="2"/>
<pin id="722" dir="0" index="1" bw="19" slack="3"/>
<pin id="723" dir="0" index="2" bw="19" slack="0"/>
<pin id="724" dir="1" index="3" bw="19" slack="0"/>
</pin_list>
<bind>
<opcode="select(49) " fcode="select"/>
<opset="x_l_I_V_77/18 "/>
</bind>
</comp>

<comp id="726" class="1004" name="res_I_V_21_fu_726">
<pin_list>
<pin id="727" dir="0" index="0" bw="1" slack="2"/>
<pin id="728" dir="0" index="1" bw="8" slack="3"/>
<pin id="729" dir="0" index="2" bw="8" slack="0"/>
<pin id="730" dir="1" index="3" bw="8" slack="0"/>
</pin_list>
<bind>
<opcode="select(49) " fcode="select"/>
<opset="res_I_V_21/18 "/>
</bind>
</comp>

<comp id="732" class="1004" name="p_Result_16_fu_732">
<pin_list>
<pin id="733" dir="0" index="0" bw="7" slack="0"/>
<pin id="734" dir="0" index="1" bw="8" slack="0"/>
<pin id="735" dir="0" index="2" bw="1" slack="0"/>
<pin id="736" dir="0" index="3" bw="4" slack="0"/>
<pin id="737" dir="1" index="4" bw="7" slack="1"/>
</pin_list>
<bind>
<opcode="partselect(1002) " fcode="partselect"/>
<opset="p_Result_16/18 "/>
</bind>
</comp>

<comp id="742" class="1004" name="p_Result_17_fu_742">
<pin_list>
<pin id="743" dir="0" index="0" bw="9" slack="0"/>
<pin id="744" dir="0" index="1" bw="19" slack="0"/>
<pin id="745" dir="0" index="2" bw="3" slack="0"/>
<pin id="746" dir="0" index="3" bw="5" slack="0"/>
<pin id="747" dir="1" index="4" bw="9" slack="1"/>
</pin_list>
<bind>
<opcode="partselect(1002) " fcode="partselect"/>
<opset="p_Result_17/18 "/>
</bind>
</comp>

<comp id="752" class="1004" name="tmp_6_fu_752">
<pin_list>
<pin id="753" dir="0" index="0" bw="8" slack="0"/>
<pin id="754" dir="0" index="1" bw="7" slack="1"/>
<pin id="755" dir="0" index="2" bw="1" slack="0"/>
<pin id="756" dir="1" index="3" bw="8" slack="0"/>
</pin_list>
<bind>
<opcode="bitconcatenate(1004) " fcode="bitconcatenate"/>
<opset="tmp_6/19 "/>
</bind>
</comp>

<comp id="759" class="1004" name="zext_ln489_5_fu_759">
<pin_list>
<pin id="760" dir="0" index="0" bw="8" slack="0"/>
<pin id="761" dir="1" index="1" bw="9" slack="0"/>
</pin_list>
<bind>
<opcode="zext(34) " fcode="zext"/>
<opset="zext_ln489_5/19 "/>
</bind>
</comp>

<comp id="763" class="1004" name="icmp_ln489_6_fu_763">
<pin_list>
<pin id="764" dir="0" index="0" bw="9" slack="1"/>
<pin id="765" dir="0" index="1" bw="9" slack="0"/>
<pin id="766" dir="1" index="2" bw="1" slack="1"/>
</pin_list>
<bind>
<opcode="icmp(45) " fcode="icmp"/>
<opset="icmp_ln489_6/19 "/>
</bind>
</comp>

<comp id="768" class="1004" name="grp_fu_768">
<pin_list>
<pin id="769" dir="0" index="0" bw="9" slack="1"/>
<pin id="770" dir="0" index="1" bw="8" slack="0"/>
<pin id="771" dir="1" index="2" bw="9" slack="1"/>
</pin_list>
<bind>
<opcode="sub(10) " fcode="sub"/>
<opset="sub_ln248_5/19 "/>
</bind>
</comp>

<comp id="773" class="1004" name="p_Result_55_fu_773">
<pin_list>
<pin id="774" dir="0" index="0" bw="8" slack="0"/>
<pin id="775" dir="0" index="1" bw="8" slack="2"/>
<pin id="776" dir="0" index="2" bw="1" slack="0"/>
<pin id="777" dir="0" index="3" bw="1" slack="0"/>
<pin id="778" dir="1" index="4" bw="8" slack="0"/>
</pin_list>
<bind>
<opcode="bitset(1001) " fcode="bitset"/>
<opset="p_Result_55/20 "/>
</bind>
</comp>

<comp id="782" class="1004" name="res_I_V_22_fu_782">
<pin_list>
<pin id="783" dir="0" index="0" bw="1" slack="1"/>
<pin id="784" dir="0" index="1" bw="8" slack="2"/>
<pin id="785" dir="0" index="2" bw="8" slack="0"/>
<pin id="786" dir="1" index="3" bw="8" slack="2"/>
</pin_list>
<bind>
<opcode="select(49) " fcode="select"/>
<opset="res_I_V_22/20 "/>
</bind>
</comp>

<comp id="788" class="1004" name="p_Result_54_fu_788">
<pin_list>
<pin id="789" dir="0" index="0" bw="19" slack="0"/>
<pin id="790" dir="0" index="1" bw="19" slack="3"/>
<pin id="791" dir="0" index="2" bw="9" slack="1"/>
<pin id="792" dir="0" index="3" bw="3" slack="0"/>
<pin id="793" dir="0" index="4" bw="5" slack="0"/>
<pin id="794" dir="1" index="5" bw="19" slack="0"/>
</pin_list>
<bind>
<opcode="partset(1003) " fcode="partset"/>
<opset="p_Result_54/21 "/>
</bind>
</comp>

<comp id="798" class="1004" name="x_l_I_V_78_fu_798">
<pin_list>
<pin id="799" dir="0" index="0" bw="1" slack="2"/>
<pin id="800" dir="0" index="1" bw="19" slack="3"/>
<pin id="801" dir="0" index="2" bw="19" slack="0"/>
<pin id="802" dir="1" index="3" bw="19" slack="0"/>
</pin_list>
<bind>
<opcode="select(49) " fcode="select"/>
<opset="x_l_I_V_78/21 "/>
</bind>
</comp>

<comp id="804" class="1004" name="trunc_ln640_fu_804">
<pin_list>
<pin id="805" dir="0" index="0" bw="19" slack="0"/>
<pin id="806" dir="1" index="1" bw="10" slack="1"/>
</pin_list>
<bind>
<opcode="trunc(33) " fcode="trunc"/>
<opset="trunc_ln640/21 "/>
</bind>
</comp>

<comp id="808" class="1004" name="tmp_8_fu_808">
<pin_list>
<pin id="809" dir="0" index="0" bw="9" slack="0"/>
<pin id="810" dir="0" index="1" bw="8" slack="2"/>
<pin id="811" dir="0" index="2" bw="1" slack="0"/>
<pin id="812" dir="1" index="3" bw="9" slack="0"/>
</pin_list>
<bind>
<opcode="bitconcatenate(1004) " fcode="bitconcatenate"/>
<opset="tmp_8/22 "/>
</bind>
</comp>

<comp id="815" class="1004" name="zext_ln489_6_fu_815">
<pin_list>
<pin id="816" dir="0" index="0" bw="9" slack="0"/>
<pin id="817" dir="1" index="1" bw="10" slack="0"/>
</pin_list>
<bind>
<opcode="zext(34) " fcode="zext"/>
<opset="zext_ln489_6/22 "/>
</bind>
</comp>

<comp id="819" class="1004" name="icmp_ln489_7_fu_819">
<pin_list>
<pin id="820" dir="0" index="0" bw="10" slack="1"/>
<pin id="821" dir="0" index="1" bw="10" slack="0"/>
<pin id="822" dir="1" index="2" bw="1" slack="2"/>
</pin_list>
<bind>
<opcode="icmp(45) " fcode="icmp"/>
<opset="icmp_ln489_7/22 "/>
</bind>
</comp>

<comp id="824" class="1004" name="grp_fu_824">
<pin_list>
<pin id="825" dir="0" index="0" bw="10" slack="1"/>
<pin id="826" dir="0" index="1" bw="9" slack="0"/>
<pin id="827" dir="1" index="2" bw="10" slack="1"/>
</pin_list>
<bind>
<opcode="sub(10) " fcode="sub"/>
<opset="sub_ln248_6/22 "/>
</bind>
</comp>

<comp id="829" class="1004" name="p_Result_56_fu_829">
<pin_list>
<pin id="830" dir="0" index="0" bw="19" slack="0"/>
<pin id="831" dir="0" index="1" bw="19" slack="3"/>
<pin id="832" dir="0" index="2" bw="10" slack="1"/>
<pin id="833" dir="0" index="3" bw="1" slack="0"/>
<pin id="834" dir="0" index="4" bw="5" slack="0"/>
<pin id="835" dir="1" index="5" bw="19" slack="0"/>
</pin_list>
<bind>
<opcode="partset(1003) " fcode="partset"/>
<opset="p_Result_56/24 "/>
</bind>
</comp>

<comp id="839" class="1004" name="x_l_I_V_79_fu_839">
<pin_list>
<pin id="840" dir="0" index="0" bw="1" slack="2"/>
<pin id="841" dir="0" index="1" bw="19" slack="3"/>
<pin id="842" dir="0" index="2" bw="19" slack="0"/>
<pin id="843" dir="1" index="3" bw="19" slack="1"/>
</pin_list>
<bind>
<opcode="select(49) " fcode="select"/>
<opset="x_l_I_V_79/24 "/>
</bind>
</comp>

<comp id="845" class="1004" name="grp_fu_845">
<pin_list>
<pin id="846" dir="0" index="0" bw="19" slack="1"/>
<pin id="847" dir="0" index="1" bw="1" slack="0"/>
<pin id="848" dir="1" index="2" bw="19" slack="1"/>
</pin_list>
<bind>
<opcode="add(8) " fcode="add"/>
<opset="x_l_I_V_17/25 "/>
</bind>
</comp>

<comp id="850" class="1004" name="p_Result_57_fu_850">
<pin_list>
<pin id="851" dir="0" index="0" bw="8" slack="0"/>
<pin id="852" dir="0" index="1" bw="8" slack="7"/>
<pin id="853" dir="0" index="2" bw="1" slack="0"/>
<pin id="854" dir="0" index="3" bw="1" slack="0"/>
<pin id="855" dir="1" index="4" bw="8" slack="0"/>
</pin_list>
<bind>
<opcode="bitset(1001) " fcode="bitset"/>
<opset="p_Result_57/27 "/>
</bind>
</comp>

<comp id="859" class="1004" name="res_I_V_fu_859">
<pin_list>
<pin id="860" dir="0" index="0" bw="1" slack="5"/>
<pin id="861" dir="0" index="1" bw="8" slack="7"/>
<pin id="862" dir="0" index="2" bw="8" slack="0"/>
<pin id="863" dir="1" index="3" bw="8" slack="0"/>
</pin_list>
<bind>
<opcode="select(49) " fcode="select"/>
<opset="res_I_V/27 "/>
</bind>
</comp>

<comp id="865" class="1004" name="x_l_I_V_18_fu_865">
<pin_list>
<pin id="866" dir="0" index="0" bw="1" slack="26"/>
<pin id="867" dir="0" index="1" bw="19" slack="1"/>
<pin id="868" dir="0" index="2" bw="19" slack="3"/>
<pin id="869" dir="1" index="3" bw="19" slack="1"/>
</pin_list>
<bind>
<opcode="select(49) " fcode="select"/>
<opset="x_l_I_V_18/27 "/>
</bind>
</comp>

<comp id="870" class="1004" name="trunc_ln104_fu_870">
<pin_list>
<pin id="871" dir="0" index="0" bw="8" slack="0"/>
<pin id="872" dir="1" index="1" bw="1" slack="5"/>
</pin_list>
<bind>
<opcode="trunc(33) " fcode="trunc"/>
<opset="trunc_ln104/27 "/>
</bind>
</comp>

<comp id="874" class="1004" name="tmp_14_fu_874">
<pin_list>
<pin id="875" dir="0" index="0" bw="7" slack="0"/>
<pin id="876" dir="0" index="1" bw="8" slack="0"/>
<pin id="877" dir="0" index="2" bw="1" slack="0"/>
<pin id="878" dir="0" index="3" bw="4" slack="0"/>
<pin id="879" dir="1" index="4" bw="7" slack="5"/>
</pin_list>
<bind>
<opcode="partselect(1002) " fcode="partselect"/>
<opset="tmp_14/27 "/>
</bind>
</comp>

<comp id="884" class="1004" name="trunc_ln104_1_fu_884">
<pin_list>
<pin id="885" dir="0" index="0" bw="8" slack="0"/>
<pin id="886" dir="1" index="1" bw="2" slack="11"/>
</pin_list>
<bind>
<opcode="trunc(33) " fcode="trunc"/>
<opset="trunc_ln104_1/27 "/>
</bind>
</comp>

<comp id="888" class="1004" name="tmp_15_fu_888">
<pin_list>
<pin id="889" dir="0" index="0" bw="6" slack="0"/>
<pin id="890" dir="0" index="1" bw="8" slack="0"/>
<pin id="891" dir="0" index="2" bw="3" slack="0"/>
<pin id="892" dir="0" index="3" bw="4" slack="0"/>
<pin id="893" dir="1" index="4" bw="6" slack="11"/>
</pin_list>
<bind>
<opcode="partselect(1002) " fcode="partselect"/>
<opset="tmp_15/27 "/>
</bind>
</comp>

<comp id="898" class="1004" name="trunc_ln104_2_fu_898">
<pin_list>
<pin id="899" dir="0" index="0" bw="8" slack="0"/>
<pin id="900" dir="1" index="1" bw="3" slack="17"/>
</pin_list>
<bind>
<opcode="trunc(33) " fcode="trunc"/>
<opset="trunc_ln104_2/27 "/>
</bind>
</comp>

<comp id="902" class="1004" name="tmp_16_fu_902">
<pin_list>
<pin id="903" dir="0" index="0" bw="5" slack="0"/>
<pin id="904" dir="0" index="1" bw="8" slack="0"/>
<pin id="905" dir="0" index="2" bw="3" slack="0"/>
<pin id="906" dir="0" index="3" bw="4" slack="0"/>
<pin id="907" dir="1" index="4" bw="5" slack="17"/>
</pin_list>
<bind>
<opcode="partselect(1002) " fcode="partselect"/>
<opset="tmp_16/27 "/>
</bind>
</comp>

<comp id="912" class="1004" name="trunc_ln104_3_fu_912">
<pin_list>
<pin id="913" dir="0" index="0" bw="8" slack="0"/>
<pin id="914" dir="1" index="1" bw="4" slack="23"/>
</pin_list>
<bind>
<opcode="trunc(33) " fcode="trunc"/>
<opset="trunc_ln104_3/27 "/>
</bind>
</comp>

<comp id="916" class="1004" name="tmp_17_fu_916">
<pin_list>
<pin id="917" dir="0" index="0" bw="4" slack="0"/>
<pin id="918" dir="0" index="1" bw="8" slack="0"/>
<pin id="919" dir="0" index="2" bw="4" slack="0"/>
<pin id="920" dir="0" index="3" bw="4" slack="0"/>
<pin id="921" dir="1" index="4" bw="4" slack="23"/>
</pin_list>
<bind>
<opcode="partselect(1002) " fcode="partselect"/>
<opset="tmp_17/27 "/>
</bind>
</comp>

<comp id="926" class="1004" name="trunc_ln104_4_fu_926">
<pin_list>
<pin id="927" dir="0" index="0" bw="8" slack="0"/>
<pin id="928" dir="1" index="1" bw="5" slack="29"/>
</pin_list>
<bind>
<opcode="trunc(33) " fcode="trunc"/>
<opset="trunc_ln104_4/27 "/>
</bind>
</comp>

<comp id="930" class="1004" name="tmp_18_fu_930">
<pin_list>
<pin id="931" dir="0" index="0" bw="3" slack="0"/>
<pin id="932" dir="0" index="1" bw="8" slack="0"/>
<pin id="933" dir="0" index="2" bw="4" slack="0"/>
<pin id="934" dir="0" index="3" bw="4" slack="0"/>
<pin id="935" dir="1" index="4" bw="3" slack="29"/>
</pin_list>
<bind>
<opcode="partselect(1002) " fcode="partselect"/>
<opset="tmp_18/27 "/>
</bind>
</comp>

<comp id="940" class="1004" name="trunc_ln104_5_fu_940">
<pin_list>
<pin id="941" dir="0" index="0" bw="8" slack="0"/>
<pin id="942" dir="1" index="1" bw="6" slack="35"/>
</pin_list>
<bind>
<opcode="trunc(33) " fcode="trunc"/>
<opset="trunc_ln104_5/27 "/>
</bind>
</comp>

<comp id="944" class="1004" name="tmp_19_fu_944">
<pin_list>
<pin id="945" dir="0" index="0" bw="2" slack="0"/>
<pin id="946" dir="0" index="1" bw="8" slack="0"/>
<pin id="947" dir="0" index="2" bw="4" slack="0"/>
<pin id="948" dir="0" index="3" bw="4" slack="0"/>
<pin id="949" dir="1" index="4" bw="2" slack="37"/>
</pin_list>
<bind>
<opcode="partselect(1002) " fcode="partselect"/>
<opset="tmp_19/27 "/>
</bind>
</comp>

<comp id="954" class="1004" name="trunc_ln104_6_fu_954">
<pin_list>
<pin id="955" dir="0" index="0" bw="8" slack="0"/>
<pin id="956" dir="1" index="1" bw="7" slack="41"/>
</pin_list>
<bind>
<opcode="trunc(33) " fcode="trunc"/>
<opset="trunc_ln104_6/27 "/>
</bind>
</comp>

<comp id="958" class="1004" name="tmp_45_fu_958">
<pin_list>
<pin id="959" dir="0" index="0" bw="1" slack="0"/>
<pin id="960" dir="0" index="1" bw="8" slack="0"/>
<pin id="961" dir="0" index="2" bw="4" slack="0"/>
<pin id="962" dir="1" index="3" bw="1" slack="42"/>
</pin_list>
<bind>
<opcode="bitselect(1000) " fcode="bitselect"/>
<opset="tmp_45/27 "/>
</bind>
</comp>

<comp id="966" class="1004" name="trunc_ln7_fu_966">
<pin_list>
<pin id="967" dir="0" index="0" bw="17" slack="0"/>
<pin id="968" dir="0" index="1" bw="1" slack="0"/>
<pin id="969" dir="0" index="2" bw="8" slack="1"/>
<pin id="970" dir="1" index="3" bw="17" slack="0"/>
</pin_list>
<bind>
<opcode="bitconcatenate(1004) " fcode="bitconcatenate"/>
<opset="trunc_ln7/28 "/>
</bind>
</comp>

<comp id="973" class="1004" name="zext_ln318_fu_973">
<pin_list>
<pin id="974" dir="0" index="0" bw="17" slack="0"/>
<pin id="975" dir="1" index="1" bw="19" slack="0"/>
</pin_list>
<bind>
<opcode="zext(34) " fcode="zext"/>
<opset="zext_ln318/28 "/>
</bind>
</comp>

<comp id="977" class="1004" name="icmp_ln318_fu_977">
<pin_list>
<pin id="978" dir="0" index="0" bw="19" slack="4"/>
<pin id="979" dir="0" index="1" bw="19" slack="0"/>
<pin id="980" dir="1" index="2" bw="1" slack="1"/>
</pin_list>
<bind>
<opcode="icmp(45) " fcode="icmp"/>
<opset="icmp_ln318/28 "/>
</bind>
</comp>

<comp id="982" class="1004" name="grp_fu_982">
<pin_list>
<pin id="983" dir="0" index="0" bw="19" slack="1"/>
<pin id="984" dir="0" index="1" bw="17" slack="0"/>
<pin id="985" dir="1" index="2" bw="19" slack="1"/>
</pin_list>
<bind>
<opcode="sub(10) " fcode="sub"/>
<opset="x_l_I_V_80/28 "/>
</bind>
</comp>

<comp id="987" class="1004" name="icmp_ln1494_fu_987">
<pin_list>
<pin id="988" dir="0" index="0" bw="19" slack="0"/>
<pin id="989" dir="0" index="1" bw="19" slack="4"/>
<pin id="990" dir="1" index="2" bw="1" slack="1"/>
</pin_list>
<bind>
<opcode="icmp(45) " fcode="icmp"/>
<opset="icmp_ln1494/28 "/>
</bind>
</comp>

<comp id="992" class="1004" name="x_l_FH_V_fu_992">
<pin_list>
<pin id="993" dir="0" index="0" bw="17" slack="0"/>
<pin id="994" dir="0" index="1" bw="16" slack="28"/>
<pin id="995" dir="0" index="2" bw="1" slack="0"/>
<pin id="996" dir="1" index="3" bw="17" slack="0"/>
</pin_list>
<bind>
<opcode="bitconcatenate(1004) " fcode="bitconcatenate"/>
<opset="x_l_FH_V/29 "/>
</bind>
</comp>

<comp id="999" class="1004" name="or_ln318_fu_999">
<pin_list>
<pin id="1000" dir="0" index="0" bw="1" slack="1"/>
<pin id="1001" dir="0" index="1" bw="1" slack="28"/>
<pin id="1002" dir="1" index="2" bw="1" slack="0"/>
</pin_list>
<bind>
<opcode="or(24) " fcode="or"/>
<opset="or_ln318/29 "/>
</bind>
</comp>

<comp id="1003" class="1004" name="grp_fu_1003">
<pin_list>
<pin id="1004" dir="0" index="0" bw="17" slack="0"/>
<pin id="1005" dir="0" index="1" bw="16" slack="0"/>
<pin id="1006" dir="1" index="2" bw="17" slack="1"/>
</pin_list>
<bind>
<opcode="add(8) " fcode="add"/>
<opset="x_l_FH_V_26/29 "/>
</bind>
</comp>

<comp id="1009" class="1004" name="xor_ln1494_fu_1009">
<pin_list>
<pin id="1010" dir="0" index="0" bw="1" slack="1"/>
<pin id="1011" dir="0" index="1" bw="1" slack="0"/>
<pin id="1012" dir="1" index="2" bw="1" slack="0"/>
</pin_list>
<bind>
<opcode="xor(25) " fcode="xor"/>
<opset="xor_ln1494/29 "/>
</bind>
</comp>

<comp id="1014" class="1004" name="and_ln318_1_fu_1014">
<pin_list>
<pin id="1015" dir="0" index="0" bw="1" slack="0"/>
<pin id="1016" dir="0" index="1" bw="1" slack="0"/>
<pin id="1017" dir="1" index="2" bw="1" slack="1"/>
</pin_list>
<bind>
<opcode="and(23) " fcode="and"/>
<opset="and_ln318_1/29 "/>
</bind>
</comp>

<comp id="1020" class="1004" name="x_l_I_V_81_fu_1020">
<pin_list>
<pin id="1021" dir="0" index="0" bw="1" slack="1"/>
<pin id="1022" dir="0" index="1" bw="19" slack="6"/>
<pin id="1023" dir="0" index="2" bw="19" slack="1"/>
<pin id="1024" dir="1" index="3" bw="19" slack="1"/>
</pin_list>
<bind>
<opcode="select(49) " fcode="select"/>
<opset="x_l_I_V_81/30 "/>
</bind>
</comp>

<comp id="1025" class="1004" name="res_FH_V_33_fu_1025">
<pin_list>
<pin id="1026" dir="0" index="0" bw="1" slack="2"/>
<pin id="1027" dir="0" index="1" bw="17" slack="0"/>
<pin id="1028" dir="0" index="2" bw="17" slack="0"/>
<pin id="1029" dir="1" index="3" bw="17" slack="0"/>
</pin_list>
<bind>
<opcode="select(49) " fcode="select"/>
<opset="res_FH_V_33/31 "/>
</bind>
</comp>

<comp id="1032" class="1004" name="p_Val2_23_fu_1032">
<pin_list>
<pin id="1033" dir="0" index="0" bw="1" slack="2"/>
<pin id="1034" dir="0" index="1" bw="17" slack="2"/>
<pin id="1035" dir="0" index="2" bw="17" slack="1"/>
<pin id="1036" dir="1" index="3" bw="17" slack="1"/>
</pin_list>
<bind>
<opcode="select(49) " fcode="select"/>
<opset="p_Val2_23/31 "/>
</bind>
</comp>

<comp id="1037" class="1004" name="p_Result_20_fu_1037">
<pin_list>
<pin id="1038" dir="0" index="0" bw="2" slack="0"/>
<pin id="1039" dir="0" index="1" bw="17" slack="0"/>
<pin id="1040" dir="0" index="2" bw="5" slack="0"/>
<pin id="1041" dir="0" index="3" bw="6" slack="0"/>
<pin id="1042" dir="1" index="4" bw="2" slack="1"/>
</pin_list>
<bind>
<opcode="partselect(1002) " fcode="partselect"/>
<opset="p_Result_20/31 "/>
</bind>
</comp>

<comp id="1047" class="1004" name="grp_fu_1047">
<pin_list>
<pin id="1048" dir="0" index="0" bw="19" slack="1"/>
<pin id="1049" dir="0" index="1" bw="1" slack="0"/>
<pin id="1050" dir="1" index="2" bw="19" slack="1"/>
</pin_list>
<bind>
<opcode="add(8) " fcode="add"/>
<opset="x_l_I_V/31 "/>
</bind>
</comp>

<comp id="1052" class="1004" name="mul_FH_V_fu_1052">
<pin_list>
<pin id="1053" dir="0" index="0" bw="17" slack="0"/>
<pin id="1054" dir="0" index="1" bw="1" slack="5"/>
<pin id="1055" dir="0" index="2" bw="2" slack="1"/>
<pin id="1056" dir="0" index="3" bw="14" slack="0"/>
<pin id="1057" dir="1" index="4" bw="17" slack="0"/>
</pin_list>
<bind>
<opcode="bitconcatenate(1004) " fcode="bitconcatenate"/>
<opset="mul_FH_V/32 "/>
</bind>
</comp>

<comp id="1060" class="1004" name="trunc_ln318_1_fu_1060">
<pin_list>
<pin id="1061" dir="0" index="0" bw="17" slack="0"/>
<pin id="1062" dir="0" index="1" bw="1" slack="0"/>
<pin id="1063" dir="0" index="2" bw="7" slack="5"/>
<pin id="1064" dir="1" index="3" bw="17" slack="0"/>
</pin_list>
<bind>
<opcode="bitconcatenate(1004) " fcode="bitconcatenate"/>
<opset="trunc_ln318_1/32 "/>
</bind>
</comp>

<comp id="1067" class="1004" name="zext_ln318_1_fu_1067">
<pin_list>
<pin id="1068" dir="0" index="0" bw="17" slack="0"/>
<pin id="1069" dir="1" index="1" bw="19" slack="0"/>
</pin_list>
<bind>
<opcode="zext(34) " fcode="zext"/>
<opset="zext_ln318_1/32 "/>
</bind>
</comp>

<comp id="1071" class="1004" name="icmp_ln318_2_fu_1071">
<pin_list>
<pin id="1072" dir="0" index="0" bw="19" slack="2"/>
<pin id="1073" dir="0" index="1" bw="19" slack="0"/>
<pin id="1074" dir="1" index="2" bw="1" slack="1"/>
</pin_list>
<bind>
<opcode="icmp(45) " fcode="icmp"/>
<opset="icmp_ln318_2/32 "/>
</bind>
</comp>

<comp id="1076" class="1004" name="icmp_ln318_3_fu_1076">
<pin_list>
<pin id="1077" dir="0" index="0" bw="17" slack="1"/>
<pin id="1078" dir="0" index="1" bw="17" slack="0"/>
<pin id="1079" dir="1" index="2" bw="1" slack="1"/>
</pin_list>
<bind>
<opcode="icmp(45) " fcode="icmp"/>
<opset="icmp_ln318_3/32 "/>
</bind>
</comp>

<comp id="1081" class="1004" name="grp_fu_1081">
<pin_list>
<pin id="1082" dir="0" index="0" bw="17" slack="1"/>
<pin id="1083" dir="0" index="1" bw="17" slack="0"/>
<pin id="1084" dir="1" index="2" bw="17" slack="1"/>
</pin_list>
<bind>
<opcode="sub(10) " fcode="sub"/>
<opset="x_l_FH_V_27/32 "/>
</bind>
</comp>

<comp id="1086" class="1004" name="icmp_ln1494_1_fu_1086">
<pin_list>
<pin id="1087" dir="0" index="0" bw="19" slack="0"/>
<pin id="1088" dir="0" index="1" bw="19" slack="2"/>
<pin id="1089" dir="1" index="2" bw="1" slack="1"/>
</pin_list>
<bind>
<opcode="icmp(45) " fcode="icmp"/>
<opset="icmp_ln1494_1/32 "/>
</bind>
</comp>

<comp id="1091" class="1004" name="or_ln318_1_fu_1091">
<pin_list>
<pin id="1092" dir="0" index="0" bw="1" slack="1"/>
<pin id="1093" dir="0" index="1" bw="1" slack="1"/>
<pin id="1094" dir="1" index="2" bw="1" slack="0"/>
</pin_list>
<bind>
<opcode="or(24) " fcode="or"/>
<opset="or_ln318_1/33 "/>
</bind>
</comp>

<comp id="1095" class="1004" name="x_l_I_V_21_fu_1095">
<pin_list>
<pin id="1096" dir="0" index="0" bw="1" slack="1"/>
<pin id="1097" dir="0" index="1" bw="19" slack="1"/>
<pin id="1098" dir="0" index="2" bw="19" slack="3"/>
<pin id="1099" dir="1" index="3" bw="19" slack="1"/>
</pin_list>
<bind>
<opcode="select(49) " fcode="select"/>
<opset="x_l_I_V_21/33 "/>
</bind>
</comp>

<comp id="1100" class="1004" name="xor_ln1494_1_fu_1100">
<pin_list>
<pin id="1101" dir="0" index="0" bw="1" slack="1"/>
<pin id="1102" dir="0" index="1" bw="1" slack="0"/>
<pin id="1103" dir="1" index="2" bw="1" slack="0"/>
</pin_list>
<bind>
<opcode="xor(25) " fcode="xor"/>
<opset="xor_ln1494_1/33 "/>
</bind>
</comp>

<comp id="1105" class="1004" name="and_ln318_2_fu_1105">
<pin_list>
<pin id="1106" dir="0" index="0" bw="1" slack="0"/>
<pin id="1107" dir="0" index="1" bw="1" slack="0"/>
<pin id="1108" dir="1" index="2" bw="1" slack="1"/>
</pin_list>
<bind>
<opcode="and(23) " fcode="and"/>
<opset="and_ln318_2/33 "/>
</bind>
</comp>

<comp id="1111" class="1004" name="grp_fu_1111">
<pin_list>
<pin id="1112" dir="0" index="0" bw="19" slack="1"/>
<pin id="1113" dir="0" index="1" bw="17" slack="2"/>
<pin id="1114" dir="1" index="2" bw="19" slack="1"/>
</pin_list>
<bind>
<opcode="sub(10) " fcode="sub"/>
<opset="x_l_I_V_82/34 "/>
</bind>
</comp>

<comp id="1115" class="1004" name="x_l_FH_V_28_fu_1115">
<pin_list>
<pin id="1116" dir="0" index="0" bw="1" slack="1"/>
<pin id="1117" dir="0" index="1" bw="17" slack="3"/>
<pin id="1118" dir="0" index="2" bw="17" slack="1"/>
<pin id="1119" dir="1" index="3" bw="17" slack="4"/>
</pin_list>
<bind>
<opcode="select(49) " fcode="select"/>
<opset="x_l_FH_V_28/34 "/>
</bind>
</comp>

<comp id="1120" class="1004" name="x_l_I_V_83_fu_1120">
<pin_list>
<pin id="1121" dir="0" index="0" bw="1" slack="3"/>
<pin id="1122" dir="0" index="1" bw="19" slack="6"/>
<pin id="1123" dir="0" index="2" bw="19" slack="1"/>
<pin id="1124" dir="1" index="3" bw="19" slack="1"/>
</pin_list>
<bind>
<opcode="select(49) " fcode="select"/>
<opset="x_l_I_V_83/36 "/>
</bind>
</comp>

<comp id="1125" class="1004" name="p_Result_58_fu_1125">
<pin_list>
<pin id="1126" dir="0" index="0" bw="17" slack="0"/>
<pin id="1127" dir="0" index="1" bw="17" slack="6"/>
<pin id="1128" dir="0" index="2" bw="5" slack="0"/>
<pin id="1129" dir="0" index="3" bw="1" slack="0"/>
<pin id="1130" dir="1" index="4" bw="17" slack="0"/>
</pin_list>
<bind>
<opcode="bitset(1001) " fcode="bitset"/>
<opset="p_Result_58/37 "/>
</bind>
</comp>

<comp id="1134" class="1004" name="res_FH_V_34_fu_1134">
<pin_list>
<pin id="1135" dir="0" index="0" bw="1" slack="4"/>
<pin id="1136" dir="0" index="1" bw="17" slack="6"/>
<pin id="1137" dir="0" index="2" bw="17" slack="0"/>
<pin id="1138" dir="1" index="3" bw="17" slack="0"/>
</pin_list>
<bind>
<opcode="select(49) " fcode="select"/>
<opset="res_FH_V_34/37 "/>
</bind>
</comp>

<comp id="1140" class="1004" name="p_Result_21_fu_1140">
<pin_list>
<pin id="1141" dir="0" index="0" bw="3" slack="0"/>
<pin id="1142" dir="0" index="1" bw="17" slack="0"/>
<pin id="1143" dir="0" index="2" bw="5" slack="0"/>
<pin id="1144" dir="0" index="3" bw="6" slack="0"/>
<pin id="1145" dir="1" index="4" bw="3" slack="1"/>
</pin_list>
<bind>
<opcode="partselect(1002) " fcode="partselect"/>
<opset="p_Result_21/37 "/>
</bind>
</comp>

<comp id="1150" class="1004" name="grp_fu_1150">
<pin_list>
<pin id="1151" dir="0" index="0" bw="19" slack="1"/>
<pin id="1152" dir="0" index="1" bw="1" slack="0"/>
<pin id="1153" dir="1" index="2" bw="19" slack="1"/>
</pin_list>
<bind>
<opcode="add(8) " fcode="add"/>
<opset="x_l_I_V_24/37 "/>
</bind>
</comp>

<comp id="1155" class="1004" name="mul_FH_V_1_fu_1155">
<pin_list>
<pin id="1156" dir="0" index="0" bw="17" slack="0"/>
<pin id="1157" dir="0" index="1" bw="2" slack="11"/>
<pin id="1158" dir="0" index="2" bw="3" slack="1"/>
<pin id="1159" dir="0" index="3" bw="12" slack="0"/>
<pin id="1160" dir="1" index="4" bw="17" slack="0"/>
</pin_list>
<bind>
<opcode="bitconcatenate(1004) " fcode="bitconcatenate"/>
<opset="mul_FH_V_1/38 "/>
</bind>
</comp>

<comp id="1163" class="1004" name="trunc_ln318_2_fu_1163">
<pin_list>
<pin id="1164" dir="0" index="0" bw="17" slack="0"/>
<pin id="1165" dir="0" index="1" bw="1" slack="0"/>
<pin id="1166" dir="0" index="2" bw="6" slack="11"/>
<pin id="1167" dir="1" index="3" bw="17" slack="0"/>
</pin_list>
<bind>
<opcode="bitconcatenate(1004) " fcode="bitconcatenate"/>
<opset="trunc_ln318_2/38 "/>
</bind>
</comp>

<comp id="1170" class="1004" name="zext_ln318_2_fu_1170">
<pin_list>
<pin id="1171" dir="0" index="0" bw="17" slack="0"/>
<pin id="1172" dir="1" index="1" bw="19" slack="0"/>
</pin_list>
<bind>
<opcode="zext(34) " fcode="zext"/>
<opset="zext_ln318_2/38 "/>
</bind>
</comp>

<comp id="1174" class="1004" name="icmp_ln318_4_fu_1174">
<pin_list>
<pin id="1175" dir="0" index="0" bw="19" slack="2"/>
<pin id="1176" dir="0" index="1" bw="19" slack="0"/>
<pin id="1177" dir="1" index="2" bw="1" slack="1"/>
</pin_list>
<bind>
<opcode="icmp(45) " fcode="icmp"/>
<opset="icmp_ln318_4/38 "/>
</bind>
</comp>

<comp id="1179" class="1004" name="icmp_ln318_5_fu_1179">
<pin_list>
<pin id="1180" dir="0" index="0" bw="17" slack="4"/>
<pin id="1181" dir="0" index="1" bw="17" slack="0"/>
<pin id="1182" dir="1" index="2" bw="1" slack="1"/>
</pin_list>
<bind>
<opcode="icmp(45) " fcode="icmp"/>
<opset="icmp_ln318_5/38 "/>
</bind>
</comp>

<comp id="1184" class="1004" name="grp_fu_1184">
<pin_list>
<pin id="1185" dir="0" index="0" bw="17" slack="4"/>
<pin id="1186" dir="0" index="1" bw="17" slack="0"/>
<pin id="1187" dir="1" index="2" bw="17" slack="1"/>
</pin_list>
<bind>
<opcode="sub(10) " fcode="sub"/>
<opset="x_l_FH_V_29/38 "/>
</bind>
</comp>

<comp id="1189" class="1004" name="icmp_ln1494_2_fu_1189">
<pin_list>
<pin id="1190" dir="0" index="0" bw="19" slack="0"/>
<pin id="1191" dir="0" index="1" bw="19" slack="2"/>
<pin id="1192" dir="1" index="2" bw="1" slack="1"/>
</pin_list>
<bind>
<opcode="icmp(45) " fcode="icmp"/>
<opset="icmp_ln1494_2/38 "/>
</bind>
</comp>

<comp id="1194" class="1004" name="or_ln318_2_fu_1194">
<pin_list>
<pin id="1195" dir="0" index="0" bw="1" slack="1"/>
<pin id="1196" dir="0" index="1" bw="1" slack="1"/>
<pin id="1197" dir="1" index="2" bw="1" slack="0"/>
</pin_list>
<bind>
<opcode="or(24) " fcode="or"/>
<opset="or_ln318_2/39 "/>
</bind>
</comp>

<comp id="1198" class="1004" name="x_l_I_V_25_fu_1198">
<pin_list>
<pin id="1199" dir="0" index="0" bw="1" slack="1"/>
<pin id="1200" dir="0" index="1" bw="19" slack="1"/>
<pin id="1201" dir="0" index="2" bw="19" slack="3"/>
<pin id="1202" dir="1" index="3" bw="19" slack="1"/>
</pin_list>
<bind>
<opcode="select(49) " fcode="select"/>
<opset="x_l_I_V_25/39 "/>
</bind>
</comp>

<comp id="1203" class="1004" name="xor_ln1494_2_fu_1203">
<pin_list>
<pin id="1204" dir="0" index="0" bw="1" slack="1"/>
<pin id="1205" dir="0" index="1" bw="1" slack="0"/>
<pin id="1206" dir="1" index="2" bw="1" slack="0"/>
</pin_list>
<bind>
<opcode="xor(25) " fcode="xor"/>
<opset="xor_ln1494_2/39 "/>
</bind>
</comp>

<comp id="1208" class="1004" name="and_ln318_3_fu_1208">
<pin_list>
<pin id="1209" dir="0" index="0" bw="1" slack="0"/>
<pin id="1210" dir="0" index="1" bw="1" slack="0"/>
<pin id="1211" dir="1" index="2" bw="1" slack="1"/>
</pin_list>
<bind>
<opcode="and(23) " fcode="and"/>
<opset="and_ln318_3/39 "/>
</bind>
</comp>

<comp id="1214" class="1004" name="grp_fu_1214">
<pin_list>
<pin id="1215" dir="0" index="0" bw="19" slack="1"/>
<pin id="1216" dir="0" index="1" bw="17" slack="2"/>
<pin id="1217" dir="1" index="2" bw="19" slack="1"/>
</pin_list>
<bind>
<opcode="sub(10) " fcode="sub"/>
<opset="x_l_I_V_84/40 "/>
</bind>
</comp>

<comp id="1218" class="1004" name="x_l_FH_V_30_fu_1218">
<pin_list>
<pin id="1219" dir="0" index="0" bw="1" slack="1"/>
<pin id="1220" dir="0" index="1" bw="17" slack="6"/>
<pin id="1221" dir="0" index="2" bw="17" slack="1"/>
<pin id="1222" dir="1" index="3" bw="17" slack="4"/>
</pin_list>
<bind>
<opcode="select(49) " fcode="select"/>
<opset="x_l_FH_V_30/40 "/>
</bind>
</comp>

<comp id="1223" class="1004" name="x_l_I_V_85_fu_1223">
<pin_list>
<pin id="1224" dir="0" index="0" bw="1" slack="3"/>
<pin id="1225" dir="0" index="1" bw="19" slack="6"/>
<pin id="1226" dir="0" index="2" bw="19" slack="1"/>
<pin id="1227" dir="1" index="3" bw="19" slack="1"/>
</pin_list>
<bind>
<opcode="select(49) " fcode="select"/>
<opset="x_l_I_V_85/42 "/>
</bind>
</comp>

<comp id="1228" class="1004" name="p_Result_59_fu_1228">
<pin_list>
<pin id="1229" dir="0" index="0" bw="17" slack="0"/>
<pin id="1230" dir="0" index="1" bw="17" slack="6"/>
<pin id="1231" dir="0" index="2" bw="5" slack="0"/>
<pin id="1232" dir="0" index="3" bw="1" slack="0"/>
<pin id="1233" dir="1" index="4" bw="17" slack="0"/>
</pin_list>
<bind>
<opcode="bitset(1001) " fcode="bitset"/>
<opset="p_Result_59/43 "/>
</bind>
</comp>

<comp id="1237" class="1004" name="res_FH_V_35_fu_1237">
<pin_list>
<pin id="1238" dir="0" index="0" bw="1" slack="4"/>
<pin id="1239" dir="0" index="1" bw="17" slack="6"/>
<pin id="1240" dir="0" index="2" bw="17" slack="0"/>
<pin id="1241" dir="1" index="3" bw="17" slack="0"/>
</pin_list>
<bind>
<opcode="select(49) " fcode="select"/>
<opset="res_FH_V_35/43 "/>
</bind>
</comp>

<comp id="1243" class="1004" name="p_Result_22_fu_1243">
<pin_list>
<pin id="1244" dir="0" index="0" bw="4" slack="0"/>
<pin id="1245" dir="0" index="1" bw="17" slack="0"/>
<pin id="1246" dir="0" index="2" bw="5" slack="0"/>
<pin id="1247" dir="0" index="3" bw="6" slack="0"/>
<pin id="1248" dir="1" index="4" bw="4" slack="1"/>
</pin_list>
<bind>
<opcode="partselect(1002) " fcode="partselect"/>
<opset="p_Result_22/43 "/>
</bind>
</comp>

<comp id="1253" class="1004" name="grp_fu_1253">
<pin_list>
<pin id="1254" dir="0" index="0" bw="19" slack="1"/>
<pin id="1255" dir="0" index="1" bw="1" slack="0"/>
<pin id="1256" dir="1" index="2" bw="19" slack="1"/>
</pin_list>
<bind>
<opcode="add(8) " fcode="add"/>
<opset="x_l_I_V_28/43 "/>
</bind>
</comp>

<comp id="1258" class="1004" name="mul_FH_V_2_fu_1258">
<pin_list>
<pin id="1259" dir="0" index="0" bw="17" slack="0"/>
<pin id="1260" dir="0" index="1" bw="3" slack="17"/>
<pin id="1261" dir="0" index="2" bw="4" slack="1"/>
<pin id="1262" dir="0" index="3" bw="10" slack="0"/>
<pin id="1263" dir="1" index="4" bw="17" slack="0"/>
</pin_list>
<bind>
<opcode="bitconcatenate(1004) " fcode="bitconcatenate"/>
<opset="mul_FH_V_2/44 "/>
</bind>
</comp>

<comp id="1266" class="1004" name="trunc_ln318_3_fu_1266">
<pin_list>
<pin id="1267" dir="0" index="0" bw="17" slack="0"/>
<pin id="1268" dir="0" index="1" bw="1" slack="0"/>
<pin id="1269" dir="0" index="2" bw="5" slack="17"/>
<pin id="1270" dir="1" index="3" bw="17" slack="0"/>
</pin_list>
<bind>
<opcode="bitconcatenate(1004) " fcode="bitconcatenate"/>
<opset="trunc_ln318_3/44 "/>
</bind>
</comp>

<comp id="1273" class="1004" name="zext_ln318_3_fu_1273">
<pin_list>
<pin id="1274" dir="0" index="0" bw="17" slack="0"/>
<pin id="1275" dir="1" index="1" bw="19" slack="0"/>
</pin_list>
<bind>
<opcode="zext(34) " fcode="zext"/>
<opset="zext_ln318_3/44 "/>
</bind>
</comp>

<comp id="1277" class="1004" name="icmp_ln318_6_fu_1277">
<pin_list>
<pin id="1278" dir="0" index="0" bw="19" slack="2"/>
<pin id="1279" dir="0" index="1" bw="19" slack="0"/>
<pin id="1280" dir="1" index="2" bw="1" slack="1"/>
</pin_list>
<bind>
<opcode="icmp(45) " fcode="icmp"/>
<opset="icmp_ln318_6/44 "/>
</bind>
</comp>

<comp id="1282" class="1004" name="icmp_ln318_7_fu_1282">
<pin_list>
<pin id="1283" dir="0" index="0" bw="17" slack="4"/>
<pin id="1284" dir="0" index="1" bw="17" slack="0"/>
<pin id="1285" dir="1" index="2" bw="1" slack="1"/>
</pin_list>
<bind>
<opcode="icmp(45) " fcode="icmp"/>
<opset="icmp_ln318_7/44 "/>
</bind>
</comp>

<comp id="1287" class="1004" name="grp_fu_1287">
<pin_list>
<pin id="1288" dir="0" index="0" bw="17" slack="4"/>
<pin id="1289" dir="0" index="1" bw="17" slack="0"/>
<pin id="1290" dir="1" index="2" bw="17" slack="1"/>
</pin_list>
<bind>
<opcode="sub(10) " fcode="sub"/>
<opset="x_l_FH_V_31/44 "/>
</bind>
</comp>

<comp id="1292" class="1004" name="icmp_ln1494_3_fu_1292">
<pin_list>
<pin id="1293" dir="0" index="0" bw="19" slack="0"/>
<pin id="1294" dir="0" index="1" bw="19" slack="2"/>
<pin id="1295" dir="1" index="2" bw="1" slack="1"/>
</pin_list>
<bind>
<opcode="icmp(45) " fcode="icmp"/>
<opset="icmp_ln1494_3/44 "/>
</bind>
</comp>

<comp id="1297" class="1004" name="or_ln318_3_fu_1297">
<pin_list>
<pin id="1298" dir="0" index="0" bw="1" slack="1"/>
<pin id="1299" dir="0" index="1" bw="1" slack="1"/>
<pin id="1300" dir="1" index="2" bw="1" slack="0"/>
</pin_list>
<bind>
<opcode="or(24) " fcode="or"/>
<opset="or_ln318_3/45 "/>
</bind>
</comp>

<comp id="1301" class="1004" name="x_l_I_V_29_fu_1301">
<pin_list>
<pin id="1302" dir="0" index="0" bw="1" slack="1"/>
<pin id="1303" dir="0" index="1" bw="19" slack="1"/>
<pin id="1304" dir="0" index="2" bw="19" slack="3"/>
<pin id="1305" dir="1" index="3" bw="19" slack="1"/>
</pin_list>
<bind>
<opcode="select(49) " fcode="select"/>
<opset="x_l_I_V_29/45 "/>
</bind>
</comp>

<comp id="1306" class="1004" name="xor_ln1494_3_fu_1306">
<pin_list>
<pin id="1307" dir="0" index="0" bw="1" slack="1"/>
<pin id="1308" dir="0" index="1" bw="1" slack="0"/>
<pin id="1309" dir="1" index="2" bw="1" slack="0"/>
</pin_list>
<bind>
<opcode="xor(25) " fcode="xor"/>
<opset="xor_ln1494_3/45 "/>
</bind>
</comp>

<comp id="1311" class="1004" name="and_ln318_4_fu_1311">
<pin_list>
<pin id="1312" dir="0" index="0" bw="1" slack="0"/>
<pin id="1313" dir="0" index="1" bw="1" slack="0"/>
<pin id="1314" dir="1" index="2" bw="1" slack="1"/>
</pin_list>
<bind>
<opcode="and(23) " fcode="and"/>
<opset="and_ln318_4/45 "/>
</bind>
</comp>

<comp id="1317" class="1004" name="grp_fu_1317">
<pin_list>
<pin id="1318" dir="0" index="0" bw="19" slack="1"/>
<pin id="1319" dir="0" index="1" bw="17" slack="2"/>
<pin id="1320" dir="1" index="2" bw="19" slack="1"/>
</pin_list>
<bind>
<opcode="sub(10) " fcode="sub"/>
<opset="x_l_I_V_86/46 "/>
</bind>
</comp>

<comp id="1321" class="1004" name="x_l_FH_V_32_fu_1321">
<pin_list>
<pin id="1322" dir="0" index="0" bw="1" slack="1"/>
<pin id="1323" dir="0" index="1" bw="17" slack="6"/>
<pin id="1324" dir="0" index="2" bw="17" slack="1"/>
<pin id="1325" dir="1" index="3" bw="17" slack="4"/>
</pin_list>
<bind>
<opcode="select(49) " fcode="select"/>
<opset="x_l_FH_V_32/46 "/>
</bind>
</comp>

<comp id="1326" class="1004" name="x_l_I_V_87_fu_1326">
<pin_list>
<pin id="1327" dir="0" index="0" bw="1" slack="3"/>
<pin id="1328" dir="0" index="1" bw="19" slack="6"/>
<pin id="1329" dir="0" index="2" bw="19" slack="1"/>
<pin id="1330" dir="1" index="3" bw="19" slack="1"/>
</pin_list>
<bind>
<opcode="select(49) " fcode="select"/>
<opset="x_l_I_V_87/48 "/>
</bind>
</comp>

<comp id="1331" class="1004" name="p_Result_60_fu_1331">
<pin_list>
<pin id="1332" dir="0" index="0" bw="17" slack="0"/>
<pin id="1333" dir="0" index="1" bw="17" slack="6"/>
<pin id="1334" dir="0" index="2" bw="5" slack="0"/>
<pin id="1335" dir="0" index="3" bw="1" slack="0"/>
<pin id="1336" dir="1" index="4" bw="17" slack="0"/>
</pin_list>
<bind>
<opcode="bitset(1001) " fcode="bitset"/>
<opset="p_Result_60/49 "/>
</bind>
</comp>

<comp id="1340" class="1004" name="res_FH_V_36_fu_1340">
<pin_list>
<pin id="1341" dir="0" index="0" bw="1" slack="4"/>
<pin id="1342" dir="0" index="1" bw="17" slack="6"/>
<pin id="1343" dir="0" index="2" bw="17" slack="0"/>
<pin id="1344" dir="1" index="3" bw="17" slack="0"/>
</pin_list>
<bind>
<opcode="select(49) " fcode="select"/>
<opset="res_FH_V_36/49 "/>
</bind>
</comp>

<comp id="1346" class="1004" name="p_Result_23_fu_1346">
<pin_list>
<pin id="1347" dir="0" index="0" bw="5" slack="0"/>
<pin id="1348" dir="0" index="1" bw="17" slack="0"/>
<pin id="1349" dir="0" index="2" bw="5" slack="0"/>
<pin id="1350" dir="0" index="3" bw="6" slack="0"/>
<pin id="1351" dir="1" index="4" bw="5" slack="1"/>
</pin_list>
<bind>
<opcode="partselect(1002) " fcode="partselect"/>
<opset="p_Result_23/49 "/>
</bind>
</comp>

<comp id="1356" class="1004" name="grp_fu_1356">
<pin_list>
<pin id="1357" dir="0" index="0" bw="19" slack="1"/>
<pin id="1358" dir="0" index="1" bw="1" slack="0"/>
<pin id="1359" dir="1" index="2" bw="19" slack="1"/>
</pin_list>
<bind>
<opcode="add(8) " fcode="add"/>
<opset="x_l_I_V_32/49 "/>
</bind>
</comp>

<comp id="1361" class="1004" name="mul_FH_V_3_fu_1361">
<pin_list>
<pin id="1362" dir="0" index="0" bw="17" slack="0"/>
<pin id="1363" dir="0" index="1" bw="4" slack="23"/>
<pin id="1364" dir="0" index="2" bw="5" slack="1"/>
<pin id="1365" dir="0" index="3" bw="8" slack="0"/>
<pin id="1366" dir="1" index="4" bw="17" slack="0"/>
</pin_list>
<bind>
<opcode="bitconcatenate(1004) " fcode="bitconcatenate"/>
<opset="mul_FH_V_3/50 "/>
</bind>
</comp>

<comp id="1369" class="1004" name="trunc_ln318_4_fu_1369">
<pin_list>
<pin id="1370" dir="0" index="0" bw="17" slack="0"/>
<pin id="1371" dir="0" index="1" bw="1" slack="0"/>
<pin id="1372" dir="0" index="2" bw="4" slack="23"/>
<pin id="1373" dir="1" index="3" bw="17" slack="0"/>
</pin_list>
<bind>
<opcode="bitconcatenate(1004) " fcode="bitconcatenate"/>
<opset="trunc_ln318_4/50 "/>
</bind>
</comp>

<comp id="1376" class="1004" name="zext_ln318_4_fu_1376">
<pin_list>
<pin id="1377" dir="0" index="0" bw="17" slack="0"/>
<pin id="1378" dir="1" index="1" bw="19" slack="0"/>
</pin_list>
<bind>
<opcode="zext(34) " fcode="zext"/>
<opset="zext_ln318_4/50 "/>
</bind>
</comp>

<comp id="1380" class="1004" name="icmp_ln318_16_fu_1380">
<pin_list>
<pin id="1381" dir="0" index="0" bw="19" slack="2"/>
<pin id="1382" dir="0" index="1" bw="19" slack="0"/>
<pin id="1383" dir="1" index="2" bw="1" slack="1"/>
</pin_list>
<bind>
<opcode="icmp(45) " fcode="icmp"/>
<opset="icmp_ln318_16/50 "/>
</bind>
</comp>

<comp id="1385" class="1004" name="icmp_ln318_17_fu_1385">
<pin_list>
<pin id="1386" dir="0" index="0" bw="17" slack="4"/>
<pin id="1387" dir="0" index="1" bw="17" slack="0"/>
<pin id="1388" dir="1" index="2" bw="1" slack="1"/>
</pin_list>
<bind>
<opcode="icmp(45) " fcode="icmp"/>
<opset="icmp_ln318_17/50 "/>
</bind>
</comp>

<comp id="1390" class="1004" name="grp_fu_1390">
<pin_list>
<pin id="1391" dir="0" index="0" bw="17" slack="4"/>
<pin id="1392" dir="0" index="1" bw="17" slack="0"/>
<pin id="1393" dir="1" index="2" bw="17" slack="1"/>
</pin_list>
<bind>
<opcode="sub(10) " fcode="sub"/>
<opset="x_l_FH_V_33/50 "/>
</bind>
</comp>

<comp id="1395" class="1004" name="icmp_ln1494_4_fu_1395">
<pin_list>
<pin id="1396" dir="0" index="0" bw="19" slack="0"/>
<pin id="1397" dir="0" index="1" bw="19" slack="2"/>
<pin id="1398" dir="1" index="2" bw="1" slack="1"/>
</pin_list>
<bind>
<opcode="icmp(45) " fcode="icmp"/>
<opset="icmp_ln1494_4/50 "/>
</bind>
</comp>

<comp id="1400" class="1004" name="or_ln318_4_fu_1400">
<pin_list>
<pin id="1401" dir="0" index="0" bw="1" slack="1"/>
<pin id="1402" dir="0" index="1" bw="1" slack="1"/>
<pin id="1403" dir="1" index="2" bw="1" slack="0"/>
</pin_list>
<bind>
<opcode="or(24) " fcode="or"/>
<opset="or_ln318_4/51 "/>
</bind>
</comp>

<comp id="1404" class="1004" name="x_l_I_V_33_fu_1404">
<pin_list>
<pin id="1405" dir="0" index="0" bw="1" slack="1"/>
<pin id="1406" dir="0" index="1" bw="19" slack="1"/>
<pin id="1407" dir="0" index="2" bw="19" slack="3"/>
<pin id="1408" dir="1" index="3" bw="19" slack="1"/>
</pin_list>
<bind>
<opcode="select(49) " fcode="select"/>
<opset="x_l_I_V_33/51 "/>
</bind>
</comp>

<comp id="1409" class="1004" name="xor_ln1494_4_fu_1409">
<pin_list>
<pin id="1410" dir="0" index="0" bw="1" slack="1"/>
<pin id="1411" dir="0" index="1" bw="1" slack="0"/>
<pin id="1412" dir="1" index="2" bw="1" slack="0"/>
</pin_list>
<bind>
<opcode="xor(25) " fcode="xor"/>
<opset="xor_ln1494_4/51 "/>
</bind>
</comp>

<comp id="1414" class="1004" name="and_ln318_5_fu_1414">
<pin_list>
<pin id="1415" dir="0" index="0" bw="1" slack="0"/>
<pin id="1416" dir="0" index="1" bw="1" slack="0"/>
<pin id="1417" dir="1" index="2" bw="1" slack="1"/>
</pin_list>
<bind>
<opcode="and(23) " fcode="and"/>
<opset="and_ln318_5/51 "/>
</bind>
</comp>

<comp id="1420" class="1004" name="grp_fu_1420">
<pin_list>
<pin id="1421" dir="0" index="0" bw="19" slack="1"/>
<pin id="1422" dir="0" index="1" bw="17" slack="2"/>
<pin id="1423" dir="1" index="2" bw="19" slack="1"/>
</pin_list>
<bind>
<opcode="sub(10) " fcode="sub"/>
<opset="x_l_I_V_88/52 "/>
</bind>
</comp>

<comp id="1424" class="1004" name="x_l_FH_V_34_fu_1424">
<pin_list>
<pin id="1425" dir="0" index="0" bw="1" slack="1"/>
<pin id="1426" dir="0" index="1" bw="17" slack="6"/>
<pin id="1427" dir="0" index="2" bw="17" slack="1"/>
<pin id="1428" dir="1" index="3" bw="17" slack="4"/>
</pin_list>
<bind>
<opcode="select(49) " fcode="select"/>
<opset="x_l_FH_V_34/52 "/>
</bind>
</comp>

<comp id="1429" class="1004" name="x_l_I_V_89_fu_1429">
<pin_list>
<pin id="1430" dir="0" index="0" bw="1" slack="3"/>
<pin id="1431" dir="0" index="1" bw="19" slack="6"/>
<pin id="1432" dir="0" index="2" bw="19" slack="1"/>
<pin id="1433" dir="1" index="3" bw="19" slack="1"/>
</pin_list>
<bind>
<opcode="select(49) " fcode="select"/>
<opset="x_l_I_V_89/54 "/>
</bind>
</comp>

<comp id="1434" class="1004" name="p_Result_61_fu_1434">
<pin_list>
<pin id="1435" dir="0" index="0" bw="17" slack="0"/>
<pin id="1436" dir="0" index="1" bw="17" slack="6"/>
<pin id="1437" dir="0" index="2" bw="5" slack="0"/>
<pin id="1438" dir="0" index="3" bw="1" slack="0"/>
<pin id="1439" dir="1" index="4" bw="17" slack="0"/>
</pin_list>
<bind>
<opcode="bitset(1001) " fcode="bitset"/>
<opset="p_Result_61/55 "/>
</bind>
</comp>

<comp id="1443" class="1004" name="res_FH_V_37_fu_1443">
<pin_list>
<pin id="1444" dir="0" index="0" bw="1" slack="4"/>
<pin id="1445" dir="0" index="1" bw="17" slack="6"/>
<pin id="1446" dir="0" index="2" bw="17" slack="0"/>
<pin id="1447" dir="1" index="3" bw="17" slack="0"/>
</pin_list>
<bind>
<opcode="select(49) " fcode="select"/>
<opset="res_FH_V_37/55 "/>
</bind>
</comp>

<comp id="1449" class="1004" name="p_Result_24_fu_1449">
<pin_list>
<pin id="1450" dir="0" index="0" bw="6" slack="0"/>
<pin id="1451" dir="0" index="1" bw="17" slack="0"/>
<pin id="1452" dir="0" index="2" bw="5" slack="0"/>
<pin id="1453" dir="0" index="3" bw="6" slack="0"/>
<pin id="1454" dir="1" index="4" bw="6" slack="1"/>
</pin_list>
<bind>
<opcode="partselect(1002) " fcode="partselect"/>
<opset="p_Result_24/55 "/>
</bind>
</comp>

<comp id="1459" class="1004" name="grp_fu_1459">
<pin_list>
<pin id="1460" dir="0" index="0" bw="19" slack="1"/>
<pin id="1461" dir="0" index="1" bw="1" slack="0"/>
<pin id="1462" dir="1" index="2" bw="19" slack="1"/>
</pin_list>
<bind>
<opcode="add(8) " fcode="add"/>
<opset="x_l_I_V_36/55 "/>
</bind>
</comp>

<comp id="1464" class="1004" name="mul_FH_V_4_fu_1464">
<pin_list>
<pin id="1465" dir="0" index="0" bw="17" slack="0"/>
<pin id="1466" dir="0" index="1" bw="5" slack="29"/>
<pin id="1467" dir="0" index="2" bw="6" slack="1"/>
<pin id="1468" dir="0" index="3" bw="6" slack="0"/>
<pin id="1469" dir="1" index="4" bw="17" slack="0"/>
</pin_list>
<bind>
<opcode="bitconcatenate(1004) " fcode="bitconcatenate"/>
<opset="mul_FH_V_4/56 "/>
</bind>
</comp>

<comp id="1472" class="1004" name="trunc_ln318_5_fu_1472">
<pin_list>
<pin id="1473" dir="0" index="0" bw="17" slack="0"/>
<pin id="1474" dir="0" index="1" bw="1" slack="0"/>
<pin id="1475" dir="0" index="2" bw="3" slack="29"/>
<pin id="1476" dir="1" index="3" bw="17" slack="0"/>
</pin_list>
<bind>
<opcode="bitconcatenate(1004) " fcode="bitconcatenate"/>
<opset="trunc_ln318_5/56 "/>
</bind>
</comp>

<comp id="1479" class="1004" name="zext_ln318_5_fu_1479">
<pin_list>
<pin id="1480" dir="0" index="0" bw="17" slack="0"/>
<pin id="1481" dir="1" index="1" bw="19" slack="0"/>
</pin_list>
<bind>
<opcode="zext(34) " fcode="zext"/>
<opset="zext_ln318_5/56 "/>
</bind>
</comp>

<comp id="1483" class="1004" name="icmp_ln318_18_fu_1483">
<pin_list>
<pin id="1484" dir="0" index="0" bw="19" slack="2"/>
<pin id="1485" dir="0" index="1" bw="19" slack="0"/>
<pin id="1486" dir="1" index="2" bw="1" slack="1"/>
</pin_list>
<bind>
<opcode="icmp(45) " fcode="icmp"/>
<opset="icmp_ln318_18/56 "/>
</bind>
</comp>

<comp id="1488" class="1004" name="icmp_ln318_19_fu_1488">
<pin_list>
<pin id="1489" dir="0" index="0" bw="17" slack="4"/>
<pin id="1490" dir="0" index="1" bw="17" slack="0"/>
<pin id="1491" dir="1" index="2" bw="1" slack="1"/>
</pin_list>
<bind>
<opcode="icmp(45) " fcode="icmp"/>
<opset="icmp_ln318_19/56 "/>
</bind>
</comp>

<comp id="1493" class="1004" name="grp_fu_1493">
<pin_list>
<pin id="1494" dir="0" index="0" bw="17" slack="4"/>
<pin id="1495" dir="0" index="1" bw="17" slack="0"/>
<pin id="1496" dir="1" index="2" bw="17" slack="1"/>
</pin_list>
<bind>
<opcode="sub(10) " fcode="sub"/>
<opset="x_l_FH_V_35/56 "/>
</bind>
</comp>

<comp id="1498" class="1004" name="icmp_ln1494_5_fu_1498">
<pin_list>
<pin id="1499" dir="0" index="0" bw="19" slack="0"/>
<pin id="1500" dir="0" index="1" bw="19" slack="2"/>
<pin id="1501" dir="1" index="2" bw="1" slack="1"/>
</pin_list>
<bind>
<opcode="icmp(45) " fcode="icmp"/>
<opset="icmp_ln1494_5/56 "/>
</bind>
</comp>

<comp id="1503" class="1004" name="or_ln318_5_fu_1503">
<pin_list>
<pin id="1504" dir="0" index="0" bw="1" slack="1"/>
<pin id="1505" dir="0" index="1" bw="1" slack="1"/>
<pin id="1506" dir="1" index="2" bw="1" slack="0"/>
</pin_list>
<bind>
<opcode="or(24) " fcode="or"/>
<opset="or_ln318_5/57 "/>
</bind>
</comp>

<comp id="1507" class="1004" name="x_l_I_V_37_fu_1507">
<pin_list>
<pin id="1508" dir="0" index="0" bw="1" slack="1"/>
<pin id="1509" dir="0" index="1" bw="19" slack="1"/>
<pin id="1510" dir="0" index="2" bw="19" slack="3"/>
<pin id="1511" dir="1" index="3" bw="19" slack="1"/>
</pin_list>
<bind>
<opcode="select(49) " fcode="select"/>
<opset="x_l_I_V_37/57 "/>
</bind>
</comp>

<comp id="1512" class="1004" name="xor_ln1494_5_fu_1512">
<pin_list>
<pin id="1513" dir="0" index="0" bw="1" slack="1"/>
<pin id="1514" dir="0" index="1" bw="1" slack="0"/>
<pin id="1515" dir="1" index="2" bw="1" slack="0"/>
</pin_list>
<bind>
<opcode="xor(25) " fcode="xor"/>
<opset="xor_ln1494_5/57 "/>
</bind>
</comp>

<comp id="1517" class="1004" name="and_ln318_6_fu_1517">
<pin_list>
<pin id="1518" dir="0" index="0" bw="1" slack="0"/>
<pin id="1519" dir="0" index="1" bw="1" slack="0"/>
<pin id="1520" dir="1" index="2" bw="1" slack="1"/>
</pin_list>
<bind>
<opcode="and(23) " fcode="and"/>
<opset="and_ln318_6/57 "/>
</bind>
</comp>

<comp id="1523" class="1004" name="grp_fu_1523">
<pin_list>
<pin id="1524" dir="0" index="0" bw="19" slack="1"/>
<pin id="1525" dir="0" index="1" bw="17" slack="2"/>
<pin id="1526" dir="1" index="2" bw="19" slack="1"/>
</pin_list>
<bind>
<opcode="sub(10) " fcode="sub"/>
<opset="x_l_I_V_90/58 "/>
</bind>
</comp>

<comp id="1527" class="1004" name="x_l_FH_V_36_fu_1527">
<pin_list>
<pin id="1528" dir="0" index="0" bw="1" slack="1"/>
<pin id="1529" dir="0" index="1" bw="17" slack="6"/>
<pin id="1530" dir="0" index="2" bw="17" slack="1"/>
<pin id="1531" dir="1" index="3" bw="17" slack="4"/>
</pin_list>
<bind>
<opcode="select(49) " fcode="select"/>
<opset="x_l_FH_V_36/58 "/>
</bind>
</comp>

<comp id="1532" class="1004" name="x_l_I_V_91_fu_1532">
<pin_list>
<pin id="1533" dir="0" index="0" bw="1" slack="3"/>
<pin id="1534" dir="0" index="1" bw="19" slack="6"/>
<pin id="1535" dir="0" index="2" bw="19" slack="1"/>
<pin id="1536" dir="1" index="3" bw="19" slack="1"/>
</pin_list>
<bind>
<opcode="select(49) " fcode="select"/>
<opset="x_l_I_V_91/60 "/>
</bind>
</comp>

<comp id="1537" class="1004" name="p_Result_62_fu_1537">
<pin_list>
<pin id="1538" dir="0" index="0" bw="17" slack="0"/>
<pin id="1539" dir="0" index="1" bw="17" slack="6"/>
<pin id="1540" dir="0" index="2" bw="5" slack="0"/>
<pin id="1541" dir="0" index="3" bw="1" slack="0"/>
<pin id="1542" dir="1" index="4" bw="17" slack="0"/>
</pin_list>
<bind>
<opcode="bitset(1001) " fcode="bitset"/>
<opset="p_Result_62/61 "/>
</bind>
</comp>

<comp id="1546" class="1004" name="res_FH_V_38_fu_1546">
<pin_list>
<pin id="1547" dir="0" index="0" bw="1" slack="4"/>
<pin id="1548" dir="0" index="1" bw="17" slack="6"/>
<pin id="1549" dir="0" index="2" bw="17" slack="0"/>
<pin id="1550" dir="1" index="3" bw="17" slack="0"/>
</pin_list>
<bind>
<opcode="select(49) " fcode="select"/>
<opset="res_FH_V_38/61 "/>
</bind>
</comp>

<comp id="1552" class="1004" name="p_Result_25_fu_1552">
<pin_list>
<pin id="1553" dir="0" index="0" bw="7" slack="0"/>
<pin id="1554" dir="0" index="1" bw="17" slack="0"/>
<pin id="1555" dir="0" index="2" bw="5" slack="0"/>
<pin id="1556" dir="0" index="3" bw="6" slack="0"/>
<pin id="1557" dir="1" index="4" bw="7" slack="1"/>
</pin_list>
<bind>
<opcode="partselect(1002) " fcode="partselect"/>
<opset="p_Result_25/61 "/>
</bind>
</comp>

<comp id="1562" class="1004" name="grp_fu_1562">
<pin_list>
<pin id="1563" dir="0" index="0" bw="19" slack="1"/>
<pin id="1564" dir="0" index="1" bw="1" slack="0"/>
<pin id="1565" dir="1" index="2" bw="19" slack="1"/>
</pin_list>
<bind>
<opcode="add(8) " fcode="add"/>
<opset="x_l_I_V_40/61 "/>
</bind>
</comp>

<comp id="1567" class="1004" name="mul_FH_V_5_fu_1567">
<pin_list>
<pin id="1568" dir="0" index="0" bw="17" slack="0"/>
<pin id="1569" dir="0" index="1" bw="6" slack="35"/>
<pin id="1570" dir="0" index="2" bw="7" slack="1"/>
<pin id="1571" dir="0" index="3" bw="4" slack="0"/>
<pin id="1572" dir="1" index="4" bw="17" slack="0"/>
</pin_list>
<bind>
<opcode="bitconcatenate(1004) " fcode="bitconcatenate"/>
<opset="mul_FH_V_5/62 "/>
</bind>
</comp>

<comp id="1575" class="1004" name="icmp_ln318_21_fu_1575">
<pin_list>
<pin id="1576" dir="0" index="0" bw="17" slack="4"/>
<pin id="1577" dir="0" index="1" bw="17" slack="0"/>
<pin id="1578" dir="1" index="2" bw="1" slack="1"/>
</pin_list>
<bind>
<opcode="icmp(45) " fcode="icmp"/>
<opset="icmp_ln318_21/62 "/>
</bind>
</comp>

<comp id="1580" class="1004" name="x_l_I_V_41_fu_1580">
<pin_list>
<pin id="1581" dir="0" index="0" bw="1" slack="1"/>
<pin id="1582" dir="0" index="1" bw="19" slack="1"/>
<pin id="1583" dir="0" index="2" bw="19" slack="3"/>
<pin id="1584" dir="1" index="3" bw="19" slack="1"/>
</pin_list>
<bind>
<opcode="select(49) " fcode="select"/>
<opset="x_l_I_V_41/63 "/>
</bind>
</comp>

<comp id="1585" class="1004" name="trunc_ln318_6_fu_1585">
<pin_list>
<pin id="1586" dir="0" index="0" bw="17" slack="0"/>
<pin id="1587" dir="0" index="1" bw="1" slack="0"/>
<pin id="1588" dir="0" index="2" bw="2" slack="37"/>
<pin id="1589" dir="1" index="3" bw="17" slack="0"/>
</pin_list>
<bind>
<opcode="bitconcatenate(1004) " fcode="bitconcatenate"/>
<opset="trunc_ln318_6/64 "/>
</bind>
</comp>

<comp id="1592" class="1004" name="zext_ln318_6_fu_1592">
<pin_list>
<pin id="1593" dir="0" index="0" bw="17" slack="0"/>
<pin id="1594" dir="1" index="1" bw="19" slack="0"/>
</pin_list>
<bind>
<opcode="zext(34) " fcode="zext"/>
<opset="zext_ln318_6/64 "/>
</bind>
</comp>

<comp id="1596" class="1004" name="icmp_ln318_20_fu_1596">
<pin_list>
<pin id="1597" dir="0" index="0" bw="19" slack="4"/>
<pin id="1598" dir="0" index="1" bw="19" slack="0"/>
<pin id="1599" dir="1" index="2" bw="1" slack="1"/>
</pin_list>
<bind>
<opcode="icmp(45) " fcode="icmp"/>
<opset="icmp_ln318_20/64 "/>
</bind>
</comp>

<comp id="1601" class="1004" name="grp_fu_1601">
<pin_list>
<pin id="1602" dir="0" index="0" bw="19" slack="1"/>
<pin id="1603" dir="0" index="1" bw="17" slack="0"/>
<pin id="1604" dir="1" index="2" bw="19" slack="1"/>
</pin_list>
<bind>
<opcode="sub(10) " fcode="sub"/>
<opset="x_l_I_V_92/64 "/>
</bind>
</comp>

<comp id="1606" class="1004" name="grp_fu_1606">
<pin_list>
<pin id="1607" dir="0" index="0" bw="17" slack="6"/>
<pin id="1608" dir="0" index="1" bw="17" slack="2"/>
<pin id="1609" dir="1" index="2" bw="17" slack="1"/>
</pin_list>
<bind>
<opcode="sub(10) " fcode="sub"/>
<opset="x_l_FH_V_37/64 "/>
</bind>
</comp>

<comp id="1610" class="1004" name="icmp_ln1494_6_fu_1610">
<pin_list>
<pin id="1611" dir="0" index="0" bw="19" slack="0"/>
<pin id="1612" dir="0" index="1" bw="19" slack="4"/>
<pin id="1613" dir="1" index="2" bw="1" slack="1"/>
</pin_list>
<bind>
<opcode="icmp(45) " fcode="icmp"/>
<opset="icmp_ln1494_6/64 "/>
</bind>
</comp>

<comp id="1615" class="1004" name="or_ln318_6_fu_1615">
<pin_list>
<pin id="1616" dir="0" index="0" bw="1" slack="1"/>
<pin id="1617" dir="0" index="1" bw="1" slack="3"/>
<pin id="1618" dir="1" index="2" bw="1" slack="0"/>
</pin_list>
<bind>
<opcode="or(24) " fcode="or"/>
<opset="or_ln318_6/65 "/>
</bind>
</comp>

<comp id="1619" class="1004" name="xor_ln1494_6_fu_1619">
<pin_list>
<pin id="1620" dir="0" index="0" bw="1" slack="1"/>
<pin id="1621" dir="0" index="1" bw="1" slack="0"/>
<pin id="1622" dir="1" index="2" bw="1" slack="0"/>
</pin_list>
<bind>
<opcode="xor(25) " fcode="xor"/>
<opset="xor_ln1494_6/65 "/>
</bind>
</comp>

<comp id="1624" class="1004" name="and_ln318_7_fu_1624">
<pin_list>
<pin id="1625" dir="0" index="0" bw="1" slack="0"/>
<pin id="1626" dir="0" index="1" bw="1" slack="0"/>
<pin id="1627" dir="1" index="2" bw="1" slack="1"/>
</pin_list>
<bind>
<opcode="and(23) " fcode="and"/>
<opset="and_ln318_7/65 "/>
</bind>
</comp>

<comp id="1630" class="1004" name="x_l_FH_V_38_fu_1630">
<pin_list>
<pin id="1631" dir="0" index="0" bw="1" slack="1"/>
<pin id="1632" dir="0" index="1" bw="17" slack="8"/>
<pin id="1633" dir="0" index="2" bw="17" slack="1"/>
<pin id="1634" dir="1" index="3" bw="17" slack="2"/>
</pin_list>
<bind>
<opcode="select(49) " fcode="select"/>
<opset="x_l_FH_V_38/66 "/>
</bind>
</comp>

<comp id="1635" class="1004" name="x_l_I_V_93_fu_1635">
<pin_list>
<pin id="1636" dir="0" index="0" bw="1" slack="1"/>
<pin id="1637" dir="0" index="1" bw="19" slack="6"/>
<pin id="1638" dir="0" index="2" bw="19" slack="1"/>
<pin id="1639" dir="1" index="3" bw="19" slack="1"/>
</pin_list>
<bind>
<opcode="select(49) " fcode="select"/>
<opset="x_l_I_V_93/66 "/>
</bind>
</comp>

<comp id="1640" class="1004" name="p_Result_63_fu_1640">
<pin_list>
<pin id="1641" dir="0" index="0" bw="17" slack="0"/>
<pin id="1642" dir="0" index="1" bw="17" slack="6"/>
<pin id="1643" dir="0" index="2" bw="5" slack="0"/>
<pin id="1644" dir="0" index="3" bw="1" slack="0"/>
<pin id="1645" dir="1" index="4" bw="17" slack="0"/>
</pin_list>
<bind>
<opcode="bitset(1001) " fcode="bitset"/>
<opset="p_Result_63/67 "/>
</bind>
</comp>

<comp id="1649" class="1004" name="res_FH_V_39_fu_1649">
<pin_list>
<pin id="1650" dir="0" index="0" bw="1" slack="2"/>
<pin id="1651" dir="0" index="1" bw="17" slack="6"/>
<pin id="1652" dir="0" index="2" bw="17" slack="0"/>
<pin id="1653" dir="1" index="3" bw="17" slack="0"/>
</pin_list>
<bind>
<opcode="select(49) " fcode="select"/>
<opset="res_FH_V_39/67 "/>
</bind>
</comp>

<comp id="1655" class="1004" name="p_Result_26_fu_1655">
<pin_list>
<pin id="1656" dir="0" index="0" bw="8" slack="0"/>
<pin id="1657" dir="0" index="1" bw="17" slack="0"/>
<pin id="1658" dir="0" index="2" bw="5" slack="0"/>
<pin id="1659" dir="0" index="3" bw="6" slack="0"/>
<pin id="1660" dir="1" index="4" bw="8" slack="1"/>
</pin_list>
<bind>
<opcode="partselect(1002) " fcode="partselect"/>
<opset="p_Result_26/67 "/>
</bind>
</comp>

<comp id="1665" class="1004" name="grp_fu_1665">
<pin_list>
<pin id="1666" dir="0" index="0" bw="19" slack="1"/>
<pin id="1667" dir="0" index="1" bw="1" slack="0"/>
<pin id="1668" dir="1" index="2" bw="19" slack="1"/>
</pin_list>
<bind>
<opcode="add(8) " fcode="add"/>
<opset="x_l_I_V_44/67 "/>
</bind>
</comp>

<comp id="1670" class="1004" name="mul_FH_V_6_fu_1670">
<pin_list>
<pin id="1671" dir="0" index="0" bw="17" slack="0"/>
<pin id="1672" dir="0" index="1" bw="7" slack="41"/>
<pin id="1673" dir="0" index="2" bw="8" slack="1"/>
<pin id="1674" dir="0" index="3" bw="2" slack="0"/>
<pin id="1675" dir="1" index="4" bw="17" slack="0"/>
</pin_list>
<bind>
<opcode="bitconcatenate(1004) " fcode="bitconcatenate"/>
<opset="mul_FH_V_6/68 "/>
</bind>
</comp>

<comp id="1678" class="1004" name="icmp_ln318_23_fu_1678">
<pin_list>
<pin id="1679" dir="0" index="0" bw="17" slack="2"/>
<pin id="1680" dir="0" index="1" bw="17" slack="0"/>
<pin id="1681" dir="1" index="2" bw="1" slack="1"/>
</pin_list>
<bind>
<opcode="icmp(45) " fcode="icmp"/>
<opset="icmp_ln318_23/68 "/>
</bind>
</comp>

<comp id="1683" class="1004" name="trunc_ln318_7_fu_1683">
<pin_list>
<pin id="1684" dir="0" index="0" bw="17" slack="0"/>
<pin id="1685" dir="0" index="1" bw="1" slack="0"/>
<pin id="1686" dir="0" index="2" bw="1" slack="42"/>
<pin id="1687" dir="1" index="3" bw="17" slack="0"/>
</pin_list>
<bind>
<opcode="bitconcatenate(1004) " fcode="bitconcatenate"/>
<opset="trunc_ln318_7/69 "/>
</bind>
</comp>

<comp id="1690" class="1004" name="zext_ln318_7_fu_1690">
<pin_list>
<pin id="1691" dir="0" index="0" bw="17" slack="0"/>
<pin id="1692" dir="1" index="1" bw="19" slack="0"/>
</pin_list>
<bind>
<opcode="zext(34) " fcode="zext"/>
<opset="zext_ln318_7/69 "/>
</bind>
</comp>

<comp id="1694" class="1004" name="icmp_ln318_22_fu_1694">
<pin_list>
<pin id="1695" dir="0" index="0" bw="19" slack="3"/>
<pin id="1696" dir="0" index="1" bw="19" slack="0"/>
<pin id="1697" dir="1" index="2" bw="1" slack="1"/>
</pin_list>
<bind>
<opcode="icmp(45) " fcode="icmp"/>
<opset="icmp_ln318_22/69 "/>
</bind>
</comp>

<comp id="1699" class="1004" name="x_l_I_V_45_fu_1699">
<pin_list>
<pin id="1700" dir="0" index="0" bw="1" slack="1"/>
<pin id="1701" dir="0" index="1" bw="19" slack="1"/>
<pin id="1702" dir="0" index="2" bw="19" slack="3"/>
<pin id="1703" dir="1" index="3" bw="19" slack="1"/>
</pin_list>
<bind>
<opcode="select(49) " fcode="select"/>
<opset="x_l_I_V_45/69 "/>
</bind>
</comp>

<comp id="1704" class="1004" name="grp_fu_1704">
<pin_list>
<pin id="1705" dir="0" index="0" bw="17" slack="3"/>
<pin id="1706" dir="0" index="1" bw="17" slack="1"/>
<pin id="1707" dir="1" index="2" bw="17" slack="1"/>
</pin_list>
<bind>
<opcode="sub(10) " fcode="sub"/>
<opset="x_l_FH_V_39/69 "/>
</bind>
</comp>

<comp id="1708" class="1004" name="icmp_ln1494_7_fu_1708">
<pin_list>
<pin id="1709" dir="0" index="0" bw="19" slack="0"/>
<pin id="1710" dir="0" index="1" bw="19" slack="3"/>
<pin id="1711" dir="1" index="2" bw="1" slack="1"/>
</pin_list>
<bind>
<opcode="icmp(45) " fcode="icmp"/>
<opset="icmp_ln1494_7/69 "/>
</bind>
</comp>

<comp id="1713" class="1004" name="or_ln318_7_fu_1713">
<pin_list>
<pin id="1714" dir="0" index="0" bw="1" slack="1"/>
<pin id="1715" dir="0" index="1" bw="1" slack="2"/>
<pin id="1716" dir="1" index="2" bw="1" slack="0"/>
</pin_list>
<bind>
<opcode="or(24) " fcode="or"/>
<opset="or_ln318_7/70 "/>
</bind>
</comp>

<comp id="1717" class="1004" name="grp_fu_1717">
<pin_list>
<pin id="1718" dir="0" index="0" bw="19" slack="1"/>
<pin id="1719" dir="0" index="1" bw="17" slack="1"/>
<pin id="1720" dir="1" index="2" bw="19" slack="1"/>
</pin_list>
<bind>
<opcode="sub(10) " fcode="sub"/>
<opset="x_l_I_V_94/70 "/>
</bind>
</comp>

<comp id="1721" class="1004" name="xor_ln1494_7_fu_1721">
<pin_list>
<pin id="1722" dir="0" index="0" bw="1" slack="1"/>
<pin id="1723" dir="0" index="1" bw="1" slack="0"/>
<pin id="1724" dir="1" index="2" bw="1" slack="0"/>
</pin_list>
<bind>
<opcode="xor(25) " fcode="xor"/>
<opset="xor_ln1494_7/70 "/>
</bind>
</comp>

<comp id="1726" class="1004" name="and_ln318_8_fu_1726">
<pin_list>
<pin id="1727" dir="0" index="0" bw="1" slack="0"/>
<pin id="1728" dir="0" index="1" bw="1" slack="0"/>
<pin id="1729" dir="1" index="2" bw="1" slack="1"/>
</pin_list>
<bind>
<opcode="and(23) " fcode="and"/>
<opset="and_ln318_8/70 "/>
</bind>
</comp>

<comp id="1732" class="1004" name="p_Result_64_fu_1732">
<pin_list>
<pin id="1733" dir="0" index="0" bw="17" slack="0"/>
<pin id="1734" dir="0" index="1" bw="17" slack="4"/>
<pin id="1735" dir="0" index="2" bw="5" slack="0"/>
<pin id="1736" dir="0" index="3" bw="1" slack="0"/>
<pin id="1737" dir="1" index="4" bw="17" slack="0"/>
</pin_list>
<bind>
<opcode="bitset(1001) " fcode="bitset"/>
<opset="p_Result_64/71 "/>
</bind>
</comp>

<comp id="1741" class="1004" name="res_FH_V_fu_1741">
<pin_list>
<pin id="1742" dir="0" index="0" bw="1" slack="1"/>
<pin id="1743" dir="0" index="1" bw="17" slack="4"/>
<pin id="1744" dir="0" index="2" bw="17" slack="0"/>
<pin id="1745" dir="1" index="3" bw="17" slack="0"/>
</pin_list>
<bind>
<opcode="select(49) " fcode="select"/>
<opset="res_FH_V/71 "/>
</bind>
</comp>

<comp id="1747" class="1004" name="x_l_FH_V_40_fu_1747">
<pin_list>
<pin id="1748" dir="0" index="0" bw="1" slack="1"/>
<pin id="1749" dir="0" index="1" bw="17" slack="5"/>
<pin id="1750" dir="0" index="2" bw="17" slack="1"/>
<pin id="1751" dir="1" index="3" bw="17" slack="1"/>
</pin_list>
<bind>
<opcode="select(49) " fcode="select"/>
<opset="x_l_FH_V_40/71 "/>
</bind>
</comp>

<comp id="1752" class="1004" name="p_Result_27_fu_1752">
<pin_list>
<pin id="1753" dir="0" index="0" bw="9" slack="0"/>
<pin id="1754" dir="0" index="1" bw="17" slack="0"/>
<pin id="1755" dir="0" index="2" bw="5" slack="0"/>
<pin id="1756" dir="0" index="3" bw="6" slack="0"/>
<pin id="1757" dir="1" index="4" bw="9" slack="1"/>
</pin_list>
<bind>
<opcode="partselect(1002) " fcode="partselect"/>
<opset="p_Result_27/71 "/>
</bind>
</comp>

<comp id="1762" class="1004" name="x_l_I_V_95_fu_1762">
<pin_list>
<pin id="1763" dir="0" index="0" bw="1" slack="2"/>
<pin id="1764" dir="0" index="1" bw="19" slack="6"/>
<pin id="1765" dir="0" index="2" bw="19" slack="1"/>
<pin id="1766" dir="1" index="3" bw="19" slack="1"/>
</pin_list>
<bind>
<opcode="select(49) " fcode="select"/>
<opset="x_l_I_V_95/72 "/>
</bind>
</comp>

<comp id="1767" class="1004" name="mul_FH_V_7_fu_1767">
<pin_list>
<pin id="1768" dir="0" index="0" bw="17" slack="0"/>
<pin id="1769" dir="0" index="1" bw="8" slack="45"/>
<pin id="1770" dir="0" index="2" bw="9" slack="1"/>
<pin id="1771" dir="1" index="3" bw="17" slack="0"/>
</pin_list>
<bind>
<opcode="bitconcatenate(1004) " fcode="bitconcatenate"/>
<opset="mul_FH_V_7/72 "/>
</bind>
</comp>

<comp id="1773" class="1004" name="icmp_ln1494_9_fu_1773">
<pin_list>
<pin id="1774" dir="0" index="0" bw="17" slack="1"/>
<pin id="1775" dir="0" index="1" bw="17" slack="0"/>
<pin id="1776" dir="1" index="2" bw="1" slack="2"/>
</pin_list>
<bind>
<opcode="icmp(45) " fcode="icmp"/>
<opset="icmp_ln1494_9/72 "/>
</bind>
</comp>

<comp id="1778" class="1004" name="icmp_ln331_fu_1778">
<pin_list>
<pin id="1779" dir="0" index="0" bw="17" slack="0"/>
<pin id="1780" dir="0" index="1" bw="17" slack="1"/>
<pin id="1781" dir="1" index="2" bw="1" slack="3"/>
</pin_list>
<bind>
<opcode="icmp(45) " fcode="icmp"/>
<opset="icmp_ln331/72 "/>
</bind>
</comp>

<comp id="1783" class="1004" name="xor_ln703_fu_1783">
<pin_list>
<pin id="1784" dir="0" index="0" bw="17" slack="0"/>
<pin id="1785" dir="0" index="1" bw="17" slack="0"/>
<pin id="1786" dir="1" index="2" bw="17" slack="1"/>
</pin_list>
<bind>
<opcode="xor(25) " fcode="xor"/>
<opset="xor_ln703/72 "/>
</bind>
</comp>

<comp id="1789" class="1004" name="icmp_ln1494_8_fu_1789">
<pin_list>
<pin id="1790" dir="0" index="0" bw="19" slack="1"/>
<pin id="1791" dir="0" index="1" bw="19" slack="0"/>
<pin id="1792" dir="1" index="2" bw="1" slack="1"/>
</pin_list>
<bind>
<opcode="icmp(45) " fcode="icmp"/>
<opset="icmp_ln1494_8/73 "/>
</bind>
</comp>

<comp id="1794" class="1004" name="icmp_ln1498_fu_1794">
<pin_list>
<pin id="1795" dir="0" index="0" bw="19" slack="1"/>
<pin id="1796" dir="0" index="1" bw="19" slack="0"/>
<pin id="1797" dir="1" index="2" bw="1" slack="1"/>
</pin_list>
<bind>
<opcode="icmp(45) " fcode="icmp"/>
<opset="icmp_ln1498/73 "/>
</bind>
</comp>

<comp id="1799" class="1004" name="grp_fu_1799">
<pin_list>
<pin id="1800" dir="0" index="0" bw="19" slack="1"/>
<pin id="1801" dir="0" index="1" bw="1" slack="0"/>
<pin id="1802" dir="1" index="2" bw="19" slack="1"/>
</pin_list>
<bind>
<opcode="add(8) " fcode="add"/>
<opset="x_l_I_V_48/73 "/>
</bind>
</comp>

<comp id="1804" class="1004" name="grp_fu_1804">
<pin_list>
<pin id="1805" dir="0" index="0" bw="17" slack="2"/>
<pin id="1806" dir="0" index="1" bw="17" slack="1"/>
<pin id="1807" dir="1" index="2" bw="17" slack="1"/>
</pin_list>
<bind>
<opcode="add(8) " fcode="add"/>
<opset="x_l_FH_V_41/73 "/>
</bind>
</comp>

<comp id="1808" class="1004" name="and_ln318_fu_1808">
<pin_list>
<pin id="1809" dir="0" index="0" bw="1" slack="1"/>
<pin id="1810" dir="0" index="1" bw="1" slack="2"/>
<pin id="1811" dir="1" index="2" bw="1" slack="0"/>
</pin_list>
<bind>
<opcode="and(23) " fcode="and"/>
<opset="and_ln318/74 "/>
</bind>
</comp>

<comp id="1812" class="1004" name="or_ln318_16_fu_1812">
<pin_list>
<pin id="1813" dir="0" index="0" bw="1" slack="1"/>
<pin id="1814" dir="0" index="1" bw="1" slack="0"/>
<pin id="1815" dir="1" index="2" bw="1" slack="1"/>
</pin_list>
<bind>
<opcode="or(24) " fcode="or"/>
<opset="or_ln318_16/74 "/>
</bind>
</comp>

<comp id="1817" class="1004" name="xor_ln331_7_fu_1817">
<pin_list>
<pin id="1818" dir="0" index="0" bw="1" slack="3"/>
<pin id="1819" dir="0" index="1" bw="1" slack="0"/>
<pin id="1820" dir="1" index="2" bw="1" slack="0"/>
</pin_list>
<bind>
<opcode="xor(25) " fcode="xor"/>
<opset="xor_ln331_7/75 "/>
</bind>
</comp>

<comp id="1822" class="1004" name="x_l_I_V_96_fu_1822">
<pin_list>
<pin id="1823" dir="0" index="0" bw="1" slack="0"/>
<pin id="1824" dir="0" index="1" bw="19" slack="1"/>
<pin id="1825" dir="0" index="2" bw="19" slack="3"/>
<pin id="1826" dir="1" index="3" bw="19" slack="0"/>
</pin_list>
<bind>
<opcode="select(49) " fcode="select"/>
<opset="x_l_I_V_96/75 "/>
</bind>
</comp>

<comp id="1828" class="1004" name="p_Result_65_fu_1828">
<pin_list>
<pin id="1829" dir="0" index="0" bw="17" slack="0"/>
<pin id="1830" dir="0" index="1" bw="17" slack="4"/>
<pin id="1831" dir="0" index="2" bw="5" slack="0"/>
<pin id="1832" dir="0" index="3" bw="1" slack="0"/>
<pin id="1833" dir="1" index="4" bw="17" slack="0"/>
</pin_list>
<bind>
<opcode="bitset(1001) " fcode="bitset"/>
<opset="p_Result_65/75 "/>
</bind>
</comp>

<comp id="1837" class="1004" name="res_FH_V_40_fu_1837">
<pin_list>
<pin id="1838" dir="0" index="0" bw="1" slack="1"/>
<pin id="1839" dir="0" index="1" bw="17" slack="0"/>
<pin id="1840" dir="0" index="2" bw="17" slack="4"/>
<pin id="1841" dir="1" index="3" bw="17" slack="0"/>
</pin_list>
<bind>
<opcode="select(49) " fcode="select"/>
<opset="res_FH_V_40/75 "/>
</bind>
</comp>

<comp id="1843" class="1004" name="x_l_FL_V_15_fu_1843">
<pin_list>
<pin id="1844" dir="0" index="0" bw="1" slack="1"/>
<pin id="1845" dir="0" index="1" bw="17" slack="0"/>
<pin id="1846" dir="0" index="2" bw="17" slack="0"/>
<pin id="1847" dir="1" index="3" bw="17" slack="1"/>
</pin_list>
<bind>
<opcode="select(49) " fcode="select"/>
<opset="x_l_FL_V_15/75 "/>
</bind>
</comp>

<comp id="1850" class="1004" name="x_l_FH_V_42_fu_1850">
<pin_list>
<pin id="1851" dir="0" index="0" bw="1" slack="1"/>
<pin id="1852" dir="0" index="1" bw="17" slack="1"/>
<pin id="1853" dir="0" index="2" bw="17" slack="4"/>
<pin id="1854" dir="1" index="3" bw="17" slack="1"/>
</pin_list>
<bind>
<opcode="select(49) " fcode="select"/>
<opset="x_l_FH_V_42/75 "/>
</bind>
</comp>

<comp id="1855" class="1004" name="x_l_I_V_97_fu_1855">
<pin_list>
<pin id="1856" dir="0" index="0" bw="1" slack="1"/>
<pin id="1857" dir="0" index="1" bw="19" slack="0"/>
<pin id="1858" dir="0" index="2" bw="19" slack="3"/>
<pin id="1859" dir="1" index="3" bw="19" slack="1"/>
</pin_list>
<bind>
<opcode="select(49) " fcode="select"/>
<opset="x_l_I_V_97/75 "/>
</bind>
</comp>

<comp id="1861" class="1004" name="tmp_s_fu_1861">
<pin_list>
<pin id="1862" dir="0" index="0" bw="2" slack="0"/>
<pin id="1863" dir="0" index="1" bw="17" slack="0"/>
<pin id="1864" dir="0" index="2" bw="4" slack="0"/>
<pin id="1865" dir="0" index="3" bw="5" slack="0"/>
<pin id="1866" dir="1" index="4" bw="2" slack="1"/>
</pin_list>
<bind>
<opcode="partselect(1002) " fcode="partselect"/>
<opset="tmp_s/75 "/>
</bind>
</comp>

<comp id="1871" class="1004" name="tmp_20_fu_1871">
<pin_list>
<pin id="1872" dir="0" index="0" bw="8" slack="0"/>
<pin id="1873" dir="0" index="1" bw="17" slack="0"/>
<pin id="1874" dir="0" index="2" bw="5" slack="0"/>
<pin id="1875" dir="0" index="3" bw="6" slack="0"/>
<pin id="1876" dir="1" index="4" bw="8" slack="1"/>
</pin_list>
<bind>
<opcode="partselect(1002) " fcode="partselect"/>
<opset="tmp_20/75 "/>
</bind>
</comp>

<comp id="1881" class="1004" name="mul_FH_V_8_fu_1881">
<pin_list>
<pin id="1882" dir="0" index="0" bw="17" slack="0"/>
<pin id="1883" dir="0" index="1" bw="1" slack="0"/>
<pin id="1884" dir="0" index="2" bw="8" slack="49"/>
<pin id="1885" dir="0" index="3" bw="8" slack="1"/>
<pin id="1886" dir="1" index="4" bw="17" slack="0"/>
</pin_list>
<bind>
<opcode="bitconcatenate(1004) " fcode="bitconcatenate"/>
<opset="mul_FH_V_8/76 "/>
</bind>
</comp>

<comp id="1889" class="1004" name="mul_FL_V_fu_1889">
<pin_list>
<pin id="1890" dir="0" index="0" bw="17" slack="0"/>
<pin id="1891" dir="0" index="1" bw="2" slack="1"/>
<pin id="1892" dir="0" index="2" bw="15" slack="0"/>
<pin id="1893" dir="1" index="3" bw="17" slack="0"/>
</pin_list>
<bind>
<opcode="bitconcatenate(1004) " fcode="bitconcatenate"/>
<opset="mul_FL_V/76 "/>
</bind>
</comp>

<comp id="1896" class="1004" name="icmp_ln318_8_fu_1896">
<pin_list>
<pin id="1897" dir="0" index="0" bw="17" slack="1"/>
<pin id="1898" dir="0" index="1" bw="17" slack="0"/>
<pin id="1899" dir="1" index="2" bw="1" slack="1"/>
</pin_list>
<bind>
<opcode="icmp(45) " fcode="icmp"/>
<opset="icmp_ln318_8/76 "/>
</bind>
</comp>

<comp id="1901" class="1004" name="delta_V_fu_1901">
<pin_list>
<pin id="1902" dir="0" index="0" bw="17" slack="1"/>
<pin id="1903" dir="0" index="1" bw="17" slack="0"/>
<pin id="1904" dir="1" index="2" bw="1" slack="1"/>
</pin_list>
<bind>
<opcode="icmp(45) " fcode="icmp"/>
<opset="delta_V/76 "/>
</bind>
</comp>

<comp id="1906" class="1004" name="grp_fu_1906">
<pin_list>
<pin id="1907" dir="0" index="0" bw="19" slack="1"/>
<pin id="1908" dir="0" index="1" bw="1" slack="0"/>
<pin id="1909" dir="1" index="2" bw="19" slack="1"/>
</pin_list>
<bind>
<opcode="add(8) " fcode="add"/>
<opset="x_l_I_V_51/76 "/>
</bind>
</comp>

<comp id="1911" class="1004" name="grp_fu_1911">
<pin_list>
<pin id="1912" dir="0" index="0" bw="17" slack="1"/>
<pin id="1913" dir="0" index="1" bw="17" slack="0"/>
<pin id="1914" dir="1" index="2" bw="17" slack="1"/>
</pin_list>
<bind>
<opcode="sub(10) " fcode="sub"/>
<opset="x_l_FL_V/76 "/>
</bind>
</comp>

<comp id="1916" class="1004" name="icmp_ln1498_1_fu_1916">
<pin_list>
<pin id="1917" dir="0" index="0" bw="19" slack="1"/>
<pin id="1918" dir="0" index="1" bw="19" slack="0"/>
<pin id="1919" dir="1" index="2" bw="1" slack="1"/>
</pin_list>
<bind>
<opcode="icmp(45) " fcode="icmp"/>
<opset="icmp_ln1498_1/76 "/>
</bind>
</comp>

<comp id="1921" class="1004" name="icmp_ln1494_10_fu_1921">
<pin_list>
<pin id="1922" dir="0" index="0" bw="17" slack="0"/>
<pin id="1923" dir="0" index="1" bw="17" slack="1"/>
<pin id="1924" dir="1" index="2" bw="1" slack="1"/>
</pin_list>
<bind>
<opcode="icmp(45) " fcode="icmp"/>
<opset="icmp_ln1494_10/76 "/>
</bind>
</comp>

<comp id="1926" class="1004" name="or_ln318_8_fu_1926">
<pin_list>
<pin id="1927" dir="0" index="0" bw="1" slack="1"/>
<pin id="1928" dir="0" index="1" bw="1" slack="1"/>
<pin id="1929" dir="1" index="2" bw="1" slack="0"/>
</pin_list>
<bind>
<opcode="or(24) " fcode="or"/>
<opset="or_ln318_8/77 "/>
</bind>
</comp>

<comp id="1930" class="1004" name="icmp_ln1495_fu_1930">
<pin_list>
<pin id="1931" dir="0" index="0" bw="17" slack="2"/>
<pin id="1932" dir="0" index="1" bw="17" slack="1"/>
<pin id="1933" dir="1" index="2" bw="1" slack="1"/>
</pin_list>
<bind>
<opcode="icmp(45) " fcode="icmp"/>
<opset="icmp_ln1495/77 "/>
</bind>
</comp>

<comp id="1934" class="1004" name="p_neg168_fu_1934">
<pin_list>
<pin id="1935" dir="0" index="0" bw="1" slack="1"/>
<pin id="1936" dir="0" index="1" bw="17" slack="0"/>
<pin id="1937" dir="0" index="2" bw="17" slack="0"/>
<pin id="1938" dir="1" index="3" bw="17" slack="1"/>
</pin_list>
<bind>
<opcode="select(49) " fcode="select"/>
<opset="p_neg168/77 "/>
</bind>
</comp>

<comp id="1941" class="1004" name="xor_ln1494_8_fu_1941">
<pin_list>
<pin id="1942" dir="0" index="0" bw="1" slack="1"/>
<pin id="1943" dir="0" index="1" bw="1" slack="0"/>
<pin id="1944" dir="1" index="2" bw="1" slack="0"/>
</pin_list>
<bind>
<opcode="xor(25) " fcode="xor"/>
<opset="xor_ln1494_8/77 "/>
</bind>
</comp>

<comp id="1946" class="1004" name="and_ln318_9_fu_1946">
<pin_list>
<pin id="1947" dir="0" index="0" bw="1" slack="0"/>
<pin id="1948" dir="0" index="1" bw="1" slack="0"/>
<pin id="1949" dir="1" index="2" bw="1" slack="0"/>
</pin_list>
<bind>
<opcode="and(23) " fcode="and"/>
<opset="and_ln318_9/77 "/>
</bind>
</comp>

<comp id="1952" class="1004" name="and_ln318_10_fu_1952">
<pin_list>
<pin id="1953" dir="0" index="0" bw="1" slack="0"/>
<pin id="1954" dir="0" index="1" bw="1" slack="1"/>
<pin id="1955" dir="1" index="2" bw="1" slack="1"/>
</pin_list>
<bind>
<opcode="and(23) " fcode="and"/>
<opset="and_ln318_10/77 "/>
</bind>
</comp>

<comp id="1957" class="1004" name="xor_ln331_fu_1957">
<pin_list>
<pin id="1958" dir="0" index="0" bw="1" slack="2"/>
<pin id="1959" dir="0" index="1" bw="1" slack="0"/>
<pin id="1960" dir="1" index="2" bw="1" slack="0"/>
</pin_list>
<bind>
<opcode="xor(25) " fcode="xor"/>
<opset="xor_ln331/78 "/>
</bind>
</comp>

<comp id="1962" class="1004" name="or_ln331_fu_1962">
<pin_list>
<pin id="1963" dir="0" index="0" bw="1" slack="2"/>
<pin id="1964" dir="0" index="1" bw="1" slack="0"/>
<pin id="1965" dir="1" index="2" bw="1" slack="0"/>
</pin_list>
<bind>
<opcode="or(24) " fcode="or"/>
<opset="or_ln331/78 "/>
</bind>
</comp>

<comp id="1967" class="1004" name="xor_ln1495_fu_1967">
<pin_list>
<pin id="1968" dir="0" index="0" bw="1" slack="1"/>
<pin id="1969" dir="0" index="1" bw="1" slack="0"/>
<pin id="1970" dir="1" index="2" bw="1" slack="0"/>
</pin_list>
<bind>
<opcode="xor(25) " fcode="xor"/>
<opset="xor_ln1495/78 "/>
</bind>
</comp>

<comp id="1972" class="1004" name="and_ln331_fu_1972">
<pin_list>
<pin id="1973" dir="0" index="0" bw="1" slack="0"/>
<pin id="1974" dir="0" index="1" bw="1" slack="0"/>
<pin id="1975" dir="1" index="2" bw="1" slack="0"/>
</pin_list>
<bind>
<opcode="and(23) " fcode="and"/>
<opset="and_ln331/78 "/>
</bind>
</comp>

<comp id="1978" class="1004" name="x_l_I_V_98_fu_1978">
<pin_list>
<pin id="1979" dir="0" index="0" bw="1" slack="0"/>
<pin id="1980" dir="0" index="1" bw="19" slack="3"/>
<pin id="1981" dir="0" index="2" bw="19" slack="1"/>
<pin id="1982" dir="1" index="3" bw="19" slack="1"/>
</pin_list>
<bind>
<opcode="select(49) " fcode="select"/>
<opset="x_l_I_V_98/78 "/>
</bind>
</comp>

<comp id="1984" class="1004" name="grp_fu_1984">
<pin_list>
<pin id="1985" dir="0" index="0" bw="17" slack="1"/>
<pin id="1986" dir="0" index="1" bw="17" slack="2"/>
<pin id="1987" dir="1" index="2" bw="17" slack="1"/>
</pin_list>
<bind>
<opcode="sub(10) " fcode="sub"/>
<opset="sub_ln703/78 "/>
</bind>
</comp>

<comp id="1988" class="1004" name="x_l_FL_V_16_fu_1988">
<pin_list>
<pin id="1989" dir="0" index="0" bw="1" slack="1"/>
<pin id="1990" dir="0" index="1" bw="17" slack="3"/>
<pin id="1991" dir="0" index="2" bw="17" slack="1"/>
<pin id="1992" dir="1" index="3" bw="17" slack="3"/>
</pin_list>
<bind>
<opcode="select(49) " fcode="select"/>
<opset="x_l_FL_V_16/78 "/>
</bind>
</comp>

<comp id="1993" class="1004" name="x_l_I_V_99_fu_1993">
<pin_list>
<pin id="1994" dir="0" index="0" bw="1" slack="2"/>
<pin id="1995" dir="0" index="1" bw="19" slack="4"/>
<pin id="1996" dir="0" index="2" bw="19" slack="1"/>
<pin id="1997" dir="1" index="3" bw="19" slack="3"/>
</pin_list>
<bind>
<opcode="select(49) " fcode="select"/>
<opset="x_l_I_V_99/79 "/>
</bind>
</comp>

<comp id="1998" class="1004" name="grp_fu_1998">
<pin_list>
<pin id="1999" dir="0" index="0" bw="17" slack="1"/>
<pin id="2000" dir="0" index="1" bw="17" slack="5"/>
<pin id="2001" dir="1" index="2" bw="17" slack="1"/>
</pin_list>
<bind>
<opcode="add(8) " fcode="add"/>
<opset="x_l_FH_V_43/80 "/>
</bind>
</comp>

<comp id="2002" class="1004" name="p_Result_66_fu_2002">
<pin_list>
<pin id="2003" dir="0" index="0" bw="17" slack="0"/>
<pin id="2004" dir="0" index="1" bw="17" slack="5"/>
<pin id="2005" dir="0" index="2" bw="4" slack="0"/>
<pin id="2006" dir="0" index="3" bw="1" slack="0"/>
<pin id="2007" dir="1" index="4" bw="17" slack="0"/>
</pin_list>
<bind>
<opcode="bitset(1001) " fcode="bitset"/>
<opset="p_Result_66/80 "/>
</bind>
</comp>

<comp id="2011" class="1004" name="res_FH_V_41_fu_2011">
<pin_list>
<pin id="2012" dir="0" index="0" bw="1" slack="3"/>
<pin id="2013" dir="0" index="1" bw="17" slack="5"/>
<pin id="2014" dir="0" index="2" bw="17" slack="0"/>
<pin id="2015" dir="1" index="3" bw="17" slack="0"/>
</pin_list>
<bind>
<opcode="select(49) " fcode="select"/>
<opset="res_FH_V_41/80 "/>
</bind>
</comp>

<comp id="2017" class="1004" name="tmp_7_fu_2017">
<pin_list>
<pin id="2018" dir="0" index="0" bw="4" slack="0"/>
<pin id="2019" dir="0" index="1" bw="17" slack="0"/>
<pin id="2020" dir="0" index="2" bw="4" slack="0"/>
<pin id="2021" dir="0" index="3" bw="5" slack="0"/>
<pin id="2022" dir="1" index="4" bw="4" slack="1"/>
</pin_list>
<bind>
<opcode="partselect(1002) " fcode="partselect"/>
<opset="tmp_7/80 "/>
</bind>
</comp>

<comp id="2027" class="1004" name="tmp_21_fu_2027">
<pin_list>
<pin id="2028" dir="0" index="0" bw="7" slack="0"/>
<pin id="2029" dir="0" index="1" bw="17" slack="0"/>
<pin id="2030" dir="0" index="2" bw="5" slack="0"/>
<pin id="2031" dir="0" index="3" bw="6" slack="0"/>
<pin id="2032" dir="1" index="4" bw="7" slack="3"/>
</pin_list>
<bind>
<opcode="partselect(1002) " fcode="partselect"/>
<opset="tmp_21/80 "/>
</bind>
</comp>

<comp id="2037" class="1004" name="mul_FL_V_1_fu_2037">
<pin_list>
<pin id="2038" dir="0" index="0" bw="17" slack="0"/>
<pin id="2039" dir="0" index="1" bw="4" slack="1"/>
<pin id="2040" dir="0" index="2" bw="13" slack="0"/>
<pin id="2041" dir="1" index="3" bw="17" slack="0"/>
</pin_list>
<bind>
<opcode="bitconcatenate(1004) " fcode="bitconcatenate"/>
<opset="mul_FL_V_1/81 "/>
</bind>
</comp>

<comp id="2044" class="1004" name="delta_V_1_fu_2044">
<pin_list>
<pin id="2045" dir="0" index="0" bw="17" slack="3"/>
<pin id="2046" dir="0" index="1" bw="17" slack="0"/>
<pin id="2047" dir="1" index="2" bw="1" slack="1"/>
</pin_list>
<bind>
<opcode="icmp(45) " fcode="icmp"/>
<opset="delta_V_1/81 "/>
</bind>
</comp>

<comp id="2049" class="1004" name="x_l_FH_V_44_fu_2049">
<pin_list>
<pin id="2050" dir="0" index="0" bw="1" slack="5"/>
<pin id="2051" dir="0" index="1" bw="17" slack="7"/>
<pin id="2052" dir="0" index="2" bw="17" slack="1"/>
<pin id="2053" dir="1" index="3" bw="17" slack="1"/>
</pin_list>
<bind>
<opcode="select(49) " fcode="select"/>
<opset="x_l_FH_V_44/82 "/>
</bind>
</comp>

<comp id="2054" class="1004" name="p_neg169_fu_2054">
<pin_list>
<pin id="2055" dir="0" index="0" bw="1" slack="1"/>
<pin id="2056" dir="0" index="1" bw="17" slack="0"/>
<pin id="2057" dir="0" index="2" bw="17" slack="0"/>
<pin id="2058" dir="1" index="3" bw="17" slack="1"/>
</pin_list>
<bind>
<opcode="select(49) " fcode="select"/>
<opset="p_neg169/82 "/>
</bind>
</comp>

<comp id="2061" class="1004" name="grp_fu_2061">
<pin_list>
<pin id="2062" dir="0" index="0" bw="19" slack="3"/>
<pin id="2063" dir="0" index="1" bw="1" slack="0"/>
<pin id="2064" dir="1" index="2" bw="19" slack="1"/>
</pin_list>
<bind>
<opcode="add(8) " fcode="add"/>
<opset="x_l_I_V_54/82 "/>
</bind>
</comp>

<comp id="2066" class="1004" name="mul_FH_V_9_fu_2066">
<pin_list>
<pin id="2067" dir="0" index="0" bw="17" slack="0"/>
<pin id="2068" dir="0" index="1" bw="1" slack="0"/>
<pin id="2069" dir="0" index="2" bw="8" slack="56"/>
<pin id="2070" dir="0" index="3" bw="7" slack="3"/>
<pin id="2071" dir="1" index="4" bw="17" slack="0"/>
</pin_list>
<bind>
<opcode="bitconcatenate(1004) " fcode="bitconcatenate"/>
<opset="mul_FH_V_9/83 "/>
</bind>
</comp>

<comp id="2074" class="1004" name="icmp_ln318_9_fu_2074">
<pin_list>
<pin id="2075" dir="0" index="0" bw="17" slack="1"/>
<pin id="2076" dir="0" index="1" bw="17" slack="0"/>
<pin id="2077" dir="1" index="2" bw="1" slack="1"/>
</pin_list>
<bind>
<opcode="icmp(45) " fcode="icmp"/>
<opset="icmp_ln318_9/83 "/>
</bind>
</comp>

<comp id="2079" class="1004" name="icmp_ln1495_1_fu_2079">
<pin_list>
<pin id="2080" dir="0" index="0" bw="17" slack="1"/>
<pin id="2081" dir="0" index="1" bw="17" slack="0"/>
<pin id="2082" dir="1" index="2" bw="1" slack="1"/>
</pin_list>
<bind>
<opcode="icmp(45) " fcode="icmp"/>
<opset="icmp_ln1495_1/83 "/>
</bind>
</comp>

<comp id="2084" class="1004" name="grp_fu_2084">
<pin_list>
<pin id="2085" dir="0" index="0" bw="17" slack="1"/>
<pin id="2086" dir="0" index="1" bw="17" slack="0"/>
<pin id="2087" dir="1" index="2" bw="17" slack="1"/>
</pin_list>
<bind>
<opcode="sub(10) " fcode="sub"/>
<opset="sub_ln703_3/83 "/>
</bind>
</comp>

<comp id="2089" class="1004" name="grp_fu_2089">
<pin_list>
<pin id="2090" dir="0" index="0" bw="17" slack="5"/>
<pin id="2091" dir="0" index="1" bw="17" slack="2"/>
<pin id="2092" dir="1" index="2" bw="17" slack="1"/>
</pin_list>
<bind>
<opcode="sub(10) " fcode="sub"/>
<opset="x_l_FL_V_3/83 "/>
</bind>
</comp>

<comp id="2093" class="1004" name="icmp_ln1498_2_fu_2093">
<pin_list>
<pin id="2094" dir="0" index="0" bw="19" slack="4"/>
<pin id="2095" dir="0" index="1" bw="19" slack="0"/>
<pin id="2096" dir="1" index="2" bw="1" slack="1"/>
</pin_list>
<bind>
<opcode="icmp(45) " fcode="icmp"/>
<opset="icmp_ln1498_2/83 "/>
</bind>
</comp>

<comp id="2098" class="1004" name="icmp_ln1494_11_fu_2098">
<pin_list>
<pin id="2099" dir="0" index="0" bw="17" slack="0"/>
<pin id="2100" dir="0" index="1" bw="17" slack="1"/>
<pin id="2101" dir="1" index="2" bw="1" slack="1"/>
</pin_list>
<bind>
<opcode="icmp(45) " fcode="icmp"/>
<opset="icmp_ln1494_11/83 "/>
</bind>
</comp>

<comp id="2103" class="1004" name="or_ln318_9_fu_2103">
<pin_list>
<pin id="2104" dir="0" index="0" bw="1" slack="1"/>
<pin id="2105" dir="0" index="1" bw="1" slack="3"/>
<pin id="2106" dir="1" index="2" bw="1" slack="0"/>
</pin_list>
<bind>
<opcode="or(24) " fcode="or"/>
<opset="or_ln318_9/84 "/>
</bind>
</comp>

<comp id="2107" class="1004" name="xor_ln331_1_fu_2107">
<pin_list>
<pin id="2108" dir="0" index="0" bw="1" slack="3"/>
<pin id="2109" dir="0" index="1" bw="1" slack="0"/>
<pin id="2110" dir="1" index="2" bw="1" slack="0"/>
</pin_list>
<bind>
<opcode="xor(25) " fcode="xor"/>
<opset="xor_ln331_1/84 "/>
</bind>
</comp>

<comp id="2112" class="1004" name="or_ln331_1_fu_2112">
<pin_list>
<pin id="2113" dir="0" index="0" bw="1" slack="1"/>
<pin id="2114" dir="0" index="1" bw="1" slack="0"/>
<pin id="2115" dir="1" index="2" bw="1" slack="0"/>
</pin_list>
<bind>
<opcode="or(24) " fcode="or"/>
<opset="or_ln331_1/84 "/>
</bind>
</comp>

<comp id="2117" class="1004" name="xor_ln1495_1_fu_2117">
<pin_list>
<pin id="2118" dir="0" index="0" bw="1" slack="1"/>
<pin id="2119" dir="0" index="1" bw="1" slack="0"/>
<pin id="2120" dir="1" index="2" bw="1" slack="0"/>
</pin_list>
<bind>
<opcode="xor(25) " fcode="xor"/>
<opset="xor_ln1495_1/84 "/>
</bind>
</comp>

<comp id="2122" class="1004" name="and_ln331_1_fu_2122">
<pin_list>
<pin id="2123" dir="0" index="0" bw="1" slack="0"/>
<pin id="2124" dir="0" index="1" bw="1" slack="0"/>
<pin id="2125" dir="1" index="2" bw="1" slack="0"/>
</pin_list>
<bind>
<opcode="and(23) " fcode="and"/>
<opset="and_ln331_1/84 "/>
</bind>
</comp>

<comp id="2128" class="1004" name="x_l_I_V_100_fu_2128">
<pin_list>
<pin id="2129" dir="0" index="0" bw="1" slack="0"/>
<pin id="2130" dir="0" index="1" bw="19" slack="5"/>
<pin id="2131" dir="0" index="2" bw="19" slack="1"/>
<pin id="2132" dir="1" index="3" bw="19" slack="1"/>
</pin_list>
<bind>
<opcode="select(49) " fcode="select"/>
<opset="x_l_I_V_100/84 "/>
</bind>
</comp>

<comp id="2134" class="1004" name="xor_ln1494_9_fu_2134">
<pin_list>
<pin id="2135" dir="0" index="0" bw="1" slack="1"/>
<pin id="2136" dir="0" index="1" bw="1" slack="0"/>
<pin id="2137" dir="1" index="2" bw="1" slack="0"/>
</pin_list>
<bind>
<opcode="xor(25) " fcode="xor"/>
<opset="xor_ln1494_9/84 "/>
</bind>
</comp>

<comp id="2139" class="1004" name="and_ln318_11_fu_2139">
<pin_list>
<pin id="2140" dir="0" index="0" bw="1" slack="0"/>
<pin id="2141" dir="0" index="1" bw="1" slack="0"/>
<pin id="2142" dir="1" index="2" bw="1" slack="0"/>
</pin_list>
<bind>
<opcode="and(23) " fcode="and"/>
<opset="and_ln318_11/84 "/>
</bind>
</comp>

<comp id="2145" class="1004" name="and_ln318_12_fu_2145">
<pin_list>
<pin id="2146" dir="0" index="0" bw="1" slack="0"/>
<pin id="2147" dir="0" index="1" bw="1" slack="1"/>
<pin id="2148" dir="1" index="2" bw="1" slack="1"/>
</pin_list>
<bind>
<opcode="and(23) " fcode="and"/>
<opset="and_ln318_12/84 "/>
</bind>
</comp>

<comp id="2150" class="1004" name="grp_fu_2150">
<pin_list>
<pin id="2151" dir="0" index="0" bw="17" slack="1"/>
<pin id="2152" dir="0" index="1" bw="17" slack="3"/>
<pin id="2153" dir="1" index="2" bw="17" slack="1"/>
</pin_list>
<bind>
<opcode="add(8) " fcode="add"/>
<opset="x_l_FH_V_45/85 "/>
</bind>
</comp>

<comp id="2154" class="1004" name="p_Result_67_fu_2154">
<pin_list>
<pin id="2155" dir="0" index="0" bw="17" slack="0"/>
<pin id="2156" dir="0" index="1" bw="17" slack="5"/>
<pin id="2157" dir="0" index="2" bw="4" slack="0"/>
<pin id="2158" dir="0" index="3" bw="1" slack="0"/>
<pin id="2159" dir="1" index="4" bw="17" slack="0"/>
</pin_list>
<bind>
<opcode="bitset(1001) " fcode="bitset"/>
<opset="p_Result_67/85 "/>
</bind>
</comp>

<comp id="2163" class="1004" name="res_FH_V_42_fu_2163">
<pin_list>
<pin id="2164" dir="0" index="0" bw="1" slack="1"/>
<pin id="2165" dir="0" index="1" bw="17" slack="5"/>
<pin id="2166" dir="0" index="2" bw="17" slack="0"/>
<pin id="2167" dir="1" index="3" bw="17" slack="0"/>
</pin_list>
<bind>
<opcode="select(49) " fcode="select"/>
<opset="res_FH_V_42/85 "/>
</bind>
</comp>

<comp id="2169" class="1004" name="x_l_FL_V_17_fu_2169">
<pin_list>
<pin id="2170" dir="0" index="0" bw="1" slack="1"/>
<pin id="2171" dir="0" index="1" bw="17" slack="7"/>
<pin id="2172" dir="0" index="2" bw="17" slack="1"/>
<pin id="2173" dir="1" index="3" bw="17" slack="1"/>
</pin_list>
<bind>
<opcode="select(49) " fcode="select"/>
<opset="x_l_FL_V_17/85 "/>
</bind>
</comp>

<comp id="2174" class="1004" name="x_l_I_V_101_fu_2174">
<pin_list>
<pin id="2175" dir="0" index="0" bw="1" slack="1"/>
<pin id="2176" dir="0" index="1" bw="19" slack="6"/>
<pin id="2177" dir="0" index="2" bw="19" slack="1"/>
<pin id="2178" dir="1" index="3" bw="19" slack="2"/>
</pin_list>
<bind>
<opcode="select(49) " fcode="select"/>
<opset="x_l_I_V_101/85 "/>
</bind>
</comp>

<comp id="2179" class="1004" name="tmp_9_fu_2179">
<pin_list>
<pin id="2180" dir="0" index="0" bw="6" slack="0"/>
<pin id="2181" dir="0" index="1" bw="17" slack="0"/>
<pin id="2182" dir="0" index="2" bw="4" slack="0"/>
<pin id="2183" dir="0" index="3" bw="5" slack="0"/>
<pin id="2184" dir="1" index="4" bw="6" slack="1"/>
</pin_list>
<bind>
<opcode="partselect(1002) " fcode="partselect"/>
<opset="tmp_9/85 "/>
</bind>
</comp>

<comp id="2189" class="1004" name="tmp_22_fu_2189">
<pin_list>
<pin id="2190" dir="0" index="0" bw="6" slack="0"/>
<pin id="2191" dir="0" index="1" bw="17" slack="0"/>
<pin id="2192" dir="0" index="2" bw="5" slack="0"/>
<pin id="2193" dir="0" index="3" bw="6" slack="0"/>
<pin id="2194" dir="1" index="4" bw="6" slack="3"/>
</pin_list>
<bind>
<opcode="partselect(1002) " fcode="partselect"/>
<opset="tmp_22/85 "/>
</bind>
</comp>

<comp id="2199" class="1004" name="mul_FL_V_2_fu_2199">
<pin_list>
<pin id="2200" dir="0" index="0" bw="17" slack="0"/>
<pin id="2201" dir="0" index="1" bw="6" slack="1"/>
<pin id="2202" dir="0" index="2" bw="11" slack="0"/>
<pin id="2203" dir="1" index="3" bw="17" slack="0"/>
</pin_list>
<bind>
<opcode="bitconcatenate(1004) " fcode="bitconcatenate"/>
<opset="mul_FL_V_2/86 "/>
</bind>
</comp>

<comp id="2206" class="1004" name="delta_V_2_fu_2206">
<pin_list>
<pin id="2207" dir="0" index="0" bw="17" slack="1"/>
<pin id="2208" dir="0" index="1" bw="17" slack="0"/>
<pin id="2209" dir="1" index="2" bw="1" slack="1"/>
</pin_list>
<bind>
<opcode="icmp(45) " fcode="icmp"/>
<opset="delta_V_2/86 "/>
</bind>
</comp>

<comp id="2211" class="1004" name="x_l_FH_V_46_fu_2211">
<pin_list>
<pin id="2212" dir="0" index="0" bw="1" slack="3"/>
<pin id="2213" dir="0" index="1" bw="17" slack="5"/>
<pin id="2214" dir="0" index="2" bw="17" slack="1"/>
<pin id="2215" dir="1" index="3" bw="17" slack="1"/>
</pin_list>
<bind>
<opcode="select(49) " fcode="select"/>
<opset="x_l_FH_V_46/87 "/>
</bind>
</comp>

<comp id="2216" class="1004" name="p_neg170_fu_2216">
<pin_list>
<pin id="2217" dir="0" index="0" bw="1" slack="1"/>
<pin id="2218" dir="0" index="1" bw="17" slack="0"/>
<pin id="2219" dir="0" index="2" bw="17" slack="0"/>
<pin id="2220" dir="1" index="3" bw="17" slack="1"/>
</pin_list>
<bind>
<opcode="select(49) " fcode="select"/>
<opset="p_neg170/87 "/>
</bind>
</comp>

<comp id="2223" class="1004" name="grp_fu_2223">
<pin_list>
<pin id="2224" dir="0" index="0" bw="19" slack="2"/>
<pin id="2225" dir="0" index="1" bw="1" slack="0"/>
<pin id="2226" dir="1" index="2" bw="19" slack="1"/>
</pin_list>
<bind>
<opcode="add(8) " fcode="add"/>
<opset="x_l_I_V_57/87 "/>
</bind>
</comp>

<comp id="2228" class="1004" name="mul_FH_V_10_fu_2228">
<pin_list>
<pin id="2229" dir="0" index="0" bw="17" slack="0"/>
<pin id="2230" dir="0" index="1" bw="1" slack="0"/>
<pin id="2231" dir="0" index="2" bw="8" slack="61"/>
<pin id="2232" dir="0" index="3" bw="6" slack="3"/>
<pin id="2233" dir="1" index="4" bw="17" slack="0"/>
</pin_list>
<bind>
<opcode="bitconcatenate(1004) " fcode="bitconcatenate"/>
<opset="mul_FH_V_10/88 "/>
</bind>
</comp>

<comp id="2236" class="1004" name="icmp_ln318_10_fu_2236">
<pin_list>
<pin id="2237" dir="0" index="0" bw="17" slack="1"/>
<pin id="2238" dir="0" index="1" bw="17" slack="0"/>
<pin id="2239" dir="1" index="2" bw="1" slack="1"/>
</pin_list>
<bind>
<opcode="icmp(45) " fcode="icmp"/>
<opset="icmp_ln318_10/88 "/>
</bind>
</comp>

<comp id="2241" class="1004" name="icmp_ln1495_2_fu_2241">
<pin_list>
<pin id="2242" dir="0" index="0" bw="17" slack="1"/>
<pin id="2243" dir="0" index="1" bw="17" slack="0"/>
<pin id="2244" dir="1" index="2" bw="1" slack="1"/>
</pin_list>
<bind>
<opcode="icmp(45) " fcode="icmp"/>
<opset="icmp_ln1495_2/88 "/>
</bind>
</comp>

<comp id="2246" class="1004" name="grp_fu_2246">
<pin_list>
<pin id="2247" dir="0" index="0" bw="17" slack="1"/>
<pin id="2248" dir="0" index="1" bw="17" slack="0"/>
<pin id="2249" dir="1" index="2" bw="17" slack="1"/>
</pin_list>
<bind>
<opcode="sub(10) " fcode="sub"/>
<opset="sub_ln703_6/88 "/>
</bind>
</comp>

<comp id="2251" class="1004" name="grp_fu_2251">
<pin_list>
<pin id="2252" dir="0" index="0" bw="17" slack="3"/>
<pin id="2253" dir="0" index="1" bw="17" slack="2"/>
<pin id="2254" dir="1" index="2" bw="17" slack="1"/>
</pin_list>
<bind>
<opcode="sub(10) " fcode="sub"/>
<opset="x_l_FL_V_5/88 "/>
</bind>
</comp>

<comp id="2255" class="1004" name="icmp_ln1498_3_fu_2255">
<pin_list>
<pin id="2256" dir="0" index="0" bw="19" slack="3"/>
<pin id="2257" dir="0" index="1" bw="19" slack="0"/>
<pin id="2258" dir="1" index="2" bw="1" slack="1"/>
</pin_list>
<bind>
<opcode="icmp(45) " fcode="icmp"/>
<opset="icmp_ln1498_3/88 "/>
</bind>
</comp>

<comp id="2260" class="1004" name="icmp_ln1494_12_fu_2260">
<pin_list>
<pin id="2261" dir="0" index="0" bw="17" slack="0"/>
<pin id="2262" dir="0" index="1" bw="17" slack="1"/>
<pin id="2263" dir="1" index="2" bw="1" slack="1"/>
</pin_list>
<bind>
<opcode="icmp(45) " fcode="icmp"/>
<opset="icmp_ln1494_12/88 "/>
</bind>
</comp>

<comp id="2265" class="1004" name="or_ln318_10_fu_2265">
<pin_list>
<pin id="2266" dir="0" index="0" bw="1" slack="1"/>
<pin id="2267" dir="0" index="1" bw="1" slack="3"/>
<pin id="2268" dir="1" index="2" bw="1" slack="0"/>
</pin_list>
<bind>
<opcode="or(24) " fcode="or"/>
<opset="or_ln318_10/89 "/>
</bind>
</comp>

<comp id="2269" class="1004" name="xor_ln331_2_fu_2269">
<pin_list>
<pin id="2270" dir="0" index="0" bw="1" slack="3"/>
<pin id="2271" dir="0" index="1" bw="1" slack="0"/>
<pin id="2272" dir="1" index="2" bw="1" slack="0"/>
</pin_list>
<bind>
<opcode="xor(25) " fcode="xor"/>
<opset="xor_ln331_2/89 "/>
</bind>
</comp>

<comp id="2274" class="1004" name="or_ln331_2_fu_2274">
<pin_list>
<pin id="2275" dir="0" index="0" bw="1" slack="1"/>
<pin id="2276" dir="0" index="1" bw="1" slack="0"/>
<pin id="2277" dir="1" index="2" bw="1" slack="0"/>
</pin_list>
<bind>
<opcode="or(24) " fcode="or"/>
<opset="or_ln331_2/89 "/>
</bind>
</comp>

<comp id="2279" class="1004" name="xor_ln1495_2_fu_2279">
<pin_list>
<pin id="2280" dir="0" index="0" bw="1" slack="1"/>
<pin id="2281" dir="0" index="1" bw="1" slack="0"/>
<pin id="2282" dir="1" index="2" bw="1" slack="0"/>
</pin_list>
<bind>
<opcode="xor(25) " fcode="xor"/>
<opset="xor_ln1495_2/89 "/>
</bind>
</comp>

<comp id="2284" class="1004" name="and_ln331_2_fu_2284">
<pin_list>
<pin id="2285" dir="0" index="0" bw="1" slack="0"/>
<pin id="2286" dir="0" index="1" bw="1" slack="0"/>
<pin id="2287" dir="1" index="2" bw="1" slack="0"/>
</pin_list>
<bind>
<opcode="and(23) " fcode="and"/>
<opset="and_ln331_2/89 "/>
</bind>
</comp>

<comp id="2290" class="1004" name="x_l_I_V_102_fu_2290">
<pin_list>
<pin id="2291" dir="0" index="0" bw="1" slack="0"/>
<pin id="2292" dir="0" index="1" bw="19" slack="4"/>
<pin id="2293" dir="0" index="2" bw="19" slack="1"/>
<pin id="2294" dir="1" index="3" bw="19" slack="1"/>
</pin_list>
<bind>
<opcode="select(49) " fcode="select"/>
<opset="x_l_I_V_102/89 "/>
</bind>
</comp>

<comp id="2296" class="1004" name="xor_ln1494_10_fu_2296">
<pin_list>
<pin id="2297" dir="0" index="0" bw="1" slack="1"/>
<pin id="2298" dir="0" index="1" bw="1" slack="0"/>
<pin id="2299" dir="1" index="2" bw="1" slack="0"/>
</pin_list>
<bind>
<opcode="xor(25) " fcode="xor"/>
<opset="xor_ln1494_10/89 "/>
</bind>
</comp>

<comp id="2301" class="1004" name="and_ln318_13_fu_2301">
<pin_list>
<pin id="2302" dir="0" index="0" bw="1" slack="0"/>
<pin id="2303" dir="0" index="1" bw="1" slack="0"/>
<pin id="2304" dir="1" index="2" bw="1" slack="0"/>
</pin_list>
<bind>
<opcode="and(23) " fcode="and"/>
<opset="and_ln318_13/89 "/>
</bind>
</comp>

<comp id="2307" class="1004" name="and_ln318_14_fu_2307">
<pin_list>
<pin id="2308" dir="0" index="0" bw="1" slack="0"/>
<pin id="2309" dir="0" index="1" bw="1" slack="1"/>
<pin id="2310" dir="1" index="2" bw="1" slack="1"/>
</pin_list>
<bind>
<opcode="and(23) " fcode="and"/>
<opset="and_ln318_14/89 "/>
</bind>
</comp>

<comp id="2312" class="1004" name="grp_fu_2312">
<pin_list>
<pin id="2313" dir="0" index="0" bw="17" slack="1"/>
<pin id="2314" dir="0" index="1" bw="17" slack="3"/>
<pin id="2315" dir="1" index="2" bw="17" slack="1"/>
</pin_list>
<bind>
<opcode="add(8) " fcode="add"/>
<opset="x_l_FH_V_47/90 "/>
</bind>
</comp>

<comp id="2316" class="1004" name="p_Result_68_fu_2316">
<pin_list>
<pin id="2317" dir="0" index="0" bw="17" slack="0"/>
<pin id="2318" dir="0" index="1" bw="17" slack="5"/>
<pin id="2319" dir="0" index="2" bw="4" slack="0"/>
<pin id="2320" dir="0" index="3" bw="1" slack="0"/>
<pin id="2321" dir="1" index="4" bw="17" slack="0"/>
</pin_list>
<bind>
<opcode="bitset(1001) " fcode="bitset"/>
<opset="p_Result_68/90 "/>
</bind>
</comp>

<comp id="2325" class="1004" name="res_FH_V_43_fu_2325">
<pin_list>
<pin id="2326" dir="0" index="0" bw="1" slack="1"/>
<pin id="2327" dir="0" index="1" bw="17" slack="5"/>
<pin id="2328" dir="0" index="2" bw="17" slack="0"/>
<pin id="2329" dir="1" index="3" bw="17" slack="0"/>
</pin_list>
<bind>
<opcode="select(49) " fcode="select"/>
<opset="res_FH_V_43/90 "/>
</bind>
</comp>

<comp id="2331" class="1004" name="x_l_FL_V_18_fu_2331">
<pin_list>
<pin id="2332" dir="0" index="0" bw="1" slack="1"/>
<pin id="2333" dir="0" index="1" bw="17" slack="5"/>
<pin id="2334" dir="0" index="2" bw="17" slack="1"/>
<pin id="2335" dir="1" index="3" bw="17" slack="1"/>
</pin_list>
<bind>
<opcode="select(49) " fcode="select"/>
<opset="x_l_FL_V_18/90 "/>
</bind>
</comp>

<comp id="2336" class="1004" name="x_l_I_V_103_fu_2336">
<pin_list>
<pin id="2337" dir="0" index="0" bw="1" slack="1"/>
<pin id="2338" dir="0" index="1" bw="19" slack="5"/>
<pin id="2339" dir="0" index="2" bw="19" slack="1"/>
<pin id="2340" dir="1" index="3" bw="19" slack="2"/>
</pin_list>
<bind>
<opcode="select(49) " fcode="select"/>
<opset="x_l_I_V_103/90 "/>
</bind>
</comp>

<comp id="2341" class="1004" name="tmp_10_fu_2341">
<pin_list>
<pin id="2342" dir="0" index="0" bw="8" slack="0"/>
<pin id="2343" dir="0" index="1" bw="17" slack="0"/>
<pin id="2344" dir="0" index="2" bw="4" slack="0"/>
<pin id="2345" dir="0" index="3" bw="5" slack="0"/>
<pin id="2346" dir="1" index="4" bw="8" slack="1"/>
</pin_list>
<bind>
<opcode="partselect(1002) " fcode="partselect"/>
<opset="tmp_10/90 "/>
</bind>
</comp>

<comp id="2351" class="1004" name="tmp_23_fu_2351">
<pin_list>
<pin id="2352" dir="0" index="0" bw="5" slack="0"/>
<pin id="2353" dir="0" index="1" bw="17" slack="0"/>
<pin id="2354" dir="0" index="2" bw="5" slack="0"/>
<pin id="2355" dir="0" index="3" bw="6" slack="0"/>
<pin id="2356" dir="1" index="4" bw="5" slack="3"/>
</pin_list>
<bind>
<opcode="partselect(1002) " fcode="partselect"/>
<opset="tmp_23/90 "/>
</bind>
</comp>

<comp id="2361" class="1004" name="mul_FL_V_3_fu_2361">
<pin_list>
<pin id="2362" dir="0" index="0" bw="17" slack="0"/>
<pin id="2363" dir="0" index="1" bw="8" slack="1"/>
<pin id="2364" dir="0" index="2" bw="9" slack="0"/>
<pin id="2365" dir="1" index="3" bw="17" slack="0"/>
</pin_list>
<bind>
<opcode="bitconcatenate(1004) " fcode="bitconcatenate"/>
<opset="mul_FL_V_3/91 "/>
</bind>
</comp>

<comp id="2368" class="1004" name="delta_V_3_fu_2368">
<pin_list>
<pin id="2369" dir="0" index="0" bw="17" slack="1"/>
<pin id="2370" dir="0" index="1" bw="17" slack="0"/>
<pin id="2371" dir="1" index="2" bw="1" slack="1"/>
</pin_list>
<bind>
<opcode="icmp(45) " fcode="icmp"/>
<opset="delta_V_3/91 "/>
</bind>
</comp>

<comp id="2373" class="1004" name="x_l_FH_V_48_fu_2373">
<pin_list>
<pin id="2374" dir="0" index="0" bw="1" slack="3"/>
<pin id="2375" dir="0" index="1" bw="17" slack="5"/>
<pin id="2376" dir="0" index="2" bw="17" slack="1"/>
<pin id="2377" dir="1" index="3" bw="17" slack="1"/>
</pin_list>
<bind>
<opcode="select(49) " fcode="select"/>
<opset="x_l_FH_V_48/92 "/>
</bind>
</comp>

<comp id="2378" class="1004" name="p_neg171_fu_2378">
<pin_list>
<pin id="2379" dir="0" index="0" bw="1" slack="1"/>
<pin id="2380" dir="0" index="1" bw="17" slack="0"/>
<pin id="2381" dir="0" index="2" bw="17" slack="0"/>
<pin id="2382" dir="1" index="3" bw="17" slack="1"/>
</pin_list>
<bind>
<opcode="select(49) " fcode="select"/>
<opset="p_neg171/92 "/>
</bind>
</comp>

<comp id="2385" class="1004" name="grp_fu_2385">
<pin_list>
<pin id="2386" dir="0" index="0" bw="19" slack="2"/>
<pin id="2387" dir="0" index="1" bw="1" slack="0"/>
<pin id="2388" dir="1" index="2" bw="19" slack="1"/>
</pin_list>
<bind>
<opcode="add(8) " fcode="add"/>
<opset="x_l_I_V_60/92 "/>
</bind>
</comp>

<comp id="2390" class="1004" name="mul_FH_V_11_fu_2390">
<pin_list>
<pin id="2391" dir="0" index="0" bw="17" slack="0"/>
<pin id="2392" dir="0" index="1" bw="1" slack="0"/>
<pin id="2393" dir="0" index="2" bw="8" slack="66"/>
<pin id="2394" dir="0" index="3" bw="5" slack="3"/>
<pin id="2395" dir="1" index="4" bw="17" slack="0"/>
</pin_list>
<bind>
<opcode="bitconcatenate(1004) " fcode="bitconcatenate"/>
<opset="mul_FH_V_11/93 "/>
</bind>
</comp>

<comp id="2398" class="1004" name="icmp_ln318_11_fu_2398">
<pin_list>
<pin id="2399" dir="0" index="0" bw="17" slack="1"/>
<pin id="2400" dir="0" index="1" bw="17" slack="0"/>
<pin id="2401" dir="1" index="2" bw="1" slack="1"/>
</pin_list>
<bind>
<opcode="icmp(45) " fcode="icmp"/>
<opset="icmp_ln318_11/93 "/>
</bind>
</comp>

<comp id="2403" class="1004" name="icmp_ln1495_3_fu_2403">
<pin_list>
<pin id="2404" dir="0" index="0" bw="17" slack="1"/>
<pin id="2405" dir="0" index="1" bw="17" slack="0"/>
<pin id="2406" dir="1" index="2" bw="1" slack="1"/>
</pin_list>
<bind>
<opcode="icmp(45) " fcode="icmp"/>
<opset="icmp_ln1495_3/93 "/>
</bind>
</comp>

<comp id="2408" class="1004" name="grp_fu_2408">
<pin_list>
<pin id="2409" dir="0" index="0" bw="17" slack="1"/>
<pin id="2410" dir="0" index="1" bw="17" slack="0"/>
<pin id="2411" dir="1" index="2" bw="17" slack="1"/>
</pin_list>
<bind>
<opcode="sub(10) " fcode="sub"/>
<opset="sub_ln703_9/93 "/>
</bind>
</comp>

<comp id="2413" class="1004" name="grp_fu_2413">
<pin_list>
<pin id="2414" dir="0" index="0" bw="17" slack="3"/>
<pin id="2415" dir="0" index="1" bw="17" slack="2"/>
<pin id="2416" dir="1" index="2" bw="17" slack="1"/>
</pin_list>
<bind>
<opcode="sub(10) " fcode="sub"/>
<opset="x_l_FL_V_7/93 "/>
</bind>
</comp>

<comp id="2417" class="1004" name="icmp_ln1498_4_fu_2417">
<pin_list>
<pin id="2418" dir="0" index="0" bw="19" slack="3"/>
<pin id="2419" dir="0" index="1" bw="19" slack="0"/>
<pin id="2420" dir="1" index="2" bw="1" slack="1"/>
</pin_list>
<bind>
<opcode="icmp(45) " fcode="icmp"/>
<opset="icmp_ln1498_4/93 "/>
</bind>
</comp>

<comp id="2422" class="1004" name="icmp_ln1494_13_fu_2422">
<pin_list>
<pin id="2423" dir="0" index="0" bw="17" slack="0"/>
<pin id="2424" dir="0" index="1" bw="17" slack="1"/>
<pin id="2425" dir="1" index="2" bw="1" slack="1"/>
</pin_list>
<bind>
<opcode="icmp(45) " fcode="icmp"/>
<opset="icmp_ln1494_13/93 "/>
</bind>
</comp>

<comp id="2427" class="1004" name="or_ln318_11_fu_2427">
<pin_list>
<pin id="2428" dir="0" index="0" bw="1" slack="1"/>
<pin id="2429" dir="0" index="1" bw="1" slack="3"/>
<pin id="2430" dir="1" index="2" bw="1" slack="0"/>
</pin_list>
<bind>
<opcode="or(24) " fcode="or"/>
<opset="or_ln318_11/94 "/>
</bind>
</comp>

<comp id="2431" class="1004" name="xor_ln331_3_fu_2431">
<pin_list>
<pin id="2432" dir="0" index="0" bw="1" slack="3"/>
<pin id="2433" dir="0" index="1" bw="1" slack="0"/>
<pin id="2434" dir="1" index="2" bw="1" slack="0"/>
</pin_list>
<bind>
<opcode="xor(25) " fcode="xor"/>
<opset="xor_ln331_3/94 "/>
</bind>
</comp>

<comp id="2436" class="1004" name="or_ln331_3_fu_2436">
<pin_list>
<pin id="2437" dir="0" index="0" bw="1" slack="1"/>
<pin id="2438" dir="0" index="1" bw="1" slack="0"/>
<pin id="2439" dir="1" index="2" bw="1" slack="0"/>
</pin_list>
<bind>
<opcode="or(24) " fcode="or"/>
<opset="or_ln331_3/94 "/>
</bind>
</comp>

<comp id="2441" class="1004" name="xor_ln1495_3_fu_2441">
<pin_list>
<pin id="2442" dir="0" index="0" bw="1" slack="1"/>
<pin id="2443" dir="0" index="1" bw="1" slack="0"/>
<pin id="2444" dir="1" index="2" bw="1" slack="0"/>
</pin_list>
<bind>
<opcode="xor(25) " fcode="xor"/>
<opset="xor_ln1495_3/94 "/>
</bind>
</comp>

<comp id="2446" class="1004" name="and_ln331_3_fu_2446">
<pin_list>
<pin id="2447" dir="0" index="0" bw="1" slack="0"/>
<pin id="2448" dir="0" index="1" bw="1" slack="0"/>
<pin id="2449" dir="1" index="2" bw="1" slack="0"/>
</pin_list>
<bind>
<opcode="and(23) " fcode="and"/>
<opset="and_ln331_3/94 "/>
</bind>
</comp>

<comp id="2452" class="1004" name="x_l_I_V_104_fu_2452">
<pin_list>
<pin id="2453" dir="0" index="0" bw="1" slack="0"/>
<pin id="2454" dir="0" index="1" bw="19" slack="4"/>
<pin id="2455" dir="0" index="2" bw="19" slack="1"/>
<pin id="2456" dir="1" index="3" bw="19" slack="1"/>
</pin_list>
<bind>
<opcode="select(49) " fcode="select"/>
<opset="x_l_I_V_104/94 "/>
</bind>
</comp>

<comp id="2458" class="1004" name="xor_ln1494_11_fu_2458">
<pin_list>
<pin id="2459" dir="0" index="0" bw="1" slack="1"/>
<pin id="2460" dir="0" index="1" bw="1" slack="0"/>
<pin id="2461" dir="1" index="2" bw="1" slack="0"/>
</pin_list>
<bind>
<opcode="xor(25) " fcode="xor"/>
<opset="xor_ln1494_11/94 "/>
</bind>
</comp>

<comp id="2463" class="1004" name="and_ln318_15_fu_2463">
<pin_list>
<pin id="2464" dir="0" index="0" bw="1" slack="0"/>
<pin id="2465" dir="0" index="1" bw="1" slack="0"/>
<pin id="2466" dir="1" index="2" bw="1" slack="0"/>
</pin_list>
<bind>
<opcode="and(23) " fcode="and"/>
<opset="and_ln318_15/94 "/>
</bind>
</comp>

<comp id="2469" class="1004" name="and_ln318_16_fu_2469">
<pin_list>
<pin id="2470" dir="0" index="0" bw="1" slack="0"/>
<pin id="2471" dir="0" index="1" bw="1" slack="1"/>
<pin id="2472" dir="1" index="2" bw="1" slack="1"/>
</pin_list>
<bind>
<opcode="and(23) " fcode="and"/>
<opset="and_ln318_16/94 "/>
</bind>
</comp>

<comp id="2474" class="1004" name="grp_fu_2474">
<pin_list>
<pin id="2475" dir="0" index="0" bw="17" slack="1"/>
<pin id="2476" dir="0" index="1" bw="17" slack="3"/>
<pin id="2477" dir="1" index="2" bw="17" slack="1"/>
</pin_list>
<bind>
<opcode="add(8) " fcode="add"/>
<opset="x_l_FH_V_49/95 "/>
</bind>
</comp>

<comp id="2478" class="1004" name="p_Result_69_fu_2478">
<pin_list>
<pin id="2479" dir="0" index="0" bw="17" slack="0"/>
<pin id="2480" dir="0" index="1" bw="17" slack="5"/>
<pin id="2481" dir="0" index="2" bw="4" slack="0"/>
<pin id="2482" dir="0" index="3" bw="1" slack="0"/>
<pin id="2483" dir="1" index="4" bw="17" slack="0"/>
</pin_list>
<bind>
<opcode="bitset(1001) " fcode="bitset"/>
<opset="p_Result_69/95 "/>
</bind>
</comp>

<comp id="2487" class="1004" name="res_FH_V_44_fu_2487">
<pin_list>
<pin id="2488" dir="0" index="0" bw="1" slack="1"/>
<pin id="2489" dir="0" index="1" bw="17" slack="5"/>
<pin id="2490" dir="0" index="2" bw="17" slack="0"/>
<pin id="2491" dir="1" index="3" bw="17" slack="0"/>
</pin_list>
<bind>
<opcode="select(49) " fcode="select"/>
<opset="res_FH_V_44/95 "/>
</bind>
</comp>

<comp id="2493" class="1004" name="x_l_FL_V_19_fu_2493">
<pin_list>
<pin id="2494" dir="0" index="0" bw="1" slack="1"/>
<pin id="2495" dir="0" index="1" bw="17" slack="5"/>
<pin id="2496" dir="0" index="2" bw="17" slack="1"/>
<pin id="2497" dir="1" index="3" bw="17" slack="1"/>
</pin_list>
<bind>
<opcode="select(49) " fcode="select"/>
<opset="x_l_FL_V_19/95 "/>
</bind>
</comp>

<comp id="2498" class="1004" name="x_l_I_V_105_fu_2498">
<pin_list>
<pin id="2499" dir="0" index="0" bw="1" slack="1"/>
<pin id="2500" dir="0" index="1" bw="19" slack="5"/>
<pin id="2501" dir="0" index="2" bw="19" slack="1"/>
<pin id="2502" dir="1" index="3" bw="19" slack="2"/>
</pin_list>
<bind>
<opcode="select(49) " fcode="select"/>
<opset="x_l_I_V_105/95 "/>
</bind>
</comp>

<comp id="2503" class="1004" name="tmp_11_fu_2503">
<pin_list>
<pin id="2504" dir="0" index="0" bw="10" slack="0"/>
<pin id="2505" dir="0" index="1" bw="17" slack="0"/>
<pin id="2506" dir="0" index="2" bw="3" slack="0"/>
<pin id="2507" dir="0" index="3" bw="5" slack="0"/>
<pin id="2508" dir="1" index="4" bw="10" slack="1"/>
</pin_list>
<bind>
<opcode="partselect(1002) " fcode="partselect"/>
<opset="tmp_11/95 "/>
</bind>
</comp>

<comp id="2513" class="1004" name="tmp_24_fu_2513">
<pin_list>
<pin id="2514" dir="0" index="0" bw="4" slack="0"/>
<pin id="2515" dir="0" index="1" bw="17" slack="0"/>
<pin id="2516" dir="0" index="2" bw="5" slack="0"/>
<pin id="2517" dir="0" index="3" bw="6" slack="0"/>
<pin id="2518" dir="1" index="4" bw="4" slack="3"/>
</pin_list>
<bind>
<opcode="partselect(1002) " fcode="partselect"/>
<opset="tmp_24/95 "/>
</bind>
</comp>

<comp id="2523" class="1004" name="mul_FL_V_4_fu_2523">
<pin_list>
<pin id="2524" dir="0" index="0" bw="17" slack="0"/>
<pin id="2525" dir="0" index="1" bw="10" slack="1"/>
<pin id="2526" dir="0" index="2" bw="7" slack="0"/>
<pin id="2527" dir="1" index="3" bw="17" slack="0"/>
</pin_list>
<bind>
<opcode="bitconcatenate(1004) " fcode="bitconcatenate"/>
<opset="mul_FL_V_4/96 "/>
</bind>
</comp>

<comp id="2530" class="1004" name="delta_V_4_fu_2530">
<pin_list>
<pin id="2531" dir="0" index="0" bw="17" slack="1"/>
<pin id="2532" dir="0" index="1" bw="17" slack="0"/>
<pin id="2533" dir="1" index="2" bw="1" slack="1"/>
</pin_list>
<bind>
<opcode="icmp(45) " fcode="icmp"/>
<opset="delta_V_4/96 "/>
</bind>
</comp>

<comp id="2535" class="1004" name="x_l_FH_V_50_fu_2535">
<pin_list>
<pin id="2536" dir="0" index="0" bw="1" slack="3"/>
<pin id="2537" dir="0" index="1" bw="17" slack="5"/>
<pin id="2538" dir="0" index="2" bw="17" slack="1"/>
<pin id="2539" dir="1" index="3" bw="17" slack="1"/>
</pin_list>
<bind>
<opcode="select(49) " fcode="select"/>
<opset="x_l_FH_V_50/97 "/>
</bind>
</comp>

<comp id="2540" class="1004" name="p_neg172_fu_2540">
<pin_list>
<pin id="2541" dir="0" index="0" bw="1" slack="1"/>
<pin id="2542" dir="0" index="1" bw="17" slack="0"/>
<pin id="2543" dir="0" index="2" bw="17" slack="0"/>
<pin id="2544" dir="1" index="3" bw="17" slack="1"/>
</pin_list>
<bind>
<opcode="select(49) " fcode="select"/>
<opset="p_neg172/97 "/>
</bind>
</comp>

<comp id="2547" class="1004" name="grp_fu_2547">
<pin_list>
<pin id="2548" dir="0" index="0" bw="19" slack="2"/>
<pin id="2549" dir="0" index="1" bw="1" slack="0"/>
<pin id="2550" dir="1" index="2" bw="19" slack="1"/>
</pin_list>
<bind>
<opcode="add(8) " fcode="add"/>
<opset="x_l_I_V_63/97 "/>
</bind>
</comp>

<comp id="2552" class="1004" name="mul_FH_V_12_fu_2552">
<pin_list>
<pin id="2553" dir="0" index="0" bw="17" slack="0"/>
<pin id="2554" dir="0" index="1" bw="1" slack="0"/>
<pin id="2555" dir="0" index="2" bw="8" slack="71"/>
<pin id="2556" dir="0" index="3" bw="4" slack="3"/>
<pin id="2557" dir="1" index="4" bw="17" slack="0"/>
</pin_list>
<bind>
<opcode="bitconcatenate(1004) " fcode="bitconcatenate"/>
<opset="mul_FH_V_12/98 "/>
</bind>
</comp>

<comp id="2560" class="1004" name="icmp_ln318_12_fu_2560">
<pin_list>
<pin id="2561" dir="0" index="0" bw="17" slack="1"/>
<pin id="2562" dir="0" index="1" bw="17" slack="0"/>
<pin id="2563" dir="1" index="2" bw="1" slack="1"/>
</pin_list>
<bind>
<opcode="icmp(45) " fcode="icmp"/>
<opset="icmp_ln318_12/98 "/>
</bind>
</comp>

<comp id="2565" class="1004" name="icmp_ln1495_4_fu_2565">
<pin_list>
<pin id="2566" dir="0" index="0" bw="17" slack="1"/>
<pin id="2567" dir="0" index="1" bw="17" slack="0"/>
<pin id="2568" dir="1" index="2" bw="1" slack="1"/>
</pin_list>
<bind>
<opcode="icmp(45) " fcode="icmp"/>
<opset="icmp_ln1495_4/98 "/>
</bind>
</comp>

<comp id="2570" class="1004" name="grp_fu_2570">
<pin_list>
<pin id="2571" dir="0" index="0" bw="17" slack="1"/>
<pin id="2572" dir="0" index="1" bw="17" slack="0"/>
<pin id="2573" dir="1" index="2" bw="17" slack="1"/>
</pin_list>
<bind>
<opcode="sub(10) " fcode="sub"/>
<opset="sub_ln703_12/98 "/>
</bind>
</comp>

<comp id="2575" class="1004" name="grp_fu_2575">
<pin_list>
<pin id="2576" dir="0" index="0" bw="17" slack="3"/>
<pin id="2577" dir="0" index="1" bw="17" slack="2"/>
<pin id="2578" dir="1" index="2" bw="17" slack="1"/>
</pin_list>
<bind>
<opcode="sub(10) " fcode="sub"/>
<opset="x_l_FL_V_9/98 "/>
</bind>
</comp>

<comp id="2579" class="1004" name="icmp_ln1498_5_fu_2579">
<pin_list>
<pin id="2580" dir="0" index="0" bw="19" slack="3"/>
<pin id="2581" dir="0" index="1" bw="19" slack="0"/>
<pin id="2582" dir="1" index="2" bw="1" slack="1"/>
</pin_list>
<bind>
<opcode="icmp(45) " fcode="icmp"/>
<opset="icmp_ln1498_5/98 "/>
</bind>
</comp>

<comp id="2584" class="1004" name="icmp_ln1494_14_fu_2584">
<pin_list>
<pin id="2585" dir="0" index="0" bw="17" slack="0"/>
<pin id="2586" dir="0" index="1" bw="17" slack="1"/>
<pin id="2587" dir="1" index="2" bw="1" slack="1"/>
</pin_list>
<bind>
<opcode="icmp(45) " fcode="icmp"/>
<opset="icmp_ln1494_14/98 "/>
</bind>
</comp>

<comp id="2589" class="1004" name="or_ln318_12_fu_2589">
<pin_list>
<pin id="2590" dir="0" index="0" bw="1" slack="1"/>
<pin id="2591" dir="0" index="1" bw="1" slack="3"/>
<pin id="2592" dir="1" index="2" bw="1" slack="0"/>
</pin_list>
<bind>
<opcode="or(24) " fcode="or"/>
<opset="or_ln318_12/99 "/>
</bind>
</comp>

<comp id="2593" class="1004" name="xor_ln331_4_fu_2593">
<pin_list>
<pin id="2594" dir="0" index="0" bw="1" slack="3"/>
<pin id="2595" dir="0" index="1" bw="1" slack="0"/>
<pin id="2596" dir="1" index="2" bw="1" slack="0"/>
</pin_list>
<bind>
<opcode="xor(25) " fcode="xor"/>
<opset="xor_ln331_4/99 "/>
</bind>
</comp>

<comp id="2598" class="1004" name="or_ln331_4_fu_2598">
<pin_list>
<pin id="2599" dir="0" index="0" bw="1" slack="1"/>
<pin id="2600" dir="0" index="1" bw="1" slack="0"/>
<pin id="2601" dir="1" index="2" bw="1" slack="0"/>
</pin_list>
<bind>
<opcode="or(24) " fcode="or"/>
<opset="or_ln331_4/99 "/>
</bind>
</comp>

<comp id="2603" class="1004" name="xor_ln1495_4_fu_2603">
<pin_list>
<pin id="2604" dir="0" index="0" bw="1" slack="1"/>
<pin id="2605" dir="0" index="1" bw="1" slack="0"/>
<pin id="2606" dir="1" index="2" bw="1" slack="0"/>
</pin_list>
<bind>
<opcode="xor(25) " fcode="xor"/>
<opset="xor_ln1495_4/99 "/>
</bind>
</comp>

<comp id="2608" class="1004" name="and_ln331_4_fu_2608">
<pin_list>
<pin id="2609" dir="0" index="0" bw="1" slack="0"/>
<pin id="2610" dir="0" index="1" bw="1" slack="0"/>
<pin id="2611" dir="1" index="2" bw="1" slack="0"/>
</pin_list>
<bind>
<opcode="and(23) " fcode="and"/>
<opset="and_ln331_4/99 "/>
</bind>
</comp>

<comp id="2614" class="1004" name="x_l_I_V_106_fu_2614">
<pin_list>
<pin id="2615" dir="0" index="0" bw="1" slack="0"/>
<pin id="2616" dir="0" index="1" bw="19" slack="4"/>
<pin id="2617" dir="0" index="2" bw="19" slack="1"/>
<pin id="2618" dir="1" index="3" bw="19" slack="1"/>
</pin_list>
<bind>
<opcode="select(49) " fcode="select"/>
<opset="x_l_I_V_106/99 "/>
</bind>
</comp>

<comp id="2620" class="1004" name="xor_ln1494_12_fu_2620">
<pin_list>
<pin id="2621" dir="0" index="0" bw="1" slack="1"/>
<pin id="2622" dir="0" index="1" bw="1" slack="0"/>
<pin id="2623" dir="1" index="2" bw="1" slack="0"/>
</pin_list>
<bind>
<opcode="xor(25) " fcode="xor"/>
<opset="xor_ln1494_12/99 "/>
</bind>
</comp>

<comp id="2625" class="1004" name="and_ln318_17_fu_2625">
<pin_list>
<pin id="2626" dir="0" index="0" bw="1" slack="0"/>
<pin id="2627" dir="0" index="1" bw="1" slack="0"/>
<pin id="2628" dir="1" index="2" bw="1" slack="0"/>
</pin_list>
<bind>
<opcode="and(23) " fcode="and"/>
<opset="and_ln318_17/99 "/>
</bind>
</comp>

<comp id="2631" class="1004" name="and_ln318_18_fu_2631">
<pin_list>
<pin id="2632" dir="0" index="0" bw="1" slack="0"/>
<pin id="2633" dir="0" index="1" bw="1" slack="1"/>
<pin id="2634" dir="1" index="2" bw="1" slack="1"/>
</pin_list>
<bind>
<opcode="and(23) " fcode="and"/>
<opset="and_ln318_18/99 "/>
</bind>
</comp>

<comp id="2636" class="1004" name="grp_fu_2636">
<pin_list>
<pin id="2637" dir="0" index="0" bw="17" slack="1"/>
<pin id="2638" dir="0" index="1" bw="17" slack="3"/>
<pin id="2639" dir="1" index="2" bw="17" slack="1"/>
</pin_list>
<bind>
<opcode="add(8) " fcode="add"/>
<opset="x_l_FH_V_51/100 "/>
</bind>
</comp>

<comp id="2640" class="1004" name="p_Result_70_fu_2640">
<pin_list>
<pin id="2641" dir="0" index="0" bw="17" slack="0"/>
<pin id="2642" dir="0" index="1" bw="17" slack="5"/>
<pin id="2643" dir="0" index="2" bw="3" slack="0"/>
<pin id="2644" dir="0" index="3" bw="1" slack="0"/>
<pin id="2645" dir="1" index="4" bw="17" slack="0"/>
</pin_list>
<bind>
<opcode="bitset(1001) " fcode="bitset"/>
<opset="p_Result_70/100 "/>
</bind>
</comp>

<comp id="2649" class="1004" name="res_FH_V_45_fu_2649">
<pin_list>
<pin id="2650" dir="0" index="0" bw="1" slack="1"/>
<pin id="2651" dir="0" index="1" bw="17" slack="5"/>
<pin id="2652" dir="0" index="2" bw="17" slack="0"/>
<pin id="2653" dir="1" index="3" bw="17" slack="0"/>
</pin_list>
<bind>
<opcode="select(49) " fcode="select"/>
<opset="res_FH_V_45/100 "/>
</bind>
</comp>

<comp id="2655" class="1004" name="x_l_FL_V_20_fu_2655">
<pin_list>
<pin id="2656" dir="0" index="0" bw="1" slack="1"/>
<pin id="2657" dir="0" index="1" bw="17" slack="5"/>
<pin id="2658" dir="0" index="2" bw="17" slack="1"/>
<pin id="2659" dir="1" index="3" bw="17" slack="1"/>
</pin_list>
<bind>
<opcode="select(49) " fcode="select"/>
<opset="x_l_FL_V_20/100 "/>
</bind>
</comp>

<comp id="2660" class="1004" name="x_l_I_V_107_fu_2660">
<pin_list>
<pin id="2661" dir="0" index="0" bw="1" slack="1"/>
<pin id="2662" dir="0" index="1" bw="19" slack="5"/>
<pin id="2663" dir="0" index="2" bw="19" slack="1"/>
<pin id="2664" dir="1" index="3" bw="19" slack="2"/>
</pin_list>
<bind>
<opcode="select(49) " fcode="select"/>
<opset="x_l_I_V_107/100 "/>
</bind>
</comp>

<comp id="2665" class="1004" name="tmp_12_fu_2665">
<pin_list>
<pin id="2666" dir="0" index="0" bw="12" slack="0"/>
<pin id="2667" dir="0" index="1" bw="17" slack="0"/>
<pin id="2668" dir="0" index="2" bw="3" slack="0"/>
<pin id="2669" dir="0" index="3" bw="5" slack="0"/>
<pin id="2670" dir="1" index="4" bw="12" slack="1"/>
</pin_list>
<bind>
<opcode="partselect(1002) " fcode="partselect"/>
<opset="tmp_12/100 "/>
</bind>
</comp>

<comp id="2675" class="1004" name="tmp_25_fu_2675">
<pin_list>
<pin id="2676" dir="0" index="0" bw="3" slack="0"/>
<pin id="2677" dir="0" index="1" bw="17" slack="0"/>
<pin id="2678" dir="0" index="2" bw="5" slack="0"/>
<pin id="2679" dir="0" index="3" bw="6" slack="0"/>
<pin id="2680" dir="1" index="4" bw="3" slack="3"/>
</pin_list>
<bind>
<opcode="partselect(1002) " fcode="partselect"/>
<opset="tmp_25/100 "/>
</bind>
</comp>

<comp id="2685" class="1004" name="mul_FL_V_5_fu_2685">
<pin_list>
<pin id="2686" dir="0" index="0" bw="17" slack="0"/>
<pin id="2687" dir="0" index="1" bw="12" slack="1"/>
<pin id="2688" dir="0" index="2" bw="5" slack="0"/>
<pin id="2689" dir="1" index="3" bw="17" slack="0"/>
</pin_list>
<bind>
<opcode="bitconcatenate(1004) " fcode="bitconcatenate"/>
<opset="mul_FL_V_5/101 "/>
</bind>
</comp>

<comp id="2692" class="1004" name="delta_V_5_fu_2692">
<pin_list>
<pin id="2693" dir="0" index="0" bw="17" slack="1"/>
<pin id="2694" dir="0" index="1" bw="17" slack="0"/>
<pin id="2695" dir="1" index="2" bw="1" slack="1"/>
</pin_list>
<bind>
<opcode="icmp(45) " fcode="icmp"/>
<opset="delta_V_5/101 "/>
</bind>
</comp>

<comp id="2697" class="1004" name="x_l_FH_V_52_fu_2697">
<pin_list>
<pin id="2698" dir="0" index="0" bw="1" slack="3"/>
<pin id="2699" dir="0" index="1" bw="17" slack="5"/>
<pin id="2700" dir="0" index="2" bw="17" slack="1"/>
<pin id="2701" dir="1" index="3" bw="17" slack="1"/>
</pin_list>
<bind>
<opcode="select(49) " fcode="select"/>
<opset="x_l_FH_V_52/102 "/>
</bind>
</comp>

<comp id="2702" class="1004" name="p_neg173_fu_2702">
<pin_list>
<pin id="2703" dir="0" index="0" bw="1" slack="1"/>
<pin id="2704" dir="0" index="1" bw="17" slack="0"/>
<pin id="2705" dir="0" index="2" bw="17" slack="0"/>
<pin id="2706" dir="1" index="3" bw="17" slack="1"/>
</pin_list>
<bind>
<opcode="select(49) " fcode="select"/>
<opset="p_neg173/102 "/>
</bind>
</comp>

<comp id="2709" class="1004" name="grp_fu_2709">
<pin_list>
<pin id="2710" dir="0" index="0" bw="19" slack="2"/>
<pin id="2711" dir="0" index="1" bw="1" slack="0"/>
<pin id="2712" dir="1" index="2" bw="19" slack="1"/>
</pin_list>
<bind>
<opcode="add(8) " fcode="add"/>
<opset="x_l_I_V_66/102 "/>
</bind>
</comp>

<comp id="2714" class="1004" name="mul_FH_V_13_fu_2714">
<pin_list>
<pin id="2715" dir="0" index="0" bw="17" slack="0"/>
<pin id="2716" dir="0" index="1" bw="1" slack="0"/>
<pin id="2717" dir="0" index="2" bw="8" slack="76"/>
<pin id="2718" dir="0" index="3" bw="3" slack="3"/>
<pin id="2719" dir="1" index="4" bw="17" slack="0"/>
</pin_list>
<bind>
<opcode="bitconcatenate(1004) " fcode="bitconcatenate"/>
<opset="mul_FH_V_13/103 "/>
</bind>
</comp>

<comp id="2722" class="1004" name="icmp_ln318_13_fu_2722">
<pin_list>
<pin id="2723" dir="0" index="0" bw="17" slack="1"/>
<pin id="2724" dir="0" index="1" bw="17" slack="0"/>
<pin id="2725" dir="1" index="2" bw="1" slack="1"/>
</pin_list>
<bind>
<opcode="icmp(45) " fcode="icmp"/>
<opset="icmp_ln318_13/103 "/>
</bind>
</comp>

<comp id="2727" class="1004" name="icmp_ln1495_5_fu_2727">
<pin_list>
<pin id="2728" dir="0" index="0" bw="17" slack="1"/>
<pin id="2729" dir="0" index="1" bw="17" slack="0"/>
<pin id="2730" dir="1" index="2" bw="1" slack="1"/>
</pin_list>
<bind>
<opcode="icmp(45) " fcode="icmp"/>
<opset="icmp_ln1495_5/103 "/>
</bind>
</comp>

<comp id="2732" class="1004" name="grp_fu_2732">
<pin_list>
<pin id="2733" dir="0" index="0" bw="17" slack="1"/>
<pin id="2734" dir="0" index="1" bw="17" slack="0"/>
<pin id="2735" dir="1" index="2" bw="17" slack="1"/>
</pin_list>
<bind>
<opcode="sub(10) " fcode="sub"/>
<opset="sub_ln703_15/103 "/>
</bind>
</comp>

<comp id="2737" class="1004" name="grp_fu_2737">
<pin_list>
<pin id="2738" dir="0" index="0" bw="17" slack="3"/>
<pin id="2739" dir="0" index="1" bw="17" slack="2"/>
<pin id="2740" dir="1" index="2" bw="17" slack="1"/>
</pin_list>
<bind>
<opcode="sub(10) " fcode="sub"/>
<opset="x_l_FL_V_11/103 "/>
</bind>
</comp>

<comp id="2741" class="1004" name="icmp_ln1498_6_fu_2741">
<pin_list>
<pin id="2742" dir="0" index="0" bw="19" slack="3"/>
<pin id="2743" dir="0" index="1" bw="19" slack="0"/>
<pin id="2744" dir="1" index="2" bw="1" slack="1"/>
</pin_list>
<bind>
<opcode="icmp(45) " fcode="icmp"/>
<opset="icmp_ln1498_6/103 "/>
</bind>
</comp>

<comp id="2746" class="1004" name="icmp_ln1494_15_fu_2746">
<pin_list>
<pin id="2747" dir="0" index="0" bw="17" slack="0"/>
<pin id="2748" dir="0" index="1" bw="17" slack="1"/>
<pin id="2749" dir="1" index="2" bw="1" slack="1"/>
</pin_list>
<bind>
<opcode="icmp(45) " fcode="icmp"/>
<opset="icmp_ln1494_15/103 "/>
</bind>
</comp>

<comp id="2751" class="1004" name="or_ln318_13_fu_2751">
<pin_list>
<pin id="2752" dir="0" index="0" bw="1" slack="1"/>
<pin id="2753" dir="0" index="1" bw="1" slack="3"/>
<pin id="2754" dir="1" index="2" bw="1" slack="0"/>
</pin_list>
<bind>
<opcode="or(24) " fcode="or"/>
<opset="or_ln318_13/104 "/>
</bind>
</comp>

<comp id="2755" class="1004" name="xor_ln331_5_fu_2755">
<pin_list>
<pin id="2756" dir="0" index="0" bw="1" slack="3"/>
<pin id="2757" dir="0" index="1" bw="1" slack="0"/>
<pin id="2758" dir="1" index="2" bw="1" slack="0"/>
</pin_list>
<bind>
<opcode="xor(25) " fcode="xor"/>
<opset="xor_ln331_5/104 "/>
</bind>
</comp>

<comp id="2760" class="1004" name="or_ln331_5_fu_2760">
<pin_list>
<pin id="2761" dir="0" index="0" bw="1" slack="1"/>
<pin id="2762" dir="0" index="1" bw="1" slack="0"/>
<pin id="2763" dir="1" index="2" bw="1" slack="0"/>
</pin_list>
<bind>
<opcode="or(24) " fcode="or"/>
<opset="or_ln331_5/104 "/>
</bind>
</comp>

<comp id="2765" class="1004" name="xor_ln1495_5_fu_2765">
<pin_list>
<pin id="2766" dir="0" index="0" bw="1" slack="1"/>
<pin id="2767" dir="0" index="1" bw="1" slack="0"/>
<pin id="2768" dir="1" index="2" bw="1" slack="0"/>
</pin_list>
<bind>
<opcode="xor(25) " fcode="xor"/>
<opset="xor_ln1495_5/104 "/>
</bind>
</comp>

<comp id="2770" class="1004" name="and_ln331_5_fu_2770">
<pin_list>
<pin id="2771" dir="0" index="0" bw="1" slack="0"/>
<pin id="2772" dir="0" index="1" bw="1" slack="0"/>
<pin id="2773" dir="1" index="2" bw="1" slack="0"/>
</pin_list>
<bind>
<opcode="and(23) " fcode="and"/>
<opset="and_ln331_5/104 "/>
</bind>
</comp>

<comp id="2776" class="1004" name="x_l_I_V_108_fu_2776">
<pin_list>
<pin id="2777" dir="0" index="0" bw="1" slack="0"/>
<pin id="2778" dir="0" index="1" bw="19" slack="4"/>
<pin id="2779" dir="0" index="2" bw="19" slack="1"/>
<pin id="2780" dir="1" index="3" bw="19" slack="1"/>
</pin_list>
<bind>
<opcode="select(49) " fcode="select"/>
<opset="x_l_I_V_108/104 "/>
</bind>
</comp>

<comp id="2782" class="1004" name="xor_ln1494_13_fu_2782">
<pin_list>
<pin id="2783" dir="0" index="0" bw="1" slack="1"/>
<pin id="2784" dir="0" index="1" bw="1" slack="0"/>
<pin id="2785" dir="1" index="2" bw="1" slack="0"/>
</pin_list>
<bind>
<opcode="xor(25) " fcode="xor"/>
<opset="xor_ln1494_13/104 "/>
</bind>
</comp>

<comp id="2787" class="1004" name="and_ln318_19_fu_2787">
<pin_list>
<pin id="2788" dir="0" index="0" bw="1" slack="0"/>
<pin id="2789" dir="0" index="1" bw="1" slack="0"/>
<pin id="2790" dir="1" index="2" bw="1" slack="0"/>
</pin_list>
<bind>
<opcode="and(23) " fcode="and"/>
<opset="and_ln318_19/104 "/>
</bind>
</comp>

<comp id="2793" class="1004" name="and_ln318_20_fu_2793">
<pin_list>
<pin id="2794" dir="0" index="0" bw="1" slack="0"/>
<pin id="2795" dir="0" index="1" bw="1" slack="1"/>
<pin id="2796" dir="1" index="2" bw="1" slack="1"/>
</pin_list>
<bind>
<opcode="and(23) " fcode="and"/>
<opset="and_ln318_20/104 "/>
</bind>
</comp>

<comp id="2798" class="1004" name="grp_fu_2798">
<pin_list>
<pin id="2799" dir="0" index="0" bw="17" slack="1"/>
<pin id="2800" dir="0" index="1" bw="17" slack="3"/>
<pin id="2801" dir="1" index="2" bw="17" slack="1"/>
</pin_list>
<bind>
<opcode="add(8) " fcode="add"/>
<opset="x_l_FH_V_53/105 "/>
</bind>
</comp>

<comp id="2802" class="1004" name="p_Result_71_fu_2802">
<pin_list>
<pin id="2803" dir="0" index="0" bw="17" slack="0"/>
<pin id="2804" dir="0" index="1" bw="17" slack="5"/>
<pin id="2805" dir="0" index="2" bw="3" slack="0"/>
<pin id="2806" dir="0" index="3" bw="1" slack="0"/>
<pin id="2807" dir="1" index="4" bw="17" slack="0"/>
</pin_list>
<bind>
<opcode="bitset(1001) " fcode="bitset"/>
<opset="p_Result_71/105 "/>
</bind>
</comp>

<comp id="2811" class="1004" name="res_FH_V_46_fu_2811">
<pin_list>
<pin id="2812" dir="0" index="0" bw="1" slack="1"/>
<pin id="2813" dir="0" index="1" bw="17" slack="5"/>
<pin id="2814" dir="0" index="2" bw="17" slack="0"/>
<pin id="2815" dir="1" index="3" bw="17" slack="0"/>
</pin_list>
<bind>
<opcode="select(49) " fcode="select"/>
<opset="res_FH_V_46/105 "/>
</bind>
</comp>

<comp id="2817" class="1004" name="x_l_FL_V_21_fu_2817">
<pin_list>
<pin id="2818" dir="0" index="0" bw="1" slack="1"/>
<pin id="2819" dir="0" index="1" bw="17" slack="5"/>
<pin id="2820" dir="0" index="2" bw="17" slack="1"/>
<pin id="2821" dir="1" index="3" bw="17" slack="1"/>
</pin_list>
<bind>
<opcode="select(49) " fcode="select"/>
<opset="x_l_FL_V_21/105 "/>
</bind>
</comp>

<comp id="2822" class="1004" name="x_l_I_V_109_fu_2822">
<pin_list>
<pin id="2823" dir="0" index="0" bw="1" slack="1"/>
<pin id="2824" dir="0" index="1" bw="19" slack="5"/>
<pin id="2825" dir="0" index="2" bw="19" slack="1"/>
<pin id="2826" dir="1" index="3" bw="19" slack="2"/>
</pin_list>
<bind>
<opcode="select(49) " fcode="select"/>
<opset="x_l_I_V_109/105 "/>
</bind>
</comp>

<comp id="2827" class="1004" name="tmp_13_fu_2827">
<pin_list>
<pin id="2828" dir="0" index="0" bw="14" slack="0"/>
<pin id="2829" dir="0" index="1" bw="17" slack="0"/>
<pin id="2830" dir="0" index="2" bw="1" slack="0"/>
<pin id="2831" dir="0" index="3" bw="5" slack="0"/>
<pin id="2832" dir="1" index="4" bw="14" slack="1"/>
</pin_list>
<bind>
<opcode="partselect(1002) " fcode="partselect"/>
<opset="tmp_13/105 "/>
</bind>
</comp>

<comp id="2837" class="1004" name="tmp_26_fu_2837">
<pin_list>
<pin id="2838" dir="0" index="0" bw="2" slack="0"/>
<pin id="2839" dir="0" index="1" bw="17" slack="0"/>
<pin id="2840" dir="0" index="2" bw="5" slack="0"/>
<pin id="2841" dir="0" index="3" bw="6" slack="0"/>
<pin id="2842" dir="1" index="4" bw="2" slack="3"/>
</pin_list>
<bind>
<opcode="partselect(1002) " fcode="partselect"/>
<opset="tmp_26/105 "/>
</bind>
</comp>

<comp id="2847" class="1004" name="mul_FL_V_6_fu_2847">
<pin_list>
<pin id="2848" dir="0" index="0" bw="17" slack="0"/>
<pin id="2849" dir="0" index="1" bw="14" slack="1"/>
<pin id="2850" dir="0" index="2" bw="3" slack="0"/>
<pin id="2851" dir="1" index="3" bw="17" slack="0"/>
</pin_list>
<bind>
<opcode="bitconcatenate(1004) " fcode="bitconcatenate"/>
<opset="mul_FL_V_6/106 "/>
</bind>
</comp>

<comp id="2854" class="1004" name="delta_V_6_fu_2854">
<pin_list>
<pin id="2855" dir="0" index="0" bw="17" slack="1"/>
<pin id="2856" dir="0" index="1" bw="17" slack="0"/>
<pin id="2857" dir="1" index="2" bw="1" slack="1"/>
</pin_list>
<bind>
<opcode="icmp(45) " fcode="icmp"/>
<opset="delta_V_6/106 "/>
</bind>
</comp>

<comp id="2859" class="1004" name="x_l_FH_V_54_fu_2859">
<pin_list>
<pin id="2860" dir="0" index="0" bw="1" slack="3"/>
<pin id="2861" dir="0" index="1" bw="17" slack="5"/>
<pin id="2862" dir="0" index="2" bw="17" slack="1"/>
<pin id="2863" dir="1" index="3" bw="17" slack="1"/>
</pin_list>
<bind>
<opcode="select(49) " fcode="select"/>
<opset="x_l_FH_V_54/107 "/>
</bind>
</comp>

<comp id="2864" class="1004" name="p_neg174_fu_2864">
<pin_list>
<pin id="2865" dir="0" index="0" bw="1" slack="1"/>
<pin id="2866" dir="0" index="1" bw="17" slack="0"/>
<pin id="2867" dir="0" index="2" bw="17" slack="0"/>
<pin id="2868" dir="1" index="3" bw="17" slack="1"/>
</pin_list>
<bind>
<opcode="select(49) " fcode="select"/>
<opset="p_neg174/107 "/>
</bind>
</comp>

<comp id="2871" class="1004" name="grp_fu_2871">
<pin_list>
<pin id="2872" dir="0" index="0" bw="19" slack="2"/>
<pin id="2873" dir="0" index="1" bw="1" slack="0"/>
<pin id="2874" dir="1" index="2" bw="19" slack="1"/>
</pin_list>
<bind>
<opcode="add(8) " fcode="add"/>
<opset="x_l_I_V_69/107 "/>
</bind>
</comp>

<comp id="2876" class="1004" name="mul_FH_V_14_fu_2876">
<pin_list>
<pin id="2877" dir="0" index="0" bw="17" slack="0"/>
<pin id="2878" dir="0" index="1" bw="1" slack="0"/>
<pin id="2879" dir="0" index="2" bw="8" slack="81"/>
<pin id="2880" dir="0" index="3" bw="2" slack="3"/>
<pin id="2881" dir="1" index="4" bw="17" slack="0"/>
</pin_list>
<bind>
<opcode="bitconcatenate(1004) " fcode="bitconcatenate"/>
<opset="mul_FH_V_14/108 "/>
</bind>
</comp>

<comp id="2884" class="1004" name="icmp_ln318_14_fu_2884">
<pin_list>
<pin id="2885" dir="0" index="0" bw="17" slack="1"/>
<pin id="2886" dir="0" index="1" bw="17" slack="0"/>
<pin id="2887" dir="1" index="2" bw="1" slack="1"/>
</pin_list>
<bind>
<opcode="icmp(45) " fcode="icmp"/>
<opset="icmp_ln318_14/108 "/>
</bind>
</comp>

<comp id="2889" class="1004" name="icmp_ln1495_6_fu_2889">
<pin_list>
<pin id="2890" dir="0" index="0" bw="17" slack="1"/>
<pin id="2891" dir="0" index="1" bw="17" slack="0"/>
<pin id="2892" dir="1" index="2" bw="1" slack="1"/>
</pin_list>
<bind>
<opcode="icmp(45) " fcode="icmp"/>
<opset="icmp_ln1495_6/108 "/>
</bind>
</comp>

<comp id="2894" class="1004" name="grp_fu_2894">
<pin_list>
<pin id="2895" dir="0" index="0" bw="17" slack="1"/>
<pin id="2896" dir="0" index="1" bw="17" slack="0"/>
<pin id="2897" dir="1" index="2" bw="17" slack="1"/>
</pin_list>
<bind>
<opcode="sub(10) " fcode="sub"/>
<opset="sub_ln703_18/108 "/>
</bind>
</comp>

<comp id="2899" class="1004" name="icmp_ln1498_7_fu_2899">
<pin_list>
<pin id="2900" dir="0" index="0" bw="19" slack="3"/>
<pin id="2901" dir="0" index="1" bw="19" slack="0"/>
<pin id="2902" dir="1" index="2" bw="1" slack="1"/>
</pin_list>
<bind>
<opcode="icmp(45) " fcode="icmp"/>
<opset="icmp_ln1498_7/108 "/>
</bind>
</comp>

<comp id="2904" class="1004" name="icmp_ln1494_16_fu_2904">
<pin_list>
<pin id="2905" dir="0" index="0" bw="17" slack="0"/>
<pin id="2906" dir="0" index="1" bw="17" slack="1"/>
<pin id="2907" dir="1" index="2" bw="1" slack="1"/>
</pin_list>
<bind>
<opcode="icmp(45) " fcode="icmp"/>
<opset="icmp_ln1494_16/108 "/>
</bind>
</comp>

<comp id="2909" class="1004" name="or_ln318_14_fu_2909">
<pin_list>
<pin id="2910" dir="0" index="0" bw="1" slack="1"/>
<pin id="2911" dir="0" index="1" bw="1" slack="3"/>
<pin id="2912" dir="1" index="2" bw="1" slack="0"/>
</pin_list>
<bind>
<opcode="or(24) " fcode="or"/>
<opset="or_ln318_14/109 "/>
</bind>
</comp>

<comp id="2913" class="1004" name="xor_ln331_6_fu_2913">
<pin_list>
<pin id="2914" dir="0" index="0" bw="1" slack="3"/>
<pin id="2915" dir="0" index="1" bw="1" slack="0"/>
<pin id="2916" dir="1" index="2" bw="1" slack="0"/>
</pin_list>
<bind>
<opcode="xor(25) " fcode="xor"/>
<opset="xor_ln331_6/109 "/>
</bind>
</comp>

<comp id="2918" class="1004" name="or_ln331_6_fu_2918">
<pin_list>
<pin id="2919" dir="0" index="0" bw="1" slack="1"/>
<pin id="2920" dir="0" index="1" bw="1" slack="0"/>
<pin id="2921" dir="1" index="2" bw="1" slack="0"/>
</pin_list>
<bind>
<opcode="or(24) " fcode="or"/>
<opset="or_ln331_6/109 "/>
</bind>
</comp>

<comp id="2923" class="1004" name="xor_ln1495_6_fu_2923">
<pin_list>
<pin id="2924" dir="0" index="0" bw="1" slack="1"/>
<pin id="2925" dir="0" index="1" bw="1" slack="0"/>
<pin id="2926" dir="1" index="2" bw="1" slack="0"/>
</pin_list>
<bind>
<opcode="xor(25) " fcode="xor"/>
<opset="xor_ln1495_6/109 "/>
</bind>
</comp>

<comp id="2928" class="1004" name="and_ln331_6_fu_2928">
<pin_list>
<pin id="2929" dir="0" index="0" bw="1" slack="0"/>
<pin id="2930" dir="0" index="1" bw="1" slack="0"/>
<pin id="2931" dir="1" index="2" bw="1" slack="0"/>
</pin_list>
<bind>
<opcode="and(23) " fcode="and"/>
<opset="and_ln331_6/109 "/>
</bind>
</comp>

<comp id="2934" class="1004" name="x_l_I_V_110_fu_2934">
<pin_list>
<pin id="2935" dir="0" index="0" bw="1" slack="0"/>
<pin id="2936" dir="0" index="1" bw="19" slack="4"/>
<pin id="2937" dir="0" index="2" bw="19" slack="1"/>
<pin id="2938" dir="1" index="3" bw="19" slack="1"/>
</pin_list>
<bind>
<opcode="select(49) " fcode="select"/>
<opset="x_l_I_V_110/109 "/>
</bind>
</comp>

<comp id="2940" class="1004" name="grp_fu_2940">
<pin_list>
<pin id="2941" dir="0" index="0" bw="17" slack="4"/>
<pin id="2942" dir="0" index="1" bw="17" slack="3"/>
<pin id="2943" dir="1" index="2" bw="17" slack="1"/>
</pin_list>
<bind>
<opcode="sub(10) " fcode="sub"/>
<opset="x_l_FL_V_13/109 "/>
</bind>
</comp>

<comp id="2944" class="1004" name="xor_ln1494_14_fu_2944">
<pin_list>
<pin id="2945" dir="0" index="0" bw="1" slack="1"/>
<pin id="2946" dir="0" index="1" bw="1" slack="0"/>
<pin id="2947" dir="1" index="2" bw="1" slack="0"/>
</pin_list>
<bind>
<opcode="xor(25) " fcode="xor"/>
<opset="xor_ln1494_14/109 "/>
</bind>
</comp>

<comp id="2949" class="1004" name="and_ln318_21_fu_2949">
<pin_list>
<pin id="2950" dir="0" index="0" bw="1" slack="0"/>
<pin id="2951" dir="0" index="1" bw="1" slack="0"/>
<pin id="2952" dir="1" index="2" bw="1" slack="0"/>
</pin_list>
<bind>
<opcode="and(23) " fcode="and"/>
<opset="and_ln318_21/109 "/>
</bind>
</comp>

<comp id="2955" class="1004" name="and_ln318_22_fu_2955">
<pin_list>
<pin id="2956" dir="0" index="0" bw="1" slack="0"/>
<pin id="2957" dir="0" index="1" bw="1" slack="1"/>
<pin id="2958" dir="1" index="2" bw="1" slack="1"/>
</pin_list>
<bind>
<opcode="and(23) " fcode="and"/>
<opset="and_ln318_22/109 "/>
</bind>
</comp>

<comp id="2960" class="1004" name="grp_fu_2960">
<pin_list>
<pin id="2961" dir="0" index="0" bw="17" slack="1"/>
<pin id="2962" dir="0" index="1" bw="17" slack="3"/>
<pin id="2963" dir="1" index="2" bw="17" slack="1"/>
</pin_list>
<bind>
<opcode="add(8) " fcode="add"/>
<opset="x_l_FH_V_55/110 "/>
</bind>
</comp>

<comp id="2964" class="1004" name="p_Result_72_fu_2964">
<pin_list>
<pin id="2965" dir="0" index="0" bw="17" slack="0"/>
<pin id="2966" dir="0" index="1" bw="17" slack="5"/>
<pin id="2967" dir="0" index="2" bw="1" slack="0"/>
<pin id="2968" dir="0" index="3" bw="1" slack="0"/>
<pin id="2969" dir="1" index="4" bw="17" slack="0"/>
</pin_list>
<bind>
<opcode="bitset(1001) " fcode="bitset"/>
<opset="p_Result_72/110 "/>
</bind>
</comp>

<comp id="2973" class="1004" name="res_FH_V_47_fu_2973">
<pin_list>
<pin id="2974" dir="0" index="0" bw="1" slack="1"/>
<pin id="2975" dir="0" index="1" bw="17" slack="5"/>
<pin id="2976" dir="0" index="2" bw="17" slack="0"/>
<pin id="2977" dir="1" index="3" bw="17" slack="0"/>
</pin_list>
<bind>
<opcode="select(49) " fcode="select"/>
<opset="res_FH_V_47/110 "/>
</bind>
</comp>

<comp id="2979" class="1004" name="x_l_I_V_111_fu_2979">
<pin_list>
<pin id="2980" dir="0" index="0" bw="1" slack="1"/>
<pin id="2981" dir="0" index="1" bw="19" slack="5"/>
<pin id="2982" dir="0" index="2" bw="19" slack="1"/>
<pin id="2983" dir="1" index="3" bw="19" slack="0"/>
</pin_list>
<bind>
<opcode="select(49) " fcode="select"/>
<opset="x_l_I_V_111/110 "/>
</bind>
</comp>

<comp id="2984" class="1004" name="tmp_56_fu_2984">
<pin_list>
<pin id="2985" dir="0" index="0" bw="1" slack="0"/>
<pin id="2986" dir="0" index="1" bw="17" slack="0"/>
<pin id="2987" dir="0" index="2" bw="6" slack="0"/>
<pin id="2988" dir="1" index="3" bw="1" slack="3"/>
</pin_list>
<bind>
<opcode="bitselect(1000) " fcode="bitselect"/>
<opset="tmp_56/110 "/>
</bind>
</comp>

<comp id="2992" class="1004" name="icmp_ln1498_8_fu_2992">
<pin_list>
<pin id="2993" dir="0" index="0" bw="19" slack="0"/>
<pin id="2994" dir="0" index="1" bw="19" slack="0"/>
<pin id="2995" dir="1" index="2" bw="1" slack="4"/>
</pin_list>
<bind>
<opcode="icmp(45) " fcode="icmp"/>
<opset="icmp_ln1498_8/110 "/>
</bind>
</comp>

<comp id="2998" class="1004" name="x_l_FL_V_14_fu_2998">
<pin_list>
<pin id="2999" dir="0" index="0" bw="1" slack="2"/>
<pin id="3000" dir="0" index="1" bw="17" slack="6"/>
<pin id="3001" dir="0" index="2" bw="17" slack="1"/>
<pin id="3002" dir="1" index="3" bw="17" slack="0"/>
</pin_list>
<bind>
<opcode="select(49) " fcode="select"/>
<opset="x_l_FL_V_14/111 "/>
</bind>
</comp>

<comp id="3003" class="1004" name="trunc_ln104_7_fu_3003">
<pin_list>
<pin id="3004" dir="0" index="0" bw="17" slack="1"/>
<pin id="3005" dir="1" index="1" bw="16" slack="0"/>
</pin_list>
<bind>
<opcode="trunc(33) " fcode="trunc"/>
<opset="trunc_ln104_7/111 "/>
</bind>
</comp>

<comp id="3006" class="1004" name="mul_FL_V_7_fu_3006">
<pin_list>
<pin id="3007" dir="0" index="0" bw="17" slack="0"/>
<pin id="3008" dir="0" index="1" bw="16" slack="0"/>
<pin id="3009" dir="0" index="2" bw="1" slack="0"/>
<pin id="3010" dir="1" index="3" bw="17" slack="0"/>
</pin_list>
<bind>
<opcode="bitconcatenate(1004) " fcode="bitconcatenate"/>
<opset="mul_FL_V_7/111 "/>
</bind>
</comp>

<comp id="3014" class="1004" name="icmp_ln1496_fu_3014">
<pin_list>
<pin id="3015" dir="0" index="0" bw="17" slack="0"/>
<pin id="3016" dir="0" index="1" bw="17" slack="0"/>
<pin id="3017" dir="1" index="2" bw="1" slack="3"/>
</pin_list>
<bind>
<opcode="icmp(45) " fcode="icmp"/>
<opset="icmp_ln1496/111 "/>
</bind>
</comp>

<comp id="3020" class="1004" name="x_l_FH_V_56_fu_3020">
<pin_list>
<pin id="3021" dir="0" index="0" bw="1" slack="3"/>
<pin id="3022" dir="0" index="1" bw="17" slack="5"/>
<pin id="3023" dir="0" index="2" bw="17" slack="1"/>
<pin id="3024" dir="1" index="3" bw="17" slack="1"/>
</pin_list>
<bind>
<opcode="select(49) " fcode="select"/>
<opset="x_l_FH_V_56/112 "/>
</bind>
</comp>

<comp id="3025" class="1004" name="mul_FH_V_15_fu_3025">
<pin_list>
<pin id="3026" dir="0" index="0" bw="17" slack="0"/>
<pin id="3027" dir="0" index="1" bw="1" slack="0"/>
<pin id="3028" dir="0" index="2" bw="8" slack="86"/>
<pin id="3029" dir="0" index="3" bw="1" slack="3"/>
<pin id="3030" dir="1" index="4" bw="17" slack="0"/>
</pin_list>
<bind>
<opcode="bitconcatenate(1004) " fcode="bitconcatenate"/>
<opset="mul_FH_V_15/113 "/>
</bind>
</comp>

<comp id="3033" class="1004" name="icmp_ln318_15_fu_3033">
<pin_list>
<pin id="3034" dir="0" index="0" bw="17" slack="1"/>
<pin id="3035" dir="0" index="1" bw="17" slack="0"/>
<pin id="3036" dir="1" index="2" bw="1" slack="1"/>
</pin_list>
<bind>
<opcode="icmp(45) " fcode="icmp"/>
<opset="icmp_ln318_15/113 "/>
</bind>
</comp>

<comp id="3038" class="1004" name="icmp_ln1494_17_fu_3038">
<pin_list>
<pin id="3039" dir="0" index="0" bw="17" slack="0"/>
<pin id="3040" dir="0" index="1" bw="17" slack="1"/>
<pin id="3041" dir="1" index="2" bw="1" slack="1"/>
</pin_list>
<bind>
<opcode="icmp(45) " fcode="icmp"/>
<opset="icmp_ln1494_17/113 "/>
</bind>
</comp>

<comp id="3043" class="1004" name="or_ln318_15_fu_3043">
<pin_list>
<pin id="3044" dir="0" index="0" bw="1" slack="1"/>
<pin id="3045" dir="0" index="1" bw="1" slack="3"/>
<pin id="3046" dir="1" index="2" bw="1" slack="0"/>
</pin_list>
<bind>
<opcode="or(24) " fcode="or"/>
<opset="or_ln318_15/114 "/>
</bind>
</comp>

<comp id="3047" class="1004" name="p_Result_73_fu_3047">
<pin_list>
<pin id="3048" dir="0" index="0" bw="17" slack="0"/>
<pin id="3049" dir="0" index="1" bw="17" slack="4"/>
<pin id="3050" dir="0" index="2" bw="1" slack="0"/>
<pin id="3051" dir="0" index="3" bw="1" slack="0"/>
<pin id="3052" dir="1" index="4" bw="17" slack="0"/>
</pin_list>
<bind>
<opcode="bitset(1001) " fcode="bitset"/>
<opset="p_Result_73/114 "/>
</bind>
</comp>

<comp id="3056" class="1004" name="xor_ln1494_15_fu_3056">
<pin_list>
<pin id="3057" dir="0" index="0" bw="1" slack="1"/>
<pin id="3058" dir="0" index="1" bw="1" slack="0"/>
<pin id="3059" dir="1" index="2" bw="1" slack="0"/>
</pin_list>
<bind>
<opcode="xor(25) " fcode="xor"/>
<opset="xor_ln1494_15/114 "/>
</bind>
</comp>

<comp id="3061" class="1004" name="and_ln318_23_fu_3061">
<pin_list>
<pin id="3062" dir="0" index="0" bw="1" slack="0"/>
<pin id="3063" dir="0" index="1" bw="1" slack="0"/>
<pin id="3064" dir="1" index="2" bw="1" slack="0"/>
</pin_list>
<bind>
<opcode="and(23) " fcode="and"/>
<opset="and_ln318_23/114 "/>
</bind>
</comp>

<comp id="3067" class="1004" name="and_ln318_24_fu_3067">
<pin_list>
<pin id="3068" dir="0" index="0" bw="1" slack="0"/>
<pin id="3069" dir="0" index="1" bw="1" slack="4"/>
<pin id="3070" dir="1" index="2" bw="1" slack="0"/>
</pin_list>
<bind>
<opcode="and(23) " fcode="and"/>
<opset="and_ln318_24/114 "/>
</bind>
</comp>

<comp id="3072" class="1004" name="res_FH_V_31_fu_3072">
<pin_list>
<pin id="3073" dir="0" index="0" bw="1" slack="0"/>
<pin id="3074" dir="0" index="1" bw="17" slack="4"/>
<pin id="3075" dir="0" index="2" bw="17" slack="0"/>
<pin id="3076" dir="1" index="3" bw="17" slack="1"/>
</pin_list>
<bind>
<opcode="select(49) " fcode="select"/>
<opset="res_FH_V_31/114 "/>
</bind>
</comp>

<comp id="3079" class="1004" name="zext_ln703_fu_3079">
<pin_list>
<pin id="3080" dir="0" index="0" bw="17" slack="1"/>
<pin id="3081" dir="1" index="1" bw="18" slack="0"/>
</pin_list>
<bind>
<opcode="zext(34) " fcode="zext"/>
<opset="zext_ln703/115 "/>
</bind>
</comp>

<comp id="3082" class="1004" name="grp_fu_3082">
<pin_list>
<pin id="3083" dir="0" index="0" bw="17" slack="0"/>
<pin id="3084" dir="0" index="1" bw="1" slack="0"/>
<pin id="3085" dir="1" index="2" bw="18" slack="1"/>
</pin_list>
<bind>
<opcode="add(8) " fcode="add"/>
<opset="res_FH_l_V/115 "/>
</bind>
</comp>

<comp id="3088" class="1004" name="grp_fu_3088">
<pin_list>
<pin id="3089" dir="0" index="0" bw="17" slack="1"/>
<pin id="3090" dir="0" index="1" bw="1" slack="0"/>
<pin id="3091" dir="1" index="2" bw="17" slack="1"/>
</pin_list>
<bind>
<opcode="add(8) " fcode="add"/>
<opset="res_FH_V_48/115 "/>
</bind>
</comp>

<comp id="3093" class="1004" name="grp_fu_3093">
<pin_list>
<pin id="3094" dir="0" index="0" bw="8" slack="88"/>
<pin id="3095" dir="0" index="1" bw="1" slack="0"/>
<pin id="3096" dir="1" index="2" bw="8" slack="1"/>
</pin_list>
<bind>
<opcode="add(8) " fcode="add"/>
<opset="res_I_V_14/115 "/>
</bind>
</comp>

<comp id="3098" class="1004" name="p_Result_s_fu_3098">
<pin_list>
<pin id="3099" dir="0" index="0" bw="1" slack="0"/>
<pin id="3100" dir="0" index="1" bw="32" slack="116"/>
<pin id="3101" dir="0" index="2" bw="6" slack="0"/>
<pin id="3102" dir="1" index="3" bw="1" slack="0"/>
</pin_list>
<bind>
<opcode="bitselect(1000) " fcode="bitselect"/>
<opset="p_Result_s/117 "/>
</bind>
</comp>

<comp id="3105" class="1004" name="p_Result_40_fu_3105">
<pin_list>
<pin id="3106" dir="0" index="0" bw="1" slack="0"/>
<pin id="3107" dir="0" index="1" bw="18" slack="1"/>
<pin id="3108" dir="0" index="2" bw="6" slack="0"/>
<pin id="3109" dir="1" index="3" bw="1" slack="0"/>
</pin_list>
<bind>
<opcode="bitselect(1000) " fcode="bitselect"/>
<opset="p_Result_40/117 "/>
</bind>
</comp>

<comp id="3112" class="1004" name="res_I_V_23_fu_3112">
<pin_list>
<pin id="3113" dir="0" index="0" bw="1" slack="0"/>
<pin id="3114" dir="0" index="1" bw="8" slack="1"/>
<pin id="3115" dir="0" index="2" bw="8" slack="90"/>
<pin id="3116" dir="1" index="3" bw="8" slack="0"/>
</pin_list>
<bind>
<opcode="select(49) " fcode="select"/>
<opset="res_I_V_23/117 "/>
</bind>
</comp>

<comp id="3118" class="1004" name="tmp_27_fu_3118">
<pin_list>
<pin id="3119" dir="0" index="0" bw="16" slack="0"/>
<pin id="3120" dir="0" index="1" bw="17" slack="1"/>
<pin id="3121" dir="0" index="2" bw="1" slack="0"/>
<pin id="3122" dir="0" index="3" bw="6" slack="0"/>
<pin id="3123" dir="1" index="4" bw="16" slack="0"/>
</pin_list>
<bind>
<opcode="partselect(1002) " fcode="partselect"/>
<opset="tmp_27/117 "/>
</bind>
</comp>

<comp id="3127" class="1004" name="trunc_ln9_fu_3127">
<pin_list>
<pin id="3128" dir="0" index="0" bw="24" slack="0"/>
<pin id="3129" dir="0" index="1" bw="8" slack="0"/>
<pin id="3130" dir="0" index="2" bw="16" slack="0"/>
<pin id="3131" dir="1" index="3" bw="24" slack="0"/>
</pin_list>
<bind>
<opcode="bitconcatenate(1004) " fcode="bitconcatenate"/>
<opset="trunc_ln9/117 "/>
</bind>
</comp>

<comp id="3135" class="1004" name="select_ln99_fu_3135">
<pin_list>
<pin id="3136" dir="0" index="0" bw="1" slack="0"/>
<pin id="3137" dir="0" index="1" bw="24" slack="0"/>
<pin id="3138" dir="0" index="2" bw="24" slack="0"/>
<pin id="3139" dir="1" index="3" bw="24" slack="2147483647"/>
</pin_list>
<bind>
<opcode="select(49) " fcode="select"/>
<opset="select_ln99/117 "/>
</bind>
</comp>

<comp id="3143" class="1005" name="x_read_reg_3143">
<pin_list>
<pin id="3144" dir="0" index="0" bw="32" slack="116"/>
<pin id="3145" dir="1" index="1" bw="32" slack="116"/>
</pin_list>
<bind>
<opset="x_read "/>
</bind>
</comp>

<comp id="3148" class="1005" name="trunc_ln_reg_3148">
<pin_list>
<pin id="3149" dir="0" index="0" bw="16" slack="2"/>
<pin id="3150" dir="1" index="1" bw="16" slack="2"/>
</pin_list>
<bind>
<opset="trunc_ln "/>
</bind>
</comp>

<comp id="3153" class="1005" name="trunc_ln731_reg_3153">
<pin_list>
<pin id="3154" dir="0" index="0" bw="16" slack="28"/>
<pin id="3155" dir="1" index="1" bw="16" slack="28"/>
</pin_list>
<bind>
<opset="trunc_ln731 "/>
</bind>
</comp>

<comp id="3158" class="1005" name="sext_ln640_reg_3158">
<pin_list>
<pin id="3159" dir="0" index="0" bw="3" slack="1"/>
<pin id="3160" dir="1" index="1" bw="3" slack="1"/>
</pin_list>
<bind>
<opset="sext_ln640 "/>
</bind>
</comp>

<comp id="3163" class="1005" name="icmp_ln489_reg_3163">
<pin_list>
<pin id="3164" dir="0" index="0" bw="1" slack="2"/>
<pin id="3165" dir="1" index="1" bw="1" slack="2"/>
</pin_list>
<bind>
<opset="icmp_ln489 "/>
</bind>
</comp>

<comp id="3169" class="1005" name="icmp_ln318_1_reg_3169">
<pin_list>
<pin id="3170" dir="0" index="0" bw="1" slack="24"/>
<pin id="3171" dir="1" index="1" bw="1" slack="26"/>
</pin_list>
<bind>
<opset="icmp_ln318_1 "/>
</bind>
</comp>

<comp id="3175" class="1005" name="add_ln248_reg_3175">
<pin_list>
<pin id="3176" dir="0" index="0" bw="3" slack="1"/>
<pin id="3177" dir="1" index="1" bw="3" slack="1"/>
</pin_list>
<bind>
<opset="add_ln248 "/>
</bind>
</comp>

<comp id="3180" class="1005" name="x_l_I_V_72_reg_3180">
<pin_list>
<pin id="3181" dir="0" index="0" bw="19" slack="3"/>
<pin id="3182" dir="1" index="1" bw="19" slack="3"/>
</pin_list>
<bind>
<opset="x_l_I_V_72 "/>
</bind>
</comp>

<comp id="3186" class="1005" name="res_I_V_16_reg_3186">
<pin_list>
<pin id="3187" dir="0" index="0" bw="8" slack="3"/>
<pin id="3188" dir="1" index="1" bw="8" slack="3"/>
</pin_list>
<bind>
<opset="res_I_V_16 "/>
</bind>
</comp>

<comp id="3192" class="1005" name="p_Result_s_97_reg_3192">
<pin_list>
<pin id="3193" dir="0" index="0" bw="2" slack="1"/>
<pin id="3194" dir="1" index="1" bw="2" slack="1"/>
</pin_list>
<bind>
<opset="p_Result_s_97 "/>
</bind>
</comp>

<comp id="3197" class="1005" name="p_Result_1_reg_3197">
<pin_list>
<pin id="3198" dir="0" index="0" bw="4" slack="1"/>
<pin id="3199" dir="1" index="1" bw="4" slack="1"/>
</pin_list>
<bind>
<opset="p_Result_1 "/>
</bind>
</comp>

<comp id="3203" class="1005" name="zext_ln489_reg_3203">
<pin_list>
<pin id="3204" dir="0" index="0" bw="4" slack="1"/>
<pin id="3205" dir="1" index="1" bw="4" slack="1"/>
</pin_list>
<bind>
<opset="zext_ln489 "/>
</bind>
</comp>

<comp id="3208" class="1005" name="icmp_ln489_1_reg_3208">
<pin_list>
<pin id="3209" dir="0" index="0" bw="1" slack="2"/>
<pin id="3210" dir="1" index="1" bw="1" slack="2"/>
</pin_list>
<bind>
<opset="icmp_ln489_1 "/>
</bind>
</comp>

<comp id="3214" class="1005" name="sub_ln248_reg_3214">
<pin_list>
<pin id="3215" dir="0" index="0" bw="4" slack="1"/>
<pin id="3216" dir="1" index="1" bw="4" slack="1"/>
</pin_list>
<bind>
<opset="sub_ln248 "/>
</bind>
</comp>

<comp id="3219" class="1005" name="x_l_I_V_73_reg_3219">
<pin_list>
<pin id="3220" dir="0" index="0" bw="19" slack="3"/>
<pin id="3221" dir="1" index="1" bw="19" slack="3"/>
</pin_list>
<bind>
<opset="x_l_I_V_73 "/>
</bind>
</comp>

<comp id="3225" class="1005" name="res_I_V_17_reg_3225">
<pin_list>
<pin id="3226" dir="0" index="0" bw="8" slack="3"/>
<pin id="3227" dir="1" index="1" bw="8" slack="3"/>
</pin_list>
<bind>
<opset="res_I_V_17 "/>
</bind>
</comp>

<comp id="3231" class="1005" name="p_Result_4_reg_3231">
<pin_list>
<pin id="3232" dir="0" index="0" bw="3" slack="1"/>
<pin id="3233" dir="1" index="1" bw="3" slack="1"/>
</pin_list>
<bind>
<opset="p_Result_4 "/>
</bind>
</comp>

<comp id="3236" class="1005" name="p_Result_5_reg_3236">
<pin_list>
<pin id="3237" dir="0" index="0" bw="5" slack="1"/>
<pin id="3238" dir="1" index="1" bw="5" slack="1"/>
</pin_list>
<bind>
<opset="p_Result_5 "/>
</bind>
</comp>

<comp id="3242" class="1005" name="zext_ln489_1_reg_3242">
<pin_list>
<pin id="3243" dir="0" index="0" bw="5" slack="1"/>
<pin id="3244" dir="1" index="1" bw="5" slack="1"/>
</pin_list>
<bind>
<opset="zext_ln489_1 "/>
</bind>
</comp>

<comp id="3247" class="1005" name="icmp_ln489_2_reg_3247">
<pin_list>
<pin id="3248" dir="0" index="0" bw="1" slack="2"/>
<pin id="3249" dir="1" index="1" bw="1" slack="2"/>
</pin_list>
<bind>
<opset="icmp_ln489_2 "/>
</bind>
</comp>

<comp id="3253" class="1005" name="sub_ln248_1_reg_3253">
<pin_list>
<pin id="3254" dir="0" index="0" bw="5" slack="1"/>
<pin id="3255" dir="1" index="1" bw="5" slack="1"/>
</pin_list>
<bind>
<opset="sub_ln248_1 "/>
</bind>
</comp>

<comp id="3258" class="1005" name="x_l_I_V_74_reg_3258">
<pin_list>
<pin id="3259" dir="0" index="0" bw="19" slack="3"/>
<pin id="3260" dir="1" index="1" bw="19" slack="3"/>
</pin_list>
<bind>
<opset="x_l_I_V_74 "/>
</bind>
</comp>

<comp id="3264" class="1005" name="res_I_V_18_reg_3264">
<pin_list>
<pin id="3265" dir="0" index="0" bw="8" slack="3"/>
<pin id="3266" dir="1" index="1" bw="8" slack="3"/>
</pin_list>
<bind>
<opset="res_I_V_18 "/>
</bind>
</comp>

<comp id="3270" class="1005" name="p_Result_8_reg_3270">
<pin_list>
<pin id="3271" dir="0" index="0" bw="4" slack="1"/>
<pin id="3272" dir="1" index="1" bw="4" slack="1"/>
</pin_list>
<bind>
<opset="p_Result_8 "/>
</bind>
</comp>

<comp id="3275" class="1005" name="p_Result_9_reg_3275">
<pin_list>
<pin id="3276" dir="0" index="0" bw="6" slack="1"/>
<pin id="3277" dir="1" index="1" bw="6" slack="1"/>
</pin_list>
<bind>
<opset="p_Result_9 "/>
</bind>
</comp>

<comp id="3281" class="1005" name="zext_ln489_2_reg_3281">
<pin_list>
<pin id="3282" dir="0" index="0" bw="6" slack="1"/>
<pin id="3283" dir="1" index="1" bw="6" slack="1"/>
</pin_list>
<bind>
<opset="zext_ln489_2 "/>
</bind>
</comp>

<comp id="3286" class="1005" name="icmp_ln489_3_reg_3286">
<pin_list>
<pin id="3287" dir="0" index="0" bw="1" slack="2"/>
<pin id="3288" dir="1" index="1" bw="1" slack="2"/>
</pin_list>
<bind>
<opset="icmp_ln489_3 "/>
</bind>
</comp>

<comp id="3292" class="1005" name="sub_ln248_2_reg_3292">
<pin_list>
<pin id="3293" dir="0" index="0" bw="6" slack="1"/>
<pin id="3294" dir="1" index="1" bw="6" slack="1"/>
</pin_list>
<bind>
<opset="sub_ln248_2 "/>
</bind>
</comp>

<comp id="3297" class="1005" name="x_l_I_V_75_reg_3297">
<pin_list>
<pin id="3298" dir="0" index="0" bw="19" slack="3"/>
<pin id="3299" dir="1" index="1" bw="19" slack="3"/>
</pin_list>
<bind>
<opset="x_l_I_V_75 "/>
</bind>
</comp>

<comp id="3303" class="1005" name="res_I_V_19_reg_3303">
<pin_list>
<pin id="3304" dir="0" index="0" bw="8" slack="3"/>
<pin id="3305" dir="1" index="1" bw="8" slack="3"/>
</pin_list>
<bind>
<opset="res_I_V_19 "/>
</bind>
</comp>

<comp id="3309" class="1005" name="p_Result_10_reg_3309">
<pin_list>
<pin id="3310" dir="0" index="0" bw="5" slack="1"/>
<pin id="3311" dir="1" index="1" bw="5" slack="1"/>
</pin_list>
<bind>
<opset="p_Result_10 "/>
</bind>
</comp>

<comp id="3314" class="1005" name="p_Result_11_reg_3314">
<pin_list>
<pin id="3315" dir="0" index="0" bw="7" slack="1"/>
<pin id="3316" dir="1" index="1" bw="7" slack="1"/>
</pin_list>
<bind>
<opset="p_Result_11 "/>
</bind>
</comp>

<comp id="3320" class="1005" name="zext_ln489_3_reg_3320">
<pin_list>
<pin id="3321" dir="0" index="0" bw="7" slack="1"/>
<pin id="3322" dir="1" index="1" bw="7" slack="1"/>
</pin_list>
<bind>
<opset="zext_ln489_3 "/>
</bind>
</comp>

<comp id="3325" class="1005" name="icmp_ln489_4_reg_3325">
<pin_list>
<pin id="3326" dir="0" index="0" bw="1" slack="2"/>
<pin id="3327" dir="1" index="1" bw="1" slack="2"/>
</pin_list>
<bind>
<opset="icmp_ln489_4 "/>
</bind>
</comp>

<comp id="3331" class="1005" name="sub_ln248_3_reg_3331">
<pin_list>
<pin id="3332" dir="0" index="0" bw="7" slack="1"/>
<pin id="3333" dir="1" index="1" bw="7" slack="1"/>
</pin_list>
<bind>
<opset="sub_ln248_3 "/>
</bind>
</comp>

<comp id="3336" class="1005" name="x_l_I_V_76_reg_3336">
<pin_list>
<pin id="3337" dir="0" index="0" bw="19" slack="3"/>
<pin id="3338" dir="1" index="1" bw="19" slack="3"/>
</pin_list>
<bind>
<opset="x_l_I_V_76 "/>
</bind>
</comp>

<comp id="3342" class="1005" name="res_I_V_20_reg_3342">
<pin_list>
<pin id="3343" dir="0" index="0" bw="8" slack="3"/>
<pin id="3344" dir="1" index="1" bw="8" slack="3"/>
</pin_list>
<bind>
<opset="res_I_V_20 "/>
</bind>
</comp>

<comp id="3348" class="1005" name="p_Result_13_reg_3348">
<pin_list>
<pin id="3349" dir="0" index="0" bw="6" slack="1"/>
<pin id="3350" dir="1" index="1" bw="6" slack="1"/>
</pin_list>
<bind>
<opset="p_Result_13 "/>
</bind>
</comp>

<comp id="3353" class="1005" name="p_Result_14_reg_3353">
<pin_list>
<pin id="3354" dir="0" index="0" bw="8" slack="1"/>
<pin id="3355" dir="1" index="1" bw="8" slack="1"/>
</pin_list>
<bind>
<opset="p_Result_14 "/>
</bind>
</comp>

<comp id="3359" class="1005" name="zext_ln489_4_reg_3359">
<pin_list>
<pin id="3360" dir="0" index="0" bw="8" slack="1"/>
<pin id="3361" dir="1" index="1" bw="8" slack="1"/>
</pin_list>
<bind>
<opset="zext_ln489_4 "/>
</bind>
</comp>

<comp id="3364" class="1005" name="icmp_ln489_5_reg_3364">
<pin_list>
<pin id="3365" dir="0" index="0" bw="1" slack="2"/>
<pin id="3366" dir="1" index="1" bw="1" slack="2"/>
</pin_list>
<bind>
<opset="icmp_ln489_5 "/>
</bind>
</comp>

<comp id="3370" class="1005" name="sub_ln248_4_reg_3370">
<pin_list>
<pin id="3371" dir="0" index="0" bw="8" slack="1"/>
<pin id="3372" dir="1" index="1" bw="8" slack="1"/>
</pin_list>
<bind>
<opset="sub_ln248_4 "/>
</bind>
</comp>

<comp id="3375" class="1005" name="x_l_I_V_77_reg_3375">
<pin_list>
<pin id="3376" dir="0" index="0" bw="19" slack="3"/>
<pin id="3377" dir="1" index="1" bw="19" slack="3"/>
</pin_list>
<bind>
<opset="x_l_I_V_77 "/>
</bind>
</comp>

<comp id="3381" class="1005" name="res_I_V_21_reg_3381">
<pin_list>
<pin id="3382" dir="0" index="0" bw="8" slack="2"/>
<pin id="3383" dir="1" index="1" bw="8" slack="2"/>
</pin_list>
<bind>
<opset="res_I_V_21 "/>
</bind>
</comp>

<comp id="3387" class="1005" name="p_Result_16_reg_3387">
<pin_list>
<pin id="3388" dir="0" index="0" bw="7" slack="1"/>
<pin id="3389" dir="1" index="1" bw="7" slack="1"/>
</pin_list>
<bind>
<opset="p_Result_16 "/>
</bind>
</comp>

<comp id="3392" class="1005" name="p_Result_17_reg_3392">
<pin_list>
<pin id="3393" dir="0" index="0" bw="9" slack="1"/>
<pin id="3394" dir="1" index="1" bw="9" slack="1"/>
</pin_list>
<bind>
<opset="p_Result_17 "/>
</bind>
</comp>

<comp id="3398" class="1005" name="zext_ln489_5_reg_3398">
<pin_list>
<pin id="3399" dir="0" index="0" bw="9" slack="1"/>
<pin id="3400" dir="1" index="1" bw="9" slack="1"/>
</pin_list>
<bind>
<opset="zext_ln489_5 "/>
</bind>
</comp>

<comp id="3403" class="1005" name="icmp_ln489_6_reg_3403">
<pin_list>
<pin id="3404" dir="0" index="0" bw="1" slack="1"/>
<pin id="3405" dir="1" index="1" bw="1" slack="1"/>
</pin_list>
<bind>
<opset="icmp_ln489_6 "/>
</bind>
</comp>

<comp id="3409" class="1005" name="sub_ln248_5_reg_3409">
<pin_list>
<pin id="3410" dir="0" index="0" bw="9" slack="1"/>
<pin id="3411" dir="1" index="1" bw="9" slack="1"/>
</pin_list>
<bind>
<opset="sub_ln248_5 "/>
</bind>
</comp>

<comp id="3414" class="1005" name="res_I_V_22_reg_3414">
<pin_list>
<pin id="3415" dir="0" index="0" bw="8" slack="2"/>
<pin id="3416" dir="1" index="1" bw="8" slack="2"/>
</pin_list>
<bind>
<opset="res_I_V_22 "/>
</bind>
</comp>

<comp id="3421" class="1005" name="x_l_I_V_78_reg_3421">
<pin_list>
<pin id="3422" dir="0" index="0" bw="19" slack="3"/>
<pin id="3423" dir="1" index="1" bw="19" slack="3"/>
</pin_list>
<bind>
<opset="x_l_I_V_78 "/>
</bind>
</comp>

<comp id="3427" class="1005" name="trunc_ln640_reg_3427">
<pin_list>
<pin id="3428" dir="0" index="0" bw="10" slack="1"/>
<pin id="3429" dir="1" index="1" bw="10" slack="1"/>
</pin_list>
<bind>
<opset="trunc_ln640 "/>
</bind>
</comp>

<comp id="3433" class="1005" name="zext_ln489_6_reg_3433">
<pin_list>
<pin id="3434" dir="0" index="0" bw="10" slack="1"/>
<pin id="3435" dir="1" index="1" bw="10" slack="1"/>
</pin_list>
<bind>
<opset="zext_ln489_6 "/>
</bind>
</comp>

<comp id="3438" class="1005" name="icmp_ln489_7_reg_3438">
<pin_list>
<pin id="3439" dir="0" index="0" bw="1" slack="2"/>
<pin id="3440" dir="1" index="1" bw="1" slack="2"/>
</pin_list>
<bind>
<opset="icmp_ln489_7 "/>
</bind>
</comp>

<comp id="3444" class="1005" name="sub_ln248_6_reg_3444">
<pin_list>
<pin id="3445" dir="0" index="0" bw="10" slack="1"/>
<pin id="3446" dir="1" index="1" bw="10" slack="1"/>
</pin_list>
<bind>
<opset="sub_ln248_6 "/>
</bind>
</comp>

<comp id="3449" class="1005" name="x_l_I_V_79_reg_3449">
<pin_list>
<pin id="3450" dir="0" index="0" bw="19" slack="1"/>
<pin id="3451" dir="1" index="1" bw="19" slack="1"/>
</pin_list>
<bind>
<opset="x_l_I_V_79 "/>
</bind>
</comp>

<comp id="3458" class="1005" name="x_l_I_V_17_reg_3458">
<pin_list>
<pin id="3459" dir="0" index="0" bw="19" slack="1"/>
<pin id="3460" dir="1" index="1" bw="19" slack="1"/>
</pin_list>
<bind>
<opset="x_l_I_V_17 "/>
</bind>
</comp>

<comp id="3463" class="1005" name="res_I_V_reg_3463">
<pin_list>
<pin id="3464" dir="0" index="0" bw="8" slack="1"/>
<pin id="3465" dir="1" index="1" bw="8" slack="1"/>
</pin_list>
<bind>
<opset="res_I_V "/>
</bind>
</comp>

<comp id="3479" class="1005" name="x_l_I_V_18_reg_3479">
<pin_list>
<pin id="3480" dir="0" index="0" bw="19" slack="1"/>
<pin id="3481" dir="1" index="1" bw="19" slack="1"/>
</pin_list>
<bind>
<opset="x_l_I_V_18 "/>
</bind>
</comp>

<comp id="3484" class="1005" name="trunc_ln104_reg_3484">
<pin_list>
<pin id="3485" dir="0" index="0" bw="1" slack="5"/>
<pin id="3486" dir="1" index="1" bw="1" slack="5"/>
</pin_list>
<bind>
<opset="trunc_ln104 "/>
</bind>
</comp>

<comp id="3489" class="1005" name="tmp_14_reg_3489">
<pin_list>
<pin id="3490" dir="0" index="0" bw="7" slack="5"/>
<pin id="3491" dir="1" index="1" bw="7" slack="5"/>
</pin_list>
<bind>
<opset="tmp_14 "/>
</bind>
</comp>

<comp id="3494" class="1005" name="trunc_ln104_1_reg_3494">
<pin_list>
<pin id="3495" dir="0" index="0" bw="2" slack="11"/>
<pin id="3496" dir="1" index="1" bw="2" slack="11"/>
</pin_list>
<bind>
<opset="trunc_ln104_1 "/>
</bind>
</comp>

<comp id="3499" class="1005" name="tmp_15_reg_3499">
<pin_list>
<pin id="3500" dir="0" index="0" bw="6" slack="11"/>
<pin id="3501" dir="1" index="1" bw="6" slack="11"/>
</pin_list>
<bind>
<opset="tmp_15 "/>
</bind>
</comp>

<comp id="3504" class="1005" name="trunc_ln104_2_reg_3504">
<pin_list>
<pin id="3505" dir="0" index="0" bw="3" slack="17"/>
<pin id="3506" dir="1" index="1" bw="3" slack="17"/>
</pin_list>
<bind>
<opset="trunc_ln104_2 "/>
</bind>
</comp>

<comp id="3509" class="1005" name="tmp_16_reg_3509">
<pin_list>
<pin id="3510" dir="0" index="0" bw="5" slack="17"/>
<pin id="3511" dir="1" index="1" bw="5" slack="17"/>
</pin_list>
<bind>
<opset="tmp_16 "/>
</bind>
</comp>

<comp id="3514" class="1005" name="trunc_ln104_3_reg_3514">
<pin_list>
<pin id="3515" dir="0" index="0" bw="4" slack="23"/>
<pin id="3516" dir="1" index="1" bw="4" slack="23"/>
</pin_list>
<bind>
<opset="trunc_ln104_3 "/>
</bind>
</comp>

<comp id="3519" class="1005" name="tmp_17_reg_3519">
<pin_list>
<pin id="3520" dir="0" index="0" bw="4" slack="23"/>
<pin id="3521" dir="1" index="1" bw="4" slack="23"/>
</pin_list>
<bind>
<opset="tmp_17 "/>
</bind>
</comp>

<comp id="3524" class="1005" name="trunc_ln104_4_reg_3524">
<pin_list>
<pin id="3525" dir="0" index="0" bw="5" slack="29"/>
<pin id="3526" dir="1" index="1" bw="5" slack="29"/>
</pin_list>
<bind>
<opset="trunc_ln104_4 "/>
</bind>
</comp>

<comp id="3529" class="1005" name="tmp_18_reg_3529">
<pin_list>
<pin id="3530" dir="0" index="0" bw="3" slack="29"/>
<pin id="3531" dir="1" index="1" bw="3" slack="29"/>
</pin_list>
<bind>
<opset="tmp_18 "/>
</bind>
</comp>

<comp id="3534" class="1005" name="trunc_ln104_5_reg_3534">
<pin_list>
<pin id="3535" dir="0" index="0" bw="6" slack="35"/>
<pin id="3536" dir="1" index="1" bw="6" slack="35"/>
</pin_list>
<bind>
<opset="trunc_ln104_5 "/>
</bind>
</comp>

<comp id="3539" class="1005" name="tmp_19_reg_3539">
<pin_list>
<pin id="3540" dir="0" index="0" bw="2" slack="37"/>
<pin id="3541" dir="1" index="1" bw="2" slack="37"/>
</pin_list>
<bind>
<opset="tmp_19 "/>
</bind>
</comp>

<comp id="3544" class="1005" name="trunc_ln104_6_reg_3544">
<pin_list>
<pin id="3545" dir="0" index="0" bw="7" slack="41"/>
<pin id="3546" dir="1" index="1" bw="7" slack="41"/>
</pin_list>
<bind>
<opset="trunc_ln104_6 "/>
</bind>
</comp>

<comp id="3549" class="1005" name="tmp_45_reg_3549">
<pin_list>
<pin id="3550" dir="0" index="0" bw="1" slack="42"/>
<pin id="3551" dir="1" index="1" bw="1" slack="42"/>
</pin_list>
<bind>
<opset="tmp_45 "/>
</bind>
</comp>

<comp id="3554" class="1005" name="zext_ln318_reg_3554">
<pin_list>
<pin id="3555" dir="0" index="0" bw="19" slack="1"/>
<pin id="3556" dir="1" index="1" bw="19" slack="1"/>
</pin_list>
<bind>
<opset="zext_ln318 "/>
</bind>
</comp>

<comp id="3559" class="1005" name="icmp_ln318_reg_3559">
<pin_list>
<pin id="3560" dir="0" index="0" bw="1" slack="1"/>
<pin id="3561" dir="1" index="1" bw="1" slack="1"/>
</pin_list>
<bind>
<opset="icmp_ln318 "/>
</bind>
</comp>

<comp id="3564" class="1005" name="icmp_ln1494_reg_3564">
<pin_list>
<pin id="3565" dir="0" index="0" bw="1" slack="1"/>
<pin id="3566" dir="1" index="1" bw="1" slack="1"/>
</pin_list>
<bind>
<opset="icmp_ln1494 "/>
</bind>
</comp>

<comp id="3569" class="1005" name="x_l_FH_V_reg_3569">
<pin_list>
<pin id="3570" dir="0" index="0" bw="17" slack="1"/>
<pin id="3571" dir="1" index="1" bw="17" slack="1"/>
</pin_list>
<bind>
<opset="x_l_FH_V "/>
</bind>
</comp>

<comp id="3575" class="1005" name="x_l_I_V_80_reg_3575">
<pin_list>
<pin id="3576" dir="0" index="0" bw="19" slack="1"/>
<pin id="3577" dir="1" index="1" bw="19" slack="1"/>
</pin_list>
<bind>
<opset="x_l_I_V_80 "/>
</bind>
</comp>

<comp id="3580" class="1005" name="and_ln318_1_reg_3580">
<pin_list>
<pin id="3581" dir="0" index="0" bw="1" slack="1"/>
<pin id="3582" dir="1" index="1" bw="1" slack="1"/>
</pin_list>
<bind>
<opset="and_ln318_1 "/>
</bind>
</comp>

<comp id="3587" class="1005" name="x_l_FH_V_26_reg_3587">
<pin_list>
<pin id="3588" dir="0" index="0" bw="17" slack="1"/>
<pin id="3589" dir="1" index="1" bw="17" slack="1"/>
</pin_list>
<bind>
<opset="x_l_FH_V_26 "/>
</bind>
</comp>

<comp id="3592" class="1005" name="x_l_I_V_81_reg_3592">
<pin_list>
<pin id="3593" dir="0" index="0" bw="19" slack="1"/>
<pin id="3594" dir="1" index="1" bw="19" slack="1"/>
</pin_list>
<bind>
<opset="x_l_I_V_81 "/>
</bind>
</comp>

<comp id="3601" class="1005" name="res_FH_V_33_reg_3601">
<pin_list>
<pin id="3602" dir="0" index="0" bw="17" slack="6"/>
<pin id="3603" dir="1" index="1" bw="17" slack="6"/>
</pin_list>
<bind>
<opset="res_FH_V_33 "/>
</bind>
</comp>

<comp id="3607" class="1005" name="p_Val2_23_reg_3607">
<pin_list>
<pin id="3608" dir="0" index="0" bw="17" slack="1"/>
<pin id="3609" dir="1" index="1" bw="17" slack="1"/>
</pin_list>
<bind>
<opset="p_Val2_23 "/>
</bind>
</comp>

<comp id="3614" class="1005" name="p_Result_20_reg_3614">
<pin_list>
<pin id="3615" dir="0" index="0" bw="2" slack="1"/>
<pin id="3616" dir="1" index="1" bw="2" slack="1"/>
</pin_list>
<bind>
<opset="p_Result_20 "/>
</bind>
</comp>

<comp id="3619" class="1005" name="mul_FH_V_reg_3619">
<pin_list>
<pin id="3620" dir="0" index="0" bw="17" slack="1"/>
<pin id="3621" dir="1" index="1" bw="17" slack="1"/>
</pin_list>
<bind>
<opset="mul_FH_V "/>
</bind>
</comp>

<comp id="3624" class="1005" name="zext_ln318_1_reg_3624">
<pin_list>
<pin id="3625" dir="0" index="0" bw="19" slack="2"/>
<pin id="3626" dir="1" index="1" bw="19" slack="2"/>
</pin_list>
<bind>
<opset="zext_ln318_1 "/>
</bind>
</comp>

<comp id="3629" class="1005" name="icmp_ln318_2_reg_3629">
<pin_list>
<pin id="3630" dir="0" index="0" bw="1" slack="1"/>
<pin id="3631" dir="1" index="1" bw="1" slack="1"/>
</pin_list>
<bind>
<opset="icmp_ln318_2 "/>
</bind>
</comp>

<comp id="3634" class="1005" name="icmp_ln318_3_reg_3634">
<pin_list>
<pin id="3635" dir="0" index="0" bw="1" slack="1"/>
<pin id="3636" dir="1" index="1" bw="1" slack="1"/>
</pin_list>
<bind>
<opset="icmp_ln318_3 "/>
</bind>
</comp>

<comp id="3640" class="1005" name="x_l_I_V_reg_3640">
<pin_list>
<pin id="3641" dir="0" index="0" bw="19" slack="1"/>
<pin id="3642" dir="1" index="1" bw="19" slack="1"/>
</pin_list>
<bind>
<opset="x_l_I_V "/>
</bind>
</comp>

<comp id="3645" class="1005" name="icmp_ln1494_1_reg_3645">
<pin_list>
<pin id="3646" dir="0" index="0" bw="1" slack="1"/>
<pin id="3647" dir="1" index="1" bw="1" slack="1"/>
</pin_list>
<bind>
<opset="icmp_ln1494_1 "/>
</bind>
</comp>

<comp id="3650" class="1005" name="x_l_I_V_21_reg_3650">
<pin_list>
<pin id="3651" dir="0" index="0" bw="19" slack="1"/>
<pin id="3652" dir="1" index="1" bw="19" slack="1"/>
</pin_list>
<bind>
<opset="x_l_I_V_21 "/>
</bind>
</comp>

<comp id="3655" class="1005" name="x_l_FH_V_27_reg_3655">
<pin_list>
<pin id="3656" dir="0" index="0" bw="17" slack="1"/>
<pin id="3657" dir="1" index="1" bw="17" slack="1"/>
</pin_list>
<bind>
<opset="x_l_FH_V_27 "/>
</bind>
</comp>

<comp id="3660" class="1005" name="and_ln318_2_reg_3660">
<pin_list>
<pin id="3661" dir="0" index="0" bw="1" slack="1"/>
<pin id="3662" dir="1" index="1" bw="1" slack="1"/>
</pin_list>
<bind>
<opset="and_ln318_2 "/>
</bind>
</comp>

<comp id="3667" class="1005" name="x_l_FH_V_28_reg_3667">
<pin_list>
<pin id="3668" dir="0" index="0" bw="17" slack="4"/>
<pin id="3669" dir="1" index="1" bw="17" slack="4"/>
</pin_list>
<bind>
<opset="x_l_FH_V_28 "/>
</bind>
</comp>

<comp id="3674" class="1005" name="x_l_I_V_82_reg_3674">
<pin_list>
<pin id="3675" dir="0" index="0" bw="19" slack="1"/>
<pin id="3676" dir="1" index="1" bw="19" slack="1"/>
</pin_list>
<bind>
<opset="x_l_I_V_82 "/>
</bind>
</comp>

<comp id="3679" class="1005" name="x_l_I_V_83_reg_3679">
<pin_list>
<pin id="3680" dir="0" index="0" bw="19" slack="1"/>
<pin id="3681" dir="1" index="1" bw="19" slack="1"/>
</pin_list>
<bind>
<opset="x_l_I_V_83 "/>
</bind>
</comp>

<comp id="3688" class="1005" name="res_FH_V_34_reg_3688">
<pin_list>
<pin id="3689" dir="0" index="0" bw="17" slack="6"/>
<pin id="3690" dir="1" index="1" bw="17" slack="6"/>
</pin_list>
<bind>
<opset="res_FH_V_34 "/>
</bind>
</comp>

<comp id="3694" class="1005" name="p_Result_21_reg_3694">
<pin_list>
<pin id="3695" dir="0" index="0" bw="3" slack="1"/>
<pin id="3696" dir="1" index="1" bw="3" slack="1"/>
</pin_list>
<bind>
<opset="p_Result_21 "/>
</bind>
</comp>

<comp id="3699" class="1005" name="mul_FH_V_1_reg_3699">
<pin_list>
<pin id="3700" dir="0" index="0" bw="17" slack="1"/>
<pin id="3701" dir="1" index="1" bw="17" slack="1"/>
</pin_list>
<bind>
<opset="mul_FH_V_1 "/>
</bind>
</comp>

<comp id="3704" class="1005" name="zext_ln318_2_reg_3704">
<pin_list>
<pin id="3705" dir="0" index="0" bw="19" slack="2"/>
<pin id="3706" dir="1" index="1" bw="19" slack="2"/>
</pin_list>
<bind>
<opset="zext_ln318_2 "/>
</bind>
</comp>

<comp id="3709" class="1005" name="icmp_ln318_4_reg_3709">
<pin_list>
<pin id="3710" dir="0" index="0" bw="1" slack="1"/>
<pin id="3711" dir="1" index="1" bw="1" slack="1"/>
</pin_list>
<bind>
<opset="icmp_ln318_4 "/>
</bind>
</comp>

<comp id="3714" class="1005" name="icmp_ln318_5_reg_3714">
<pin_list>
<pin id="3715" dir="0" index="0" bw="1" slack="1"/>
<pin id="3716" dir="1" index="1" bw="1" slack="1"/>
</pin_list>
<bind>
<opset="icmp_ln318_5 "/>
</bind>
</comp>

<comp id="3720" class="1005" name="x_l_I_V_24_reg_3720">
<pin_list>
<pin id="3721" dir="0" index="0" bw="19" slack="1"/>
<pin id="3722" dir="1" index="1" bw="19" slack="1"/>
</pin_list>
<bind>
<opset="x_l_I_V_24 "/>
</bind>
</comp>

<comp id="3725" class="1005" name="icmp_ln1494_2_reg_3725">
<pin_list>
<pin id="3726" dir="0" index="0" bw="1" slack="1"/>
<pin id="3727" dir="1" index="1" bw="1" slack="1"/>
</pin_list>
<bind>
<opset="icmp_ln1494_2 "/>
</bind>
</comp>

<comp id="3730" class="1005" name="x_l_I_V_25_reg_3730">
<pin_list>
<pin id="3731" dir="0" index="0" bw="19" slack="1"/>
<pin id="3732" dir="1" index="1" bw="19" slack="1"/>
</pin_list>
<bind>
<opset="x_l_I_V_25 "/>
</bind>
</comp>

<comp id="3735" class="1005" name="x_l_FH_V_29_reg_3735">
<pin_list>
<pin id="3736" dir="0" index="0" bw="17" slack="1"/>
<pin id="3737" dir="1" index="1" bw="17" slack="1"/>
</pin_list>
<bind>
<opset="x_l_FH_V_29 "/>
</bind>
</comp>

<comp id="3740" class="1005" name="and_ln318_3_reg_3740">
<pin_list>
<pin id="3741" dir="0" index="0" bw="1" slack="1"/>
<pin id="3742" dir="1" index="1" bw="1" slack="1"/>
</pin_list>
<bind>
<opset="and_ln318_3 "/>
</bind>
</comp>

<comp id="3747" class="1005" name="x_l_FH_V_30_reg_3747">
<pin_list>
<pin id="3748" dir="0" index="0" bw="17" slack="4"/>
<pin id="3749" dir="1" index="1" bw="17" slack="4"/>
</pin_list>
<bind>
<opset="x_l_FH_V_30 "/>
</bind>
</comp>

<comp id="3754" class="1005" name="x_l_I_V_84_reg_3754">
<pin_list>
<pin id="3755" dir="0" index="0" bw="19" slack="1"/>
<pin id="3756" dir="1" index="1" bw="19" slack="1"/>
</pin_list>
<bind>
<opset="x_l_I_V_84 "/>
</bind>
</comp>

<comp id="3759" class="1005" name="x_l_I_V_85_reg_3759">
<pin_list>
<pin id="3760" dir="0" index="0" bw="19" slack="1"/>
<pin id="3761" dir="1" index="1" bw="19" slack="1"/>
</pin_list>
<bind>
<opset="x_l_I_V_85 "/>
</bind>
</comp>

<comp id="3768" class="1005" name="res_FH_V_35_reg_3768">
<pin_list>
<pin id="3769" dir="0" index="0" bw="17" slack="6"/>
<pin id="3770" dir="1" index="1" bw="17" slack="6"/>
</pin_list>
<bind>
<opset="res_FH_V_35 "/>
</bind>
</comp>

<comp id="3774" class="1005" name="p_Result_22_reg_3774">
<pin_list>
<pin id="3775" dir="0" index="0" bw="4" slack="1"/>
<pin id="3776" dir="1" index="1" bw="4" slack="1"/>
</pin_list>
<bind>
<opset="p_Result_22 "/>
</bind>
</comp>

<comp id="3779" class="1005" name="mul_FH_V_2_reg_3779">
<pin_list>
<pin id="3780" dir="0" index="0" bw="17" slack="1"/>
<pin id="3781" dir="1" index="1" bw="17" slack="1"/>
</pin_list>
<bind>
<opset="mul_FH_V_2 "/>
</bind>
</comp>

<comp id="3784" class="1005" name="zext_ln318_3_reg_3784">
<pin_list>
<pin id="3785" dir="0" index="0" bw="19" slack="2"/>
<pin id="3786" dir="1" index="1" bw="19" slack="2"/>
</pin_list>
<bind>
<opset="zext_ln318_3 "/>
</bind>
</comp>

<comp id="3789" class="1005" name="icmp_ln318_6_reg_3789">
<pin_list>
<pin id="3790" dir="0" index="0" bw="1" slack="1"/>
<pin id="3791" dir="1" index="1" bw="1" slack="1"/>
</pin_list>
<bind>
<opset="icmp_ln318_6 "/>
</bind>
</comp>

<comp id="3794" class="1005" name="icmp_ln318_7_reg_3794">
<pin_list>
<pin id="3795" dir="0" index="0" bw="1" slack="1"/>
<pin id="3796" dir="1" index="1" bw="1" slack="1"/>
</pin_list>
<bind>
<opset="icmp_ln318_7 "/>
</bind>
</comp>

<comp id="3800" class="1005" name="x_l_I_V_28_reg_3800">
<pin_list>
<pin id="3801" dir="0" index="0" bw="19" slack="1"/>
<pin id="3802" dir="1" index="1" bw="19" slack="1"/>
</pin_list>
<bind>
<opset="x_l_I_V_28 "/>
</bind>
</comp>

<comp id="3805" class="1005" name="icmp_ln1494_3_reg_3805">
<pin_list>
<pin id="3806" dir="0" index="0" bw="1" slack="1"/>
<pin id="3807" dir="1" index="1" bw="1" slack="1"/>
</pin_list>
<bind>
<opset="icmp_ln1494_3 "/>
</bind>
</comp>

<comp id="3810" class="1005" name="x_l_I_V_29_reg_3810">
<pin_list>
<pin id="3811" dir="0" index="0" bw="19" slack="1"/>
<pin id="3812" dir="1" index="1" bw="19" slack="1"/>
</pin_list>
<bind>
<opset="x_l_I_V_29 "/>
</bind>
</comp>

<comp id="3815" class="1005" name="x_l_FH_V_31_reg_3815">
<pin_list>
<pin id="3816" dir="0" index="0" bw="17" slack="1"/>
<pin id="3817" dir="1" index="1" bw="17" slack="1"/>
</pin_list>
<bind>
<opset="x_l_FH_V_31 "/>
</bind>
</comp>

<comp id="3820" class="1005" name="and_ln318_4_reg_3820">
<pin_list>
<pin id="3821" dir="0" index="0" bw="1" slack="1"/>
<pin id="3822" dir="1" index="1" bw="1" slack="1"/>
</pin_list>
<bind>
<opset="and_ln318_4 "/>
</bind>
</comp>

<comp id="3827" class="1005" name="x_l_FH_V_32_reg_3827">
<pin_list>
<pin id="3828" dir="0" index="0" bw="17" slack="4"/>
<pin id="3829" dir="1" index="1" bw="17" slack="4"/>
</pin_list>
<bind>
<opset="x_l_FH_V_32 "/>
</bind>
</comp>

<comp id="3834" class="1005" name="x_l_I_V_86_reg_3834">
<pin_list>
<pin id="3835" dir="0" index="0" bw="19" slack="1"/>
<pin id="3836" dir="1" index="1" bw="19" slack="1"/>
</pin_list>
<bind>
<opset="x_l_I_V_86 "/>
</bind>
</comp>

<comp id="3839" class="1005" name="x_l_I_V_87_reg_3839">
<pin_list>
<pin id="3840" dir="0" index="0" bw="19" slack="1"/>
<pin id="3841" dir="1" index="1" bw="19" slack="1"/>
</pin_list>
<bind>
<opset="x_l_I_V_87 "/>
</bind>
</comp>

<comp id="3848" class="1005" name="res_FH_V_36_reg_3848">
<pin_list>
<pin id="3849" dir="0" index="0" bw="17" slack="6"/>
<pin id="3850" dir="1" index="1" bw="17" slack="6"/>
</pin_list>
<bind>
<opset="res_FH_V_36 "/>
</bind>
</comp>

<comp id="3854" class="1005" name="p_Result_23_reg_3854">
<pin_list>
<pin id="3855" dir="0" index="0" bw="5" slack="1"/>
<pin id="3856" dir="1" index="1" bw="5" slack="1"/>
</pin_list>
<bind>
<opset="p_Result_23 "/>
</bind>
</comp>

<comp id="3859" class="1005" name="mul_FH_V_3_reg_3859">
<pin_list>
<pin id="3860" dir="0" index="0" bw="17" slack="1"/>
<pin id="3861" dir="1" index="1" bw="17" slack="1"/>
</pin_list>
<bind>
<opset="mul_FH_V_3 "/>
</bind>
</comp>

<comp id="3864" class="1005" name="zext_ln318_4_reg_3864">
<pin_list>
<pin id="3865" dir="0" index="0" bw="19" slack="2"/>
<pin id="3866" dir="1" index="1" bw="19" slack="2"/>
</pin_list>
<bind>
<opset="zext_ln318_4 "/>
</bind>
</comp>

<comp id="3869" class="1005" name="icmp_ln318_16_reg_3869">
<pin_list>
<pin id="3870" dir="0" index="0" bw="1" slack="1"/>
<pin id="3871" dir="1" index="1" bw="1" slack="1"/>
</pin_list>
<bind>
<opset="icmp_ln318_16 "/>
</bind>
</comp>

<comp id="3874" class="1005" name="icmp_ln318_17_reg_3874">
<pin_list>
<pin id="3875" dir="0" index="0" bw="1" slack="1"/>
<pin id="3876" dir="1" index="1" bw="1" slack="1"/>
</pin_list>
<bind>
<opset="icmp_ln318_17 "/>
</bind>
</comp>

<comp id="3880" class="1005" name="x_l_I_V_32_reg_3880">
<pin_list>
<pin id="3881" dir="0" index="0" bw="19" slack="1"/>
<pin id="3882" dir="1" index="1" bw="19" slack="1"/>
</pin_list>
<bind>
<opset="x_l_I_V_32 "/>
</bind>
</comp>

<comp id="3885" class="1005" name="icmp_ln1494_4_reg_3885">
<pin_list>
<pin id="3886" dir="0" index="0" bw="1" slack="1"/>
<pin id="3887" dir="1" index="1" bw="1" slack="1"/>
</pin_list>
<bind>
<opset="icmp_ln1494_4 "/>
</bind>
</comp>

<comp id="3890" class="1005" name="x_l_I_V_33_reg_3890">
<pin_list>
<pin id="3891" dir="0" index="0" bw="19" slack="1"/>
<pin id="3892" dir="1" index="1" bw="19" slack="1"/>
</pin_list>
<bind>
<opset="x_l_I_V_33 "/>
</bind>
</comp>

<comp id="3895" class="1005" name="x_l_FH_V_33_reg_3895">
<pin_list>
<pin id="3896" dir="0" index="0" bw="17" slack="1"/>
<pin id="3897" dir="1" index="1" bw="17" slack="1"/>
</pin_list>
<bind>
<opset="x_l_FH_V_33 "/>
</bind>
</comp>

<comp id="3900" class="1005" name="and_ln318_5_reg_3900">
<pin_list>
<pin id="3901" dir="0" index="0" bw="1" slack="1"/>
<pin id="3902" dir="1" index="1" bw="1" slack="1"/>
</pin_list>
<bind>
<opset="and_ln318_5 "/>
</bind>
</comp>

<comp id="3907" class="1005" name="x_l_FH_V_34_reg_3907">
<pin_list>
<pin id="3908" dir="0" index="0" bw="17" slack="4"/>
<pin id="3909" dir="1" index="1" bw="17" slack="4"/>
</pin_list>
<bind>
<opset="x_l_FH_V_34 "/>
</bind>
</comp>

<comp id="3914" class="1005" name="x_l_I_V_88_reg_3914">
<pin_list>
<pin id="3915" dir="0" index="0" bw="19" slack="1"/>
<pin id="3916" dir="1" index="1" bw="19" slack="1"/>
</pin_list>
<bind>
<opset="x_l_I_V_88 "/>
</bind>
</comp>

<comp id="3919" class="1005" name="x_l_I_V_89_reg_3919">
<pin_list>
<pin id="3920" dir="0" index="0" bw="19" slack="1"/>
<pin id="3921" dir="1" index="1" bw="19" slack="1"/>
</pin_list>
<bind>
<opset="x_l_I_V_89 "/>
</bind>
</comp>

<comp id="3928" class="1005" name="res_FH_V_37_reg_3928">
<pin_list>
<pin id="3929" dir="0" index="0" bw="17" slack="6"/>
<pin id="3930" dir="1" index="1" bw="17" slack="6"/>
</pin_list>
<bind>
<opset="res_FH_V_37 "/>
</bind>
</comp>

<comp id="3934" class="1005" name="p_Result_24_reg_3934">
<pin_list>
<pin id="3935" dir="0" index="0" bw="6" slack="1"/>
<pin id="3936" dir="1" index="1" bw="6" slack="1"/>
</pin_list>
<bind>
<opset="p_Result_24 "/>
</bind>
</comp>

<comp id="3939" class="1005" name="mul_FH_V_4_reg_3939">
<pin_list>
<pin id="3940" dir="0" index="0" bw="17" slack="1"/>
<pin id="3941" dir="1" index="1" bw="17" slack="1"/>
</pin_list>
<bind>
<opset="mul_FH_V_4 "/>
</bind>
</comp>

<comp id="3944" class="1005" name="zext_ln318_5_reg_3944">
<pin_list>
<pin id="3945" dir="0" index="0" bw="19" slack="2"/>
<pin id="3946" dir="1" index="1" bw="19" slack="2"/>
</pin_list>
<bind>
<opset="zext_ln318_5 "/>
</bind>
</comp>

<comp id="3949" class="1005" name="icmp_ln318_18_reg_3949">
<pin_list>
<pin id="3950" dir="0" index="0" bw="1" slack="1"/>
<pin id="3951" dir="1" index="1" bw="1" slack="1"/>
</pin_list>
<bind>
<opset="icmp_ln318_18 "/>
</bind>
</comp>

<comp id="3954" class="1005" name="icmp_ln318_19_reg_3954">
<pin_list>
<pin id="3955" dir="0" index="0" bw="1" slack="1"/>
<pin id="3956" dir="1" index="1" bw="1" slack="1"/>
</pin_list>
<bind>
<opset="icmp_ln318_19 "/>
</bind>
</comp>

<comp id="3960" class="1005" name="x_l_I_V_36_reg_3960">
<pin_list>
<pin id="3961" dir="0" index="0" bw="19" slack="1"/>
<pin id="3962" dir="1" index="1" bw="19" slack="1"/>
</pin_list>
<bind>
<opset="x_l_I_V_36 "/>
</bind>
</comp>

<comp id="3965" class="1005" name="icmp_ln1494_5_reg_3965">
<pin_list>
<pin id="3966" dir="0" index="0" bw="1" slack="1"/>
<pin id="3967" dir="1" index="1" bw="1" slack="1"/>
</pin_list>
<bind>
<opset="icmp_ln1494_5 "/>
</bind>
</comp>

<comp id="3970" class="1005" name="x_l_I_V_37_reg_3970">
<pin_list>
<pin id="3971" dir="0" index="0" bw="19" slack="1"/>
<pin id="3972" dir="1" index="1" bw="19" slack="1"/>
</pin_list>
<bind>
<opset="x_l_I_V_37 "/>
</bind>
</comp>

<comp id="3975" class="1005" name="x_l_FH_V_35_reg_3975">
<pin_list>
<pin id="3976" dir="0" index="0" bw="17" slack="1"/>
<pin id="3977" dir="1" index="1" bw="17" slack="1"/>
</pin_list>
<bind>
<opset="x_l_FH_V_35 "/>
</bind>
</comp>

<comp id="3980" class="1005" name="and_ln318_6_reg_3980">
<pin_list>
<pin id="3981" dir="0" index="0" bw="1" slack="1"/>
<pin id="3982" dir="1" index="1" bw="1" slack="1"/>
</pin_list>
<bind>
<opset="and_ln318_6 "/>
</bind>
</comp>

<comp id="3987" class="1005" name="x_l_FH_V_36_reg_3987">
<pin_list>
<pin id="3988" dir="0" index="0" bw="17" slack="4"/>
<pin id="3989" dir="1" index="1" bw="17" slack="4"/>
</pin_list>
<bind>
<opset="x_l_FH_V_36 "/>
</bind>
</comp>

<comp id="3994" class="1005" name="x_l_I_V_90_reg_3994">
<pin_list>
<pin id="3995" dir="0" index="0" bw="19" slack="1"/>
<pin id="3996" dir="1" index="1" bw="19" slack="1"/>
</pin_list>
<bind>
<opset="x_l_I_V_90 "/>
</bind>
</comp>

<comp id="3999" class="1005" name="x_l_I_V_91_reg_3999">
<pin_list>
<pin id="4000" dir="0" index="0" bw="19" slack="1"/>
<pin id="4001" dir="1" index="1" bw="19" slack="1"/>
</pin_list>
<bind>
<opset="x_l_I_V_91 "/>
</bind>
</comp>

<comp id="4008" class="1005" name="res_FH_V_38_reg_4008">
<pin_list>
<pin id="4009" dir="0" index="0" bw="17" slack="6"/>
<pin id="4010" dir="1" index="1" bw="17" slack="6"/>
</pin_list>
<bind>
<opset="res_FH_V_38 "/>
</bind>
</comp>

<comp id="4014" class="1005" name="p_Result_25_reg_4014">
<pin_list>
<pin id="4015" dir="0" index="0" bw="7" slack="1"/>
<pin id="4016" dir="1" index="1" bw="7" slack="1"/>
</pin_list>
<bind>
<opset="p_Result_25 "/>
</bind>
</comp>

<comp id="4019" class="1005" name="mul_FH_V_5_reg_4019">
<pin_list>
<pin id="4020" dir="0" index="0" bw="17" slack="2"/>
<pin id="4021" dir="1" index="1" bw="17" slack="2"/>
</pin_list>
<bind>
<opset="mul_FH_V_5 "/>
</bind>
</comp>

<comp id="4024" class="1005" name="icmp_ln318_21_reg_4024">
<pin_list>
<pin id="4025" dir="0" index="0" bw="1" slack="1"/>
<pin id="4026" dir="1" index="1" bw="1" slack="1"/>
</pin_list>
<bind>
<opset="icmp_ln318_21 "/>
</bind>
</comp>

<comp id="4030" class="1005" name="x_l_I_V_40_reg_4030">
<pin_list>
<pin id="4031" dir="0" index="0" bw="19" slack="1"/>
<pin id="4032" dir="1" index="1" bw="19" slack="1"/>
</pin_list>
<bind>
<opset="x_l_I_V_40 "/>
</bind>
</comp>

<comp id="4035" class="1005" name="x_l_I_V_41_reg_4035">
<pin_list>
<pin id="4036" dir="0" index="0" bw="19" slack="1"/>
<pin id="4037" dir="1" index="1" bw="19" slack="1"/>
</pin_list>
<bind>
<opset="x_l_I_V_41 "/>
</bind>
</comp>

<comp id="4040" class="1005" name="zext_ln318_6_reg_4040">
<pin_list>
<pin id="4041" dir="0" index="0" bw="19" slack="1"/>
<pin id="4042" dir="1" index="1" bw="19" slack="1"/>
</pin_list>
<bind>
<opset="zext_ln318_6 "/>
</bind>
</comp>

<comp id="4045" class="1005" name="icmp_ln318_20_reg_4045">
<pin_list>
<pin id="4046" dir="0" index="0" bw="1" slack="1"/>
<pin id="4047" dir="1" index="1" bw="1" slack="1"/>
</pin_list>
<bind>
<opset="icmp_ln318_20 "/>
</bind>
</comp>

<comp id="4050" class="1005" name="icmp_ln1494_6_reg_4050">
<pin_list>
<pin id="4051" dir="0" index="0" bw="1" slack="1"/>
<pin id="4052" dir="1" index="1" bw="1" slack="1"/>
</pin_list>
<bind>
<opset="icmp_ln1494_6 "/>
</bind>
</comp>

<comp id="4055" class="1005" name="x_l_I_V_92_reg_4055">
<pin_list>
<pin id="4056" dir="0" index="0" bw="19" slack="1"/>
<pin id="4057" dir="1" index="1" bw="19" slack="1"/>
</pin_list>
<bind>
<opset="x_l_I_V_92 "/>
</bind>
</comp>

<comp id="4060" class="1005" name="x_l_FH_V_37_reg_4060">
<pin_list>
<pin id="4061" dir="0" index="0" bw="17" slack="1"/>
<pin id="4062" dir="1" index="1" bw="17" slack="1"/>
</pin_list>
<bind>
<opset="x_l_FH_V_37 "/>
</bind>
</comp>

<comp id="4065" class="1005" name="and_ln318_7_reg_4065">
<pin_list>
<pin id="4066" dir="0" index="0" bw="1" slack="1"/>
<pin id="4067" dir="1" index="1" bw="1" slack="1"/>
</pin_list>
<bind>
<opset="and_ln318_7 "/>
</bind>
</comp>

<comp id="4072" class="1005" name="x_l_FH_V_38_reg_4072">
<pin_list>
<pin id="4073" dir="0" index="0" bw="17" slack="2"/>
<pin id="4074" dir="1" index="1" bw="17" slack="2"/>
</pin_list>
<bind>
<opset="x_l_FH_V_38 "/>
</bind>
</comp>

<comp id="4079" class="1005" name="x_l_I_V_93_reg_4079">
<pin_list>
<pin id="4080" dir="0" index="0" bw="19" slack="1"/>
<pin id="4081" dir="1" index="1" bw="19" slack="1"/>
</pin_list>
<bind>
<opset="x_l_I_V_93 "/>
</bind>
</comp>

<comp id="4088" class="1005" name="res_FH_V_39_reg_4088">
<pin_list>
<pin id="4089" dir="0" index="0" bw="17" slack="4"/>
<pin id="4090" dir="1" index="1" bw="17" slack="4"/>
</pin_list>
<bind>
<opset="res_FH_V_39 "/>
</bind>
</comp>

<comp id="4094" class="1005" name="p_Result_26_reg_4094">
<pin_list>
<pin id="4095" dir="0" index="0" bw="8" slack="1"/>
<pin id="4096" dir="1" index="1" bw="8" slack="1"/>
</pin_list>
<bind>
<opset="p_Result_26 "/>
</bind>
</comp>

<comp id="4099" class="1005" name="mul_FH_V_6_reg_4099">
<pin_list>
<pin id="4100" dir="0" index="0" bw="17" slack="1"/>
<pin id="4101" dir="1" index="1" bw="17" slack="1"/>
</pin_list>
<bind>
<opset="mul_FH_V_6 "/>
</bind>
</comp>

<comp id="4104" class="1005" name="icmp_ln318_23_reg_4104">
<pin_list>
<pin id="4105" dir="0" index="0" bw="1" slack="1"/>
<pin id="4106" dir="1" index="1" bw="1" slack="1"/>
</pin_list>
<bind>
<opset="icmp_ln318_23 "/>
</bind>
</comp>

<comp id="4110" class="1005" name="x_l_I_V_44_reg_4110">
<pin_list>
<pin id="4111" dir="0" index="0" bw="19" slack="1"/>
<pin id="4112" dir="1" index="1" bw="19" slack="1"/>
</pin_list>
<bind>
<opset="x_l_I_V_44 "/>
</bind>
</comp>

<comp id="4115" class="1005" name="zext_ln318_7_reg_4115">
<pin_list>
<pin id="4116" dir="0" index="0" bw="19" slack="1"/>
<pin id="4117" dir="1" index="1" bw="19" slack="1"/>
</pin_list>
<bind>
<opset="zext_ln318_7 "/>
</bind>
</comp>

<comp id="4120" class="1005" name="icmp_ln318_22_reg_4120">
<pin_list>
<pin id="4121" dir="0" index="0" bw="1" slack="1"/>
<pin id="4122" dir="1" index="1" bw="1" slack="1"/>
</pin_list>
<bind>
<opset="icmp_ln318_22 "/>
</bind>
</comp>

<comp id="4125" class="1005" name="x_l_I_V_45_reg_4125">
<pin_list>
<pin id="4126" dir="0" index="0" bw="19" slack="1"/>
<pin id="4127" dir="1" index="1" bw="19" slack="1"/>
</pin_list>
<bind>
<opset="x_l_I_V_45 "/>
</bind>
</comp>

<comp id="4130" class="1005" name="icmp_ln1494_7_reg_4130">
<pin_list>
<pin id="4131" dir="0" index="0" bw="1" slack="1"/>
<pin id="4132" dir="1" index="1" bw="1" slack="1"/>
</pin_list>
<bind>
<opset="icmp_ln1494_7 "/>
</bind>
</comp>

<comp id="4135" class="1005" name="x_l_FH_V_39_reg_4135">
<pin_list>
<pin id="4136" dir="0" index="0" bw="17" slack="1"/>
<pin id="4137" dir="1" index="1" bw="17" slack="1"/>
</pin_list>
<bind>
<opset="x_l_FH_V_39 "/>
</bind>
</comp>

<comp id="4140" class="1005" name="and_ln318_8_reg_4140">
<pin_list>
<pin id="4141" dir="0" index="0" bw="1" slack="1"/>
<pin id="4142" dir="1" index="1" bw="1" slack="1"/>
</pin_list>
<bind>
<opset="and_ln318_8 "/>
</bind>
</comp>

<comp id="4147" class="1005" name="x_l_I_V_94_reg_4147">
<pin_list>
<pin id="4148" dir="0" index="0" bw="19" slack="1"/>
<pin id="4149" dir="1" index="1" bw="19" slack="1"/>
</pin_list>
<bind>
<opset="x_l_I_V_94 "/>
</bind>
</comp>

<comp id="4152" class="1005" name="res_FH_V_reg_4152">
<pin_list>
<pin id="4153" dir="0" index="0" bw="17" slack="4"/>
<pin id="4154" dir="1" index="1" bw="17" slack="4"/>
</pin_list>
<bind>
<opset="res_FH_V "/>
</bind>
</comp>

<comp id="4158" class="1005" name="x_l_FH_V_40_reg_4158">
<pin_list>
<pin id="4159" dir="0" index="0" bw="17" slack="1"/>
<pin id="4160" dir="1" index="1" bw="17" slack="1"/>
</pin_list>
<bind>
<opset="x_l_FH_V_40 "/>
</bind>
</comp>

<comp id="4166" class="1005" name="p_Result_27_reg_4166">
<pin_list>
<pin id="4167" dir="0" index="0" bw="9" slack="1"/>
<pin id="4168" dir="1" index="1" bw="9" slack="1"/>
</pin_list>
<bind>
<opset="p_Result_27 "/>
</bind>
</comp>

<comp id="4171" class="1005" name="x_l_I_V_95_reg_4171">
<pin_list>
<pin id="4172" dir="0" index="0" bw="19" slack="1"/>
<pin id="4173" dir="1" index="1" bw="19" slack="1"/>
</pin_list>
<bind>
<opset="x_l_I_V_95 "/>
</bind>
</comp>

<comp id="4180" class="1005" name="icmp_ln1494_9_reg_4180">
<pin_list>
<pin id="4181" dir="0" index="0" bw="1" slack="2"/>
<pin id="4182" dir="1" index="1" bw="1" slack="2"/>
</pin_list>
<bind>
<opset="icmp_ln1494_9 "/>
</bind>
</comp>

<comp id="4185" class="1005" name="icmp_ln331_reg_4185">
<pin_list>
<pin id="4186" dir="0" index="0" bw="1" slack="3"/>
<pin id="4187" dir="1" index="1" bw="1" slack="3"/>
</pin_list>
<bind>
<opset="icmp_ln331 "/>
</bind>
</comp>

<comp id="4190" class="1005" name="xor_ln703_reg_4190">
<pin_list>
<pin id="4191" dir="0" index="0" bw="17" slack="1"/>
<pin id="4192" dir="1" index="1" bw="17" slack="1"/>
</pin_list>
<bind>
<opset="xor_ln703 "/>
</bind>
</comp>

<comp id="4195" class="1005" name="icmp_ln1494_8_reg_4195">
<pin_list>
<pin id="4196" dir="0" index="0" bw="1" slack="1"/>
<pin id="4197" dir="1" index="1" bw="1" slack="1"/>
</pin_list>
<bind>
<opset="icmp_ln1494_8 "/>
</bind>
</comp>

<comp id="4200" class="1005" name="icmp_ln1498_reg_4200">
<pin_list>
<pin id="4201" dir="0" index="0" bw="1" slack="1"/>
<pin id="4202" dir="1" index="1" bw="1" slack="1"/>
</pin_list>
<bind>
<opset="icmp_ln1498 "/>
</bind>
</comp>

<comp id="4205" class="1005" name="x_l_I_V_48_reg_4205">
<pin_list>
<pin id="4206" dir="0" index="0" bw="19" slack="1"/>
<pin id="4207" dir="1" index="1" bw="19" slack="1"/>
</pin_list>
<bind>
<opset="x_l_I_V_48 "/>
</bind>
</comp>

<comp id="4210" class="1005" name="x_l_FH_V_41_reg_4210">
<pin_list>
<pin id="4211" dir="0" index="0" bw="17" slack="1"/>
<pin id="4212" dir="1" index="1" bw="17" slack="1"/>
</pin_list>
<bind>
<opset="x_l_FH_V_41 "/>
</bind>
</comp>

<comp id="4215" class="1005" name="or_ln318_16_reg_4215">
<pin_list>
<pin id="4216" dir="0" index="0" bw="1" slack="1"/>
<pin id="4217" dir="1" index="1" bw="1" slack="1"/>
</pin_list>
<bind>
<opset="or_ln318_16 "/>
</bind>
</comp>

<comp id="4223" class="1005" name="res_FH_V_40_reg_4223">
<pin_list>
<pin id="4224" dir="0" index="0" bw="17" slack="5"/>
<pin id="4225" dir="1" index="1" bw="17" slack="5"/>
</pin_list>
<bind>
<opset="res_FH_V_40 "/>
</bind>
</comp>

<comp id="4229" class="1005" name="x_l_FL_V_15_reg_4229">
<pin_list>
<pin id="4230" dir="0" index="0" bw="17" slack="1"/>
<pin id="4231" dir="1" index="1" bw="17" slack="1"/>
</pin_list>
<bind>
<opset="x_l_FL_V_15 "/>
</bind>
</comp>

<comp id="4236" class="1005" name="x_l_FH_V_42_reg_4236">
<pin_list>
<pin id="4237" dir="0" index="0" bw="17" slack="1"/>
<pin id="4238" dir="1" index="1" bw="17" slack="1"/>
</pin_list>
<bind>
<opset="x_l_FH_V_42 "/>
</bind>
</comp>

<comp id="4245" class="1005" name="x_l_I_V_97_reg_4245">
<pin_list>
<pin id="4246" dir="0" index="0" bw="19" slack="1"/>
<pin id="4247" dir="1" index="1" bw="19" slack="1"/>
</pin_list>
<bind>
<opset="x_l_I_V_97 "/>
</bind>
</comp>

<comp id="4253" class="1005" name="tmp_s_reg_4253">
<pin_list>
<pin id="4254" dir="0" index="0" bw="2" slack="1"/>
<pin id="4255" dir="1" index="1" bw="2" slack="1"/>
</pin_list>
<bind>
<opset="tmp_s "/>
</bind>
</comp>

<comp id="4258" class="1005" name="tmp_20_reg_4258">
<pin_list>
<pin id="4259" dir="0" index="0" bw="8" slack="1"/>
<pin id="4260" dir="1" index="1" bw="8" slack="1"/>
</pin_list>
<bind>
<opset="tmp_20 "/>
</bind>
</comp>

<comp id="4263" class="1005" name="mul_FH_V_8_reg_4263">
<pin_list>
<pin id="4264" dir="0" index="0" bw="17" slack="1"/>
<pin id="4265" dir="1" index="1" bw="17" slack="1"/>
</pin_list>
<bind>
<opset="mul_FH_V_8 "/>
</bind>
</comp>

<comp id="4269" class="1005" name="mul_FL_V_reg_4269">
<pin_list>
<pin id="4270" dir="0" index="0" bw="17" slack="1"/>
<pin id="4271" dir="1" index="1" bw="17" slack="1"/>
</pin_list>
<bind>
<opset="mul_FL_V "/>
</bind>
</comp>

<comp id="4274" class="1005" name="icmp_ln318_8_reg_4274">
<pin_list>
<pin id="4275" dir="0" index="0" bw="1" slack="1"/>
<pin id="4276" dir="1" index="1" bw="1" slack="1"/>
</pin_list>
<bind>
<opset="icmp_ln318_8 "/>
</bind>
</comp>

<comp id="4280" class="1005" name="delta_V_reg_4280">
<pin_list>
<pin id="4281" dir="0" index="0" bw="1" slack="1"/>
<pin id="4282" dir="1" index="1" bw="1" slack="1"/>
</pin_list>
<bind>
<opset="delta_V "/>
</bind>
</comp>

<comp id="4287" class="1005" name="icmp_ln1498_1_reg_4287">
<pin_list>
<pin id="4288" dir="0" index="0" bw="1" slack="1"/>
<pin id="4289" dir="1" index="1" bw="1" slack="1"/>
</pin_list>
<bind>
<opset="icmp_ln1498_1 "/>
</bind>
</comp>

<comp id="4292" class="1005" name="icmp_ln1494_10_reg_4292">
<pin_list>
<pin id="4293" dir="0" index="0" bw="1" slack="1"/>
<pin id="4294" dir="1" index="1" bw="1" slack="1"/>
</pin_list>
<bind>
<opset="icmp_ln1494_10 "/>
</bind>
</comp>

<comp id="4297" class="1005" name="icmp_ln1495_reg_4297">
<pin_list>
<pin id="4298" dir="0" index="0" bw="1" slack="1"/>
<pin id="4299" dir="1" index="1" bw="1" slack="1"/>
</pin_list>
<bind>
<opset="icmp_ln1495 "/>
</bind>
</comp>

<comp id="4302" class="1005" name="p_neg168_reg_4302">
<pin_list>
<pin id="4303" dir="0" index="0" bw="17" slack="1"/>
<pin id="4304" dir="1" index="1" bw="17" slack="1"/>
</pin_list>
<bind>
<opset="p_neg168 "/>
</bind>
</comp>

<comp id="4307" class="1005" name="x_l_I_V_51_reg_4307">
<pin_list>
<pin id="4308" dir="0" index="0" bw="19" slack="1"/>
<pin id="4309" dir="1" index="1" bw="19" slack="1"/>
</pin_list>
<bind>
<opset="x_l_I_V_51 "/>
</bind>
</comp>

<comp id="4312" class="1005" name="x_l_FL_V_reg_4312">
<pin_list>
<pin id="4313" dir="0" index="0" bw="17" slack="1"/>
<pin id="4314" dir="1" index="1" bw="17" slack="1"/>
</pin_list>
<bind>
<opset="x_l_FL_V "/>
</bind>
</comp>

<comp id="4317" class="1005" name="and_ln318_10_reg_4317">
<pin_list>
<pin id="4318" dir="0" index="0" bw="1" slack="1"/>
<pin id="4319" dir="1" index="1" bw="1" slack="1"/>
</pin_list>
<bind>
<opset="and_ln318_10 "/>
</bind>
</comp>

<comp id="4325" class="1005" name="x_l_I_V_98_reg_4325">
<pin_list>
<pin id="4326" dir="0" index="0" bw="19" slack="1"/>
<pin id="4327" dir="1" index="1" bw="19" slack="1"/>
</pin_list>
<bind>
<opset="x_l_I_V_98 "/>
</bind>
</comp>

<comp id="4330" class="1005" name="x_l_FL_V_16_reg_4330">
<pin_list>
<pin id="4331" dir="0" index="0" bw="17" slack="3"/>
<pin id="4332" dir="1" index="1" bw="17" slack="3"/>
</pin_list>
<bind>
<opset="x_l_FL_V_16 "/>
</bind>
</comp>

<comp id="4337" class="1005" name="sub_ln703_reg_4337">
<pin_list>
<pin id="4338" dir="0" index="0" bw="17" slack="1"/>
<pin id="4339" dir="1" index="1" bw="17" slack="1"/>
</pin_list>
<bind>
<opset="sub_ln703 "/>
</bind>
</comp>

<comp id="4342" class="1005" name="x_l_I_V_99_reg_4342">
<pin_list>
<pin id="4343" dir="0" index="0" bw="19" slack="3"/>
<pin id="4344" dir="1" index="1" bw="19" slack="3"/>
</pin_list>
<bind>
<opset="x_l_I_V_99 "/>
</bind>
</comp>

<comp id="4350" class="1005" name="res_FH_V_41_reg_4350">
<pin_list>
<pin id="4351" dir="0" index="0" bw="17" slack="5"/>
<pin id="4352" dir="1" index="1" bw="17" slack="5"/>
</pin_list>
<bind>
<opset="res_FH_V_41 "/>
</bind>
</comp>

<comp id="4356" class="1005" name="tmp_7_reg_4356">
<pin_list>
<pin id="4357" dir="0" index="0" bw="4" slack="1"/>
<pin id="4358" dir="1" index="1" bw="4" slack="1"/>
</pin_list>
<bind>
<opset="tmp_7 "/>
</bind>
</comp>

<comp id="4361" class="1005" name="tmp_21_reg_4361">
<pin_list>
<pin id="4362" dir="0" index="0" bw="7" slack="3"/>
<pin id="4363" dir="1" index="1" bw="7" slack="3"/>
</pin_list>
<bind>
<opset="tmp_21 "/>
</bind>
</comp>

<comp id="4366" class="1005" name="x_l_FH_V_43_reg_4366">
<pin_list>
<pin id="4367" dir="0" index="0" bw="17" slack="1"/>
<pin id="4368" dir="1" index="1" bw="17" slack="1"/>
</pin_list>
<bind>
<opset="x_l_FH_V_43 "/>
</bind>
</comp>

<comp id="4371" class="1005" name="mul_FL_V_1_reg_4371">
<pin_list>
<pin id="4372" dir="0" index="0" bw="17" slack="2"/>
<pin id="4373" dir="1" index="1" bw="17" slack="2"/>
</pin_list>
<bind>
<opset="mul_FL_V_1 "/>
</bind>
</comp>

<comp id="4376" class="1005" name="delta_V_1_reg_4376">
<pin_list>
<pin id="4377" dir="0" index="0" bw="1" slack="1"/>
<pin id="4378" dir="1" index="1" bw="1" slack="1"/>
</pin_list>
<bind>
<opset="delta_V_1 "/>
</bind>
</comp>

<comp id="4383" class="1005" name="x_l_FH_V_44_reg_4383">
<pin_list>
<pin id="4384" dir="0" index="0" bw="17" slack="1"/>
<pin id="4385" dir="1" index="1" bw="17" slack="1"/>
</pin_list>
<bind>
<opset="x_l_FH_V_44 "/>
</bind>
</comp>

<comp id="4392" class="1005" name="p_neg169_reg_4392">
<pin_list>
<pin id="4393" dir="0" index="0" bw="17" slack="1"/>
<pin id="4394" dir="1" index="1" bw="17" slack="1"/>
</pin_list>
<bind>
<opset="p_neg169 "/>
</bind>
</comp>

<comp id="4397" class="1005" name="mul_FH_V_9_reg_4397">
<pin_list>
<pin id="4398" dir="0" index="0" bw="17" slack="1"/>
<pin id="4399" dir="1" index="1" bw="17" slack="1"/>
</pin_list>
<bind>
<opset="mul_FH_V_9 "/>
</bind>
</comp>

<comp id="4402" class="1005" name="icmp_ln318_9_reg_4402">
<pin_list>
<pin id="4403" dir="0" index="0" bw="1" slack="1"/>
<pin id="4404" dir="1" index="1" bw="1" slack="1"/>
</pin_list>
<bind>
<opset="icmp_ln318_9 "/>
</bind>
</comp>

<comp id="4408" class="1005" name="icmp_ln1495_1_reg_4408">
<pin_list>
<pin id="4409" dir="0" index="0" bw="1" slack="1"/>
<pin id="4410" dir="1" index="1" bw="1" slack="1"/>
</pin_list>
<bind>
<opset="icmp_ln1495_1 "/>
</bind>
</comp>

<comp id="4413" class="1005" name="x_l_I_V_54_reg_4413">
<pin_list>
<pin id="4414" dir="0" index="0" bw="19" slack="1"/>
<pin id="4415" dir="1" index="1" bw="19" slack="1"/>
</pin_list>
<bind>
<opset="x_l_I_V_54 "/>
</bind>
</comp>

<comp id="4418" class="1005" name="icmp_ln1498_2_reg_4418">
<pin_list>
<pin id="4419" dir="0" index="0" bw="1" slack="1"/>
<pin id="4420" dir="1" index="1" bw="1" slack="1"/>
</pin_list>
<bind>
<opset="icmp_ln1498_2 "/>
</bind>
</comp>

<comp id="4423" class="1005" name="icmp_ln1494_11_reg_4423">
<pin_list>
<pin id="4424" dir="0" index="0" bw="1" slack="1"/>
<pin id="4425" dir="1" index="1" bw="1" slack="1"/>
</pin_list>
<bind>
<opset="icmp_ln1494_11 "/>
</bind>
</comp>

<comp id="4428" class="1005" name="x_l_I_V_100_reg_4428">
<pin_list>
<pin id="4429" dir="0" index="0" bw="19" slack="1"/>
<pin id="4430" dir="1" index="1" bw="19" slack="1"/>
</pin_list>
<bind>
<opset="x_l_I_V_100 "/>
</bind>
</comp>

<comp id="4433" class="1005" name="sub_ln703_3_reg_4433">
<pin_list>
<pin id="4434" dir="0" index="0" bw="17" slack="1"/>
<pin id="4435" dir="1" index="1" bw="17" slack="1"/>
</pin_list>
<bind>
<opset="sub_ln703_3 "/>
</bind>
</comp>

<comp id="4438" class="1005" name="x_l_FL_V_3_reg_4438">
<pin_list>
<pin id="4439" dir="0" index="0" bw="17" slack="1"/>
<pin id="4440" dir="1" index="1" bw="17" slack="1"/>
</pin_list>
<bind>
<opset="x_l_FL_V_3 "/>
</bind>
</comp>

<comp id="4443" class="1005" name="and_ln318_12_reg_4443">
<pin_list>
<pin id="4444" dir="0" index="0" bw="1" slack="1"/>
<pin id="4445" dir="1" index="1" bw="1" slack="1"/>
</pin_list>
<bind>
<opset="and_ln318_12 "/>
</bind>
</comp>

<comp id="4451" class="1005" name="res_FH_V_42_reg_4451">
<pin_list>
<pin id="4452" dir="0" index="0" bw="17" slack="5"/>
<pin id="4453" dir="1" index="1" bw="17" slack="5"/>
</pin_list>
<bind>
<opset="res_FH_V_42 "/>
</bind>
</comp>

<comp id="4457" class="1005" name="x_l_FL_V_17_reg_4457">
<pin_list>
<pin id="4458" dir="0" index="0" bw="17" slack="1"/>
<pin id="4459" dir="1" index="1" bw="17" slack="1"/>
</pin_list>
<bind>
<opset="x_l_FL_V_17 "/>
</bind>
</comp>

<comp id="4464" class="1005" name="x_l_I_V_101_reg_4464">
<pin_list>
<pin id="4465" dir="0" index="0" bw="19" slack="2"/>
<pin id="4466" dir="1" index="1" bw="19" slack="2"/>
</pin_list>
<bind>
<opset="x_l_I_V_101 "/>
</bind>
</comp>

<comp id="4472" class="1005" name="tmp_9_reg_4472">
<pin_list>
<pin id="4473" dir="0" index="0" bw="6" slack="1"/>
<pin id="4474" dir="1" index="1" bw="6" slack="1"/>
</pin_list>
<bind>
<opset="tmp_9 "/>
</bind>
</comp>

<comp id="4477" class="1005" name="tmp_22_reg_4477">
<pin_list>
<pin id="4478" dir="0" index="0" bw="6" slack="3"/>
<pin id="4479" dir="1" index="1" bw="6" slack="3"/>
</pin_list>
<bind>
<opset="tmp_22 "/>
</bind>
</comp>

<comp id="4482" class="1005" name="x_l_FH_V_45_reg_4482">
<pin_list>
<pin id="4483" dir="0" index="0" bw="17" slack="1"/>
<pin id="4484" dir="1" index="1" bw="17" slack="1"/>
</pin_list>
<bind>
<opset="x_l_FH_V_45 "/>
</bind>
</comp>

<comp id="4487" class="1005" name="mul_FL_V_2_reg_4487">
<pin_list>
<pin id="4488" dir="0" index="0" bw="17" slack="2"/>
<pin id="4489" dir="1" index="1" bw="17" slack="2"/>
</pin_list>
<bind>
<opset="mul_FL_V_2 "/>
</bind>
</comp>

<comp id="4492" class="1005" name="delta_V_2_reg_4492">
<pin_list>
<pin id="4493" dir="0" index="0" bw="1" slack="1"/>
<pin id="4494" dir="1" index="1" bw="1" slack="1"/>
</pin_list>
<bind>
<opset="delta_V_2 "/>
</bind>
</comp>

<comp id="4499" class="1005" name="x_l_FH_V_46_reg_4499">
<pin_list>
<pin id="4500" dir="0" index="0" bw="17" slack="1"/>
<pin id="4501" dir="1" index="1" bw="17" slack="1"/>
</pin_list>
<bind>
<opset="x_l_FH_V_46 "/>
</bind>
</comp>

<comp id="4508" class="1005" name="p_neg170_reg_4508">
<pin_list>
<pin id="4509" dir="0" index="0" bw="17" slack="1"/>
<pin id="4510" dir="1" index="1" bw="17" slack="1"/>
</pin_list>
<bind>
<opset="p_neg170 "/>
</bind>
</comp>

<comp id="4513" class="1005" name="mul_FH_V_10_reg_4513">
<pin_list>
<pin id="4514" dir="0" index="0" bw="17" slack="1"/>
<pin id="4515" dir="1" index="1" bw="17" slack="1"/>
</pin_list>
<bind>
<opset="mul_FH_V_10 "/>
</bind>
</comp>

<comp id="4518" class="1005" name="icmp_ln318_10_reg_4518">
<pin_list>
<pin id="4519" dir="0" index="0" bw="1" slack="1"/>
<pin id="4520" dir="1" index="1" bw="1" slack="1"/>
</pin_list>
<bind>
<opset="icmp_ln318_10 "/>
</bind>
</comp>

<comp id="4524" class="1005" name="icmp_ln1495_2_reg_4524">
<pin_list>
<pin id="4525" dir="0" index="0" bw="1" slack="1"/>
<pin id="4526" dir="1" index="1" bw="1" slack="1"/>
</pin_list>
<bind>
<opset="icmp_ln1495_2 "/>
</bind>
</comp>

<comp id="4529" class="1005" name="x_l_I_V_57_reg_4529">
<pin_list>
<pin id="4530" dir="0" index="0" bw="19" slack="1"/>
<pin id="4531" dir="1" index="1" bw="19" slack="1"/>
</pin_list>
<bind>
<opset="x_l_I_V_57 "/>
</bind>
</comp>

<comp id="4534" class="1005" name="icmp_ln1498_3_reg_4534">
<pin_list>
<pin id="4535" dir="0" index="0" bw="1" slack="1"/>
<pin id="4536" dir="1" index="1" bw="1" slack="1"/>
</pin_list>
<bind>
<opset="icmp_ln1498_3 "/>
</bind>
</comp>

<comp id="4539" class="1005" name="icmp_ln1494_12_reg_4539">
<pin_list>
<pin id="4540" dir="0" index="0" bw="1" slack="1"/>
<pin id="4541" dir="1" index="1" bw="1" slack="1"/>
</pin_list>
<bind>
<opset="icmp_ln1494_12 "/>
</bind>
</comp>

<comp id="4544" class="1005" name="x_l_I_V_102_reg_4544">
<pin_list>
<pin id="4545" dir="0" index="0" bw="19" slack="1"/>
<pin id="4546" dir="1" index="1" bw="19" slack="1"/>
</pin_list>
<bind>
<opset="x_l_I_V_102 "/>
</bind>
</comp>

<comp id="4549" class="1005" name="sub_ln703_6_reg_4549">
<pin_list>
<pin id="4550" dir="0" index="0" bw="17" slack="1"/>
<pin id="4551" dir="1" index="1" bw="17" slack="1"/>
</pin_list>
<bind>
<opset="sub_ln703_6 "/>
</bind>
</comp>

<comp id="4554" class="1005" name="x_l_FL_V_5_reg_4554">
<pin_list>
<pin id="4555" dir="0" index="0" bw="17" slack="1"/>
<pin id="4556" dir="1" index="1" bw="17" slack="1"/>
</pin_list>
<bind>
<opset="x_l_FL_V_5 "/>
</bind>
</comp>

<comp id="4559" class="1005" name="and_ln318_14_reg_4559">
<pin_list>
<pin id="4560" dir="0" index="0" bw="1" slack="1"/>
<pin id="4561" dir="1" index="1" bw="1" slack="1"/>
</pin_list>
<bind>
<opset="and_ln318_14 "/>
</bind>
</comp>

<comp id="4567" class="1005" name="res_FH_V_43_reg_4567">
<pin_list>
<pin id="4568" dir="0" index="0" bw="17" slack="5"/>
<pin id="4569" dir="1" index="1" bw="17" slack="5"/>
</pin_list>
<bind>
<opset="res_FH_V_43 "/>
</bind>
</comp>

<comp id="4573" class="1005" name="x_l_FL_V_18_reg_4573">
<pin_list>
<pin id="4574" dir="0" index="0" bw="17" slack="1"/>
<pin id="4575" dir="1" index="1" bw="17" slack="1"/>
</pin_list>
<bind>
<opset="x_l_FL_V_18 "/>
</bind>
</comp>

<comp id="4580" class="1005" name="x_l_I_V_103_reg_4580">
<pin_list>
<pin id="4581" dir="0" index="0" bw="19" slack="2"/>
<pin id="4582" dir="1" index="1" bw="19" slack="2"/>
</pin_list>
<bind>
<opset="x_l_I_V_103 "/>
</bind>
</comp>

<comp id="4588" class="1005" name="tmp_10_reg_4588">
<pin_list>
<pin id="4589" dir="0" index="0" bw="8" slack="1"/>
<pin id="4590" dir="1" index="1" bw="8" slack="1"/>
</pin_list>
<bind>
<opset="tmp_10 "/>
</bind>
</comp>

<comp id="4593" class="1005" name="tmp_23_reg_4593">
<pin_list>
<pin id="4594" dir="0" index="0" bw="5" slack="3"/>
<pin id="4595" dir="1" index="1" bw="5" slack="3"/>
</pin_list>
<bind>
<opset="tmp_23 "/>
</bind>
</comp>

<comp id="4598" class="1005" name="x_l_FH_V_47_reg_4598">
<pin_list>
<pin id="4599" dir="0" index="0" bw="17" slack="1"/>
<pin id="4600" dir="1" index="1" bw="17" slack="1"/>
</pin_list>
<bind>
<opset="x_l_FH_V_47 "/>
</bind>
</comp>

<comp id="4603" class="1005" name="mul_FL_V_3_reg_4603">
<pin_list>
<pin id="4604" dir="0" index="0" bw="17" slack="2"/>
<pin id="4605" dir="1" index="1" bw="17" slack="2"/>
</pin_list>
<bind>
<opset="mul_FL_V_3 "/>
</bind>
</comp>

<comp id="4608" class="1005" name="delta_V_3_reg_4608">
<pin_list>
<pin id="4609" dir="0" index="0" bw="1" slack="1"/>
<pin id="4610" dir="1" index="1" bw="1" slack="1"/>
</pin_list>
<bind>
<opset="delta_V_3 "/>
</bind>
</comp>

<comp id="4615" class="1005" name="x_l_FH_V_48_reg_4615">
<pin_list>
<pin id="4616" dir="0" index="0" bw="17" slack="1"/>
<pin id="4617" dir="1" index="1" bw="17" slack="1"/>
</pin_list>
<bind>
<opset="x_l_FH_V_48 "/>
</bind>
</comp>

<comp id="4624" class="1005" name="p_neg171_reg_4624">
<pin_list>
<pin id="4625" dir="0" index="0" bw="17" slack="1"/>
<pin id="4626" dir="1" index="1" bw="17" slack="1"/>
</pin_list>
<bind>
<opset="p_neg171 "/>
</bind>
</comp>

<comp id="4629" class="1005" name="mul_FH_V_11_reg_4629">
<pin_list>
<pin id="4630" dir="0" index="0" bw="17" slack="1"/>
<pin id="4631" dir="1" index="1" bw="17" slack="1"/>
</pin_list>
<bind>
<opset="mul_FH_V_11 "/>
</bind>
</comp>

<comp id="4634" class="1005" name="icmp_ln318_11_reg_4634">
<pin_list>
<pin id="4635" dir="0" index="0" bw="1" slack="1"/>
<pin id="4636" dir="1" index="1" bw="1" slack="1"/>
</pin_list>
<bind>
<opset="icmp_ln318_11 "/>
</bind>
</comp>

<comp id="4640" class="1005" name="icmp_ln1495_3_reg_4640">
<pin_list>
<pin id="4641" dir="0" index="0" bw="1" slack="1"/>
<pin id="4642" dir="1" index="1" bw="1" slack="1"/>
</pin_list>
<bind>
<opset="icmp_ln1495_3 "/>
</bind>
</comp>

<comp id="4645" class="1005" name="x_l_I_V_60_reg_4645">
<pin_list>
<pin id="4646" dir="0" index="0" bw="19" slack="1"/>
<pin id="4647" dir="1" index="1" bw="19" slack="1"/>
</pin_list>
<bind>
<opset="x_l_I_V_60 "/>
</bind>
</comp>

<comp id="4650" class="1005" name="icmp_ln1498_4_reg_4650">
<pin_list>
<pin id="4651" dir="0" index="0" bw="1" slack="1"/>
<pin id="4652" dir="1" index="1" bw="1" slack="1"/>
</pin_list>
<bind>
<opset="icmp_ln1498_4 "/>
</bind>
</comp>

<comp id="4655" class="1005" name="icmp_ln1494_13_reg_4655">
<pin_list>
<pin id="4656" dir="0" index="0" bw="1" slack="1"/>
<pin id="4657" dir="1" index="1" bw="1" slack="1"/>
</pin_list>
<bind>
<opset="icmp_ln1494_13 "/>
</bind>
</comp>

<comp id="4660" class="1005" name="x_l_I_V_104_reg_4660">
<pin_list>
<pin id="4661" dir="0" index="0" bw="19" slack="1"/>
<pin id="4662" dir="1" index="1" bw="19" slack="1"/>
</pin_list>
<bind>
<opset="x_l_I_V_104 "/>
</bind>
</comp>

<comp id="4665" class="1005" name="sub_ln703_9_reg_4665">
<pin_list>
<pin id="4666" dir="0" index="0" bw="17" slack="1"/>
<pin id="4667" dir="1" index="1" bw="17" slack="1"/>
</pin_list>
<bind>
<opset="sub_ln703_9 "/>
</bind>
</comp>

<comp id="4670" class="1005" name="x_l_FL_V_7_reg_4670">
<pin_list>
<pin id="4671" dir="0" index="0" bw="17" slack="1"/>
<pin id="4672" dir="1" index="1" bw="17" slack="1"/>
</pin_list>
<bind>
<opset="x_l_FL_V_7 "/>
</bind>
</comp>

<comp id="4675" class="1005" name="and_ln318_16_reg_4675">
<pin_list>
<pin id="4676" dir="0" index="0" bw="1" slack="1"/>
<pin id="4677" dir="1" index="1" bw="1" slack="1"/>
</pin_list>
<bind>
<opset="and_ln318_16 "/>
</bind>
</comp>

<comp id="4683" class="1005" name="res_FH_V_44_reg_4683">
<pin_list>
<pin id="4684" dir="0" index="0" bw="17" slack="5"/>
<pin id="4685" dir="1" index="1" bw="17" slack="5"/>
</pin_list>
<bind>
<opset="res_FH_V_44 "/>
</bind>
</comp>

<comp id="4689" class="1005" name="x_l_FL_V_19_reg_4689">
<pin_list>
<pin id="4690" dir="0" index="0" bw="17" slack="1"/>
<pin id="4691" dir="1" index="1" bw="17" slack="1"/>
</pin_list>
<bind>
<opset="x_l_FL_V_19 "/>
</bind>
</comp>

<comp id="4696" class="1005" name="x_l_I_V_105_reg_4696">
<pin_list>
<pin id="4697" dir="0" index="0" bw="19" slack="2"/>
<pin id="4698" dir="1" index="1" bw="19" slack="2"/>
</pin_list>
<bind>
<opset="x_l_I_V_105 "/>
</bind>
</comp>

<comp id="4704" class="1005" name="tmp_11_reg_4704">
<pin_list>
<pin id="4705" dir="0" index="0" bw="10" slack="1"/>
<pin id="4706" dir="1" index="1" bw="10" slack="1"/>
</pin_list>
<bind>
<opset="tmp_11 "/>
</bind>
</comp>

<comp id="4709" class="1005" name="tmp_24_reg_4709">
<pin_list>
<pin id="4710" dir="0" index="0" bw="4" slack="3"/>
<pin id="4711" dir="1" index="1" bw="4" slack="3"/>
</pin_list>
<bind>
<opset="tmp_24 "/>
</bind>
</comp>

<comp id="4714" class="1005" name="x_l_FH_V_49_reg_4714">
<pin_list>
<pin id="4715" dir="0" index="0" bw="17" slack="1"/>
<pin id="4716" dir="1" index="1" bw="17" slack="1"/>
</pin_list>
<bind>
<opset="x_l_FH_V_49 "/>
</bind>
</comp>

<comp id="4719" class="1005" name="mul_FL_V_4_reg_4719">
<pin_list>
<pin id="4720" dir="0" index="0" bw="17" slack="2"/>
<pin id="4721" dir="1" index="1" bw="17" slack="2"/>
</pin_list>
<bind>
<opset="mul_FL_V_4 "/>
</bind>
</comp>

<comp id="4724" class="1005" name="delta_V_4_reg_4724">
<pin_list>
<pin id="4725" dir="0" index="0" bw="1" slack="1"/>
<pin id="4726" dir="1" index="1" bw="1" slack="1"/>
</pin_list>
<bind>
<opset="delta_V_4 "/>
</bind>
</comp>

<comp id="4731" class="1005" name="x_l_FH_V_50_reg_4731">
<pin_list>
<pin id="4732" dir="0" index="0" bw="17" slack="1"/>
<pin id="4733" dir="1" index="1" bw="17" slack="1"/>
</pin_list>
<bind>
<opset="x_l_FH_V_50 "/>
</bind>
</comp>

<comp id="4740" class="1005" name="p_neg172_reg_4740">
<pin_list>
<pin id="4741" dir="0" index="0" bw="17" slack="1"/>
<pin id="4742" dir="1" index="1" bw="17" slack="1"/>
</pin_list>
<bind>
<opset="p_neg172 "/>
</bind>
</comp>

<comp id="4745" class="1005" name="mul_FH_V_12_reg_4745">
<pin_list>
<pin id="4746" dir="0" index="0" bw="17" slack="1"/>
<pin id="4747" dir="1" index="1" bw="17" slack="1"/>
</pin_list>
<bind>
<opset="mul_FH_V_12 "/>
</bind>
</comp>

<comp id="4750" class="1005" name="icmp_ln318_12_reg_4750">
<pin_list>
<pin id="4751" dir="0" index="0" bw="1" slack="1"/>
<pin id="4752" dir="1" index="1" bw="1" slack="1"/>
</pin_list>
<bind>
<opset="icmp_ln318_12 "/>
</bind>
</comp>

<comp id="4756" class="1005" name="icmp_ln1495_4_reg_4756">
<pin_list>
<pin id="4757" dir="0" index="0" bw="1" slack="1"/>
<pin id="4758" dir="1" index="1" bw="1" slack="1"/>
</pin_list>
<bind>
<opset="icmp_ln1495_4 "/>
</bind>
</comp>

<comp id="4761" class="1005" name="x_l_I_V_63_reg_4761">
<pin_list>
<pin id="4762" dir="0" index="0" bw="19" slack="1"/>
<pin id="4763" dir="1" index="1" bw="19" slack="1"/>
</pin_list>
<bind>
<opset="x_l_I_V_63 "/>
</bind>
</comp>

<comp id="4766" class="1005" name="icmp_ln1498_5_reg_4766">
<pin_list>
<pin id="4767" dir="0" index="0" bw="1" slack="1"/>
<pin id="4768" dir="1" index="1" bw="1" slack="1"/>
</pin_list>
<bind>
<opset="icmp_ln1498_5 "/>
</bind>
</comp>

<comp id="4771" class="1005" name="icmp_ln1494_14_reg_4771">
<pin_list>
<pin id="4772" dir="0" index="0" bw="1" slack="1"/>
<pin id="4773" dir="1" index="1" bw="1" slack="1"/>
</pin_list>
<bind>
<opset="icmp_ln1494_14 "/>
</bind>
</comp>

<comp id="4776" class="1005" name="x_l_I_V_106_reg_4776">
<pin_list>
<pin id="4777" dir="0" index="0" bw="19" slack="1"/>
<pin id="4778" dir="1" index="1" bw="19" slack="1"/>
</pin_list>
<bind>
<opset="x_l_I_V_106 "/>
</bind>
</comp>

<comp id="4781" class="1005" name="sub_ln703_12_reg_4781">
<pin_list>
<pin id="4782" dir="0" index="0" bw="17" slack="1"/>
<pin id="4783" dir="1" index="1" bw="17" slack="1"/>
</pin_list>
<bind>
<opset="sub_ln703_12 "/>
</bind>
</comp>

<comp id="4786" class="1005" name="x_l_FL_V_9_reg_4786">
<pin_list>
<pin id="4787" dir="0" index="0" bw="17" slack="1"/>
<pin id="4788" dir="1" index="1" bw="17" slack="1"/>
</pin_list>
<bind>
<opset="x_l_FL_V_9 "/>
</bind>
</comp>

<comp id="4791" class="1005" name="and_ln318_18_reg_4791">
<pin_list>
<pin id="4792" dir="0" index="0" bw="1" slack="1"/>
<pin id="4793" dir="1" index="1" bw="1" slack="1"/>
</pin_list>
<bind>
<opset="and_ln318_18 "/>
</bind>
</comp>

<comp id="4799" class="1005" name="res_FH_V_45_reg_4799">
<pin_list>
<pin id="4800" dir="0" index="0" bw="17" slack="5"/>
<pin id="4801" dir="1" index="1" bw="17" slack="5"/>
</pin_list>
<bind>
<opset="res_FH_V_45 "/>
</bind>
</comp>

<comp id="4805" class="1005" name="x_l_FL_V_20_reg_4805">
<pin_list>
<pin id="4806" dir="0" index="0" bw="17" slack="1"/>
<pin id="4807" dir="1" index="1" bw="17" slack="1"/>
</pin_list>
<bind>
<opset="x_l_FL_V_20 "/>
</bind>
</comp>

<comp id="4812" class="1005" name="x_l_I_V_107_reg_4812">
<pin_list>
<pin id="4813" dir="0" index="0" bw="19" slack="2"/>
<pin id="4814" dir="1" index="1" bw="19" slack="2"/>
</pin_list>
<bind>
<opset="x_l_I_V_107 "/>
</bind>
</comp>

<comp id="4820" class="1005" name="tmp_12_reg_4820">
<pin_list>
<pin id="4821" dir="0" index="0" bw="12" slack="1"/>
<pin id="4822" dir="1" index="1" bw="12" slack="1"/>
</pin_list>
<bind>
<opset="tmp_12 "/>
</bind>
</comp>

<comp id="4825" class="1005" name="tmp_25_reg_4825">
<pin_list>
<pin id="4826" dir="0" index="0" bw="3" slack="3"/>
<pin id="4827" dir="1" index="1" bw="3" slack="3"/>
</pin_list>
<bind>
<opset="tmp_25 "/>
</bind>
</comp>

<comp id="4830" class="1005" name="x_l_FH_V_51_reg_4830">
<pin_list>
<pin id="4831" dir="0" index="0" bw="17" slack="1"/>
<pin id="4832" dir="1" index="1" bw="17" slack="1"/>
</pin_list>
<bind>
<opset="x_l_FH_V_51 "/>
</bind>
</comp>

<comp id="4835" class="1005" name="mul_FL_V_5_reg_4835">
<pin_list>
<pin id="4836" dir="0" index="0" bw="17" slack="2"/>
<pin id="4837" dir="1" index="1" bw="17" slack="2"/>
</pin_list>
<bind>
<opset="mul_FL_V_5 "/>
</bind>
</comp>

<comp id="4840" class="1005" name="delta_V_5_reg_4840">
<pin_list>
<pin id="4841" dir="0" index="0" bw="1" slack="1"/>
<pin id="4842" dir="1" index="1" bw="1" slack="1"/>
</pin_list>
<bind>
<opset="delta_V_5 "/>
</bind>
</comp>

<comp id="4847" class="1005" name="x_l_FH_V_52_reg_4847">
<pin_list>
<pin id="4848" dir="0" index="0" bw="17" slack="1"/>
<pin id="4849" dir="1" index="1" bw="17" slack="1"/>
</pin_list>
<bind>
<opset="x_l_FH_V_52 "/>
</bind>
</comp>

<comp id="4856" class="1005" name="p_neg173_reg_4856">
<pin_list>
<pin id="4857" dir="0" index="0" bw="17" slack="1"/>
<pin id="4858" dir="1" index="1" bw="17" slack="1"/>
</pin_list>
<bind>
<opset="p_neg173 "/>
</bind>
</comp>

<comp id="4861" class="1005" name="mul_FH_V_13_reg_4861">
<pin_list>
<pin id="4862" dir="0" index="0" bw="17" slack="1"/>
<pin id="4863" dir="1" index="1" bw="17" slack="1"/>
</pin_list>
<bind>
<opset="mul_FH_V_13 "/>
</bind>
</comp>

<comp id="4866" class="1005" name="icmp_ln318_13_reg_4866">
<pin_list>
<pin id="4867" dir="0" index="0" bw="1" slack="1"/>
<pin id="4868" dir="1" index="1" bw="1" slack="1"/>
</pin_list>
<bind>
<opset="icmp_ln318_13 "/>
</bind>
</comp>

<comp id="4872" class="1005" name="icmp_ln1495_5_reg_4872">
<pin_list>
<pin id="4873" dir="0" index="0" bw="1" slack="1"/>
<pin id="4874" dir="1" index="1" bw="1" slack="1"/>
</pin_list>
<bind>
<opset="icmp_ln1495_5 "/>
</bind>
</comp>

<comp id="4877" class="1005" name="x_l_I_V_66_reg_4877">
<pin_list>
<pin id="4878" dir="0" index="0" bw="19" slack="1"/>
<pin id="4879" dir="1" index="1" bw="19" slack="1"/>
</pin_list>
<bind>
<opset="x_l_I_V_66 "/>
</bind>
</comp>

<comp id="4882" class="1005" name="icmp_ln1498_6_reg_4882">
<pin_list>
<pin id="4883" dir="0" index="0" bw="1" slack="1"/>
<pin id="4884" dir="1" index="1" bw="1" slack="1"/>
</pin_list>
<bind>
<opset="icmp_ln1498_6 "/>
</bind>
</comp>

<comp id="4887" class="1005" name="icmp_ln1494_15_reg_4887">
<pin_list>
<pin id="4888" dir="0" index="0" bw="1" slack="1"/>
<pin id="4889" dir="1" index="1" bw="1" slack="1"/>
</pin_list>
<bind>
<opset="icmp_ln1494_15 "/>
</bind>
</comp>

<comp id="4892" class="1005" name="x_l_I_V_108_reg_4892">
<pin_list>
<pin id="4893" dir="0" index="0" bw="19" slack="1"/>
<pin id="4894" dir="1" index="1" bw="19" slack="1"/>
</pin_list>
<bind>
<opset="x_l_I_V_108 "/>
</bind>
</comp>

<comp id="4897" class="1005" name="sub_ln703_15_reg_4897">
<pin_list>
<pin id="4898" dir="0" index="0" bw="17" slack="1"/>
<pin id="4899" dir="1" index="1" bw="17" slack="1"/>
</pin_list>
<bind>
<opset="sub_ln703_15 "/>
</bind>
</comp>

<comp id="4902" class="1005" name="x_l_FL_V_11_reg_4902">
<pin_list>
<pin id="4903" dir="0" index="0" bw="17" slack="1"/>
<pin id="4904" dir="1" index="1" bw="17" slack="1"/>
</pin_list>
<bind>
<opset="x_l_FL_V_11 "/>
</bind>
</comp>

<comp id="4907" class="1005" name="and_ln318_20_reg_4907">
<pin_list>
<pin id="4908" dir="0" index="0" bw="1" slack="1"/>
<pin id="4909" dir="1" index="1" bw="1" slack="1"/>
</pin_list>
<bind>
<opset="and_ln318_20 "/>
</bind>
</comp>

<comp id="4915" class="1005" name="res_FH_V_46_reg_4915">
<pin_list>
<pin id="4916" dir="0" index="0" bw="17" slack="5"/>
<pin id="4917" dir="1" index="1" bw="17" slack="5"/>
</pin_list>
<bind>
<opset="res_FH_V_46 "/>
</bind>
</comp>

<comp id="4921" class="1005" name="x_l_FL_V_21_reg_4921">
<pin_list>
<pin id="4922" dir="0" index="0" bw="17" slack="1"/>
<pin id="4923" dir="1" index="1" bw="17" slack="1"/>
</pin_list>
<bind>
<opset="x_l_FL_V_21 "/>
</bind>
</comp>

<comp id="4928" class="1005" name="x_l_I_V_109_reg_4928">
<pin_list>
<pin id="4929" dir="0" index="0" bw="19" slack="2"/>
<pin id="4930" dir="1" index="1" bw="19" slack="2"/>
</pin_list>
<bind>
<opset="x_l_I_V_109 "/>
</bind>
</comp>

<comp id="4936" class="1005" name="tmp_13_reg_4936">
<pin_list>
<pin id="4937" dir="0" index="0" bw="14" slack="1"/>
<pin id="4938" dir="1" index="1" bw="14" slack="1"/>
</pin_list>
<bind>
<opset="tmp_13 "/>
</bind>
</comp>

<comp id="4941" class="1005" name="tmp_26_reg_4941">
<pin_list>
<pin id="4942" dir="0" index="0" bw="2" slack="3"/>
<pin id="4943" dir="1" index="1" bw="2" slack="3"/>
</pin_list>
<bind>
<opset="tmp_26 "/>
</bind>
</comp>

<comp id="4946" class="1005" name="x_l_FH_V_53_reg_4946">
<pin_list>
<pin id="4947" dir="0" index="0" bw="17" slack="1"/>
<pin id="4948" dir="1" index="1" bw="17" slack="1"/>
</pin_list>
<bind>
<opset="x_l_FH_V_53 "/>
</bind>
</comp>

<comp id="4951" class="1005" name="mul_FL_V_6_reg_4951">
<pin_list>
<pin id="4952" dir="0" index="0" bw="17" slack="3"/>
<pin id="4953" dir="1" index="1" bw="17" slack="3"/>
</pin_list>
<bind>
<opset="mul_FL_V_6 "/>
</bind>
</comp>

<comp id="4956" class="1005" name="delta_V_6_reg_4956">
<pin_list>
<pin id="4957" dir="0" index="0" bw="1" slack="1"/>
<pin id="4958" dir="1" index="1" bw="1" slack="1"/>
</pin_list>
<bind>
<opset="delta_V_6 "/>
</bind>
</comp>

<comp id="4963" class="1005" name="x_l_FH_V_54_reg_4963">
<pin_list>
<pin id="4964" dir="0" index="0" bw="17" slack="1"/>
<pin id="4965" dir="1" index="1" bw="17" slack="1"/>
</pin_list>
<bind>
<opset="x_l_FH_V_54 "/>
</bind>
</comp>

<comp id="4972" class="1005" name="p_neg174_reg_4972">
<pin_list>
<pin id="4973" dir="0" index="0" bw="17" slack="1"/>
<pin id="4974" dir="1" index="1" bw="17" slack="1"/>
</pin_list>
<bind>
<opset="p_neg174 "/>
</bind>
</comp>

<comp id="4977" class="1005" name="mul_FH_V_14_reg_4977">
<pin_list>
<pin id="4978" dir="0" index="0" bw="17" slack="1"/>
<pin id="4979" dir="1" index="1" bw="17" slack="1"/>
</pin_list>
<bind>
<opset="mul_FH_V_14 "/>
</bind>
</comp>

<comp id="4982" class="1005" name="icmp_ln318_14_reg_4982">
<pin_list>
<pin id="4983" dir="0" index="0" bw="1" slack="1"/>
<pin id="4984" dir="1" index="1" bw="1" slack="1"/>
</pin_list>
<bind>
<opset="icmp_ln318_14 "/>
</bind>
</comp>

<comp id="4988" class="1005" name="icmp_ln1495_6_reg_4988">
<pin_list>
<pin id="4989" dir="0" index="0" bw="1" slack="1"/>
<pin id="4990" dir="1" index="1" bw="1" slack="1"/>
</pin_list>
<bind>
<opset="icmp_ln1495_6 "/>
</bind>
</comp>

<comp id="4993" class="1005" name="x_l_I_V_69_reg_4993">
<pin_list>
<pin id="4994" dir="0" index="0" bw="19" slack="1"/>
<pin id="4995" dir="1" index="1" bw="19" slack="1"/>
</pin_list>
<bind>
<opset="x_l_I_V_69 "/>
</bind>
</comp>

<comp id="4998" class="1005" name="icmp_ln1498_7_reg_4998">
<pin_list>
<pin id="4999" dir="0" index="0" bw="1" slack="1"/>
<pin id="5000" dir="1" index="1" bw="1" slack="1"/>
</pin_list>
<bind>
<opset="icmp_ln1498_7 "/>
</bind>
</comp>

<comp id="5003" class="1005" name="icmp_ln1494_16_reg_5003">
<pin_list>
<pin id="5004" dir="0" index="0" bw="1" slack="1"/>
<pin id="5005" dir="1" index="1" bw="1" slack="1"/>
</pin_list>
<bind>
<opset="icmp_ln1494_16 "/>
</bind>
</comp>

<comp id="5008" class="1005" name="x_l_I_V_110_reg_5008">
<pin_list>
<pin id="5009" dir="0" index="0" bw="19" slack="1"/>
<pin id="5010" dir="1" index="1" bw="19" slack="1"/>
</pin_list>
<bind>
<opset="x_l_I_V_110 "/>
</bind>
</comp>

<comp id="5013" class="1005" name="sub_ln703_18_reg_5013">
<pin_list>
<pin id="5014" dir="0" index="0" bw="17" slack="1"/>
<pin id="5015" dir="1" index="1" bw="17" slack="1"/>
</pin_list>
<bind>
<opset="sub_ln703_18 "/>
</bind>
</comp>

<comp id="5018" class="1005" name="and_ln318_22_reg_5018">
<pin_list>
<pin id="5019" dir="0" index="0" bw="1" slack="1"/>
<pin id="5020" dir="1" index="1" bw="1" slack="1"/>
</pin_list>
<bind>
<opset="and_ln318_22 "/>
</bind>
</comp>

<comp id="5026" class="1005" name="x_l_FL_V_13_reg_5026">
<pin_list>
<pin id="5027" dir="0" index="0" bw="17" slack="1"/>
<pin id="5028" dir="1" index="1" bw="17" slack="1"/>
</pin_list>
<bind>
<opset="x_l_FL_V_13 "/>
</bind>
</comp>

<comp id="5031" class="1005" name="res_FH_V_47_reg_5031">
<pin_list>
<pin id="5032" dir="0" index="0" bw="17" slack="1"/>
<pin id="5033" dir="1" index="1" bw="17" slack="1"/>
</pin_list>
<bind>
<opset="res_FH_V_47 "/>
</bind>
</comp>

<comp id="5038" class="1005" name="tmp_56_reg_5038">
<pin_list>
<pin id="5039" dir="0" index="0" bw="1" slack="3"/>
<pin id="5040" dir="1" index="1" bw="1" slack="3"/>
</pin_list>
<bind>
<opset="tmp_56 "/>
</bind>
</comp>

<comp id="5043" class="1005" name="icmp_ln1498_8_reg_5043">
<pin_list>
<pin id="5044" dir="0" index="0" bw="1" slack="4"/>
<pin id="5045" dir="1" index="1" bw="1" slack="4"/>
</pin_list>
<bind>
<opset="icmp_ln1498_8 "/>
</bind>
</comp>

<comp id="5048" class="1005" name="x_l_FH_V_55_reg_5048">
<pin_list>
<pin id="5049" dir="0" index="0" bw="17" slack="1"/>
<pin id="5050" dir="1" index="1" bw="17" slack="1"/>
</pin_list>
<bind>
<opset="x_l_FH_V_55 "/>
</bind>
</comp>

<comp id="5053" class="1005" name="icmp_ln1496_reg_5053">
<pin_list>
<pin id="5054" dir="0" index="0" bw="1" slack="3"/>
<pin id="5055" dir="1" index="1" bw="1" slack="3"/>
</pin_list>
<bind>
<opset="icmp_ln1496 "/>
</bind>
</comp>

<comp id="5058" class="1005" name="x_l_FH_V_56_reg_5058">
<pin_list>
<pin id="5059" dir="0" index="0" bw="17" slack="1"/>
<pin id="5060" dir="1" index="1" bw="17" slack="1"/>
</pin_list>
<bind>
<opset="x_l_FH_V_56 "/>
</bind>
</comp>

<comp id="5064" class="1005" name="icmp_ln318_15_reg_5064">
<pin_list>
<pin id="5065" dir="0" index="0" bw="1" slack="1"/>
<pin id="5066" dir="1" index="1" bw="1" slack="1"/>
</pin_list>
<bind>
<opset="icmp_ln318_15 "/>
</bind>
</comp>

<comp id="5069" class="1005" name="icmp_ln1494_17_reg_5069">
<pin_list>
<pin id="5070" dir="0" index="0" bw="1" slack="1"/>
<pin id="5071" dir="1" index="1" bw="1" slack="1"/>
</pin_list>
<bind>
<opset="icmp_ln1494_17 "/>
</bind>
</comp>

<comp id="5074" class="1005" name="res_FH_V_31_reg_5074">
<pin_list>
<pin id="5075" dir="0" index="0" bw="17" slack="1"/>
<pin id="5076" dir="1" index="1" bw="17" slack="1"/>
</pin_list>
<bind>
<opset="res_FH_V_31 "/>
</bind>
</comp>

<comp id="5080" class="1005" name="zext_ln703_reg_5080">
<pin_list>
<pin id="5081" dir="0" index="0" bw="18" slack="1"/>
<pin id="5082" dir="1" index="1" bw="18" slack="1"/>
</pin_list>
<bind>
<opset="zext_ln703 "/>
</bind>
</comp>

<comp id="5085" class="1005" name="res_FH_l_V_reg_5085">
<pin_list>
<pin id="5086" dir="0" index="0" bw="18" slack="1"/>
<pin id="5087" dir="1" index="1" bw="18" slack="1"/>
</pin_list>
<bind>
<opset="res_FH_l_V "/>
</bind>
</comp>

<comp id="5090" class="1005" name="res_FH_V_48_reg_5090">
<pin_list>
<pin id="5091" dir="0" index="0" bw="17" slack="1"/>
<pin id="5092" dir="1" index="1" bw="17" slack="1"/>
</pin_list>
<bind>
<opset="res_FH_V_48 "/>
</bind>
</comp>

<comp id="5095" class="1005" name="res_I_V_14_reg_5095">
<pin_list>
<pin id="5096" dir="0" index="0" bw="8" slack="1"/>
<pin id="5097" dir="1" index="1" bw="8" slack="1"/>
</pin_list>
<bind>
<opset="res_I_V_14 "/>
</bind>
</comp>

</comp_list>

<net_list>
<net id="286"><net_src comp="2" pin="0"/><net_sink comp="282" pin=0"/></net>

<net id="287"><net_src comp="0" pin="0"/><net_sink comp="282" pin=1"/></net>

<net id="294"><net_src comp="4" pin="0"/><net_sink comp="288" pin=0"/></net>

<net id="295"><net_src comp="282" pin="2"/><net_sink comp="288" pin=1"/></net>

<net id="296"><net_src comp="6" pin="0"/><net_sink comp="288" pin=2"/></net>

<net id="297"><net_src comp="8" pin="0"/><net_sink comp="288" pin=3"/></net>

<net id="301"><net_src comp="282" pin="2"/><net_sink comp="298" pin=0"/></net>

<net id="308"><net_src comp="10" pin="0"/><net_sink comp="302" pin=0"/></net>

<net id="309"><net_src comp="282" pin="2"/><net_sink comp="302" pin=1"/></net>

<net id="310"><net_src comp="12" pin="0"/><net_sink comp="302" pin=2"/></net>

<net id="311"><net_src comp="8" pin="0"/><net_sink comp="302" pin=3"/></net>

<net id="315"><net_src comp="302" pin="4"/><net_sink comp="312" pin=0"/></net>

<net id="320"><net_src comp="302" pin="4"/><net_sink comp="316" pin=0"/></net>

<net id="321"><net_src comp="14" pin="0"/><net_sink comp="316" pin=1"/></net>

<net id="326"><net_src comp="312" pin="1"/><net_sink comp="322" pin=0"/></net>

<net id="327"><net_src comp="16" pin="0"/><net_sink comp="322" pin=1"/></net>

<net id="334"><net_src comp="10" pin="0"/><net_sink comp="328" pin=0"/></net>

<net id="335"><net_src comp="282" pin="2"/><net_sink comp="328" pin=1"/></net>

<net id="336"><net_src comp="18" pin="0"/><net_sink comp="328" pin=2"/></net>

<net id="337"><net_src comp="20" pin="0"/><net_sink comp="328" pin=3"/></net>

<net id="342"><net_src comp="328" pin="4"/><net_sink comp="338" pin=0"/></net>

<net id="343"><net_src comp="14" pin="0"/><net_sink comp="338" pin=1"/></net>

<net id="354"><net_src comp="22" pin="0"/><net_sink comp="347" pin=0"/></net>

<net id="355"><net_src comp="344" pin="1"/><net_sink comp="347" pin=1"/></net>

<net id="356"><net_src comp="18" pin="0"/><net_sink comp="347" pin=3"/></net>

<net id="357"><net_src comp="6" pin="0"/><net_sink comp="347" pin=4"/></net>

<net id="363"><net_src comp="344" pin="1"/><net_sink comp="358" pin=1"/></net>

<net id="364"><net_src comp="347" pin="5"/><net_sink comp="358" pin=2"/></net>

<net id="370"><net_src comp="24" pin="0"/><net_sink comp="365" pin=1"/></net>

<net id="371"><net_src comp="26" pin="0"/><net_sink comp="365" pin=2"/></net>

<net id="378"><net_src comp="28" pin="0"/><net_sink comp="372" pin=0"/></net>

<net id="379"><net_src comp="365" pin="3"/><net_sink comp="372" pin=1"/></net>

<net id="380"><net_src comp="30" pin="0"/><net_sink comp="372" pin=2"/></net>

<net id="381"><net_src comp="32" pin="0"/><net_sink comp="372" pin=3"/></net>

<net id="388"><net_src comp="34" pin="0"/><net_sink comp="382" pin=0"/></net>

<net id="389"><net_src comp="358" pin="3"/><net_sink comp="382" pin=1"/></net>

<net id="390"><net_src comp="36" pin="0"/><net_sink comp="382" pin=2"/></net>

<net id="391"><net_src comp="20" pin="0"/><net_sink comp="382" pin=3"/></net>

<net id="397"><net_src comp="38" pin="0"/><net_sink comp="392" pin=0"/></net>

<net id="398"><net_src comp="40" pin="0"/><net_sink comp="392" pin=2"/></net>

<net id="402"><net_src comp="392" pin="3"/><net_sink comp="399" pin=0"/></net>

<net id="407"><net_src comp="399" pin="1"/><net_sink comp="403" pin=1"/></net>

<net id="412"><net_src comp="399" pin="1"/><net_sink comp="408" pin=1"/></net>

<net id="420"><net_src comp="42" pin="0"/><net_sink comp="413" pin=0"/></net>

<net id="421"><net_src comp="36" pin="0"/><net_sink comp="413" pin=3"/></net>

<net id="422"><net_src comp="20" pin="0"/><net_sink comp="413" pin=4"/></net>

<net id="429"><net_src comp="44" pin="0"/><net_sink comp="423" pin=0"/></net>

<net id="430"><net_src comp="30" pin="0"/><net_sink comp="423" pin=2"/></net>

<net id="431"><net_src comp="40" pin="0"/><net_sink comp="423" pin=3"/></net>

<net id="437"><net_src comp="413" pin="5"/><net_sink comp="432" pin=2"/></net>

<net id="443"><net_src comp="423" pin="4"/><net_sink comp="438" pin=2"/></net>

<net id="450"><net_src comp="46" pin="0"/><net_sink comp="444" pin=0"/></net>

<net id="451"><net_src comp="438" pin="3"/><net_sink comp="444" pin=1"/></net>

<net id="452"><net_src comp="48" pin="0"/><net_sink comp="444" pin=2"/></net>

<net id="453"><net_src comp="32" pin="0"/><net_sink comp="444" pin=3"/></net>

<net id="460"><net_src comp="50" pin="0"/><net_sink comp="454" pin=0"/></net>

<net id="461"><net_src comp="432" pin="3"/><net_sink comp="454" pin=1"/></net>

<net id="462"><net_src comp="52" pin="0"/><net_sink comp="454" pin=2"/></net>

<net id="463"><net_src comp="18" pin="0"/><net_sink comp="454" pin=3"/></net>

<net id="469"><net_src comp="54" pin="0"/><net_sink comp="464" pin=0"/></net>

<net id="470"><net_src comp="40" pin="0"/><net_sink comp="464" pin=2"/></net>

<net id="474"><net_src comp="464" pin="3"/><net_sink comp="471" pin=0"/></net>

<net id="479"><net_src comp="471" pin="1"/><net_sink comp="475" pin=1"/></net>

<net id="484"><net_src comp="471" pin="1"/><net_sink comp="480" pin=1"/></net>

<net id="492"><net_src comp="56" pin="0"/><net_sink comp="485" pin=0"/></net>

<net id="493"><net_src comp="52" pin="0"/><net_sink comp="485" pin=3"/></net>

<net id="494"><net_src comp="18" pin="0"/><net_sink comp="485" pin=4"/></net>

<net id="501"><net_src comp="44" pin="0"/><net_sink comp="495" pin=0"/></net>

<net id="502"><net_src comp="48" pin="0"/><net_sink comp="495" pin=2"/></net>

<net id="503"><net_src comp="40" pin="0"/><net_sink comp="495" pin=3"/></net>

<net id="509"><net_src comp="485" pin="5"/><net_sink comp="504" pin=2"/></net>

<net id="515"><net_src comp="495" pin="4"/><net_sink comp="510" pin=2"/></net>

<net id="522"><net_src comp="58" pin="0"/><net_sink comp="516" pin=0"/></net>

<net id="523"><net_src comp="510" pin="3"/><net_sink comp="516" pin=1"/></net>

<net id="524"><net_src comp="60" pin="0"/><net_sink comp="516" pin=2"/></net>

<net id="525"><net_src comp="32" pin="0"/><net_sink comp="516" pin=3"/></net>

<net id="532"><net_src comp="62" pin="0"/><net_sink comp="526" pin=0"/></net>

<net id="533"><net_src comp="504" pin="3"/><net_sink comp="526" pin=1"/></net>

<net id="534"><net_src comp="64" pin="0"/><net_sink comp="526" pin=2"/></net>

<net id="535"><net_src comp="66" pin="0"/><net_sink comp="526" pin=3"/></net>

<net id="541"><net_src comp="68" pin="0"/><net_sink comp="536" pin=0"/></net>

<net id="542"><net_src comp="40" pin="0"/><net_sink comp="536" pin=2"/></net>

<net id="546"><net_src comp="536" pin="3"/><net_sink comp="543" pin=0"/></net>

<net id="551"><net_src comp="543" pin="1"/><net_sink comp="547" pin=1"/></net>

<net id="556"><net_src comp="543" pin="1"/><net_sink comp="552" pin=1"/></net>

<net id="564"><net_src comp="70" pin="0"/><net_sink comp="557" pin=0"/></net>

<net id="565"><net_src comp="64" pin="0"/><net_sink comp="557" pin=3"/></net>

<net id="566"><net_src comp="66" pin="0"/><net_sink comp="557" pin=4"/></net>

<net id="573"><net_src comp="44" pin="0"/><net_sink comp="567" pin=0"/></net>

<net id="574"><net_src comp="60" pin="0"/><net_sink comp="567" pin=2"/></net>

<net id="575"><net_src comp="40" pin="0"/><net_sink comp="567" pin=3"/></net>

<net id="581"><net_src comp="557" pin="5"/><net_sink comp="576" pin=2"/></net>

<net id="587"><net_src comp="567" pin="4"/><net_sink comp="582" pin=2"/></net>

<net id="594"><net_src comp="72" pin="0"/><net_sink comp="588" pin=0"/></net>

<net id="595"><net_src comp="582" pin="3"/><net_sink comp="588" pin=1"/></net>

<net id="596"><net_src comp="74" pin="0"/><net_sink comp="588" pin=2"/></net>

<net id="597"><net_src comp="32" pin="0"/><net_sink comp="588" pin=3"/></net>

<net id="604"><net_src comp="76" pin="0"/><net_sink comp="598" pin=0"/></net>

<net id="605"><net_src comp="576" pin="3"/><net_sink comp="598" pin=1"/></net>

<net id="606"><net_src comp="30" pin="0"/><net_sink comp="598" pin=2"/></net>

<net id="607"><net_src comp="36" pin="0"/><net_sink comp="598" pin=3"/></net>

<net id="613"><net_src comp="78" pin="0"/><net_sink comp="608" pin=0"/></net>

<net id="614"><net_src comp="40" pin="0"/><net_sink comp="608" pin=2"/></net>

<net id="618"><net_src comp="608" pin="3"/><net_sink comp="615" pin=0"/></net>

<net id="623"><net_src comp="615" pin="1"/><net_sink comp="619" pin=1"/></net>

<net id="628"><net_src comp="615" pin="1"/><net_sink comp="624" pin=1"/></net>

<net id="636"><net_src comp="80" pin="0"/><net_sink comp="629" pin=0"/></net>

<net id="637"><net_src comp="30" pin="0"/><net_sink comp="629" pin=3"/></net>

<net id="638"><net_src comp="36" pin="0"/><net_sink comp="629" pin=4"/></net>

<net id="645"><net_src comp="44" pin="0"/><net_sink comp="639" pin=0"/></net>

<net id="646"><net_src comp="74" pin="0"/><net_sink comp="639" pin=2"/></net>

<net id="647"><net_src comp="40" pin="0"/><net_sink comp="639" pin=3"/></net>

<net id="653"><net_src comp="629" pin="5"/><net_sink comp="648" pin=2"/></net>

<net id="659"><net_src comp="639" pin="4"/><net_sink comp="654" pin=2"/></net>

<net id="666"><net_src comp="82" pin="0"/><net_sink comp="660" pin=0"/></net>

<net id="667"><net_src comp="654" pin="3"/><net_sink comp="660" pin=1"/></net>

<net id="668"><net_src comp="84" pin="0"/><net_sink comp="660" pin=2"/></net>

<net id="669"><net_src comp="32" pin="0"/><net_sink comp="660" pin=3"/></net>

<net id="676"><net_src comp="86" pin="0"/><net_sink comp="670" pin=0"/></net>

<net id="677"><net_src comp="648" pin="3"/><net_sink comp="670" pin=1"/></net>

<net id="678"><net_src comp="60" pin="0"/><net_sink comp="670" pin=2"/></net>

<net id="679"><net_src comp="88" pin="0"/><net_sink comp="670" pin=3"/></net>

<net id="685"><net_src comp="90" pin="0"/><net_sink comp="680" pin=0"/></net>

<net id="686"><net_src comp="40" pin="0"/><net_sink comp="680" pin=2"/></net>

<net id="690"><net_src comp="680" pin="3"/><net_sink comp="687" pin=0"/></net>

<net id="695"><net_src comp="687" pin="1"/><net_sink comp="691" pin=1"/></net>

<net id="700"><net_src comp="687" pin="1"/><net_sink comp="696" pin=1"/></net>

<net id="708"><net_src comp="92" pin="0"/><net_sink comp="701" pin=0"/></net>

<net id="709"><net_src comp="60" pin="0"/><net_sink comp="701" pin=3"/></net>

<net id="710"><net_src comp="88" pin="0"/><net_sink comp="701" pin=4"/></net>

<net id="717"><net_src comp="44" pin="0"/><net_sink comp="711" pin=0"/></net>

<net id="718"><net_src comp="84" pin="0"/><net_sink comp="711" pin=2"/></net>

<net id="719"><net_src comp="40" pin="0"/><net_sink comp="711" pin=3"/></net>

<net id="725"><net_src comp="701" pin="5"/><net_sink comp="720" pin=2"/></net>

<net id="731"><net_src comp="711" pin="4"/><net_sink comp="726" pin=2"/></net>

<net id="738"><net_src comp="94" pin="0"/><net_sink comp="732" pin=0"/></net>

<net id="739"><net_src comp="726" pin="3"/><net_sink comp="732" pin=1"/></net>

<net id="740"><net_src comp="96" pin="0"/><net_sink comp="732" pin=2"/></net>

<net id="741"><net_src comp="32" pin="0"/><net_sink comp="732" pin=3"/></net>

<net id="748"><net_src comp="98" pin="0"/><net_sink comp="742" pin=0"/></net>

<net id="749"><net_src comp="720" pin="3"/><net_sink comp="742" pin=1"/></net>

<net id="750"><net_src comp="84" pin="0"/><net_sink comp="742" pin=2"/></net>

<net id="751"><net_src comp="52" pin="0"/><net_sink comp="742" pin=3"/></net>

<net id="757"><net_src comp="100" pin="0"/><net_sink comp="752" pin=0"/></net>

<net id="758"><net_src comp="40" pin="0"/><net_sink comp="752" pin=2"/></net>

<net id="762"><net_src comp="752" pin="3"/><net_sink comp="759" pin=0"/></net>

<net id="767"><net_src comp="759" pin="1"/><net_sink comp="763" pin=1"/></net>

<net id="772"><net_src comp="759" pin="1"/><net_sink comp="768" pin=1"/></net>

<net id="779"><net_src comp="44" pin="0"/><net_sink comp="773" pin=0"/></net>

<net id="780"><net_src comp="96" pin="0"/><net_sink comp="773" pin=2"/></net>

<net id="781"><net_src comp="40" pin="0"/><net_sink comp="773" pin=3"/></net>

<net id="787"><net_src comp="773" pin="4"/><net_sink comp="782" pin=2"/></net>

<net id="795"><net_src comp="102" pin="0"/><net_sink comp="788" pin=0"/></net>

<net id="796"><net_src comp="84" pin="0"/><net_sink comp="788" pin=3"/></net>

<net id="797"><net_src comp="52" pin="0"/><net_sink comp="788" pin=4"/></net>

<net id="803"><net_src comp="788" pin="5"/><net_sink comp="798" pin=2"/></net>

<net id="807"><net_src comp="798" pin="3"/><net_sink comp="804" pin=0"/></net>

<net id="813"><net_src comp="104" pin="0"/><net_sink comp="808" pin=0"/></net>

<net id="814"><net_src comp="40" pin="0"/><net_sink comp="808" pin=2"/></net>

<net id="818"><net_src comp="808" pin="3"/><net_sink comp="815" pin=0"/></net>

<net id="823"><net_src comp="815" pin="1"/><net_sink comp="819" pin=1"/></net>

<net id="828"><net_src comp="815" pin="1"/><net_sink comp="824" pin=1"/></net>

<net id="836"><net_src comp="106" pin="0"/><net_sink comp="829" pin=0"/></net>

<net id="837"><net_src comp="108" pin="0"/><net_sink comp="829" pin=3"/></net>

<net id="838"><net_src comp="110" pin="0"/><net_sink comp="829" pin=4"/></net>

<net id="844"><net_src comp="829" pin="5"/><net_sink comp="839" pin=2"/></net>

<net id="849"><net_src comp="112" pin="0"/><net_sink comp="845" pin=1"/></net>

<net id="856"><net_src comp="44" pin="0"/><net_sink comp="850" pin=0"/></net>

<net id="857"><net_src comp="108" pin="0"/><net_sink comp="850" pin=2"/></net>

<net id="858"><net_src comp="40" pin="0"/><net_sink comp="850" pin=3"/></net>

<net id="864"><net_src comp="850" pin="4"/><net_sink comp="859" pin=2"/></net>

<net id="873"><net_src comp="859" pin="3"/><net_sink comp="870" pin=0"/></net>

<net id="880"><net_src comp="94" pin="0"/><net_sink comp="874" pin=0"/></net>

<net id="881"><net_src comp="859" pin="3"/><net_sink comp="874" pin=1"/></net>

<net id="882"><net_src comp="96" pin="0"/><net_sink comp="874" pin=2"/></net>

<net id="883"><net_src comp="32" pin="0"/><net_sink comp="874" pin=3"/></net>

<net id="887"><net_src comp="859" pin="3"/><net_sink comp="884" pin=0"/></net>

<net id="894"><net_src comp="82" pin="0"/><net_sink comp="888" pin=0"/></net>

<net id="895"><net_src comp="859" pin="3"/><net_sink comp="888" pin=1"/></net>

<net id="896"><net_src comp="84" pin="0"/><net_sink comp="888" pin=2"/></net>

<net id="897"><net_src comp="32" pin="0"/><net_sink comp="888" pin=3"/></net>

<net id="901"><net_src comp="859" pin="3"/><net_sink comp="898" pin=0"/></net>

<net id="908"><net_src comp="72" pin="0"/><net_sink comp="902" pin=0"/></net>

<net id="909"><net_src comp="859" pin="3"/><net_sink comp="902" pin=1"/></net>

<net id="910"><net_src comp="74" pin="0"/><net_sink comp="902" pin=2"/></net>

<net id="911"><net_src comp="32" pin="0"/><net_sink comp="902" pin=3"/></net>

<net id="915"><net_src comp="859" pin="3"/><net_sink comp="912" pin=0"/></net>

<net id="922"><net_src comp="58" pin="0"/><net_sink comp="916" pin=0"/></net>

<net id="923"><net_src comp="859" pin="3"/><net_sink comp="916" pin=1"/></net>

<net id="924"><net_src comp="60" pin="0"/><net_sink comp="916" pin=2"/></net>

<net id="925"><net_src comp="32" pin="0"/><net_sink comp="916" pin=3"/></net>

<net id="929"><net_src comp="859" pin="3"/><net_sink comp="926" pin=0"/></net>

<net id="936"><net_src comp="46" pin="0"/><net_sink comp="930" pin=0"/></net>

<net id="937"><net_src comp="859" pin="3"/><net_sink comp="930" pin=1"/></net>

<net id="938"><net_src comp="48" pin="0"/><net_sink comp="930" pin=2"/></net>

<net id="939"><net_src comp="32" pin="0"/><net_sink comp="930" pin=3"/></net>

<net id="943"><net_src comp="859" pin="3"/><net_sink comp="940" pin=0"/></net>

<net id="950"><net_src comp="28" pin="0"/><net_sink comp="944" pin=0"/></net>

<net id="951"><net_src comp="859" pin="3"/><net_sink comp="944" pin=1"/></net>

<net id="952"><net_src comp="30" pin="0"/><net_sink comp="944" pin=2"/></net>

<net id="953"><net_src comp="32" pin="0"/><net_sink comp="944" pin=3"/></net>

<net id="957"><net_src comp="859" pin="3"/><net_sink comp="954" pin=0"/></net>

<net id="963"><net_src comp="114" pin="0"/><net_sink comp="958" pin=0"/></net>

<net id="964"><net_src comp="859" pin="3"/><net_sink comp="958" pin=1"/></net>

<net id="965"><net_src comp="32" pin="0"/><net_sink comp="958" pin=2"/></net>

<net id="971"><net_src comp="116" pin="0"/><net_sink comp="966" pin=0"/></net>

<net id="972"><net_src comp="118" pin="0"/><net_sink comp="966" pin=1"/></net>

<net id="976"><net_src comp="966" pin="3"/><net_sink comp="973" pin=0"/></net>

<net id="981"><net_src comp="973" pin="1"/><net_sink comp="977" pin=1"/></net>

<net id="986"><net_src comp="973" pin="1"/><net_sink comp="982" pin=1"/></net>

<net id="991"><net_src comp="973" pin="1"/><net_sink comp="987" pin=0"/></net>

<net id="997"><net_src comp="120" pin="0"/><net_sink comp="992" pin=0"/></net>

<net id="998"><net_src comp="122" pin="0"/><net_sink comp="992" pin=2"/></net>

<net id="1007"><net_src comp="992" pin="3"/><net_sink comp="1003" pin=0"/></net>

<net id="1008"><net_src comp="124" pin="0"/><net_sink comp="1003" pin=1"/></net>

<net id="1013"><net_src comp="40" pin="0"/><net_sink comp="1009" pin=1"/></net>

<net id="1018"><net_src comp="999" pin="2"/><net_sink comp="1014" pin=0"/></net>

<net id="1019"><net_src comp="1009" pin="2"/><net_sink comp="1014" pin=1"/></net>

<net id="1030"><net_src comp="126" pin="0"/><net_sink comp="1025" pin=1"/></net>

<net id="1031"><net_src comp="128" pin="0"/><net_sink comp="1025" pin=2"/></net>

<net id="1043"><net_src comp="130" pin="0"/><net_sink comp="1037" pin=0"/></net>

<net id="1044"><net_src comp="1025" pin="3"/><net_sink comp="1037" pin=1"/></net>

<net id="1045"><net_src comp="20" pin="0"/><net_sink comp="1037" pin=2"/></net>

<net id="1046"><net_src comp="6" pin="0"/><net_sink comp="1037" pin=3"/></net>

<net id="1051"><net_src comp="112" pin="0"/><net_sink comp="1047" pin=1"/></net>

<net id="1058"><net_src comp="132" pin="0"/><net_sink comp="1052" pin=0"/></net>

<net id="1059"><net_src comp="134" pin="0"/><net_sink comp="1052" pin=3"/></net>

<net id="1065"><net_src comp="136" pin="0"/><net_sink comp="1060" pin=0"/></net>

<net id="1066"><net_src comp="138" pin="0"/><net_sink comp="1060" pin=1"/></net>

<net id="1070"><net_src comp="1060" pin="3"/><net_sink comp="1067" pin=0"/></net>

<net id="1075"><net_src comp="1067" pin="1"/><net_sink comp="1071" pin=1"/></net>

<net id="1080"><net_src comp="1052" pin="4"/><net_sink comp="1076" pin=1"/></net>

<net id="1085"><net_src comp="1052" pin="4"/><net_sink comp="1081" pin=1"/></net>

<net id="1090"><net_src comp="1067" pin="1"/><net_sink comp="1086" pin=0"/></net>

<net id="1104"><net_src comp="40" pin="0"/><net_sink comp="1100" pin=1"/></net>

<net id="1109"><net_src comp="1091" pin="2"/><net_sink comp="1105" pin=0"/></net>

<net id="1110"><net_src comp="1100" pin="2"/><net_sink comp="1105" pin=1"/></net>

<net id="1131"><net_src comp="140" pin="0"/><net_sink comp="1125" pin=0"/></net>

<net id="1132"><net_src comp="20" pin="0"/><net_sink comp="1125" pin=2"/></net>

<net id="1133"><net_src comp="40" pin="0"/><net_sink comp="1125" pin=3"/></net>

<net id="1139"><net_src comp="1125" pin="4"/><net_sink comp="1134" pin=2"/></net>

<net id="1146"><net_src comp="142" pin="0"/><net_sink comp="1140" pin=0"/></net>

<net id="1147"><net_src comp="1134" pin="3"/><net_sink comp="1140" pin=1"/></net>

<net id="1148"><net_src comp="18" pin="0"/><net_sink comp="1140" pin=2"/></net>

<net id="1149"><net_src comp="6" pin="0"/><net_sink comp="1140" pin=3"/></net>

<net id="1154"><net_src comp="112" pin="0"/><net_sink comp="1150" pin=1"/></net>

<net id="1161"><net_src comp="144" pin="0"/><net_sink comp="1155" pin=0"/></net>

<net id="1162"><net_src comp="146" pin="0"/><net_sink comp="1155" pin=3"/></net>

<net id="1168"><net_src comp="148" pin="0"/><net_sink comp="1163" pin=0"/></net>

<net id="1169"><net_src comp="150" pin="0"/><net_sink comp="1163" pin=1"/></net>

<net id="1173"><net_src comp="1163" pin="3"/><net_sink comp="1170" pin=0"/></net>

<net id="1178"><net_src comp="1170" pin="1"/><net_sink comp="1174" pin=1"/></net>

<net id="1183"><net_src comp="1155" pin="4"/><net_sink comp="1179" pin=1"/></net>

<net id="1188"><net_src comp="1155" pin="4"/><net_sink comp="1184" pin=1"/></net>

<net id="1193"><net_src comp="1170" pin="1"/><net_sink comp="1189" pin=0"/></net>

<net id="1207"><net_src comp="40" pin="0"/><net_sink comp="1203" pin=1"/></net>

<net id="1212"><net_src comp="1194" pin="2"/><net_sink comp="1208" pin=0"/></net>

<net id="1213"><net_src comp="1203" pin="2"/><net_sink comp="1208" pin=1"/></net>

<net id="1234"><net_src comp="140" pin="0"/><net_sink comp="1228" pin=0"/></net>

<net id="1235"><net_src comp="18" pin="0"/><net_sink comp="1228" pin=2"/></net>

<net id="1236"><net_src comp="40" pin="0"/><net_sink comp="1228" pin=3"/></net>

<net id="1242"><net_src comp="1228" pin="4"/><net_sink comp="1237" pin=2"/></net>

<net id="1249"><net_src comp="152" pin="0"/><net_sink comp="1243" pin=0"/></net>

<net id="1250"><net_src comp="1237" pin="3"/><net_sink comp="1243" pin=1"/></net>

<net id="1251"><net_src comp="66" pin="0"/><net_sink comp="1243" pin=2"/></net>

<net id="1252"><net_src comp="6" pin="0"/><net_sink comp="1243" pin=3"/></net>

<net id="1257"><net_src comp="112" pin="0"/><net_sink comp="1253" pin=1"/></net>

<net id="1264"><net_src comp="154" pin="0"/><net_sink comp="1258" pin=0"/></net>

<net id="1265"><net_src comp="156" pin="0"/><net_sink comp="1258" pin=3"/></net>

<net id="1271"><net_src comp="158" pin="0"/><net_sink comp="1266" pin=0"/></net>

<net id="1272"><net_src comp="160" pin="0"/><net_sink comp="1266" pin=1"/></net>

<net id="1276"><net_src comp="1266" pin="3"/><net_sink comp="1273" pin=0"/></net>

<net id="1281"><net_src comp="1273" pin="1"/><net_sink comp="1277" pin=1"/></net>

<net id="1286"><net_src comp="1258" pin="4"/><net_sink comp="1282" pin=1"/></net>

<net id="1291"><net_src comp="1258" pin="4"/><net_sink comp="1287" pin=1"/></net>

<net id="1296"><net_src comp="1273" pin="1"/><net_sink comp="1292" pin=0"/></net>

<net id="1310"><net_src comp="40" pin="0"/><net_sink comp="1306" pin=1"/></net>

<net id="1315"><net_src comp="1297" pin="2"/><net_sink comp="1311" pin=0"/></net>

<net id="1316"><net_src comp="1306" pin="2"/><net_sink comp="1311" pin=1"/></net>

<net id="1337"><net_src comp="140" pin="0"/><net_sink comp="1331" pin=0"/></net>

<net id="1338"><net_src comp="66" pin="0"/><net_sink comp="1331" pin=2"/></net>

<net id="1339"><net_src comp="40" pin="0"/><net_sink comp="1331" pin=3"/></net>

<net id="1345"><net_src comp="1331" pin="4"/><net_sink comp="1340" pin=2"/></net>

<net id="1352"><net_src comp="162" pin="0"/><net_sink comp="1346" pin=0"/></net>

<net id="1353"><net_src comp="1340" pin="3"/><net_sink comp="1346" pin=1"/></net>

<net id="1354"><net_src comp="36" pin="0"/><net_sink comp="1346" pin=2"/></net>

<net id="1355"><net_src comp="6" pin="0"/><net_sink comp="1346" pin=3"/></net>

<net id="1360"><net_src comp="112" pin="0"/><net_sink comp="1356" pin=1"/></net>

<net id="1367"><net_src comp="164" pin="0"/><net_sink comp="1361" pin=0"/></net>

<net id="1368"><net_src comp="26" pin="0"/><net_sink comp="1361" pin=3"/></net>

<net id="1374"><net_src comp="166" pin="0"/><net_sink comp="1369" pin=0"/></net>

<net id="1375"><net_src comp="168" pin="0"/><net_sink comp="1369" pin=1"/></net>

<net id="1379"><net_src comp="1369" pin="3"/><net_sink comp="1376" pin=0"/></net>

<net id="1384"><net_src comp="1376" pin="1"/><net_sink comp="1380" pin=1"/></net>

<net id="1389"><net_src comp="1361" pin="4"/><net_sink comp="1385" pin=1"/></net>

<net id="1394"><net_src comp="1361" pin="4"/><net_sink comp="1390" pin=1"/></net>

<net id="1399"><net_src comp="1376" pin="1"/><net_sink comp="1395" pin=0"/></net>

<net id="1413"><net_src comp="40" pin="0"/><net_sink comp="1409" pin=1"/></net>

<net id="1418"><net_src comp="1400" pin="2"/><net_sink comp="1414" pin=0"/></net>

<net id="1419"><net_src comp="1409" pin="2"/><net_sink comp="1414" pin=1"/></net>

<net id="1440"><net_src comp="140" pin="0"/><net_sink comp="1434" pin=0"/></net>

<net id="1441"><net_src comp="36" pin="0"/><net_sink comp="1434" pin=2"/></net>

<net id="1442"><net_src comp="40" pin="0"/><net_sink comp="1434" pin=3"/></net>

<net id="1448"><net_src comp="1434" pin="4"/><net_sink comp="1443" pin=2"/></net>

<net id="1455"><net_src comp="170" pin="0"/><net_sink comp="1449" pin=0"/></net>

<net id="1456"><net_src comp="1443" pin="3"/><net_sink comp="1449" pin=1"/></net>

<net id="1457"><net_src comp="88" pin="0"/><net_sink comp="1449" pin=2"/></net>

<net id="1458"><net_src comp="6" pin="0"/><net_sink comp="1449" pin=3"/></net>

<net id="1463"><net_src comp="112" pin="0"/><net_sink comp="1459" pin=1"/></net>

<net id="1470"><net_src comp="172" pin="0"/><net_sink comp="1464" pin=0"/></net>

<net id="1471"><net_src comp="174" pin="0"/><net_sink comp="1464" pin=3"/></net>

<net id="1477"><net_src comp="176" pin="0"/><net_sink comp="1472" pin=0"/></net>

<net id="1478"><net_src comp="178" pin="0"/><net_sink comp="1472" pin=1"/></net>

<net id="1482"><net_src comp="1472" pin="3"/><net_sink comp="1479" pin=0"/></net>

<net id="1487"><net_src comp="1479" pin="1"/><net_sink comp="1483" pin=1"/></net>

<net id="1492"><net_src comp="1464" pin="4"/><net_sink comp="1488" pin=1"/></net>

<net id="1497"><net_src comp="1464" pin="4"/><net_sink comp="1493" pin=1"/></net>

<net id="1502"><net_src comp="1479" pin="1"/><net_sink comp="1498" pin=0"/></net>

<net id="1516"><net_src comp="40" pin="0"/><net_sink comp="1512" pin=1"/></net>

<net id="1521"><net_src comp="1503" pin="2"/><net_sink comp="1517" pin=0"/></net>

<net id="1522"><net_src comp="1512" pin="2"/><net_sink comp="1517" pin=1"/></net>

<net id="1543"><net_src comp="140" pin="0"/><net_sink comp="1537" pin=0"/></net>

<net id="1544"><net_src comp="88" pin="0"/><net_sink comp="1537" pin=2"/></net>

<net id="1545"><net_src comp="40" pin="0"/><net_sink comp="1537" pin=3"/></net>

<net id="1551"><net_src comp="1537" pin="4"/><net_sink comp="1546" pin=2"/></net>

<net id="1558"><net_src comp="180" pin="0"/><net_sink comp="1552" pin=0"/></net>

<net id="1559"><net_src comp="1546" pin="3"/><net_sink comp="1552" pin=1"/></net>

<net id="1560"><net_src comp="52" pin="0"/><net_sink comp="1552" pin=2"/></net>

<net id="1561"><net_src comp="6" pin="0"/><net_sink comp="1552" pin=3"/></net>

<net id="1566"><net_src comp="112" pin="0"/><net_sink comp="1562" pin=1"/></net>

<net id="1573"><net_src comp="182" pin="0"/><net_sink comp="1567" pin=0"/></net>

<net id="1574"><net_src comp="184" pin="0"/><net_sink comp="1567" pin=3"/></net>

<net id="1579"><net_src comp="1567" pin="4"/><net_sink comp="1575" pin=1"/></net>

<net id="1590"><net_src comp="186" pin="0"/><net_sink comp="1585" pin=0"/></net>

<net id="1591"><net_src comp="188" pin="0"/><net_sink comp="1585" pin=1"/></net>

<net id="1595"><net_src comp="1585" pin="3"/><net_sink comp="1592" pin=0"/></net>

<net id="1600"><net_src comp="1592" pin="1"/><net_sink comp="1596" pin=1"/></net>

<net id="1605"><net_src comp="1592" pin="1"/><net_sink comp="1601" pin=1"/></net>

<net id="1614"><net_src comp="1592" pin="1"/><net_sink comp="1610" pin=0"/></net>

<net id="1623"><net_src comp="40" pin="0"/><net_sink comp="1619" pin=1"/></net>

<net id="1628"><net_src comp="1615" pin="2"/><net_sink comp="1624" pin=0"/></net>

<net id="1629"><net_src comp="1619" pin="2"/><net_sink comp="1624" pin=1"/></net>

<net id="1646"><net_src comp="140" pin="0"/><net_sink comp="1640" pin=0"/></net>

<net id="1647"><net_src comp="52" pin="0"/><net_sink comp="1640" pin=2"/></net>

<net id="1648"><net_src comp="40" pin="0"/><net_sink comp="1640" pin=3"/></net>

<net id="1654"><net_src comp="1640" pin="4"/><net_sink comp="1649" pin=2"/></net>

<net id="1661"><net_src comp="190" pin="0"/><net_sink comp="1655" pin=0"/></net>

<net id="1662"><net_src comp="1649" pin="3"/><net_sink comp="1655" pin=1"/></net>

<net id="1663"><net_src comp="110" pin="0"/><net_sink comp="1655" pin=2"/></net>

<net id="1664"><net_src comp="6" pin="0"/><net_sink comp="1655" pin=3"/></net>

<net id="1669"><net_src comp="112" pin="0"/><net_sink comp="1665" pin=1"/></net>

<net id="1676"><net_src comp="192" pin="0"/><net_sink comp="1670" pin=0"/></net>

<net id="1677"><net_src comp="194" pin="0"/><net_sink comp="1670" pin=3"/></net>

<net id="1682"><net_src comp="1670" pin="4"/><net_sink comp="1678" pin=1"/></net>

<net id="1688"><net_src comp="120" pin="0"/><net_sink comp="1683" pin=0"/></net>

<net id="1689"><net_src comp="196" pin="0"/><net_sink comp="1683" pin=1"/></net>

<net id="1693"><net_src comp="1683" pin="3"/><net_sink comp="1690" pin=0"/></net>

<net id="1698"><net_src comp="1690" pin="1"/><net_sink comp="1694" pin=1"/></net>

<net id="1712"><net_src comp="1690" pin="1"/><net_sink comp="1708" pin=0"/></net>

<net id="1725"><net_src comp="40" pin="0"/><net_sink comp="1721" pin=1"/></net>

<net id="1730"><net_src comp="1713" pin="2"/><net_sink comp="1726" pin=0"/></net>

<net id="1731"><net_src comp="1721" pin="2"/><net_sink comp="1726" pin=1"/></net>

<net id="1738"><net_src comp="140" pin="0"/><net_sink comp="1732" pin=0"/></net>

<net id="1739"><net_src comp="110" pin="0"/><net_sink comp="1732" pin=2"/></net>

<net id="1740"><net_src comp="40" pin="0"/><net_sink comp="1732" pin=3"/></net>

<net id="1746"><net_src comp="1732" pin="4"/><net_sink comp="1741" pin=2"/></net>

<net id="1758"><net_src comp="198" pin="0"/><net_sink comp="1752" pin=0"/></net>

<net id="1759"><net_src comp="1741" pin="3"/><net_sink comp="1752" pin=1"/></net>

<net id="1760"><net_src comp="64" pin="0"/><net_sink comp="1752" pin=2"/></net>

<net id="1761"><net_src comp="6" pin="0"/><net_sink comp="1752" pin=3"/></net>

<net id="1772"><net_src comp="200" pin="0"/><net_sink comp="1767" pin=0"/></net>

<net id="1777"><net_src comp="1767" pin="3"/><net_sink comp="1773" pin=1"/></net>

<net id="1782"><net_src comp="1767" pin="3"/><net_sink comp="1778" pin=0"/></net>

<net id="1787"><net_src comp="1767" pin="3"/><net_sink comp="1783" pin=0"/></net>

<net id="1788"><net_src comp="202" pin="0"/><net_sink comp="1783" pin=1"/></net>

<net id="1793"><net_src comp="204" pin="0"/><net_sink comp="1789" pin=1"/></net>

<net id="1798"><net_src comp="204" pin="0"/><net_sink comp="1794" pin=1"/></net>

<net id="1803"><net_src comp="112" pin="0"/><net_sink comp="1799" pin=1"/></net>

<net id="1816"><net_src comp="1808" pin="2"/><net_sink comp="1812" pin=1"/></net>

<net id="1821"><net_src comp="40" pin="0"/><net_sink comp="1817" pin=1"/></net>

<net id="1827"><net_src comp="1817" pin="2"/><net_sink comp="1822" pin=0"/></net>

<net id="1834"><net_src comp="140" pin="0"/><net_sink comp="1828" pin=0"/></net>

<net id="1835"><net_src comp="64" pin="0"/><net_sink comp="1828" pin=2"/></net>

<net id="1836"><net_src comp="40" pin="0"/><net_sink comp="1828" pin=3"/></net>

<net id="1842"><net_src comp="1828" pin="4"/><net_sink comp="1837" pin=1"/></net>

<net id="1848"><net_src comp="128" pin="0"/><net_sink comp="1843" pin=1"/></net>

<net id="1849"><net_src comp="126" pin="0"/><net_sink comp="1843" pin=2"/></net>

<net id="1860"><net_src comp="1822" pin="3"/><net_sink comp="1855" pin=1"/></net>

<net id="1867"><net_src comp="130" pin="0"/><net_sink comp="1861" pin=0"/></net>

<net id="1868"><net_src comp="1837" pin="3"/><net_sink comp="1861" pin=1"/></net>

<net id="1869"><net_src comp="32" pin="0"/><net_sink comp="1861" pin=2"/></net>

<net id="1870"><net_src comp="64" pin="0"/><net_sink comp="1861" pin=3"/></net>

<net id="1877"><net_src comp="190" pin="0"/><net_sink comp="1871" pin=0"/></net>

<net id="1878"><net_src comp="1837" pin="3"/><net_sink comp="1871" pin=1"/></net>

<net id="1879"><net_src comp="110" pin="0"/><net_sink comp="1871" pin=2"/></net>

<net id="1880"><net_src comp="6" pin="0"/><net_sink comp="1871" pin=3"/></net>

<net id="1887"><net_src comp="206" pin="0"/><net_sink comp="1881" pin=0"/></net>

<net id="1888"><net_src comp="122" pin="0"/><net_sink comp="1881" pin=1"/></net>

<net id="1894"><net_src comp="208" pin="0"/><net_sink comp="1889" pin=0"/></net>

<net id="1895"><net_src comp="210" pin="0"/><net_sink comp="1889" pin=2"/></net>

<net id="1900"><net_src comp="1881" pin="4"/><net_sink comp="1896" pin=1"/></net>

<net id="1905"><net_src comp="1889" pin="3"/><net_sink comp="1901" pin=1"/></net>

<net id="1910"><net_src comp="112" pin="0"/><net_sink comp="1906" pin=1"/></net>

<net id="1915"><net_src comp="1889" pin="3"/><net_sink comp="1911" pin=1"/></net>

<net id="1920"><net_src comp="204" pin="0"/><net_sink comp="1916" pin=1"/></net>

<net id="1925"><net_src comp="1881" pin="4"/><net_sink comp="1921" pin=0"/></net>

<net id="1939"><net_src comp="202" pin="0"/><net_sink comp="1934" pin=1"/></net>

<net id="1940"><net_src comp="126" pin="0"/><net_sink comp="1934" pin=2"/></net>

<net id="1945"><net_src comp="40" pin="0"/><net_sink comp="1941" pin=1"/></net>

<net id="1950"><net_src comp="1941" pin="2"/><net_sink comp="1946" pin=0"/></net>

<net id="1951"><net_src comp="1926" pin="2"/><net_sink comp="1946" pin=1"/></net>

<net id="1956"><net_src comp="1946" pin="2"/><net_sink comp="1952" pin=0"/></net>

<net id="1961"><net_src comp="40" pin="0"/><net_sink comp="1957" pin=1"/></net>

<net id="1966"><net_src comp="1957" pin="2"/><net_sink comp="1962" pin=1"/></net>

<net id="1971"><net_src comp="40" pin="0"/><net_sink comp="1967" pin=1"/></net>

<net id="1976"><net_src comp="1962" pin="2"/><net_sink comp="1972" pin=0"/></net>

<net id="1977"><net_src comp="1967" pin="2"/><net_sink comp="1972" pin=1"/></net>

<net id="1983"><net_src comp="1972" pin="2"/><net_sink comp="1978" pin=0"/></net>

<net id="2008"><net_src comp="140" pin="0"/><net_sink comp="2002" pin=0"/></net>

<net id="2009"><net_src comp="32" pin="0"/><net_sink comp="2002" pin=2"/></net>

<net id="2010"><net_src comp="40" pin="0"/><net_sink comp="2002" pin=3"/></net>

<net id="2016"><net_src comp="2002" pin="4"/><net_sink comp="2011" pin=2"/></net>

<net id="2023"><net_src comp="152" pin="0"/><net_sink comp="2017" pin=0"/></net>

<net id="2024"><net_src comp="2011" pin="3"/><net_sink comp="2017" pin=1"/></net>

<net id="2025"><net_src comp="30" pin="0"/><net_sink comp="2017" pin=2"/></net>

<net id="2026"><net_src comp="110" pin="0"/><net_sink comp="2017" pin=3"/></net>

<net id="2033"><net_src comp="180" pin="0"/><net_sink comp="2027" pin=0"/></net>

<net id="2034"><net_src comp="2011" pin="3"/><net_sink comp="2027" pin=1"/></net>

<net id="2035"><net_src comp="52" pin="0"/><net_sink comp="2027" pin=2"/></net>

<net id="2036"><net_src comp="6" pin="0"/><net_sink comp="2027" pin=3"/></net>

<net id="2042"><net_src comp="212" pin="0"/><net_sink comp="2037" pin=0"/></net>

<net id="2043"><net_src comp="214" pin="0"/><net_sink comp="2037" pin=2"/></net>

<net id="2048"><net_src comp="2037" pin="3"/><net_sink comp="2044" pin=1"/></net>

<net id="2059"><net_src comp="202" pin="0"/><net_sink comp="2054" pin=1"/></net>

<net id="2060"><net_src comp="126" pin="0"/><net_sink comp="2054" pin=2"/></net>

<net id="2065"><net_src comp="112" pin="0"/><net_sink comp="2061" pin=1"/></net>

<net id="2072"><net_src comp="216" pin="0"/><net_sink comp="2066" pin=0"/></net>

<net id="2073"><net_src comp="14" pin="0"/><net_sink comp="2066" pin=1"/></net>

<net id="2078"><net_src comp="2066" pin="4"/><net_sink comp="2074" pin=1"/></net>

<net id="2083"><net_src comp="2066" pin="4"/><net_sink comp="2079" pin=1"/></net>

<net id="2088"><net_src comp="2066" pin="4"/><net_sink comp="2084" pin=1"/></net>

<net id="2097"><net_src comp="204" pin="0"/><net_sink comp="2093" pin=1"/></net>

<net id="2102"><net_src comp="2066" pin="4"/><net_sink comp="2098" pin=0"/></net>

<net id="2111"><net_src comp="40" pin="0"/><net_sink comp="2107" pin=1"/></net>

<net id="2116"><net_src comp="2107" pin="2"/><net_sink comp="2112" pin=1"/></net>

<net id="2121"><net_src comp="40" pin="0"/><net_sink comp="2117" pin=1"/></net>

<net id="2126"><net_src comp="2112" pin="2"/><net_sink comp="2122" pin=0"/></net>

<net id="2127"><net_src comp="2117" pin="2"/><net_sink comp="2122" pin=1"/></net>

<net id="2133"><net_src comp="2122" pin="2"/><net_sink comp="2128" pin=0"/></net>

<net id="2138"><net_src comp="40" pin="0"/><net_sink comp="2134" pin=1"/></net>

<net id="2143"><net_src comp="2134" pin="2"/><net_sink comp="2139" pin=0"/></net>

<net id="2144"><net_src comp="2103" pin="2"/><net_sink comp="2139" pin=1"/></net>

<net id="2149"><net_src comp="2139" pin="2"/><net_sink comp="2145" pin=0"/></net>

<net id="2160"><net_src comp="140" pin="0"/><net_sink comp="2154" pin=0"/></net>

<net id="2161"><net_src comp="30" pin="0"/><net_sink comp="2154" pin=2"/></net>

<net id="2162"><net_src comp="40" pin="0"/><net_sink comp="2154" pin=3"/></net>

<net id="2168"><net_src comp="2154" pin="4"/><net_sink comp="2163" pin=2"/></net>

<net id="2185"><net_src comp="170" pin="0"/><net_sink comp="2179" pin=0"/></net>

<net id="2186"><net_src comp="2163" pin="3"/><net_sink comp="2179" pin=1"/></net>

<net id="2187"><net_src comp="48" pin="0"/><net_sink comp="2179" pin=2"/></net>

<net id="2188"><net_src comp="52" pin="0"/><net_sink comp="2179" pin=3"/></net>

<net id="2195"><net_src comp="170" pin="0"/><net_sink comp="2189" pin=0"/></net>

<net id="2196"><net_src comp="2163" pin="3"/><net_sink comp="2189" pin=1"/></net>

<net id="2197"><net_src comp="88" pin="0"/><net_sink comp="2189" pin=2"/></net>

<net id="2198"><net_src comp="6" pin="0"/><net_sink comp="2189" pin=3"/></net>

<net id="2204"><net_src comp="218" pin="0"/><net_sink comp="2199" pin=0"/></net>

<net id="2205"><net_src comp="220" pin="0"/><net_sink comp="2199" pin=2"/></net>

<net id="2210"><net_src comp="2199" pin="3"/><net_sink comp="2206" pin=1"/></net>

<net id="2221"><net_src comp="202" pin="0"/><net_sink comp="2216" pin=1"/></net>

<net id="2222"><net_src comp="126" pin="0"/><net_sink comp="2216" pin=2"/></net>

<net id="2227"><net_src comp="112" pin="0"/><net_sink comp="2223" pin=1"/></net>

<net id="2234"><net_src comp="222" pin="0"/><net_sink comp="2228" pin=0"/></net>

<net id="2235"><net_src comp="224" pin="0"/><net_sink comp="2228" pin=1"/></net>

<net id="2240"><net_src comp="2228" pin="4"/><net_sink comp="2236" pin=1"/></net>

<net id="2245"><net_src comp="2228" pin="4"/><net_sink comp="2241" pin=1"/></net>

<net id="2250"><net_src comp="2228" pin="4"/><net_sink comp="2246" pin=1"/></net>

<net id="2259"><net_src comp="204" pin="0"/><net_sink comp="2255" pin=1"/></net>

<net id="2264"><net_src comp="2228" pin="4"/><net_sink comp="2260" pin=0"/></net>

<net id="2273"><net_src comp="40" pin="0"/><net_sink comp="2269" pin=1"/></net>

<net id="2278"><net_src comp="2269" pin="2"/><net_sink comp="2274" pin=1"/></net>

<net id="2283"><net_src comp="40" pin="0"/><net_sink comp="2279" pin=1"/></net>

<net id="2288"><net_src comp="2274" pin="2"/><net_sink comp="2284" pin=0"/></net>

<net id="2289"><net_src comp="2279" pin="2"/><net_sink comp="2284" pin=1"/></net>

<net id="2295"><net_src comp="2284" pin="2"/><net_sink comp="2290" pin=0"/></net>

<net id="2300"><net_src comp="40" pin="0"/><net_sink comp="2296" pin=1"/></net>

<net id="2305"><net_src comp="2296" pin="2"/><net_sink comp="2301" pin=0"/></net>

<net id="2306"><net_src comp="2265" pin="2"/><net_sink comp="2301" pin=1"/></net>

<net id="2311"><net_src comp="2301" pin="2"/><net_sink comp="2307" pin=0"/></net>

<net id="2322"><net_src comp="140" pin="0"/><net_sink comp="2316" pin=0"/></net>

<net id="2323"><net_src comp="48" pin="0"/><net_sink comp="2316" pin=2"/></net>

<net id="2324"><net_src comp="40" pin="0"/><net_sink comp="2316" pin=3"/></net>

<net id="2330"><net_src comp="2316" pin="4"/><net_sink comp="2325" pin=2"/></net>

<net id="2347"><net_src comp="190" pin="0"/><net_sink comp="2341" pin=0"/></net>

<net id="2348"><net_src comp="2325" pin="3"/><net_sink comp="2341" pin=1"/></net>

<net id="2349"><net_src comp="60" pin="0"/><net_sink comp="2341" pin=2"/></net>

<net id="2350"><net_src comp="88" pin="0"/><net_sink comp="2341" pin=3"/></net>

<net id="2357"><net_src comp="162" pin="0"/><net_sink comp="2351" pin=0"/></net>

<net id="2358"><net_src comp="2325" pin="3"/><net_sink comp="2351" pin=1"/></net>

<net id="2359"><net_src comp="36" pin="0"/><net_sink comp="2351" pin=2"/></net>

<net id="2360"><net_src comp="6" pin="0"/><net_sink comp="2351" pin=3"/></net>

<net id="2366"><net_src comp="200" pin="0"/><net_sink comp="2361" pin=0"/></net>

<net id="2367"><net_src comp="226" pin="0"/><net_sink comp="2361" pin=2"/></net>

<net id="2372"><net_src comp="2361" pin="3"/><net_sink comp="2368" pin=1"/></net>

<net id="2383"><net_src comp="202" pin="0"/><net_sink comp="2378" pin=1"/></net>

<net id="2384"><net_src comp="126" pin="0"/><net_sink comp="2378" pin=2"/></net>

<net id="2389"><net_src comp="112" pin="0"/><net_sink comp="2385" pin=1"/></net>

<net id="2396"><net_src comp="228" pin="0"/><net_sink comp="2390" pin=0"/></net>

<net id="2397"><net_src comp="230" pin="0"/><net_sink comp="2390" pin=1"/></net>

<net id="2402"><net_src comp="2390" pin="4"/><net_sink comp="2398" pin=1"/></net>

<net id="2407"><net_src comp="2390" pin="4"/><net_sink comp="2403" pin=1"/></net>

<net id="2412"><net_src comp="2390" pin="4"/><net_sink comp="2408" pin=1"/></net>

<net id="2421"><net_src comp="204" pin="0"/><net_sink comp="2417" pin=1"/></net>

<net id="2426"><net_src comp="2390" pin="4"/><net_sink comp="2422" pin=0"/></net>

<net id="2435"><net_src comp="40" pin="0"/><net_sink comp="2431" pin=1"/></net>

<net id="2440"><net_src comp="2431" pin="2"/><net_sink comp="2436" pin=1"/></net>

<net id="2445"><net_src comp="40" pin="0"/><net_sink comp="2441" pin=1"/></net>

<net id="2450"><net_src comp="2436" pin="2"/><net_sink comp="2446" pin=0"/></net>

<net id="2451"><net_src comp="2441" pin="2"/><net_sink comp="2446" pin=1"/></net>

<net id="2457"><net_src comp="2446" pin="2"/><net_sink comp="2452" pin=0"/></net>

<net id="2462"><net_src comp="40" pin="0"/><net_sink comp="2458" pin=1"/></net>

<net id="2467"><net_src comp="2458" pin="2"/><net_sink comp="2463" pin=0"/></net>

<net id="2468"><net_src comp="2427" pin="2"/><net_sink comp="2463" pin=1"/></net>

<net id="2473"><net_src comp="2463" pin="2"/><net_sink comp="2469" pin=0"/></net>

<net id="2484"><net_src comp="140" pin="0"/><net_sink comp="2478" pin=0"/></net>

<net id="2485"><net_src comp="60" pin="0"/><net_sink comp="2478" pin=2"/></net>

<net id="2486"><net_src comp="40" pin="0"/><net_sink comp="2478" pin=3"/></net>

<net id="2492"><net_src comp="2478" pin="4"/><net_sink comp="2487" pin=2"/></net>

<net id="2509"><net_src comp="232" pin="0"/><net_sink comp="2503" pin=0"/></net>

<net id="2510"><net_src comp="2487" pin="3"/><net_sink comp="2503" pin=1"/></net>

<net id="2511"><net_src comp="74" pin="0"/><net_sink comp="2503" pin=2"/></net>

<net id="2512"><net_src comp="36" pin="0"/><net_sink comp="2503" pin=3"/></net>

<net id="2519"><net_src comp="152" pin="0"/><net_sink comp="2513" pin=0"/></net>

<net id="2520"><net_src comp="2487" pin="3"/><net_sink comp="2513" pin=1"/></net>

<net id="2521"><net_src comp="66" pin="0"/><net_sink comp="2513" pin=2"/></net>

<net id="2522"><net_src comp="6" pin="0"/><net_sink comp="2513" pin=3"/></net>

<net id="2528"><net_src comp="136" pin="0"/><net_sink comp="2523" pin=0"/></net>

<net id="2529"><net_src comp="234" pin="0"/><net_sink comp="2523" pin=2"/></net>

<net id="2534"><net_src comp="2523" pin="3"/><net_sink comp="2530" pin=1"/></net>

<net id="2545"><net_src comp="202" pin="0"/><net_sink comp="2540" pin=1"/></net>

<net id="2546"><net_src comp="126" pin="0"/><net_sink comp="2540" pin=2"/></net>

<net id="2551"><net_src comp="112" pin="0"/><net_sink comp="2547" pin=1"/></net>

<net id="2558"><net_src comp="236" pin="0"/><net_sink comp="2552" pin=0"/></net>

<net id="2559"><net_src comp="238" pin="0"/><net_sink comp="2552" pin=1"/></net>

<net id="2564"><net_src comp="2552" pin="4"/><net_sink comp="2560" pin=1"/></net>

<net id="2569"><net_src comp="2552" pin="4"/><net_sink comp="2565" pin=1"/></net>

<net id="2574"><net_src comp="2552" pin="4"/><net_sink comp="2570" pin=1"/></net>

<net id="2583"><net_src comp="204" pin="0"/><net_sink comp="2579" pin=1"/></net>

<net id="2588"><net_src comp="2552" pin="4"/><net_sink comp="2584" pin=0"/></net>

<net id="2597"><net_src comp="40" pin="0"/><net_sink comp="2593" pin=1"/></net>

<net id="2602"><net_src comp="2593" pin="2"/><net_sink comp="2598" pin=1"/></net>

<net id="2607"><net_src comp="40" pin="0"/><net_sink comp="2603" pin=1"/></net>

<net id="2612"><net_src comp="2598" pin="2"/><net_sink comp="2608" pin=0"/></net>

<net id="2613"><net_src comp="2603" pin="2"/><net_sink comp="2608" pin=1"/></net>

<net id="2619"><net_src comp="2608" pin="2"/><net_sink comp="2614" pin=0"/></net>

<net id="2624"><net_src comp="40" pin="0"/><net_sink comp="2620" pin=1"/></net>

<net id="2629"><net_src comp="2620" pin="2"/><net_sink comp="2625" pin=0"/></net>

<net id="2630"><net_src comp="2589" pin="2"/><net_sink comp="2625" pin=1"/></net>

<net id="2635"><net_src comp="2625" pin="2"/><net_sink comp="2631" pin=0"/></net>

<net id="2646"><net_src comp="140" pin="0"/><net_sink comp="2640" pin=0"/></net>

<net id="2647"><net_src comp="74" pin="0"/><net_sink comp="2640" pin=2"/></net>

<net id="2648"><net_src comp="40" pin="0"/><net_sink comp="2640" pin=3"/></net>

<net id="2654"><net_src comp="2640" pin="4"/><net_sink comp="2649" pin=2"/></net>

<net id="2671"><net_src comp="240" pin="0"/><net_sink comp="2665" pin=0"/></net>

<net id="2672"><net_src comp="2649" pin="3"/><net_sink comp="2665" pin=1"/></net>

<net id="2673"><net_src comp="84" pin="0"/><net_sink comp="2665" pin=2"/></net>

<net id="2674"><net_src comp="66" pin="0"/><net_sink comp="2665" pin=3"/></net>

<net id="2681"><net_src comp="142" pin="0"/><net_sink comp="2675" pin=0"/></net>

<net id="2682"><net_src comp="2649" pin="3"/><net_sink comp="2675" pin=1"/></net>

<net id="2683"><net_src comp="18" pin="0"/><net_sink comp="2675" pin=2"/></net>

<net id="2684"><net_src comp="6" pin="0"/><net_sink comp="2675" pin=3"/></net>

<net id="2690"><net_src comp="158" pin="0"/><net_sink comp="2685" pin=0"/></net>

<net id="2691"><net_src comp="242" pin="0"/><net_sink comp="2685" pin=2"/></net>

<net id="2696"><net_src comp="2685" pin="3"/><net_sink comp="2692" pin=1"/></net>

<net id="2707"><net_src comp="202" pin="0"/><net_sink comp="2702" pin=1"/></net>

<net id="2708"><net_src comp="126" pin="0"/><net_sink comp="2702" pin=2"/></net>

<net id="2713"><net_src comp="112" pin="0"/><net_sink comp="2709" pin=1"/></net>

<net id="2720"><net_src comp="244" pin="0"/><net_sink comp="2714" pin=0"/></net>

<net id="2721"><net_src comp="246" pin="0"/><net_sink comp="2714" pin=1"/></net>

<net id="2726"><net_src comp="2714" pin="4"/><net_sink comp="2722" pin=1"/></net>

<net id="2731"><net_src comp="2714" pin="4"/><net_sink comp="2727" pin=1"/></net>

<net id="2736"><net_src comp="2714" pin="4"/><net_sink comp="2732" pin=1"/></net>

<net id="2745"><net_src comp="204" pin="0"/><net_sink comp="2741" pin=1"/></net>

<net id="2750"><net_src comp="2714" pin="4"/><net_sink comp="2746" pin=0"/></net>

<net id="2759"><net_src comp="40" pin="0"/><net_sink comp="2755" pin=1"/></net>

<net id="2764"><net_src comp="2755" pin="2"/><net_sink comp="2760" pin=1"/></net>

<net id="2769"><net_src comp="40" pin="0"/><net_sink comp="2765" pin=1"/></net>

<net id="2774"><net_src comp="2760" pin="2"/><net_sink comp="2770" pin=0"/></net>

<net id="2775"><net_src comp="2765" pin="2"/><net_sink comp="2770" pin=1"/></net>

<net id="2781"><net_src comp="2770" pin="2"/><net_sink comp="2776" pin=0"/></net>

<net id="2786"><net_src comp="40" pin="0"/><net_sink comp="2782" pin=1"/></net>

<net id="2791"><net_src comp="2782" pin="2"/><net_sink comp="2787" pin=0"/></net>

<net id="2792"><net_src comp="2751" pin="2"/><net_sink comp="2787" pin=1"/></net>

<net id="2797"><net_src comp="2787" pin="2"/><net_sink comp="2793" pin=0"/></net>

<net id="2808"><net_src comp="140" pin="0"/><net_sink comp="2802" pin=0"/></net>

<net id="2809"><net_src comp="84" pin="0"/><net_sink comp="2802" pin=2"/></net>

<net id="2810"><net_src comp="40" pin="0"/><net_sink comp="2802" pin=3"/></net>

<net id="2816"><net_src comp="2802" pin="4"/><net_sink comp="2811" pin=2"/></net>

<net id="2833"><net_src comp="248" pin="0"/><net_sink comp="2827" pin=0"/></net>

<net id="2834"><net_src comp="2811" pin="3"/><net_sink comp="2827" pin=1"/></net>

<net id="2835"><net_src comp="96" pin="0"/><net_sink comp="2827" pin=2"/></net>

<net id="2836"><net_src comp="18" pin="0"/><net_sink comp="2827" pin=3"/></net>

<net id="2843"><net_src comp="130" pin="0"/><net_sink comp="2837" pin=0"/></net>

<net id="2844"><net_src comp="2811" pin="3"/><net_sink comp="2837" pin=1"/></net>

<net id="2845"><net_src comp="20" pin="0"/><net_sink comp="2837" pin=2"/></net>

<net id="2846"><net_src comp="6" pin="0"/><net_sink comp="2837" pin=3"/></net>

<net id="2852"><net_src comp="176" pin="0"/><net_sink comp="2847" pin=0"/></net>

<net id="2853"><net_src comp="250" pin="0"/><net_sink comp="2847" pin=2"/></net>

<net id="2858"><net_src comp="2847" pin="3"/><net_sink comp="2854" pin=1"/></net>

<net id="2869"><net_src comp="202" pin="0"/><net_sink comp="2864" pin=1"/></net>

<net id="2870"><net_src comp="126" pin="0"/><net_sink comp="2864" pin=2"/></net>

<net id="2875"><net_src comp="112" pin="0"/><net_sink comp="2871" pin=1"/></net>

<net id="2882"><net_src comp="192" pin="0"/><net_sink comp="2876" pin=0"/></net>

<net id="2883"><net_src comp="252" pin="0"/><net_sink comp="2876" pin=1"/></net>

<net id="2888"><net_src comp="2876" pin="4"/><net_sink comp="2884" pin=1"/></net>

<net id="2893"><net_src comp="2876" pin="4"/><net_sink comp="2889" pin=1"/></net>

<net id="2898"><net_src comp="2876" pin="4"/><net_sink comp="2894" pin=1"/></net>

<net id="2903"><net_src comp="204" pin="0"/><net_sink comp="2899" pin=1"/></net>

<net id="2908"><net_src comp="2876" pin="4"/><net_sink comp="2904" pin=0"/></net>

<net id="2917"><net_src comp="40" pin="0"/><net_sink comp="2913" pin=1"/></net>

<net id="2922"><net_src comp="2913" pin="2"/><net_sink comp="2918" pin=1"/></net>

<net id="2927"><net_src comp="40" pin="0"/><net_sink comp="2923" pin=1"/></net>

<net id="2932"><net_src comp="2918" pin="2"/><net_sink comp="2928" pin=0"/></net>

<net id="2933"><net_src comp="2923" pin="2"/><net_sink comp="2928" pin=1"/></net>

<net id="2939"><net_src comp="2928" pin="2"/><net_sink comp="2934" pin=0"/></net>

<net id="2948"><net_src comp="40" pin="0"/><net_sink comp="2944" pin=1"/></net>

<net id="2953"><net_src comp="2944" pin="2"/><net_sink comp="2949" pin=0"/></net>

<net id="2954"><net_src comp="2909" pin="2"/><net_sink comp="2949" pin=1"/></net>

<net id="2959"><net_src comp="2949" pin="2"/><net_sink comp="2955" pin=0"/></net>

<net id="2970"><net_src comp="140" pin="0"/><net_sink comp="2964" pin=0"/></net>

<net id="2971"><net_src comp="96" pin="0"/><net_sink comp="2964" pin=2"/></net>

<net id="2972"><net_src comp="40" pin="0"/><net_sink comp="2964" pin=3"/></net>

<net id="2978"><net_src comp="2964" pin="4"/><net_sink comp="2973" pin=2"/></net>

<net id="2989"><net_src comp="254" pin="0"/><net_sink comp="2984" pin=0"/></net>

<net id="2990"><net_src comp="2973" pin="3"/><net_sink comp="2984" pin=1"/></net>

<net id="2991"><net_src comp="6" pin="0"/><net_sink comp="2984" pin=2"/></net>

<net id="2996"><net_src comp="2979" pin="3"/><net_sink comp="2992" pin=0"/></net>

<net id="2997"><net_src comp="204" pin="0"/><net_sink comp="2992" pin=1"/></net>

<net id="3011"><net_src comp="120" pin="0"/><net_sink comp="3006" pin=0"/></net>

<net id="3012"><net_src comp="3003" pin="1"/><net_sink comp="3006" pin=1"/></net>

<net id="3013"><net_src comp="40" pin="0"/><net_sink comp="3006" pin=2"/></net>

<net id="3018"><net_src comp="2998" pin="3"/><net_sink comp="3014" pin=0"/></net>

<net id="3019"><net_src comp="3006" pin="3"/><net_sink comp="3014" pin=1"/></net>

<net id="3031"><net_src comp="256" pin="0"/><net_sink comp="3025" pin=0"/></net>

<net id="3032"><net_src comp="24" pin="0"/><net_sink comp="3025" pin=1"/></net>

<net id="3037"><net_src comp="3025" pin="4"/><net_sink comp="3033" pin=1"/></net>

<net id="3042"><net_src comp="3025" pin="4"/><net_sink comp="3038" pin=0"/></net>

<net id="3053"><net_src comp="140" pin="0"/><net_sink comp="3047" pin=0"/></net>

<net id="3054"><net_src comp="108" pin="0"/><net_sink comp="3047" pin=2"/></net>

<net id="3055"><net_src comp="40" pin="0"/><net_sink comp="3047" pin=3"/></net>

<net id="3060"><net_src comp="40" pin="0"/><net_sink comp="3056" pin=1"/></net>

<net id="3065"><net_src comp="3056" pin="2"/><net_sink comp="3061" pin=0"/></net>

<net id="3066"><net_src comp="3043" pin="2"/><net_sink comp="3061" pin=1"/></net>

<net id="3071"><net_src comp="3061" pin="2"/><net_sink comp="3067" pin=0"/></net>

<net id="3077"><net_src comp="3067" pin="2"/><net_sink comp="3072" pin=0"/></net>

<net id="3078"><net_src comp="3047" pin="4"/><net_sink comp="3072" pin=2"/></net>

<net id="3086"><net_src comp="3079" pin="1"/><net_sink comp="3082" pin=0"/></net>

<net id="3087"><net_src comp="258" pin="0"/><net_sink comp="3082" pin=1"/></net>

<net id="3092"><net_src comp="260" pin="0"/><net_sink comp="3088" pin=1"/></net>

<net id="3097"><net_src comp="262" pin="0"/><net_sink comp="3093" pin=1"/></net>

<net id="3103"><net_src comp="270" pin="0"/><net_sink comp="3098" pin=0"/></net>

<net id="3104"><net_src comp="8" pin="0"/><net_sink comp="3098" pin=2"/></net>

<net id="3110"><net_src comp="272" pin="0"/><net_sink comp="3105" pin=0"/></net>

<net id="3111"><net_src comp="274" pin="0"/><net_sink comp="3105" pin=2"/></net>

<net id="3117"><net_src comp="3105" pin="3"/><net_sink comp="3112" pin=0"/></net>

<net id="3124"><net_src comp="276" pin="0"/><net_sink comp="3118" pin=0"/></net>

<net id="3125"><net_src comp="96" pin="0"/><net_sink comp="3118" pin=2"/></net>

<net id="3126"><net_src comp="6" pin="0"/><net_sink comp="3118" pin=3"/></net>

<net id="3132"><net_src comp="278" pin="0"/><net_sink comp="3127" pin=0"/></net>

<net id="3133"><net_src comp="3112" pin="3"/><net_sink comp="3127" pin=1"/></net>

<net id="3134"><net_src comp="3118" pin="4"/><net_sink comp="3127" pin=2"/></net>

<net id="3140"><net_src comp="3098" pin="3"/><net_sink comp="3135" pin=0"/></net>

<net id="3141"><net_src comp="280" pin="0"/><net_sink comp="3135" pin=1"/></net>

<net id="3142"><net_src comp="3127" pin="3"/><net_sink comp="3135" pin=2"/></net>

<net id="3146"><net_src comp="282" pin="2"/><net_sink comp="3143" pin=0"/></net>

<net id="3147"><net_src comp="3143" pin="1"/><net_sink comp="3098" pin=1"/></net>

<net id="3151"><net_src comp="288" pin="4"/><net_sink comp="3148" pin=0"/></net>

<net id="3152"><net_src comp="3148" pin="1"/><net_sink comp="344" pin=0"/></net>

<net id="3156"><net_src comp="298" pin="1"/><net_sink comp="3153" pin=0"/></net>

<net id="3157"><net_src comp="3153" pin="1"/><net_sink comp="992" pin=1"/></net>

<net id="3161"><net_src comp="312" pin="1"/><net_sink comp="3158" pin=0"/></net>

<net id="3162"><net_src comp="3158" pin="1"/><net_sink comp="322" pin=0"/></net>

<net id="3166"><net_src comp="316" pin="2"/><net_sink comp="3163" pin=0"/></net>

<net id="3167"><net_src comp="3163" pin="1"/><net_sink comp="358" pin=0"/></net>

<net id="3168"><net_src comp="3163" pin="1"/><net_sink comp="365" pin=0"/></net>

<net id="3172"><net_src comp="338" pin="2"/><net_sink comp="3169" pin=0"/></net>

<net id="3173"><net_src comp="3169" pin="1"/><net_sink comp="865" pin=0"/></net>

<net id="3174"><net_src comp="3169" pin="1"/><net_sink comp="999" pin=1"/></net>

<net id="3178"><net_src comp="322" pin="2"/><net_sink comp="3175" pin=0"/></net>

<net id="3179"><net_src comp="3175" pin="1"/><net_sink comp="347" pin=2"/></net>

<net id="3183"><net_src comp="358" pin="3"/><net_sink comp="3180" pin=0"/></net>

<net id="3184"><net_src comp="3180" pin="1"/><net_sink comp="413" pin=1"/></net>

<net id="3185"><net_src comp="3180" pin="1"/><net_sink comp="432" pin=1"/></net>

<net id="3189"><net_src comp="365" pin="3"/><net_sink comp="3186" pin=0"/></net>

<net id="3190"><net_src comp="3186" pin="1"/><net_sink comp="423" pin=1"/></net>

<net id="3191"><net_src comp="3186" pin="1"/><net_sink comp="438" pin=1"/></net>

<net id="3195"><net_src comp="372" pin="4"/><net_sink comp="3192" pin=0"/></net>

<net id="3196"><net_src comp="3192" pin="1"/><net_sink comp="392" pin=1"/></net>

<net id="3200"><net_src comp="382" pin="4"/><net_sink comp="3197" pin=0"/></net>

<net id="3201"><net_src comp="3197" pin="1"/><net_sink comp="403" pin=0"/></net>

<net id="3202"><net_src comp="3197" pin="1"/><net_sink comp="408" pin=0"/></net>

<net id="3206"><net_src comp="399" pin="1"/><net_sink comp="3203" pin=0"/></net>

<net id="3207"><net_src comp="3203" pin="1"/><net_sink comp="408" pin=1"/></net>

<net id="3211"><net_src comp="403" pin="2"/><net_sink comp="3208" pin=0"/></net>

<net id="3212"><net_src comp="3208" pin="1"/><net_sink comp="432" pin=0"/></net>

<net id="3213"><net_src comp="3208" pin="1"/><net_sink comp="438" pin=0"/></net>

<net id="3217"><net_src comp="408" pin="2"/><net_sink comp="3214" pin=0"/></net>

<net id="3218"><net_src comp="3214" pin="1"/><net_sink comp="413" pin=2"/></net>

<net id="3222"><net_src comp="432" pin="3"/><net_sink comp="3219" pin=0"/></net>

<net id="3223"><net_src comp="3219" pin="1"/><net_sink comp="485" pin=1"/></net>

<net id="3224"><net_src comp="3219" pin="1"/><net_sink comp="504" pin=1"/></net>

<net id="3228"><net_src comp="438" pin="3"/><net_sink comp="3225" pin=0"/></net>

<net id="3229"><net_src comp="3225" pin="1"/><net_sink comp="495" pin=1"/></net>

<net id="3230"><net_src comp="3225" pin="1"/><net_sink comp="510" pin=1"/></net>

<net id="3234"><net_src comp="444" pin="4"/><net_sink comp="3231" pin=0"/></net>

<net id="3235"><net_src comp="3231" pin="1"/><net_sink comp="464" pin=1"/></net>

<net id="3239"><net_src comp="454" pin="4"/><net_sink comp="3236" pin=0"/></net>

<net id="3240"><net_src comp="3236" pin="1"/><net_sink comp="475" pin=0"/></net>

<net id="3241"><net_src comp="3236" pin="1"/><net_sink comp="480" pin=0"/></net>

<net id="3245"><net_src comp="471" pin="1"/><net_sink comp="3242" pin=0"/></net>

<net id="3246"><net_src comp="3242" pin="1"/><net_sink comp="480" pin=1"/></net>

<net id="3250"><net_src comp="475" pin="2"/><net_sink comp="3247" pin=0"/></net>

<net id="3251"><net_src comp="3247" pin="1"/><net_sink comp="504" pin=0"/></net>

<net id="3252"><net_src comp="3247" pin="1"/><net_sink comp="510" pin=0"/></net>

<net id="3256"><net_src comp="480" pin="2"/><net_sink comp="3253" pin=0"/></net>

<net id="3257"><net_src comp="3253" pin="1"/><net_sink comp="485" pin=2"/></net>

<net id="3261"><net_src comp="504" pin="3"/><net_sink comp="3258" pin=0"/></net>

<net id="3262"><net_src comp="3258" pin="1"/><net_sink comp="557" pin=1"/></net>

<net id="3263"><net_src comp="3258" pin="1"/><net_sink comp="576" pin=1"/></net>

<net id="3267"><net_src comp="510" pin="3"/><net_sink comp="3264" pin=0"/></net>

<net id="3268"><net_src comp="3264" pin="1"/><net_sink comp="567" pin=1"/></net>

<net id="3269"><net_src comp="3264" pin="1"/><net_sink comp="582" pin=1"/></net>

<net id="3273"><net_src comp="516" pin="4"/><net_sink comp="3270" pin=0"/></net>

<net id="3274"><net_src comp="3270" pin="1"/><net_sink comp="536" pin=1"/></net>

<net id="3278"><net_src comp="526" pin="4"/><net_sink comp="3275" pin=0"/></net>

<net id="3279"><net_src comp="3275" pin="1"/><net_sink comp="547" pin=0"/></net>

<net id="3280"><net_src comp="3275" pin="1"/><net_sink comp="552" pin=0"/></net>

<net id="3284"><net_src comp="543" pin="1"/><net_sink comp="3281" pin=0"/></net>

<net id="3285"><net_src comp="3281" pin="1"/><net_sink comp="552" pin=1"/></net>

<net id="3289"><net_src comp="547" pin="2"/><net_sink comp="3286" pin=0"/></net>

<net id="3290"><net_src comp="3286" pin="1"/><net_sink comp="576" pin=0"/></net>

<net id="3291"><net_src comp="3286" pin="1"/><net_sink comp="582" pin=0"/></net>

<net id="3295"><net_src comp="552" pin="2"/><net_sink comp="3292" pin=0"/></net>

<net id="3296"><net_src comp="3292" pin="1"/><net_sink comp="557" pin=2"/></net>

<net id="3300"><net_src comp="576" pin="3"/><net_sink comp="3297" pin=0"/></net>

<net id="3301"><net_src comp="3297" pin="1"/><net_sink comp="629" pin=1"/></net>

<net id="3302"><net_src comp="3297" pin="1"/><net_sink comp="648" pin=1"/></net>

<net id="3306"><net_src comp="582" pin="3"/><net_sink comp="3303" pin=0"/></net>

<net id="3307"><net_src comp="3303" pin="1"/><net_sink comp="639" pin=1"/></net>

<net id="3308"><net_src comp="3303" pin="1"/><net_sink comp="654" pin=1"/></net>

<net id="3312"><net_src comp="588" pin="4"/><net_sink comp="3309" pin=0"/></net>

<net id="3313"><net_src comp="3309" pin="1"/><net_sink comp="608" pin=1"/></net>

<net id="3317"><net_src comp="598" pin="4"/><net_sink comp="3314" pin=0"/></net>

<net id="3318"><net_src comp="3314" pin="1"/><net_sink comp="619" pin=0"/></net>

<net id="3319"><net_src comp="3314" pin="1"/><net_sink comp="624" pin=0"/></net>

<net id="3323"><net_src comp="615" pin="1"/><net_sink comp="3320" pin=0"/></net>

<net id="3324"><net_src comp="3320" pin="1"/><net_sink comp="624" pin=1"/></net>

<net id="3328"><net_src comp="619" pin="2"/><net_sink comp="3325" pin=0"/></net>

<net id="3329"><net_src comp="3325" pin="1"/><net_sink comp="648" pin=0"/></net>

<net id="3330"><net_src comp="3325" pin="1"/><net_sink comp="654" pin=0"/></net>

<net id="3334"><net_src comp="624" pin="2"/><net_sink comp="3331" pin=0"/></net>

<net id="3335"><net_src comp="3331" pin="1"/><net_sink comp="629" pin=2"/></net>

<net id="3339"><net_src comp="648" pin="3"/><net_sink comp="3336" pin=0"/></net>

<net id="3340"><net_src comp="3336" pin="1"/><net_sink comp="701" pin=1"/></net>

<net id="3341"><net_src comp="3336" pin="1"/><net_sink comp="720" pin=1"/></net>

<net id="3345"><net_src comp="654" pin="3"/><net_sink comp="3342" pin=0"/></net>

<net id="3346"><net_src comp="3342" pin="1"/><net_sink comp="711" pin=1"/></net>

<net id="3347"><net_src comp="3342" pin="1"/><net_sink comp="726" pin=1"/></net>

<net id="3351"><net_src comp="660" pin="4"/><net_sink comp="3348" pin=0"/></net>

<net id="3352"><net_src comp="3348" pin="1"/><net_sink comp="680" pin=1"/></net>

<net id="3356"><net_src comp="670" pin="4"/><net_sink comp="3353" pin=0"/></net>

<net id="3357"><net_src comp="3353" pin="1"/><net_sink comp="691" pin=0"/></net>

<net id="3358"><net_src comp="3353" pin="1"/><net_sink comp="696" pin=0"/></net>

<net id="3362"><net_src comp="687" pin="1"/><net_sink comp="3359" pin=0"/></net>

<net id="3363"><net_src comp="3359" pin="1"/><net_sink comp="696" pin=1"/></net>

<net id="3367"><net_src comp="691" pin="2"/><net_sink comp="3364" pin=0"/></net>

<net id="3368"><net_src comp="3364" pin="1"/><net_sink comp="720" pin=0"/></net>

<net id="3369"><net_src comp="3364" pin="1"/><net_sink comp="726" pin=0"/></net>

<net id="3373"><net_src comp="696" pin="2"/><net_sink comp="3370" pin=0"/></net>

<net id="3374"><net_src comp="3370" pin="1"/><net_sink comp="701" pin=2"/></net>

<net id="3378"><net_src comp="720" pin="3"/><net_sink comp="3375" pin=0"/></net>

<net id="3379"><net_src comp="3375" pin="1"/><net_sink comp="788" pin=1"/></net>

<net id="3380"><net_src comp="3375" pin="1"/><net_sink comp="798" pin=1"/></net>

<net id="3384"><net_src comp="726" pin="3"/><net_sink comp="3381" pin=0"/></net>

<net id="3385"><net_src comp="3381" pin="1"/><net_sink comp="773" pin=1"/></net>

<net id="3386"><net_src comp="3381" pin="1"/><net_sink comp="782" pin=1"/></net>

<net id="3390"><net_src comp="732" pin="4"/><net_sink comp="3387" pin=0"/></net>

<net id="3391"><net_src comp="3387" pin="1"/><net_sink comp="752" pin=1"/></net>

<net id="3395"><net_src comp="742" pin="4"/><net_sink comp="3392" pin=0"/></net>

<net id="3396"><net_src comp="3392" pin="1"/><net_sink comp="763" pin=0"/></net>

<net id="3397"><net_src comp="3392" pin="1"/><net_sink comp="768" pin=0"/></net>

<net id="3401"><net_src comp="759" pin="1"/><net_sink comp="3398" pin=0"/></net>

<net id="3402"><net_src comp="3398" pin="1"/><net_sink comp="768" pin=1"/></net>

<net id="3406"><net_src comp="763" pin="2"/><net_sink comp="3403" pin=0"/></net>

<net id="3407"><net_src comp="3403" pin="1"/><net_sink comp="782" pin=0"/></net>

<net id="3408"><net_src comp="3403" pin="1"/><net_sink comp="798" pin=0"/></net>

<net id="3412"><net_src comp="768" pin="2"/><net_sink comp="3409" pin=0"/></net>

<net id="3413"><net_src comp="3409" pin="1"/><net_sink comp="788" pin=2"/></net>

<net id="3417"><net_src comp="782" pin="3"/><net_sink comp="3414" pin=0"/></net>

<net id="3418"><net_src comp="3414" pin="1"/><net_sink comp="808" pin=1"/></net>

<net id="3419"><net_src comp="3414" pin="1"/><net_sink comp="850" pin=1"/></net>

<net id="3420"><net_src comp="3414" pin="1"/><net_sink comp="859" pin=1"/></net>

<net id="3424"><net_src comp="798" pin="3"/><net_sink comp="3421" pin=0"/></net>

<net id="3425"><net_src comp="3421" pin="1"/><net_sink comp="829" pin=1"/></net>

<net id="3426"><net_src comp="3421" pin="1"/><net_sink comp="839" pin=1"/></net>

<net id="3430"><net_src comp="804" pin="1"/><net_sink comp="3427" pin=0"/></net>

<net id="3431"><net_src comp="3427" pin="1"/><net_sink comp="819" pin=0"/></net>

<net id="3432"><net_src comp="3427" pin="1"/><net_sink comp="824" pin=0"/></net>

<net id="3436"><net_src comp="815" pin="1"/><net_sink comp="3433" pin=0"/></net>

<net id="3437"><net_src comp="3433" pin="1"/><net_sink comp="824" pin=1"/></net>

<net id="3441"><net_src comp="819" pin="2"/><net_sink comp="3438" pin=0"/></net>

<net id="3442"><net_src comp="3438" pin="1"/><net_sink comp="839" pin=0"/></net>

<net id="3443"><net_src comp="3438" pin="1"/><net_sink comp="859" pin=0"/></net>

<net id="3447"><net_src comp="824" pin="2"/><net_sink comp="3444" pin=0"/></net>

<net id="3448"><net_src comp="3444" pin="1"/><net_sink comp="829" pin=2"/></net>

<net id="3452"><net_src comp="839" pin="3"/><net_sink comp="3449" pin=0"/></net>

<net id="3453"><net_src comp="3449" pin="1"/><net_sink comp="845" pin=0"/></net>

<net id="3454"><net_src comp="3449" pin="1"/><net_sink comp="865" pin=2"/></net>

<net id="3455"><net_src comp="3449" pin="1"/><net_sink comp="977" pin=0"/></net>

<net id="3456"><net_src comp="3449" pin="1"/><net_sink comp="987" pin=1"/></net>

<net id="3457"><net_src comp="3449" pin="1"/><net_sink comp="1020" pin=1"/></net>

<net id="3461"><net_src comp="845" pin="2"/><net_sink comp="3458" pin=0"/></net>

<net id="3462"><net_src comp="3458" pin="1"/><net_sink comp="865" pin=1"/></net>

<net id="3466"><net_src comp="859" pin="3"/><net_sink comp="3463" pin=0"/></net>

<net id="3467"><net_src comp="3463" pin="1"/><net_sink comp="966" pin=2"/></net>

<net id="3468"><net_src comp="3463" pin="1"/><net_sink comp="1767" pin=1"/></net>

<net id="3469"><net_src comp="3463" pin="1"/><net_sink comp="1881" pin=2"/></net>

<net id="3470"><net_src comp="3463" pin="1"/><net_sink comp="2066" pin=2"/></net>

<net id="3471"><net_src comp="3463" pin="1"/><net_sink comp="2228" pin=2"/></net>

<net id="3472"><net_src comp="3463" pin="1"/><net_sink comp="2390" pin=2"/></net>

<net id="3473"><net_src comp="3463" pin="1"/><net_sink comp="2552" pin=2"/></net>

<net id="3474"><net_src comp="3463" pin="1"/><net_sink comp="2714" pin=2"/></net>

<net id="3475"><net_src comp="3463" pin="1"/><net_sink comp="2876" pin=2"/></net>

<net id="3476"><net_src comp="3463" pin="1"/><net_sink comp="3025" pin=2"/></net>

<net id="3477"><net_src comp="3463" pin="1"/><net_sink comp="3093" pin=0"/></net>

<net id="3478"><net_src comp="3463" pin="1"/><net_sink comp="3112" pin=2"/></net>

<net id="3482"><net_src comp="865" pin="3"/><net_sink comp="3479" pin=0"/></net>

<net id="3483"><net_src comp="3479" pin="1"/><net_sink comp="982" pin=0"/></net>

<net id="3487"><net_src comp="870" pin="1"/><net_sink comp="3484" pin=0"/></net>

<net id="3488"><net_src comp="3484" pin="1"/><net_sink comp="1052" pin=1"/></net>

<net id="3492"><net_src comp="874" pin="4"/><net_sink comp="3489" pin=0"/></net>

<net id="3493"><net_src comp="3489" pin="1"/><net_sink comp="1060" pin=2"/></net>

<net id="3497"><net_src comp="884" pin="1"/><net_sink comp="3494" pin=0"/></net>

<net id="3498"><net_src comp="3494" pin="1"/><net_sink comp="1155" pin=1"/></net>

<net id="3502"><net_src comp="888" pin="4"/><net_sink comp="3499" pin=0"/></net>

<net id="3503"><net_src comp="3499" pin="1"/><net_sink comp="1163" pin=2"/></net>

<net id="3507"><net_src comp="898" pin="1"/><net_sink comp="3504" pin=0"/></net>

<net id="3508"><net_src comp="3504" pin="1"/><net_sink comp="1258" pin=1"/></net>

<net id="3512"><net_src comp="902" pin="4"/><net_sink comp="3509" pin=0"/></net>

<net id="3513"><net_src comp="3509" pin="1"/><net_sink comp="1266" pin=2"/></net>

<net id="3517"><net_src comp="912" pin="1"/><net_sink comp="3514" pin=0"/></net>

<net id="3518"><net_src comp="3514" pin="1"/><net_sink comp="1361" pin=1"/></net>

<net id="3522"><net_src comp="916" pin="4"/><net_sink comp="3519" pin=0"/></net>

<net id="3523"><net_src comp="3519" pin="1"/><net_sink comp="1369" pin=2"/></net>

<net id="3527"><net_src comp="926" pin="1"/><net_sink comp="3524" pin=0"/></net>

<net id="3528"><net_src comp="3524" pin="1"/><net_sink comp="1464" pin=1"/></net>

<net id="3532"><net_src comp="930" pin="4"/><net_sink comp="3529" pin=0"/></net>

<net id="3533"><net_src comp="3529" pin="1"/><net_sink comp="1472" pin=2"/></net>

<net id="3537"><net_src comp="940" pin="1"/><net_sink comp="3534" pin=0"/></net>

<net id="3538"><net_src comp="3534" pin="1"/><net_sink comp="1567" pin=1"/></net>

<net id="3542"><net_src comp="944" pin="4"/><net_sink comp="3539" pin=0"/></net>

<net id="3543"><net_src comp="3539" pin="1"/><net_sink comp="1585" pin=2"/></net>

<net id="3547"><net_src comp="954" pin="1"/><net_sink comp="3544" pin=0"/></net>

<net id="3548"><net_src comp="3544" pin="1"/><net_sink comp="1670" pin=1"/></net>

<net id="3552"><net_src comp="958" pin="3"/><net_sink comp="3549" pin=0"/></net>

<net id="3553"><net_src comp="3549" pin="1"/><net_sink comp="1683" pin=2"/></net>

<net id="3557"><net_src comp="973" pin="1"/><net_sink comp="3554" pin=0"/></net>

<net id="3558"><net_src comp="3554" pin="1"/><net_sink comp="982" pin=1"/></net>

<net id="3562"><net_src comp="977" pin="2"/><net_sink comp="3559" pin=0"/></net>

<net id="3563"><net_src comp="3559" pin="1"/><net_sink comp="999" pin=0"/></net>

<net id="3567"><net_src comp="987" pin="2"/><net_sink comp="3564" pin=0"/></net>

<net id="3568"><net_src comp="3564" pin="1"/><net_sink comp="1009" pin=0"/></net>

<net id="3572"><net_src comp="992" pin="3"/><net_sink comp="3569" pin=0"/></net>

<net id="3573"><net_src comp="3569" pin="1"/><net_sink comp="1003" pin=0"/></net>

<net id="3574"><net_src comp="3569" pin="1"/><net_sink comp="1032" pin=1"/></net>

<net id="3578"><net_src comp="982" pin="2"/><net_sink comp="3575" pin=0"/></net>

<net id="3579"><net_src comp="3575" pin="1"/><net_sink comp="1020" pin=2"/></net>

<net id="3583"><net_src comp="1014" pin="2"/><net_sink comp="3580" pin=0"/></net>

<net id="3584"><net_src comp="3580" pin="1"/><net_sink comp="1020" pin=0"/></net>

<net id="3585"><net_src comp="3580" pin="1"/><net_sink comp="1025" pin=0"/></net>

<net id="3586"><net_src comp="3580" pin="1"/><net_sink comp="1032" pin=0"/></net>

<net id="3590"><net_src comp="1003" pin="2"/><net_sink comp="3587" pin=0"/></net>

<net id="3591"><net_src comp="3587" pin="1"/><net_sink comp="1032" pin=2"/></net>

<net id="3595"><net_src comp="1020" pin="3"/><net_sink comp="3592" pin=0"/></net>

<net id="3596"><net_src comp="3592" pin="1"/><net_sink comp="1047" pin=0"/></net>

<net id="3597"><net_src comp="3592" pin="1"/><net_sink comp="1071" pin=0"/></net>

<net id="3598"><net_src comp="3592" pin="1"/><net_sink comp="1086" pin=1"/></net>

<net id="3599"><net_src comp="3592" pin="1"/><net_sink comp="1095" pin=2"/></net>

<net id="3600"><net_src comp="3592" pin="1"/><net_sink comp="1120" pin=1"/></net>

<net id="3604"><net_src comp="1025" pin="3"/><net_sink comp="3601" pin=0"/></net>

<net id="3605"><net_src comp="3601" pin="1"/><net_sink comp="1125" pin=1"/></net>

<net id="3606"><net_src comp="3601" pin="1"/><net_sink comp="1134" pin=1"/></net>

<net id="3610"><net_src comp="1032" pin="3"/><net_sink comp="3607" pin=0"/></net>

<net id="3611"><net_src comp="3607" pin="1"/><net_sink comp="1076" pin=0"/></net>

<net id="3612"><net_src comp="3607" pin="1"/><net_sink comp="1081" pin=0"/></net>

<net id="3613"><net_src comp="3607" pin="1"/><net_sink comp="1115" pin=1"/></net>

<net id="3617"><net_src comp="1037" pin="4"/><net_sink comp="3614" pin=0"/></net>

<net id="3618"><net_src comp="3614" pin="1"/><net_sink comp="1052" pin=2"/></net>

<net id="3622"><net_src comp="1052" pin="4"/><net_sink comp="3619" pin=0"/></net>

<net id="3623"><net_src comp="3619" pin="1"/><net_sink comp="1081" pin=1"/></net>

<net id="3627"><net_src comp="1067" pin="1"/><net_sink comp="3624" pin=0"/></net>

<net id="3628"><net_src comp="3624" pin="1"/><net_sink comp="1111" pin=1"/></net>

<net id="3632"><net_src comp="1071" pin="2"/><net_sink comp="3629" pin=0"/></net>

<net id="3633"><net_src comp="3629" pin="1"/><net_sink comp="1091" pin=0"/></net>

<net id="3637"><net_src comp="1076" pin="2"/><net_sink comp="3634" pin=0"/></net>

<net id="3638"><net_src comp="3634" pin="1"/><net_sink comp="1091" pin=1"/></net>

<net id="3639"><net_src comp="3634" pin="1"/><net_sink comp="1095" pin=0"/></net>

<net id="3643"><net_src comp="1047" pin="2"/><net_sink comp="3640" pin=0"/></net>

<net id="3644"><net_src comp="3640" pin="1"/><net_sink comp="1095" pin=1"/></net>

<net id="3648"><net_src comp="1086" pin="2"/><net_sink comp="3645" pin=0"/></net>

<net id="3649"><net_src comp="3645" pin="1"/><net_sink comp="1100" pin=0"/></net>

<net id="3653"><net_src comp="1095" pin="3"/><net_sink comp="3650" pin=0"/></net>

<net id="3654"><net_src comp="3650" pin="1"/><net_sink comp="1111" pin=0"/></net>

<net id="3658"><net_src comp="1081" pin="2"/><net_sink comp="3655" pin=0"/></net>

<net id="3659"><net_src comp="3655" pin="1"/><net_sink comp="1115" pin=2"/></net>

<net id="3663"><net_src comp="1105" pin="2"/><net_sink comp="3660" pin=0"/></net>

<net id="3664"><net_src comp="3660" pin="1"/><net_sink comp="1115" pin=0"/></net>

<net id="3665"><net_src comp="3660" pin="1"/><net_sink comp="1120" pin=0"/></net>

<net id="3666"><net_src comp="3660" pin="1"/><net_sink comp="1134" pin=0"/></net>

<net id="3670"><net_src comp="1115" pin="3"/><net_sink comp="3667" pin=0"/></net>

<net id="3671"><net_src comp="3667" pin="1"/><net_sink comp="1179" pin=0"/></net>

<net id="3672"><net_src comp="3667" pin="1"/><net_sink comp="1184" pin=0"/></net>

<net id="3673"><net_src comp="3667" pin="1"/><net_sink comp="1218" pin=1"/></net>

<net id="3677"><net_src comp="1111" pin="2"/><net_sink comp="3674" pin=0"/></net>

<net id="3678"><net_src comp="3674" pin="1"/><net_sink comp="1120" pin=2"/></net>

<net id="3682"><net_src comp="1120" pin="3"/><net_sink comp="3679" pin=0"/></net>

<net id="3683"><net_src comp="3679" pin="1"/><net_sink comp="1150" pin=0"/></net>

<net id="3684"><net_src comp="3679" pin="1"/><net_sink comp="1174" pin=0"/></net>

<net id="3685"><net_src comp="3679" pin="1"/><net_sink comp="1189" pin=1"/></net>

<net id="3686"><net_src comp="3679" pin="1"/><net_sink comp="1198" pin=2"/></net>

<net id="3687"><net_src comp="3679" pin="1"/><net_sink comp="1223" pin=1"/></net>

<net id="3691"><net_src comp="1134" pin="3"/><net_sink comp="3688" pin=0"/></net>

<net id="3692"><net_src comp="3688" pin="1"/><net_sink comp="1228" pin=1"/></net>

<net id="3693"><net_src comp="3688" pin="1"/><net_sink comp="1237" pin=1"/></net>

<net id="3697"><net_src comp="1140" pin="4"/><net_sink comp="3694" pin=0"/></net>

<net id="3698"><net_src comp="3694" pin="1"/><net_sink comp="1155" pin=2"/></net>

<net id="3702"><net_src comp="1155" pin="4"/><net_sink comp="3699" pin=0"/></net>

<net id="3703"><net_src comp="3699" pin="1"/><net_sink comp="1184" pin=1"/></net>

<net id="3707"><net_src comp="1170" pin="1"/><net_sink comp="3704" pin=0"/></net>

<net id="3708"><net_src comp="3704" pin="1"/><net_sink comp="1214" pin=1"/></net>

<net id="3712"><net_src comp="1174" pin="2"/><net_sink comp="3709" pin=0"/></net>

<net id="3713"><net_src comp="3709" pin="1"/><net_sink comp="1194" pin=0"/></net>

<net id="3717"><net_src comp="1179" pin="2"/><net_sink comp="3714" pin=0"/></net>

<net id="3718"><net_src comp="3714" pin="1"/><net_sink comp="1194" pin=1"/></net>

<net id="3719"><net_src comp="3714" pin="1"/><net_sink comp="1198" pin=0"/></net>

<net id="3723"><net_src comp="1150" pin="2"/><net_sink comp="3720" pin=0"/></net>

<net id="3724"><net_src comp="3720" pin="1"/><net_sink comp="1198" pin=1"/></net>

<net id="3728"><net_src comp="1189" pin="2"/><net_sink comp="3725" pin=0"/></net>

<net id="3729"><net_src comp="3725" pin="1"/><net_sink comp="1203" pin=0"/></net>

<net id="3733"><net_src comp="1198" pin="3"/><net_sink comp="3730" pin=0"/></net>

<net id="3734"><net_src comp="3730" pin="1"/><net_sink comp="1214" pin=0"/></net>

<net id="3738"><net_src comp="1184" pin="2"/><net_sink comp="3735" pin=0"/></net>

<net id="3739"><net_src comp="3735" pin="1"/><net_sink comp="1218" pin=2"/></net>

<net id="3743"><net_src comp="1208" pin="2"/><net_sink comp="3740" pin=0"/></net>

<net id="3744"><net_src comp="3740" pin="1"/><net_sink comp="1218" pin=0"/></net>

<net id="3745"><net_src comp="3740" pin="1"/><net_sink comp="1223" pin=0"/></net>

<net id="3746"><net_src comp="3740" pin="1"/><net_sink comp="1237" pin=0"/></net>

<net id="3750"><net_src comp="1218" pin="3"/><net_sink comp="3747" pin=0"/></net>

<net id="3751"><net_src comp="3747" pin="1"/><net_sink comp="1282" pin=0"/></net>

<net id="3752"><net_src comp="3747" pin="1"/><net_sink comp="1287" pin=0"/></net>

<net id="3753"><net_src comp="3747" pin="1"/><net_sink comp="1321" pin=1"/></net>

<net id="3757"><net_src comp="1214" pin="2"/><net_sink comp="3754" pin=0"/></net>

<net id="3758"><net_src comp="3754" pin="1"/><net_sink comp="1223" pin=2"/></net>

<net id="3762"><net_src comp="1223" pin="3"/><net_sink comp="3759" pin=0"/></net>

<net id="3763"><net_src comp="3759" pin="1"/><net_sink comp="1253" pin=0"/></net>

<net id="3764"><net_src comp="3759" pin="1"/><net_sink comp="1277" pin=0"/></net>

<net id="3765"><net_src comp="3759" pin="1"/><net_sink comp="1292" pin=1"/></net>

<net id="3766"><net_src comp="3759" pin="1"/><net_sink comp="1301" pin=2"/></net>

<net id="3767"><net_src comp="3759" pin="1"/><net_sink comp="1326" pin=1"/></net>

<net id="3771"><net_src comp="1237" pin="3"/><net_sink comp="3768" pin=0"/></net>

<net id="3772"><net_src comp="3768" pin="1"/><net_sink comp="1331" pin=1"/></net>

<net id="3773"><net_src comp="3768" pin="1"/><net_sink comp="1340" pin=1"/></net>

<net id="3777"><net_src comp="1243" pin="4"/><net_sink comp="3774" pin=0"/></net>

<net id="3778"><net_src comp="3774" pin="1"/><net_sink comp="1258" pin=2"/></net>

<net id="3782"><net_src comp="1258" pin="4"/><net_sink comp="3779" pin=0"/></net>

<net id="3783"><net_src comp="3779" pin="1"/><net_sink comp="1287" pin=1"/></net>

<net id="3787"><net_src comp="1273" pin="1"/><net_sink comp="3784" pin=0"/></net>

<net id="3788"><net_src comp="3784" pin="1"/><net_sink comp="1317" pin=1"/></net>

<net id="3792"><net_src comp="1277" pin="2"/><net_sink comp="3789" pin=0"/></net>

<net id="3793"><net_src comp="3789" pin="1"/><net_sink comp="1297" pin=0"/></net>

<net id="3797"><net_src comp="1282" pin="2"/><net_sink comp="3794" pin=0"/></net>

<net id="3798"><net_src comp="3794" pin="1"/><net_sink comp="1297" pin=1"/></net>

<net id="3799"><net_src comp="3794" pin="1"/><net_sink comp="1301" pin=0"/></net>

<net id="3803"><net_src comp="1253" pin="2"/><net_sink comp="3800" pin=0"/></net>

<net id="3804"><net_src comp="3800" pin="1"/><net_sink comp="1301" pin=1"/></net>

<net id="3808"><net_src comp="1292" pin="2"/><net_sink comp="3805" pin=0"/></net>

<net id="3809"><net_src comp="3805" pin="1"/><net_sink comp="1306" pin=0"/></net>

<net id="3813"><net_src comp="1301" pin="3"/><net_sink comp="3810" pin=0"/></net>

<net id="3814"><net_src comp="3810" pin="1"/><net_sink comp="1317" pin=0"/></net>

<net id="3818"><net_src comp="1287" pin="2"/><net_sink comp="3815" pin=0"/></net>

<net id="3819"><net_src comp="3815" pin="1"/><net_sink comp="1321" pin=2"/></net>

<net id="3823"><net_src comp="1311" pin="2"/><net_sink comp="3820" pin=0"/></net>

<net id="3824"><net_src comp="3820" pin="1"/><net_sink comp="1321" pin=0"/></net>

<net id="3825"><net_src comp="3820" pin="1"/><net_sink comp="1326" pin=0"/></net>

<net id="3826"><net_src comp="3820" pin="1"/><net_sink comp="1340" pin=0"/></net>

<net id="3830"><net_src comp="1321" pin="3"/><net_sink comp="3827" pin=0"/></net>

<net id="3831"><net_src comp="3827" pin="1"/><net_sink comp="1385" pin=0"/></net>

<net id="3832"><net_src comp="3827" pin="1"/><net_sink comp="1390" pin=0"/></net>

<net id="3833"><net_src comp="3827" pin="1"/><net_sink comp="1424" pin=1"/></net>

<net id="3837"><net_src comp="1317" pin="2"/><net_sink comp="3834" pin=0"/></net>

<net id="3838"><net_src comp="3834" pin="1"/><net_sink comp="1326" pin=2"/></net>

<net id="3842"><net_src comp="1326" pin="3"/><net_sink comp="3839" pin=0"/></net>

<net id="3843"><net_src comp="3839" pin="1"/><net_sink comp="1356" pin=0"/></net>

<net id="3844"><net_src comp="3839" pin="1"/><net_sink comp="1380" pin=0"/></net>

<net id="3845"><net_src comp="3839" pin="1"/><net_sink comp="1395" pin=1"/></net>

<net id="3846"><net_src comp="3839" pin="1"/><net_sink comp="1404" pin=2"/></net>

<net id="3847"><net_src comp="3839" pin="1"/><net_sink comp="1429" pin=1"/></net>

<net id="3851"><net_src comp="1340" pin="3"/><net_sink comp="3848" pin=0"/></net>

<net id="3852"><net_src comp="3848" pin="1"/><net_sink comp="1434" pin=1"/></net>

<net id="3853"><net_src comp="3848" pin="1"/><net_sink comp="1443" pin=1"/></net>

<net id="3857"><net_src comp="1346" pin="4"/><net_sink comp="3854" pin=0"/></net>

<net id="3858"><net_src comp="3854" pin="1"/><net_sink comp="1361" pin=2"/></net>

<net id="3862"><net_src comp="1361" pin="4"/><net_sink comp="3859" pin=0"/></net>

<net id="3863"><net_src comp="3859" pin="1"/><net_sink comp="1390" pin=1"/></net>

<net id="3867"><net_src comp="1376" pin="1"/><net_sink comp="3864" pin=0"/></net>

<net id="3868"><net_src comp="3864" pin="1"/><net_sink comp="1420" pin=1"/></net>

<net id="3872"><net_src comp="1380" pin="2"/><net_sink comp="3869" pin=0"/></net>

<net id="3873"><net_src comp="3869" pin="1"/><net_sink comp="1400" pin=0"/></net>

<net id="3877"><net_src comp="1385" pin="2"/><net_sink comp="3874" pin=0"/></net>

<net id="3878"><net_src comp="3874" pin="1"/><net_sink comp="1400" pin=1"/></net>

<net id="3879"><net_src comp="3874" pin="1"/><net_sink comp="1404" pin=0"/></net>

<net id="3883"><net_src comp="1356" pin="2"/><net_sink comp="3880" pin=0"/></net>

<net id="3884"><net_src comp="3880" pin="1"/><net_sink comp="1404" pin=1"/></net>

<net id="3888"><net_src comp="1395" pin="2"/><net_sink comp="3885" pin=0"/></net>

<net id="3889"><net_src comp="3885" pin="1"/><net_sink comp="1409" pin=0"/></net>

<net id="3893"><net_src comp="1404" pin="3"/><net_sink comp="3890" pin=0"/></net>

<net id="3894"><net_src comp="3890" pin="1"/><net_sink comp="1420" pin=0"/></net>

<net id="3898"><net_src comp="1390" pin="2"/><net_sink comp="3895" pin=0"/></net>

<net id="3899"><net_src comp="3895" pin="1"/><net_sink comp="1424" pin=2"/></net>

<net id="3903"><net_src comp="1414" pin="2"/><net_sink comp="3900" pin=0"/></net>

<net id="3904"><net_src comp="3900" pin="1"/><net_sink comp="1424" pin=0"/></net>

<net id="3905"><net_src comp="3900" pin="1"/><net_sink comp="1429" pin=0"/></net>

<net id="3906"><net_src comp="3900" pin="1"/><net_sink comp="1443" pin=0"/></net>

<net id="3910"><net_src comp="1424" pin="3"/><net_sink comp="3907" pin=0"/></net>

<net id="3911"><net_src comp="3907" pin="1"/><net_sink comp="1488" pin=0"/></net>

<net id="3912"><net_src comp="3907" pin="1"/><net_sink comp="1493" pin=0"/></net>

<net id="3913"><net_src comp="3907" pin="1"/><net_sink comp="1527" pin=1"/></net>

<net id="3917"><net_src comp="1420" pin="2"/><net_sink comp="3914" pin=0"/></net>

<net id="3918"><net_src comp="3914" pin="1"/><net_sink comp="1429" pin=2"/></net>

<net id="3922"><net_src comp="1429" pin="3"/><net_sink comp="3919" pin=0"/></net>

<net id="3923"><net_src comp="3919" pin="1"/><net_sink comp="1459" pin=0"/></net>

<net id="3924"><net_src comp="3919" pin="1"/><net_sink comp="1483" pin=0"/></net>

<net id="3925"><net_src comp="3919" pin="1"/><net_sink comp="1498" pin=1"/></net>

<net id="3926"><net_src comp="3919" pin="1"/><net_sink comp="1507" pin=2"/></net>

<net id="3927"><net_src comp="3919" pin="1"/><net_sink comp="1532" pin=1"/></net>

<net id="3931"><net_src comp="1443" pin="3"/><net_sink comp="3928" pin=0"/></net>

<net id="3932"><net_src comp="3928" pin="1"/><net_sink comp="1537" pin=1"/></net>

<net id="3933"><net_src comp="3928" pin="1"/><net_sink comp="1546" pin=1"/></net>

<net id="3937"><net_src comp="1449" pin="4"/><net_sink comp="3934" pin=0"/></net>

<net id="3938"><net_src comp="3934" pin="1"/><net_sink comp="1464" pin=2"/></net>

<net id="3942"><net_src comp="1464" pin="4"/><net_sink comp="3939" pin=0"/></net>

<net id="3943"><net_src comp="3939" pin="1"/><net_sink comp="1493" pin=1"/></net>

<net id="3947"><net_src comp="1479" pin="1"/><net_sink comp="3944" pin=0"/></net>

<net id="3948"><net_src comp="3944" pin="1"/><net_sink comp="1523" pin=1"/></net>

<net id="3952"><net_src comp="1483" pin="2"/><net_sink comp="3949" pin=0"/></net>

<net id="3953"><net_src comp="3949" pin="1"/><net_sink comp="1503" pin=0"/></net>

<net id="3957"><net_src comp="1488" pin="2"/><net_sink comp="3954" pin=0"/></net>

<net id="3958"><net_src comp="3954" pin="1"/><net_sink comp="1503" pin=1"/></net>

<net id="3959"><net_src comp="3954" pin="1"/><net_sink comp="1507" pin=0"/></net>

<net id="3963"><net_src comp="1459" pin="2"/><net_sink comp="3960" pin=0"/></net>

<net id="3964"><net_src comp="3960" pin="1"/><net_sink comp="1507" pin=1"/></net>

<net id="3968"><net_src comp="1498" pin="2"/><net_sink comp="3965" pin=0"/></net>

<net id="3969"><net_src comp="3965" pin="1"/><net_sink comp="1512" pin=0"/></net>

<net id="3973"><net_src comp="1507" pin="3"/><net_sink comp="3970" pin=0"/></net>

<net id="3974"><net_src comp="3970" pin="1"/><net_sink comp="1523" pin=0"/></net>

<net id="3978"><net_src comp="1493" pin="2"/><net_sink comp="3975" pin=0"/></net>

<net id="3979"><net_src comp="3975" pin="1"/><net_sink comp="1527" pin=2"/></net>

<net id="3983"><net_src comp="1517" pin="2"/><net_sink comp="3980" pin=0"/></net>

<net id="3984"><net_src comp="3980" pin="1"/><net_sink comp="1527" pin=0"/></net>

<net id="3985"><net_src comp="3980" pin="1"/><net_sink comp="1532" pin=0"/></net>

<net id="3986"><net_src comp="3980" pin="1"/><net_sink comp="1546" pin=0"/></net>

<net id="3990"><net_src comp="1527" pin="3"/><net_sink comp="3987" pin=0"/></net>

<net id="3991"><net_src comp="3987" pin="1"/><net_sink comp="1575" pin=0"/></net>

<net id="3992"><net_src comp="3987" pin="1"/><net_sink comp="1606" pin=0"/></net>

<net id="3993"><net_src comp="3987" pin="1"/><net_sink comp="1630" pin=1"/></net>

<net id="3997"><net_src comp="1523" pin="2"/><net_sink comp="3994" pin=0"/></net>

<net id="3998"><net_src comp="3994" pin="1"/><net_sink comp="1532" pin=2"/></net>

<net id="4002"><net_src comp="1532" pin="3"/><net_sink comp="3999" pin=0"/></net>

<net id="4003"><net_src comp="3999" pin="1"/><net_sink comp="1562" pin=0"/></net>

<net id="4004"><net_src comp="3999" pin="1"/><net_sink comp="1580" pin=2"/></net>

<net id="4005"><net_src comp="3999" pin="1"/><net_sink comp="1596" pin=0"/></net>

<net id="4006"><net_src comp="3999" pin="1"/><net_sink comp="1610" pin=1"/></net>

<net id="4007"><net_src comp="3999" pin="1"/><net_sink comp="1635" pin=1"/></net>

<net id="4011"><net_src comp="1546" pin="3"/><net_sink comp="4008" pin=0"/></net>

<net id="4012"><net_src comp="4008" pin="1"/><net_sink comp="1640" pin=1"/></net>

<net id="4013"><net_src comp="4008" pin="1"/><net_sink comp="1649" pin=1"/></net>

<net id="4017"><net_src comp="1552" pin="4"/><net_sink comp="4014" pin=0"/></net>

<net id="4018"><net_src comp="4014" pin="1"/><net_sink comp="1567" pin=2"/></net>

<net id="4022"><net_src comp="1567" pin="4"/><net_sink comp="4019" pin=0"/></net>

<net id="4023"><net_src comp="4019" pin="1"/><net_sink comp="1606" pin=1"/></net>

<net id="4027"><net_src comp="1575" pin="2"/><net_sink comp="4024" pin=0"/></net>

<net id="4028"><net_src comp="4024" pin="1"/><net_sink comp="1580" pin=0"/></net>

<net id="4029"><net_src comp="4024" pin="1"/><net_sink comp="1615" pin=1"/></net>

<net id="4033"><net_src comp="1562" pin="2"/><net_sink comp="4030" pin=0"/></net>

<net id="4034"><net_src comp="4030" pin="1"/><net_sink comp="1580" pin=1"/></net>

<net id="4038"><net_src comp="1580" pin="3"/><net_sink comp="4035" pin=0"/></net>

<net id="4039"><net_src comp="4035" pin="1"/><net_sink comp="1601" pin=0"/></net>

<net id="4043"><net_src comp="1592" pin="1"/><net_sink comp="4040" pin=0"/></net>

<net id="4044"><net_src comp="4040" pin="1"/><net_sink comp="1601" pin=1"/></net>

<net id="4048"><net_src comp="1596" pin="2"/><net_sink comp="4045" pin=0"/></net>

<net id="4049"><net_src comp="4045" pin="1"/><net_sink comp="1615" pin=0"/></net>

<net id="4053"><net_src comp="1610" pin="2"/><net_sink comp="4050" pin=0"/></net>

<net id="4054"><net_src comp="4050" pin="1"/><net_sink comp="1619" pin=0"/></net>

<net id="4058"><net_src comp="1601" pin="2"/><net_sink comp="4055" pin=0"/></net>

<net id="4059"><net_src comp="4055" pin="1"/><net_sink comp="1635" pin=2"/></net>

<net id="4063"><net_src comp="1606" pin="2"/><net_sink comp="4060" pin=0"/></net>

<net id="4064"><net_src comp="4060" pin="1"/><net_sink comp="1630" pin=2"/></net>

<net id="4068"><net_src comp="1624" pin="2"/><net_sink comp="4065" pin=0"/></net>

<net id="4069"><net_src comp="4065" pin="1"/><net_sink comp="1630" pin=0"/></net>

<net id="4070"><net_src comp="4065" pin="1"/><net_sink comp="1635" pin=0"/></net>

<net id="4071"><net_src comp="4065" pin="1"/><net_sink comp="1649" pin=0"/></net>

<net id="4075"><net_src comp="1630" pin="3"/><net_sink comp="4072" pin=0"/></net>

<net id="4076"><net_src comp="4072" pin="1"/><net_sink comp="1678" pin=0"/></net>

<net id="4077"><net_src comp="4072" pin="1"/><net_sink comp="1704" pin=0"/></net>

<net id="4078"><net_src comp="4072" pin="1"/><net_sink comp="1747" pin=1"/></net>

<net id="4082"><net_src comp="1635" pin="3"/><net_sink comp="4079" pin=0"/></net>

<net id="4083"><net_src comp="4079" pin="1"/><net_sink comp="1665" pin=0"/></net>

<net id="4084"><net_src comp="4079" pin="1"/><net_sink comp="1694" pin=0"/></net>

<net id="4085"><net_src comp="4079" pin="1"/><net_sink comp="1699" pin=2"/></net>

<net id="4086"><net_src comp="4079" pin="1"/><net_sink comp="1708" pin=1"/></net>

<net id="4087"><net_src comp="4079" pin="1"/><net_sink comp="1762" pin=1"/></net>

<net id="4091"><net_src comp="1649" pin="3"/><net_sink comp="4088" pin=0"/></net>

<net id="4092"><net_src comp="4088" pin="1"/><net_sink comp="1732" pin=1"/></net>

<net id="4093"><net_src comp="4088" pin="1"/><net_sink comp="1741" pin=1"/></net>

<net id="4097"><net_src comp="1655" pin="4"/><net_sink comp="4094" pin=0"/></net>

<net id="4098"><net_src comp="4094" pin="1"/><net_sink comp="1670" pin=2"/></net>

<net id="4102"><net_src comp="1670" pin="4"/><net_sink comp="4099" pin=0"/></net>

<net id="4103"><net_src comp="4099" pin="1"/><net_sink comp="1704" pin=1"/></net>

<net id="4107"><net_src comp="1678" pin="2"/><net_sink comp="4104" pin=0"/></net>

<net id="4108"><net_src comp="4104" pin="1"/><net_sink comp="1699" pin=0"/></net>

<net id="4109"><net_src comp="4104" pin="1"/><net_sink comp="1713" pin=1"/></net>

<net id="4113"><net_src comp="1665" pin="2"/><net_sink comp="4110" pin=0"/></net>

<net id="4114"><net_src comp="4110" pin="1"/><net_sink comp="1699" pin=1"/></net>

<net id="4118"><net_src comp="1690" pin="1"/><net_sink comp="4115" pin=0"/></net>

<net id="4119"><net_src comp="4115" pin="1"/><net_sink comp="1717" pin=1"/></net>

<net id="4123"><net_src comp="1694" pin="2"/><net_sink comp="4120" pin=0"/></net>

<net id="4124"><net_src comp="4120" pin="1"/><net_sink comp="1713" pin=0"/></net>

<net id="4128"><net_src comp="1699" pin="3"/><net_sink comp="4125" pin=0"/></net>

<net id="4129"><net_src comp="4125" pin="1"/><net_sink comp="1717" pin=0"/></net>

<net id="4133"><net_src comp="1708" pin="2"/><net_sink comp="4130" pin=0"/></net>

<net id="4134"><net_src comp="4130" pin="1"/><net_sink comp="1721" pin=0"/></net>

<net id="4138"><net_src comp="1704" pin="2"/><net_sink comp="4135" pin=0"/></net>

<net id="4139"><net_src comp="4135" pin="1"/><net_sink comp="1747" pin=2"/></net>

<net id="4143"><net_src comp="1726" pin="2"/><net_sink comp="4140" pin=0"/></net>

<net id="4144"><net_src comp="4140" pin="1"/><net_sink comp="1741" pin=0"/></net>

<net id="4145"><net_src comp="4140" pin="1"/><net_sink comp="1747" pin=0"/></net>

<net id="4146"><net_src comp="4140" pin="1"/><net_sink comp="1762" pin=0"/></net>

<net id="4150"><net_src comp="1717" pin="2"/><net_sink comp="4147" pin=0"/></net>

<net id="4151"><net_src comp="4147" pin="1"/><net_sink comp="1762" pin=2"/></net>

<net id="4155"><net_src comp="1741" pin="3"/><net_sink comp="4152" pin=0"/></net>

<net id="4156"><net_src comp="4152" pin="1"/><net_sink comp="1828" pin=1"/></net>

<net id="4157"><net_src comp="4152" pin="1"/><net_sink comp="1837" pin=2"/></net>

<net id="4161"><net_src comp="1747" pin="3"/><net_sink comp="4158" pin=0"/></net>

<net id="4162"><net_src comp="4158" pin="1"/><net_sink comp="1773" pin=0"/></net>

<net id="4163"><net_src comp="4158" pin="1"/><net_sink comp="1778" pin=1"/></net>

<net id="4164"><net_src comp="4158" pin="1"/><net_sink comp="1804" pin=0"/></net>

<net id="4165"><net_src comp="4158" pin="1"/><net_sink comp="1850" pin=2"/></net>

<net id="4169"><net_src comp="1752" pin="4"/><net_sink comp="4166" pin=0"/></net>

<net id="4170"><net_src comp="4166" pin="1"/><net_sink comp="1767" pin=2"/></net>

<net id="4174"><net_src comp="1762" pin="3"/><net_sink comp="4171" pin=0"/></net>

<net id="4175"><net_src comp="4171" pin="1"/><net_sink comp="1789" pin=0"/></net>

<net id="4176"><net_src comp="4171" pin="1"/><net_sink comp="1794" pin=0"/></net>

<net id="4177"><net_src comp="4171" pin="1"/><net_sink comp="1799" pin=0"/></net>

<net id="4178"><net_src comp="4171" pin="1"/><net_sink comp="1822" pin=2"/></net>

<net id="4179"><net_src comp="4171" pin="1"/><net_sink comp="1855" pin=2"/></net>

<net id="4183"><net_src comp="1773" pin="2"/><net_sink comp="4180" pin=0"/></net>

<net id="4184"><net_src comp="4180" pin="1"/><net_sink comp="1808" pin=1"/></net>

<net id="4188"><net_src comp="1778" pin="2"/><net_sink comp="4185" pin=0"/></net>

<net id="4189"><net_src comp="4185" pin="1"/><net_sink comp="1817" pin=0"/></net>

<net id="4193"><net_src comp="1783" pin="2"/><net_sink comp="4190" pin=0"/></net>

<net id="4194"><net_src comp="4190" pin="1"/><net_sink comp="1804" pin=1"/></net>

<net id="4198"><net_src comp="1789" pin="2"/><net_sink comp="4195" pin=0"/></net>

<net id="4199"><net_src comp="4195" pin="1"/><net_sink comp="1812" pin=0"/></net>

<net id="4203"><net_src comp="1794" pin="2"/><net_sink comp="4200" pin=0"/></net>

<net id="4204"><net_src comp="4200" pin="1"/><net_sink comp="1808" pin=0"/></net>

<net id="4208"><net_src comp="1799" pin="2"/><net_sink comp="4205" pin=0"/></net>

<net id="4209"><net_src comp="4205" pin="1"/><net_sink comp="1822" pin=1"/></net>

<net id="4213"><net_src comp="1804" pin="2"/><net_sink comp="4210" pin=0"/></net>

<net id="4214"><net_src comp="4210" pin="1"/><net_sink comp="1850" pin=1"/></net>

<net id="4218"><net_src comp="1812" pin="2"/><net_sink comp="4215" pin=0"/></net>

<net id="4219"><net_src comp="4215" pin="1"/><net_sink comp="1837" pin=0"/></net>

<net id="4220"><net_src comp="4215" pin="1"/><net_sink comp="1843" pin=0"/></net>

<net id="4221"><net_src comp="4215" pin="1"/><net_sink comp="1850" pin=0"/></net>

<net id="4222"><net_src comp="4215" pin="1"/><net_sink comp="1855" pin=0"/></net>

<net id="4226"><net_src comp="1837" pin="3"/><net_sink comp="4223" pin=0"/></net>

<net id="4227"><net_src comp="4223" pin="1"/><net_sink comp="2002" pin=1"/></net>

<net id="4228"><net_src comp="4223" pin="1"/><net_sink comp="2011" pin=1"/></net>

<net id="4232"><net_src comp="1843" pin="3"/><net_sink comp="4229" pin=0"/></net>

<net id="4233"><net_src comp="4229" pin="1"/><net_sink comp="1901" pin=0"/></net>

<net id="4234"><net_src comp="4229" pin="1"/><net_sink comp="1911" pin=0"/></net>

<net id="4235"><net_src comp="4229" pin="1"/><net_sink comp="1988" pin=1"/></net>

<net id="4239"><net_src comp="1850" pin="3"/><net_sink comp="4236" pin=0"/></net>

<net id="4240"><net_src comp="4236" pin="1"/><net_sink comp="1896" pin=0"/></net>

<net id="4241"><net_src comp="4236" pin="1"/><net_sink comp="1921" pin=1"/></net>

<net id="4242"><net_src comp="4236" pin="1"/><net_sink comp="1930" pin=0"/></net>

<net id="4243"><net_src comp="4236" pin="1"/><net_sink comp="1998" pin=1"/></net>

<net id="4244"><net_src comp="4236" pin="1"/><net_sink comp="2049" pin=1"/></net>

<net id="4248"><net_src comp="1855" pin="3"/><net_sink comp="4245" pin=0"/></net>

<net id="4249"><net_src comp="4245" pin="1"/><net_sink comp="1906" pin=0"/></net>

<net id="4250"><net_src comp="4245" pin="1"/><net_sink comp="1916" pin=0"/></net>

<net id="4251"><net_src comp="4245" pin="1"/><net_sink comp="1978" pin=1"/></net>

<net id="4252"><net_src comp="4245" pin="1"/><net_sink comp="1993" pin=1"/></net>

<net id="4256"><net_src comp="1861" pin="4"/><net_sink comp="4253" pin=0"/></net>

<net id="4257"><net_src comp="4253" pin="1"/><net_sink comp="1889" pin=1"/></net>

<net id="4261"><net_src comp="1871" pin="4"/><net_sink comp="4258" pin=0"/></net>

<net id="4262"><net_src comp="4258" pin="1"/><net_sink comp="1881" pin=3"/></net>

<net id="4266"><net_src comp="1881" pin="4"/><net_sink comp="4263" pin=0"/></net>

<net id="4267"><net_src comp="4263" pin="1"/><net_sink comp="1930" pin=1"/></net>

<net id="4268"><net_src comp="4263" pin="1"/><net_sink comp="1984" pin=1"/></net>

<net id="4272"><net_src comp="1889" pin="3"/><net_sink comp="4269" pin=0"/></net>

<net id="4273"><net_src comp="4269" pin="1"/><net_sink comp="1911" pin=1"/></net>

<net id="4277"><net_src comp="1896" pin="2"/><net_sink comp="4274" pin=0"/></net>

<net id="4278"><net_src comp="4274" pin="1"/><net_sink comp="1926" pin=0"/></net>

<net id="4279"><net_src comp="4274" pin="1"/><net_sink comp="1962" pin=0"/></net>

<net id="4283"><net_src comp="1901" pin="2"/><net_sink comp="4280" pin=0"/></net>

<net id="4284"><net_src comp="4280" pin="1"/><net_sink comp="1926" pin=1"/></net>

<net id="4285"><net_src comp="4280" pin="1"/><net_sink comp="1934" pin=0"/></net>

<net id="4286"><net_src comp="4280" pin="1"/><net_sink comp="1957" pin=0"/></net>

<net id="4290"><net_src comp="1916" pin="2"/><net_sink comp="4287" pin=0"/></net>

<net id="4291"><net_src comp="4287" pin="1"/><net_sink comp="1952" pin=1"/></net>

<net id="4295"><net_src comp="1921" pin="2"/><net_sink comp="4292" pin=0"/></net>

<net id="4296"><net_src comp="4292" pin="1"/><net_sink comp="1941" pin=0"/></net>

<net id="4300"><net_src comp="1930" pin="2"/><net_sink comp="4297" pin=0"/></net>

<net id="4301"><net_src comp="4297" pin="1"/><net_sink comp="1967" pin=0"/></net>

<net id="4305"><net_src comp="1934" pin="3"/><net_sink comp="4302" pin=0"/></net>

<net id="4306"><net_src comp="4302" pin="1"/><net_sink comp="1984" pin=0"/></net>

<net id="4310"><net_src comp="1906" pin="2"/><net_sink comp="4307" pin=0"/></net>

<net id="4311"><net_src comp="4307" pin="1"/><net_sink comp="1978" pin=2"/></net>

<net id="4315"><net_src comp="1911" pin="2"/><net_sink comp="4312" pin=0"/></net>

<net id="4316"><net_src comp="4312" pin="1"/><net_sink comp="1988" pin=2"/></net>

<net id="4320"><net_src comp="1952" pin="2"/><net_sink comp="4317" pin=0"/></net>

<net id="4321"><net_src comp="4317" pin="1"/><net_sink comp="1988" pin=0"/></net>

<net id="4322"><net_src comp="4317" pin="1"/><net_sink comp="1993" pin=0"/></net>

<net id="4323"><net_src comp="4317" pin="1"/><net_sink comp="2011" pin=0"/></net>

<net id="4324"><net_src comp="4317" pin="1"/><net_sink comp="2049" pin=0"/></net>

<net id="4328"><net_src comp="1978" pin="3"/><net_sink comp="4325" pin=0"/></net>

<net id="4329"><net_src comp="4325" pin="1"/><net_sink comp="1993" pin=2"/></net>

<net id="4333"><net_src comp="1988" pin="3"/><net_sink comp="4330" pin=0"/></net>

<net id="4334"><net_src comp="4330" pin="1"/><net_sink comp="2044" pin=0"/></net>

<net id="4335"><net_src comp="4330" pin="1"/><net_sink comp="2089" pin=0"/></net>

<net id="4336"><net_src comp="4330" pin="1"/><net_sink comp="2169" pin=1"/></net>

<net id="4340"><net_src comp="1984" pin="2"/><net_sink comp="4337" pin=0"/></net>

<net id="4341"><net_src comp="4337" pin="1"/><net_sink comp="1998" pin=0"/></net>

<net id="4345"><net_src comp="1993" pin="3"/><net_sink comp="4342" pin=0"/></net>

<net id="4346"><net_src comp="4342" pin="1"/><net_sink comp="2061" pin=0"/></net>

<net id="4347"><net_src comp="4342" pin="1"/><net_sink comp="2093" pin=0"/></net>

<net id="4348"><net_src comp="4342" pin="1"/><net_sink comp="2128" pin=1"/></net>

<net id="4349"><net_src comp="4342" pin="1"/><net_sink comp="2174" pin=1"/></net>

<net id="4353"><net_src comp="2011" pin="3"/><net_sink comp="4350" pin=0"/></net>

<net id="4354"><net_src comp="4350" pin="1"/><net_sink comp="2154" pin=1"/></net>

<net id="4355"><net_src comp="4350" pin="1"/><net_sink comp="2163" pin=1"/></net>

<net id="4359"><net_src comp="2017" pin="4"/><net_sink comp="4356" pin=0"/></net>

<net id="4360"><net_src comp="4356" pin="1"/><net_sink comp="2037" pin=1"/></net>

<net id="4364"><net_src comp="2027" pin="4"/><net_sink comp="4361" pin=0"/></net>

<net id="4365"><net_src comp="4361" pin="1"/><net_sink comp="2066" pin=3"/></net>

<net id="4369"><net_src comp="1998" pin="2"/><net_sink comp="4366" pin=0"/></net>

<net id="4370"><net_src comp="4366" pin="1"/><net_sink comp="2049" pin=2"/></net>

<net id="4374"><net_src comp="2037" pin="3"/><net_sink comp="4371" pin=0"/></net>

<net id="4375"><net_src comp="4371" pin="1"/><net_sink comp="2089" pin=1"/></net>

<net id="4379"><net_src comp="2044" pin="2"/><net_sink comp="4376" pin=0"/></net>

<net id="4380"><net_src comp="4376" pin="1"/><net_sink comp="2054" pin=0"/></net>

<net id="4381"><net_src comp="4376" pin="1"/><net_sink comp="2103" pin=1"/></net>

<net id="4382"><net_src comp="4376" pin="1"/><net_sink comp="2107" pin=0"/></net>

<net id="4386"><net_src comp="2049" pin="3"/><net_sink comp="4383" pin=0"/></net>

<net id="4387"><net_src comp="4383" pin="1"/><net_sink comp="2074" pin=0"/></net>

<net id="4388"><net_src comp="4383" pin="1"/><net_sink comp="2079" pin=0"/></net>

<net id="4389"><net_src comp="4383" pin="1"/><net_sink comp="2098" pin=1"/></net>

<net id="4390"><net_src comp="4383" pin="1"/><net_sink comp="2150" pin=1"/></net>

<net id="4391"><net_src comp="4383" pin="1"/><net_sink comp="2211" pin=1"/></net>

<net id="4395"><net_src comp="2054" pin="3"/><net_sink comp="4392" pin=0"/></net>

<net id="4396"><net_src comp="4392" pin="1"/><net_sink comp="2084" pin=0"/></net>

<net id="4400"><net_src comp="2066" pin="4"/><net_sink comp="4397" pin=0"/></net>

<net id="4401"><net_src comp="4397" pin="1"/><net_sink comp="2084" pin=1"/></net>

<net id="4405"><net_src comp="2074" pin="2"/><net_sink comp="4402" pin=0"/></net>

<net id="4406"><net_src comp="4402" pin="1"/><net_sink comp="2103" pin=0"/></net>

<net id="4407"><net_src comp="4402" pin="1"/><net_sink comp="2112" pin=0"/></net>

<net id="4411"><net_src comp="2079" pin="2"/><net_sink comp="4408" pin=0"/></net>

<net id="4412"><net_src comp="4408" pin="1"/><net_sink comp="2117" pin=0"/></net>

<net id="4416"><net_src comp="2061" pin="2"/><net_sink comp="4413" pin=0"/></net>

<net id="4417"><net_src comp="4413" pin="1"/><net_sink comp="2128" pin=2"/></net>

<net id="4421"><net_src comp="2093" pin="2"/><net_sink comp="4418" pin=0"/></net>

<net id="4422"><net_src comp="4418" pin="1"/><net_sink comp="2145" pin=1"/></net>

<net id="4426"><net_src comp="2098" pin="2"/><net_sink comp="4423" pin=0"/></net>

<net id="4427"><net_src comp="4423" pin="1"/><net_sink comp="2134" pin=0"/></net>

<net id="4431"><net_src comp="2128" pin="3"/><net_sink comp="4428" pin=0"/></net>

<net id="4432"><net_src comp="4428" pin="1"/><net_sink comp="2174" pin=2"/></net>

<net id="4436"><net_src comp="2084" pin="2"/><net_sink comp="4433" pin=0"/></net>

<net id="4437"><net_src comp="4433" pin="1"/><net_sink comp="2150" pin=0"/></net>

<net id="4441"><net_src comp="2089" pin="2"/><net_sink comp="4438" pin=0"/></net>

<net id="4442"><net_src comp="4438" pin="1"/><net_sink comp="2169" pin=2"/></net>

<net id="4446"><net_src comp="2145" pin="2"/><net_sink comp="4443" pin=0"/></net>

<net id="4447"><net_src comp="4443" pin="1"/><net_sink comp="2163" pin=0"/></net>

<net id="4448"><net_src comp="4443" pin="1"/><net_sink comp="2169" pin=0"/></net>

<net id="4449"><net_src comp="4443" pin="1"/><net_sink comp="2174" pin=0"/></net>

<net id="4450"><net_src comp="4443" pin="1"/><net_sink comp="2211" pin=0"/></net>

<net id="4454"><net_src comp="2163" pin="3"/><net_sink comp="4451" pin=0"/></net>

<net id="4455"><net_src comp="4451" pin="1"/><net_sink comp="2316" pin=1"/></net>

<net id="4456"><net_src comp="4451" pin="1"/><net_sink comp="2325" pin=1"/></net>

<net id="4460"><net_src comp="2169" pin="3"/><net_sink comp="4457" pin=0"/></net>

<net id="4461"><net_src comp="4457" pin="1"/><net_sink comp="2206" pin=0"/></net>

<net id="4462"><net_src comp="4457" pin="1"/><net_sink comp="2251" pin=0"/></net>

<net id="4463"><net_src comp="4457" pin="1"/><net_sink comp="2331" pin=1"/></net>

<net id="4467"><net_src comp="2174" pin="3"/><net_sink comp="4464" pin=0"/></net>

<net id="4468"><net_src comp="4464" pin="1"/><net_sink comp="2223" pin=0"/></net>

<net id="4469"><net_src comp="4464" pin="1"/><net_sink comp="2255" pin=0"/></net>

<net id="4470"><net_src comp="4464" pin="1"/><net_sink comp="2290" pin=1"/></net>

<net id="4471"><net_src comp="4464" pin="1"/><net_sink comp="2336" pin=1"/></net>

<net id="4475"><net_src comp="2179" pin="4"/><net_sink comp="4472" pin=0"/></net>

<net id="4476"><net_src comp="4472" pin="1"/><net_sink comp="2199" pin=1"/></net>

<net id="4480"><net_src comp="2189" pin="4"/><net_sink comp="4477" pin=0"/></net>

<net id="4481"><net_src comp="4477" pin="1"/><net_sink comp="2228" pin=3"/></net>

<net id="4485"><net_src comp="2150" pin="2"/><net_sink comp="4482" pin=0"/></net>

<net id="4486"><net_src comp="4482" pin="1"/><net_sink comp="2211" pin=2"/></net>

<net id="4490"><net_src comp="2199" pin="3"/><net_sink comp="4487" pin=0"/></net>

<net id="4491"><net_src comp="4487" pin="1"/><net_sink comp="2251" pin=1"/></net>

<net id="4495"><net_src comp="2206" pin="2"/><net_sink comp="4492" pin=0"/></net>

<net id="4496"><net_src comp="4492" pin="1"/><net_sink comp="2216" pin=0"/></net>

<net id="4497"><net_src comp="4492" pin="1"/><net_sink comp="2265" pin=1"/></net>

<net id="4498"><net_src comp="4492" pin="1"/><net_sink comp="2269" pin=0"/></net>

<net id="4502"><net_src comp="2211" pin="3"/><net_sink comp="4499" pin=0"/></net>

<net id="4503"><net_src comp="4499" pin="1"/><net_sink comp="2236" pin=0"/></net>

<net id="4504"><net_src comp="4499" pin="1"/><net_sink comp="2241" pin=0"/></net>

<net id="4505"><net_src comp="4499" pin="1"/><net_sink comp="2260" pin=1"/></net>

<net id="4506"><net_src comp="4499" pin="1"/><net_sink comp="2312" pin=1"/></net>

<net id="4507"><net_src comp="4499" pin="1"/><net_sink comp="2373" pin=1"/></net>

<net id="4511"><net_src comp="2216" pin="3"/><net_sink comp="4508" pin=0"/></net>

<net id="4512"><net_src comp="4508" pin="1"/><net_sink comp="2246" pin=0"/></net>

<net id="4516"><net_src comp="2228" pin="4"/><net_sink comp="4513" pin=0"/></net>

<net id="4517"><net_src comp="4513" pin="1"/><net_sink comp="2246" pin=1"/></net>

<net id="4521"><net_src comp="2236" pin="2"/><net_sink comp="4518" pin=0"/></net>

<net id="4522"><net_src comp="4518" pin="1"/><net_sink comp="2265" pin=0"/></net>

<net id="4523"><net_src comp="4518" pin="1"/><net_sink comp="2274" pin=0"/></net>

<net id="4527"><net_src comp="2241" pin="2"/><net_sink comp="4524" pin=0"/></net>

<net id="4528"><net_src comp="4524" pin="1"/><net_sink comp="2279" pin=0"/></net>

<net id="4532"><net_src comp="2223" pin="2"/><net_sink comp="4529" pin=0"/></net>

<net id="4533"><net_src comp="4529" pin="1"/><net_sink comp="2290" pin=2"/></net>

<net id="4537"><net_src comp="2255" pin="2"/><net_sink comp="4534" pin=0"/></net>

<net id="4538"><net_src comp="4534" pin="1"/><net_sink comp="2307" pin=1"/></net>

<net id="4542"><net_src comp="2260" pin="2"/><net_sink comp="4539" pin=0"/></net>

<net id="4543"><net_src comp="4539" pin="1"/><net_sink comp="2296" pin=0"/></net>

<net id="4547"><net_src comp="2290" pin="3"/><net_sink comp="4544" pin=0"/></net>

<net id="4548"><net_src comp="4544" pin="1"/><net_sink comp="2336" pin=2"/></net>

<net id="4552"><net_src comp="2246" pin="2"/><net_sink comp="4549" pin=0"/></net>

<net id="4553"><net_src comp="4549" pin="1"/><net_sink comp="2312" pin=0"/></net>

<net id="4557"><net_src comp="2251" pin="2"/><net_sink comp="4554" pin=0"/></net>

<net id="4558"><net_src comp="4554" pin="1"/><net_sink comp="2331" pin=2"/></net>

<net id="4562"><net_src comp="2307" pin="2"/><net_sink comp="4559" pin=0"/></net>

<net id="4563"><net_src comp="4559" pin="1"/><net_sink comp="2325" pin=0"/></net>

<net id="4564"><net_src comp="4559" pin="1"/><net_sink comp="2331" pin=0"/></net>

<net id="4565"><net_src comp="4559" pin="1"/><net_sink comp="2336" pin=0"/></net>

<net id="4566"><net_src comp="4559" pin="1"/><net_sink comp="2373" pin=0"/></net>

<net id="4570"><net_src comp="2325" pin="3"/><net_sink comp="4567" pin=0"/></net>

<net id="4571"><net_src comp="4567" pin="1"/><net_sink comp="2478" pin=1"/></net>

<net id="4572"><net_src comp="4567" pin="1"/><net_sink comp="2487" pin=1"/></net>

<net id="4576"><net_src comp="2331" pin="3"/><net_sink comp="4573" pin=0"/></net>

<net id="4577"><net_src comp="4573" pin="1"/><net_sink comp="2368" pin=0"/></net>

<net id="4578"><net_src comp="4573" pin="1"/><net_sink comp="2413" pin=0"/></net>

<net id="4579"><net_src comp="4573" pin="1"/><net_sink comp="2493" pin=1"/></net>

<net id="4583"><net_src comp="2336" pin="3"/><net_sink comp="4580" pin=0"/></net>

<net id="4584"><net_src comp="4580" pin="1"/><net_sink comp="2385" pin=0"/></net>

<net id="4585"><net_src comp="4580" pin="1"/><net_sink comp="2417" pin=0"/></net>

<net id="4586"><net_src comp="4580" pin="1"/><net_sink comp="2452" pin=1"/></net>

<net id="4587"><net_src comp="4580" pin="1"/><net_sink comp="2498" pin=1"/></net>

<net id="4591"><net_src comp="2341" pin="4"/><net_sink comp="4588" pin=0"/></net>

<net id="4592"><net_src comp="4588" pin="1"/><net_sink comp="2361" pin=1"/></net>

<net id="4596"><net_src comp="2351" pin="4"/><net_sink comp="4593" pin=0"/></net>

<net id="4597"><net_src comp="4593" pin="1"/><net_sink comp="2390" pin=3"/></net>

<net id="4601"><net_src comp="2312" pin="2"/><net_sink comp="4598" pin=0"/></net>

<net id="4602"><net_src comp="4598" pin="1"/><net_sink comp="2373" pin=2"/></net>

<net id="4606"><net_src comp="2361" pin="3"/><net_sink comp="4603" pin=0"/></net>

<net id="4607"><net_src comp="4603" pin="1"/><net_sink comp="2413" pin=1"/></net>

<net id="4611"><net_src comp="2368" pin="2"/><net_sink comp="4608" pin=0"/></net>

<net id="4612"><net_src comp="4608" pin="1"/><net_sink comp="2378" pin=0"/></net>

<net id="4613"><net_src comp="4608" pin="1"/><net_sink comp="2427" pin=1"/></net>

<net id="4614"><net_src comp="4608" pin="1"/><net_sink comp="2431" pin=0"/></net>

<net id="4618"><net_src comp="2373" pin="3"/><net_sink comp="4615" pin=0"/></net>

<net id="4619"><net_src comp="4615" pin="1"/><net_sink comp="2398" pin=0"/></net>

<net id="4620"><net_src comp="4615" pin="1"/><net_sink comp="2403" pin=0"/></net>

<net id="4621"><net_src comp="4615" pin="1"/><net_sink comp="2422" pin=1"/></net>

<net id="4622"><net_src comp="4615" pin="1"/><net_sink comp="2474" pin=1"/></net>

<net id="4623"><net_src comp="4615" pin="1"/><net_sink comp="2535" pin=1"/></net>

<net id="4627"><net_src comp="2378" pin="3"/><net_sink comp="4624" pin=0"/></net>

<net id="4628"><net_src comp="4624" pin="1"/><net_sink comp="2408" pin=0"/></net>

<net id="4632"><net_src comp="2390" pin="4"/><net_sink comp="4629" pin=0"/></net>

<net id="4633"><net_src comp="4629" pin="1"/><net_sink comp="2408" pin=1"/></net>

<net id="4637"><net_src comp="2398" pin="2"/><net_sink comp="4634" pin=0"/></net>

<net id="4638"><net_src comp="4634" pin="1"/><net_sink comp="2427" pin=0"/></net>

<net id="4639"><net_src comp="4634" pin="1"/><net_sink comp="2436" pin=0"/></net>

<net id="4643"><net_src comp="2403" pin="2"/><net_sink comp="4640" pin=0"/></net>

<net id="4644"><net_src comp="4640" pin="1"/><net_sink comp="2441" pin=0"/></net>

<net id="4648"><net_src comp="2385" pin="2"/><net_sink comp="4645" pin=0"/></net>

<net id="4649"><net_src comp="4645" pin="1"/><net_sink comp="2452" pin=2"/></net>

<net id="4653"><net_src comp="2417" pin="2"/><net_sink comp="4650" pin=0"/></net>

<net id="4654"><net_src comp="4650" pin="1"/><net_sink comp="2469" pin=1"/></net>

<net id="4658"><net_src comp="2422" pin="2"/><net_sink comp="4655" pin=0"/></net>

<net id="4659"><net_src comp="4655" pin="1"/><net_sink comp="2458" pin=0"/></net>

<net id="4663"><net_src comp="2452" pin="3"/><net_sink comp="4660" pin=0"/></net>

<net id="4664"><net_src comp="4660" pin="1"/><net_sink comp="2498" pin=2"/></net>

<net id="4668"><net_src comp="2408" pin="2"/><net_sink comp="4665" pin=0"/></net>

<net id="4669"><net_src comp="4665" pin="1"/><net_sink comp="2474" pin=0"/></net>

<net id="4673"><net_src comp="2413" pin="2"/><net_sink comp="4670" pin=0"/></net>

<net id="4674"><net_src comp="4670" pin="1"/><net_sink comp="2493" pin=2"/></net>

<net id="4678"><net_src comp="2469" pin="2"/><net_sink comp="4675" pin=0"/></net>

<net id="4679"><net_src comp="4675" pin="1"/><net_sink comp="2487" pin=0"/></net>

<net id="4680"><net_src comp="4675" pin="1"/><net_sink comp="2493" pin=0"/></net>

<net id="4681"><net_src comp="4675" pin="1"/><net_sink comp="2498" pin=0"/></net>

<net id="4682"><net_src comp="4675" pin="1"/><net_sink comp="2535" pin=0"/></net>

<net id="4686"><net_src comp="2487" pin="3"/><net_sink comp="4683" pin=0"/></net>

<net id="4687"><net_src comp="4683" pin="1"/><net_sink comp="2640" pin=1"/></net>

<net id="4688"><net_src comp="4683" pin="1"/><net_sink comp="2649" pin=1"/></net>

<net id="4692"><net_src comp="2493" pin="3"/><net_sink comp="4689" pin=0"/></net>

<net id="4693"><net_src comp="4689" pin="1"/><net_sink comp="2530" pin=0"/></net>

<net id="4694"><net_src comp="4689" pin="1"/><net_sink comp="2575" pin=0"/></net>

<net id="4695"><net_src comp="4689" pin="1"/><net_sink comp="2655" pin=1"/></net>

<net id="4699"><net_src comp="2498" pin="3"/><net_sink comp="4696" pin=0"/></net>

<net id="4700"><net_src comp="4696" pin="1"/><net_sink comp="2547" pin=0"/></net>

<net id="4701"><net_src comp="4696" pin="1"/><net_sink comp="2579" pin=0"/></net>

<net id="4702"><net_src comp="4696" pin="1"/><net_sink comp="2614" pin=1"/></net>

<net id="4703"><net_src comp="4696" pin="1"/><net_sink comp="2660" pin=1"/></net>

<net id="4707"><net_src comp="2503" pin="4"/><net_sink comp="4704" pin=0"/></net>

<net id="4708"><net_src comp="4704" pin="1"/><net_sink comp="2523" pin=1"/></net>

<net id="4712"><net_src comp="2513" pin="4"/><net_sink comp="4709" pin=0"/></net>

<net id="4713"><net_src comp="4709" pin="1"/><net_sink comp="2552" pin=3"/></net>

<net id="4717"><net_src comp="2474" pin="2"/><net_sink comp="4714" pin=0"/></net>

<net id="4718"><net_src comp="4714" pin="1"/><net_sink comp="2535" pin=2"/></net>

<net id="4722"><net_src comp="2523" pin="3"/><net_sink comp="4719" pin=0"/></net>

<net id="4723"><net_src comp="4719" pin="1"/><net_sink comp="2575" pin=1"/></net>

<net id="4727"><net_src comp="2530" pin="2"/><net_sink comp="4724" pin=0"/></net>

<net id="4728"><net_src comp="4724" pin="1"/><net_sink comp="2540" pin=0"/></net>

<net id="4729"><net_src comp="4724" pin="1"/><net_sink comp="2589" pin=1"/></net>

<net id="4730"><net_src comp="4724" pin="1"/><net_sink comp="2593" pin=0"/></net>

<net id="4734"><net_src comp="2535" pin="3"/><net_sink comp="4731" pin=0"/></net>

<net id="4735"><net_src comp="4731" pin="1"/><net_sink comp="2560" pin=0"/></net>

<net id="4736"><net_src comp="4731" pin="1"/><net_sink comp="2565" pin=0"/></net>

<net id="4737"><net_src comp="4731" pin="1"/><net_sink comp="2584" pin=1"/></net>

<net id="4738"><net_src comp="4731" pin="1"/><net_sink comp="2636" pin=1"/></net>

<net id="4739"><net_src comp="4731" pin="1"/><net_sink comp="2697" pin=1"/></net>

<net id="4743"><net_src comp="2540" pin="3"/><net_sink comp="4740" pin=0"/></net>

<net id="4744"><net_src comp="4740" pin="1"/><net_sink comp="2570" pin=0"/></net>

<net id="4748"><net_src comp="2552" pin="4"/><net_sink comp="4745" pin=0"/></net>

<net id="4749"><net_src comp="4745" pin="1"/><net_sink comp="2570" pin=1"/></net>

<net id="4753"><net_src comp="2560" pin="2"/><net_sink comp="4750" pin=0"/></net>

<net id="4754"><net_src comp="4750" pin="1"/><net_sink comp="2589" pin=0"/></net>

<net id="4755"><net_src comp="4750" pin="1"/><net_sink comp="2598" pin=0"/></net>

<net id="4759"><net_src comp="2565" pin="2"/><net_sink comp="4756" pin=0"/></net>

<net id="4760"><net_src comp="4756" pin="1"/><net_sink comp="2603" pin=0"/></net>

<net id="4764"><net_src comp="2547" pin="2"/><net_sink comp="4761" pin=0"/></net>

<net id="4765"><net_src comp="4761" pin="1"/><net_sink comp="2614" pin=2"/></net>

<net id="4769"><net_src comp="2579" pin="2"/><net_sink comp="4766" pin=0"/></net>

<net id="4770"><net_src comp="4766" pin="1"/><net_sink comp="2631" pin=1"/></net>

<net id="4774"><net_src comp="2584" pin="2"/><net_sink comp="4771" pin=0"/></net>

<net id="4775"><net_src comp="4771" pin="1"/><net_sink comp="2620" pin=0"/></net>

<net id="4779"><net_src comp="2614" pin="3"/><net_sink comp="4776" pin=0"/></net>

<net id="4780"><net_src comp="4776" pin="1"/><net_sink comp="2660" pin=2"/></net>

<net id="4784"><net_src comp="2570" pin="2"/><net_sink comp="4781" pin=0"/></net>

<net id="4785"><net_src comp="4781" pin="1"/><net_sink comp="2636" pin=0"/></net>

<net id="4789"><net_src comp="2575" pin="2"/><net_sink comp="4786" pin=0"/></net>

<net id="4790"><net_src comp="4786" pin="1"/><net_sink comp="2655" pin=2"/></net>

<net id="4794"><net_src comp="2631" pin="2"/><net_sink comp="4791" pin=0"/></net>

<net id="4795"><net_src comp="4791" pin="1"/><net_sink comp="2649" pin=0"/></net>

<net id="4796"><net_src comp="4791" pin="1"/><net_sink comp="2655" pin=0"/></net>

<net id="4797"><net_src comp="4791" pin="1"/><net_sink comp="2660" pin=0"/></net>

<net id="4798"><net_src comp="4791" pin="1"/><net_sink comp="2697" pin=0"/></net>

<net id="4802"><net_src comp="2649" pin="3"/><net_sink comp="4799" pin=0"/></net>

<net id="4803"><net_src comp="4799" pin="1"/><net_sink comp="2802" pin=1"/></net>

<net id="4804"><net_src comp="4799" pin="1"/><net_sink comp="2811" pin=1"/></net>

<net id="4808"><net_src comp="2655" pin="3"/><net_sink comp="4805" pin=0"/></net>

<net id="4809"><net_src comp="4805" pin="1"/><net_sink comp="2692" pin=0"/></net>

<net id="4810"><net_src comp="4805" pin="1"/><net_sink comp="2737" pin=0"/></net>

<net id="4811"><net_src comp="4805" pin="1"/><net_sink comp="2817" pin=1"/></net>

<net id="4815"><net_src comp="2660" pin="3"/><net_sink comp="4812" pin=0"/></net>

<net id="4816"><net_src comp="4812" pin="1"/><net_sink comp="2709" pin=0"/></net>

<net id="4817"><net_src comp="4812" pin="1"/><net_sink comp="2741" pin=0"/></net>

<net id="4818"><net_src comp="4812" pin="1"/><net_sink comp="2776" pin=1"/></net>

<net id="4819"><net_src comp="4812" pin="1"/><net_sink comp="2822" pin=1"/></net>

<net id="4823"><net_src comp="2665" pin="4"/><net_sink comp="4820" pin=0"/></net>

<net id="4824"><net_src comp="4820" pin="1"/><net_sink comp="2685" pin=1"/></net>

<net id="4828"><net_src comp="2675" pin="4"/><net_sink comp="4825" pin=0"/></net>

<net id="4829"><net_src comp="4825" pin="1"/><net_sink comp="2714" pin=3"/></net>

<net id="4833"><net_src comp="2636" pin="2"/><net_sink comp="4830" pin=0"/></net>

<net id="4834"><net_src comp="4830" pin="1"/><net_sink comp="2697" pin=2"/></net>

<net id="4838"><net_src comp="2685" pin="3"/><net_sink comp="4835" pin=0"/></net>

<net id="4839"><net_src comp="4835" pin="1"/><net_sink comp="2737" pin=1"/></net>

<net id="4843"><net_src comp="2692" pin="2"/><net_sink comp="4840" pin=0"/></net>

<net id="4844"><net_src comp="4840" pin="1"/><net_sink comp="2702" pin=0"/></net>

<net id="4845"><net_src comp="4840" pin="1"/><net_sink comp="2751" pin=1"/></net>

<net id="4846"><net_src comp="4840" pin="1"/><net_sink comp="2755" pin=0"/></net>

<net id="4850"><net_src comp="2697" pin="3"/><net_sink comp="4847" pin=0"/></net>

<net id="4851"><net_src comp="4847" pin="1"/><net_sink comp="2722" pin=0"/></net>

<net id="4852"><net_src comp="4847" pin="1"/><net_sink comp="2727" pin=0"/></net>

<net id="4853"><net_src comp="4847" pin="1"/><net_sink comp="2746" pin=1"/></net>

<net id="4854"><net_src comp="4847" pin="1"/><net_sink comp="2798" pin=1"/></net>

<net id="4855"><net_src comp="4847" pin="1"/><net_sink comp="2859" pin=1"/></net>

<net id="4859"><net_src comp="2702" pin="3"/><net_sink comp="4856" pin=0"/></net>

<net id="4860"><net_src comp="4856" pin="1"/><net_sink comp="2732" pin=0"/></net>

<net id="4864"><net_src comp="2714" pin="4"/><net_sink comp="4861" pin=0"/></net>

<net id="4865"><net_src comp="4861" pin="1"/><net_sink comp="2732" pin=1"/></net>

<net id="4869"><net_src comp="2722" pin="2"/><net_sink comp="4866" pin=0"/></net>

<net id="4870"><net_src comp="4866" pin="1"/><net_sink comp="2751" pin=0"/></net>

<net id="4871"><net_src comp="4866" pin="1"/><net_sink comp="2760" pin=0"/></net>

<net id="4875"><net_src comp="2727" pin="2"/><net_sink comp="4872" pin=0"/></net>

<net id="4876"><net_src comp="4872" pin="1"/><net_sink comp="2765" pin=0"/></net>

<net id="4880"><net_src comp="2709" pin="2"/><net_sink comp="4877" pin=0"/></net>

<net id="4881"><net_src comp="4877" pin="1"/><net_sink comp="2776" pin=2"/></net>

<net id="4885"><net_src comp="2741" pin="2"/><net_sink comp="4882" pin=0"/></net>

<net id="4886"><net_src comp="4882" pin="1"/><net_sink comp="2793" pin=1"/></net>

<net id="4890"><net_src comp="2746" pin="2"/><net_sink comp="4887" pin=0"/></net>

<net id="4891"><net_src comp="4887" pin="1"/><net_sink comp="2782" pin=0"/></net>

<net id="4895"><net_src comp="2776" pin="3"/><net_sink comp="4892" pin=0"/></net>

<net id="4896"><net_src comp="4892" pin="1"/><net_sink comp="2822" pin=2"/></net>

<net id="4900"><net_src comp="2732" pin="2"/><net_sink comp="4897" pin=0"/></net>

<net id="4901"><net_src comp="4897" pin="1"/><net_sink comp="2798" pin=0"/></net>

<net id="4905"><net_src comp="2737" pin="2"/><net_sink comp="4902" pin=0"/></net>

<net id="4906"><net_src comp="4902" pin="1"/><net_sink comp="2817" pin=2"/></net>

<net id="4910"><net_src comp="2793" pin="2"/><net_sink comp="4907" pin=0"/></net>

<net id="4911"><net_src comp="4907" pin="1"/><net_sink comp="2811" pin=0"/></net>

<net id="4912"><net_src comp="4907" pin="1"/><net_sink comp="2817" pin=0"/></net>

<net id="4913"><net_src comp="4907" pin="1"/><net_sink comp="2822" pin=0"/></net>

<net id="4914"><net_src comp="4907" pin="1"/><net_sink comp="2859" pin=0"/></net>

<net id="4918"><net_src comp="2811" pin="3"/><net_sink comp="4915" pin=0"/></net>

<net id="4919"><net_src comp="4915" pin="1"/><net_sink comp="2964" pin=1"/></net>

<net id="4920"><net_src comp="4915" pin="1"/><net_sink comp="2973" pin=1"/></net>

<net id="4924"><net_src comp="2817" pin="3"/><net_sink comp="4921" pin=0"/></net>

<net id="4925"><net_src comp="4921" pin="1"/><net_sink comp="2854" pin=0"/></net>

<net id="4926"><net_src comp="4921" pin="1"/><net_sink comp="2940" pin=0"/></net>

<net id="4927"><net_src comp="4921" pin="1"/><net_sink comp="2998" pin=1"/></net>

<net id="4931"><net_src comp="2822" pin="3"/><net_sink comp="4928" pin=0"/></net>

<net id="4932"><net_src comp="4928" pin="1"/><net_sink comp="2871" pin=0"/></net>

<net id="4933"><net_src comp="4928" pin="1"/><net_sink comp="2899" pin=0"/></net>

<net id="4934"><net_src comp="4928" pin="1"/><net_sink comp="2934" pin=1"/></net>

<net id="4935"><net_src comp="4928" pin="1"/><net_sink comp="2979" pin=1"/></net>

<net id="4939"><net_src comp="2827" pin="4"/><net_sink comp="4936" pin=0"/></net>

<net id="4940"><net_src comp="4936" pin="1"/><net_sink comp="2847" pin=1"/></net>

<net id="4944"><net_src comp="2837" pin="4"/><net_sink comp="4941" pin=0"/></net>

<net id="4945"><net_src comp="4941" pin="1"/><net_sink comp="2876" pin=3"/></net>

<net id="4949"><net_src comp="2798" pin="2"/><net_sink comp="4946" pin=0"/></net>

<net id="4950"><net_src comp="4946" pin="1"/><net_sink comp="2859" pin=2"/></net>

<net id="4954"><net_src comp="2847" pin="3"/><net_sink comp="4951" pin=0"/></net>

<net id="4955"><net_src comp="4951" pin="1"/><net_sink comp="2940" pin=1"/></net>

<net id="4959"><net_src comp="2854" pin="2"/><net_sink comp="4956" pin=0"/></net>

<net id="4960"><net_src comp="4956" pin="1"/><net_sink comp="2864" pin=0"/></net>

<net id="4961"><net_src comp="4956" pin="1"/><net_sink comp="2909" pin=1"/></net>

<net id="4962"><net_src comp="4956" pin="1"/><net_sink comp="2913" pin=0"/></net>

<net id="4966"><net_src comp="2859" pin="3"/><net_sink comp="4963" pin=0"/></net>

<net id="4967"><net_src comp="4963" pin="1"/><net_sink comp="2884" pin=0"/></net>

<net id="4968"><net_src comp="4963" pin="1"/><net_sink comp="2889" pin=0"/></net>

<net id="4969"><net_src comp="4963" pin="1"/><net_sink comp="2904" pin=1"/></net>

<net id="4970"><net_src comp="4963" pin="1"/><net_sink comp="2960" pin=1"/></net>

<net id="4971"><net_src comp="4963" pin="1"/><net_sink comp="3020" pin=1"/></net>

<net id="4975"><net_src comp="2864" pin="3"/><net_sink comp="4972" pin=0"/></net>

<net id="4976"><net_src comp="4972" pin="1"/><net_sink comp="2894" pin=0"/></net>

<net id="4980"><net_src comp="2876" pin="4"/><net_sink comp="4977" pin=0"/></net>

<net id="4981"><net_src comp="4977" pin="1"/><net_sink comp="2894" pin=1"/></net>

<net id="4985"><net_src comp="2884" pin="2"/><net_sink comp="4982" pin=0"/></net>

<net id="4986"><net_src comp="4982" pin="1"/><net_sink comp="2909" pin=0"/></net>

<net id="4987"><net_src comp="4982" pin="1"/><net_sink comp="2918" pin=0"/></net>

<net id="4991"><net_src comp="2889" pin="2"/><net_sink comp="4988" pin=0"/></net>

<net id="4992"><net_src comp="4988" pin="1"/><net_sink comp="2923" pin=0"/></net>

<net id="4996"><net_src comp="2871" pin="2"/><net_sink comp="4993" pin=0"/></net>

<net id="4997"><net_src comp="4993" pin="1"/><net_sink comp="2934" pin=2"/></net>

<net id="5001"><net_src comp="2899" pin="2"/><net_sink comp="4998" pin=0"/></net>

<net id="5002"><net_src comp="4998" pin="1"/><net_sink comp="2955" pin=1"/></net>

<net id="5006"><net_src comp="2904" pin="2"/><net_sink comp="5003" pin=0"/></net>

<net id="5007"><net_src comp="5003" pin="1"/><net_sink comp="2944" pin=0"/></net>

<net id="5011"><net_src comp="2934" pin="3"/><net_sink comp="5008" pin=0"/></net>

<net id="5012"><net_src comp="5008" pin="1"/><net_sink comp="2979" pin=2"/></net>

<net id="5016"><net_src comp="2894" pin="2"/><net_sink comp="5013" pin=0"/></net>

<net id="5017"><net_src comp="5013" pin="1"/><net_sink comp="2960" pin=0"/></net>

<net id="5021"><net_src comp="2955" pin="2"/><net_sink comp="5018" pin=0"/></net>

<net id="5022"><net_src comp="5018" pin="1"/><net_sink comp="2973" pin=0"/></net>

<net id="5023"><net_src comp="5018" pin="1"/><net_sink comp="2979" pin=0"/></net>

<net id="5024"><net_src comp="5018" pin="1"/><net_sink comp="2998" pin=0"/></net>

<net id="5025"><net_src comp="5018" pin="1"/><net_sink comp="3020" pin=0"/></net>

<net id="5029"><net_src comp="2940" pin="2"/><net_sink comp="5026" pin=0"/></net>

<net id="5030"><net_src comp="5026" pin="1"/><net_sink comp="2998" pin=2"/></net>

<net id="5034"><net_src comp="2973" pin="3"/><net_sink comp="5031" pin=0"/></net>

<net id="5035"><net_src comp="5031" pin="1"/><net_sink comp="3003" pin=0"/></net>

<net id="5036"><net_src comp="5031" pin="1"/><net_sink comp="3047" pin=1"/></net>

<net id="5037"><net_src comp="5031" pin="1"/><net_sink comp="3072" pin=1"/></net>

<net id="5041"><net_src comp="2984" pin="3"/><net_sink comp="5038" pin=0"/></net>

<net id="5042"><net_src comp="5038" pin="1"/><net_sink comp="3025" pin=3"/></net>

<net id="5046"><net_src comp="2992" pin="2"/><net_sink comp="5043" pin=0"/></net>

<net id="5047"><net_src comp="5043" pin="1"/><net_sink comp="3067" pin=1"/></net>

<net id="5051"><net_src comp="2960" pin="2"/><net_sink comp="5048" pin=0"/></net>

<net id="5052"><net_src comp="5048" pin="1"/><net_sink comp="3020" pin=2"/></net>

<net id="5056"><net_src comp="3014" pin="2"/><net_sink comp="5053" pin=0"/></net>

<net id="5057"><net_src comp="5053" pin="1"/><net_sink comp="3043" pin=1"/></net>

<net id="5061"><net_src comp="3020" pin="3"/><net_sink comp="5058" pin=0"/></net>

<net id="5062"><net_src comp="5058" pin="1"/><net_sink comp="3033" pin=0"/></net>

<net id="5063"><net_src comp="5058" pin="1"/><net_sink comp="3038" pin=1"/></net>

<net id="5067"><net_src comp="3033" pin="2"/><net_sink comp="5064" pin=0"/></net>

<net id="5068"><net_src comp="5064" pin="1"/><net_sink comp="3043" pin=0"/></net>

<net id="5072"><net_src comp="3038" pin="2"/><net_sink comp="5069" pin=0"/></net>

<net id="5073"><net_src comp="5069" pin="1"/><net_sink comp="3056" pin=0"/></net>

<net id="5077"><net_src comp="3072" pin="3"/><net_sink comp="5074" pin=0"/></net>

<net id="5078"><net_src comp="5074" pin="1"/><net_sink comp="3079" pin=0"/></net>

<net id="5079"><net_src comp="5074" pin="1"/><net_sink comp="3088" pin=0"/></net>

<net id="5083"><net_src comp="3079" pin="1"/><net_sink comp="5080" pin=0"/></net>

<net id="5084"><net_src comp="5080" pin="1"/><net_sink comp="3082" pin=0"/></net>

<net id="5088"><net_src comp="3082" pin="2"/><net_sink comp="5085" pin=0"/></net>

<net id="5089"><net_src comp="5085" pin="1"/><net_sink comp="3105" pin=1"/></net>

<net id="5093"><net_src comp="3088" pin="2"/><net_sink comp="5090" pin=0"/></net>

<net id="5094"><net_src comp="5090" pin="1"/><net_sink comp="3118" pin=1"/></net>

<net id="5098"><net_src comp="3093" pin="2"/><net_sink comp="5095" pin=0"/></net>

<net id="5099"><net_src comp="5095" pin="1"/><net_sink comp="3112" pin=1"/></net>

</net_list>

</model> 
---------------- Datapath Model END ------------------

* FSMD analyzer results:
  - Output states:
	Port: x | {}
 - Input state : 
	Port: sqrt_fixed<32, 16> : x | {1 }
  - Chain level:
	State 1
		sext_ln640 : 1
		icmp_ln489 : 1
		add_ln248 : 2
		icmp_ln318_1 : 1
	State 2
	State 3
		p_Result_43 : 1
		x_l_I_V_72 : 2
		p_Result_s_97 : 1
		p_Result_1 : 3
	State 4
		zext_ln489 : 1
		icmp_ln489_1 : 2
		sub_ln248 : 2
	State 5
	State 6
		x_l_I_V_73 : 1
		res_I_V_17 : 1
		p_Result_4 : 2
		p_Result_5 : 2
	State 7
		zext_ln489_1 : 1
		icmp_ln489_2 : 2
		sub_ln248_1 : 2
	State 8
	State 9
		x_l_I_V_74 : 1
		res_I_V_18 : 1
		p_Result_8 : 2
		p_Result_9 : 2
	State 10
		zext_ln489_2 : 1
		icmp_ln489_3 : 2
		sub_ln248_2 : 2
	State 11
	State 12
		x_l_I_V_75 : 1
		res_I_V_19 : 1
		p_Result_10 : 2
		p_Result_11 : 2
	State 13
		zext_ln489_3 : 1
		icmp_ln489_4 : 2
		sub_ln248_3 : 2
	State 14
	State 15
		x_l_I_V_76 : 1
		res_I_V_20 : 1
		p_Result_13 : 2
		p_Result_14 : 2
	State 16
		zext_ln489_4 : 1
		icmp_ln489_5 : 2
		sub_ln248_4 : 2
	State 17
	State 18
		x_l_I_V_77 : 1
		res_I_V_21 : 1
		p_Result_16 : 2
		p_Result_17 : 2
	State 19
		zext_ln489_5 : 1
		icmp_ln489_6 : 2
		sub_ln248_5 : 2
	State 20
		res_I_V_22 : 1
	State 21
		x_l_I_V_78 : 1
		trunc_ln640 : 2
	State 22
		zext_ln489_6 : 1
		icmp_ln489_7 : 2
		sub_ln248_6 : 2
	State 23
	State 24
		x_l_I_V_79 : 1
	State 25
	State 26
	State 27
		res_I_V : 1
		trunc_ln104 : 2
		tmp_14 : 2
		trunc_ln104_1 : 2
		tmp_15 : 2
		trunc_ln104_2 : 2
		tmp_16 : 2
		trunc_ln104_3 : 2
		tmp_17 : 2
		trunc_ln104_4 : 2
		tmp_18 : 2
		trunc_ln104_5 : 2
		tmp_19 : 2
		trunc_ln104_6 : 2
		tmp_45 : 2
	State 28
		zext_ln318 : 1
		icmp_ln318 : 2
		x_l_I_V_80 : 2
		icmp_ln1494 : 2
	State 29
		x_l_FH_V_26 : 1
	State 30
	State 31
		p_Result_20 : 1
	State 32
		zext_ln318_1 : 1
		icmp_ln318_2 : 2
		icmp_ln318_3 : 1
		x_l_FH_V_27 : 1
		icmp_ln1494_1 : 2
	State 33
	State 34
	State 35
	State 36
	State 37
		res_FH_V_34 : 1
		p_Result_21 : 2
	State 38
		zext_ln318_2 : 1
		icmp_ln318_4 : 2
		icmp_ln318_5 : 1
		x_l_FH_V_29 : 1
		icmp_ln1494_2 : 2
	State 39
	State 40
	State 41
	State 42
	State 43
		res_FH_V_35 : 1
		p_Result_22 : 2
	State 44
		zext_ln318_3 : 1
		icmp_ln318_6 : 2
		icmp_ln318_7 : 1
		x_l_FH_V_31 : 1
		icmp_ln1494_3 : 2
	State 45
	State 46
	State 47
	State 48
	State 49
		res_FH_V_36 : 1
		p_Result_23 : 2
	State 50
		zext_ln318_4 : 1
		icmp_ln318_16 : 2
		icmp_ln318_17 : 1
		x_l_FH_V_33 : 1
		icmp_ln1494_4 : 2
	State 51
	State 52
	State 53
	State 54
	State 55
		res_FH_V_37 : 1
		p_Result_24 : 2
	State 56
		zext_ln318_5 : 1
		icmp_ln318_18 : 2
		icmp_ln318_19 : 1
		x_l_FH_V_35 : 1
		icmp_ln1494_5 : 2
	State 57
	State 58
	State 59
	State 60
	State 61
		res_FH_V_38 : 1
		p_Result_25 : 2
	State 62
		icmp_ln318_21 : 1
	State 63
	State 64
		zext_ln318_6 : 1
		icmp_ln318_20 : 2
		x_l_I_V_92 : 2
		icmp_ln1494_6 : 2
	State 65
	State 66
	State 67
		res_FH_V_39 : 1
		p_Result_26 : 2
	State 68
		icmp_ln318_23 : 1
	State 69
		zext_ln318_7 : 1
		icmp_ln318_22 : 2
		icmp_ln1494_7 : 2
	State 70
	State 71
		res_FH_V : 1
		p_Result_27 : 2
	State 72
		icmp_ln1494_9 : 1
		icmp_ln331 : 1
		xor_ln703 : 1
	State 73
	State 74
	State 75
		res_FH_V_40 : 1
		x_l_I_V_97 : 1
		tmp_s : 2
		tmp_20 : 2
	State 76
		icmp_ln318_8 : 1
		delta_V : 1
		x_l_FL_V : 1
		icmp_ln1494_10 : 1
	State 77
	State 78
	State 79
	State 80
		res_FH_V_41 : 1
		tmp_7 : 2
		tmp_21 : 2
	State 81
		delta_V_1 : 1
	State 82
	State 83
		icmp_ln318_9 : 1
		icmp_ln1495_1 : 1
		sub_ln703_3 : 1
		icmp_ln1494_11 : 1
	State 84
	State 85
		res_FH_V_42 : 1
		tmp_9 : 2
		tmp_22 : 2
	State 86
		delta_V_2 : 1
	State 87
	State 88
		icmp_ln318_10 : 1
		icmp_ln1495_2 : 1
		sub_ln703_6 : 1
		icmp_ln1494_12 : 1
	State 89
	State 90
		res_FH_V_43 : 1
		tmp_10 : 2
		tmp_23 : 2
	State 91
		delta_V_3 : 1
	State 92
	State 93
		icmp_ln318_11 : 1
		icmp_ln1495_3 : 1
		sub_ln703_9 : 1
		icmp_ln1494_13 : 1
	State 94
	State 95
		res_FH_V_44 : 1
		tmp_11 : 2
		tmp_24 : 2
	State 96
		delta_V_4 : 1
	State 97
	State 98
		icmp_ln318_12 : 1
		icmp_ln1495_4 : 1
		sub_ln703_12 : 1
		icmp_ln1494_14 : 1
	State 99
	State 100
		res_FH_V_45 : 1
		tmp_12 : 2
		tmp_25 : 2
	State 101
		delta_V_5 : 1
	State 102
	State 103
		icmp_ln318_13 : 1
		icmp_ln1495_5 : 1
		sub_ln703_15 : 1
		icmp_ln1494_15 : 1
	State 104
	State 105
		res_FH_V_46 : 1
		tmp_13 : 2
		tmp_26 : 2
	State 106
		delta_V_6 : 1
	State 107
	State 108
		icmp_ln318_14 : 1
		icmp_ln1495_6 : 1
		sub_ln703_18 : 1
		icmp_ln1494_16 : 1
	State 109
	State 110
		res_FH_V_47 : 1
		tmp_56 : 2
		icmp_ln1498_8 : 1
	State 111
		mul_FL_V_7 : 1
		icmp_ln1496 : 2
	State 112
	State 113
		icmp_ln318_15 : 1
		icmp_ln1494_17 : 1
	State 114
	State 115
		res_FH_l_V : 1
	State 116
	State 117
		res_I_V_23 : 1
		trunc_ln9 : 2
		select_ln99 : 3
		ret_ln372 : 4


============================================================
+ Verbose Summary: Datapath Resource usage 
============================================================

* Functional unit list:
|----------|------------------------|---------|---------|
| Operation|     Functional Unit    |    FF   |   LUT   |
|----------|------------------------|---------|---------|
|          |       grp_fu_408       |    22   |    8    |
|          |       grp_fu_480       |    26   |    9    |
|          |       grp_fu_552       |    31   |    10   |
|          |       grp_fu_624       |    35   |    11   |
|          |       grp_fu_696       |    40   |    12   |
|          |       grp_fu_768       |    44   |    13   |
|          |       grp_fu_824       |    49   |    14   |
|          |       grp_fu_982       |    89   |    23   |
|          |       grp_fu_1081      |    80   |    21   |
|          |       grp_fu_1111      |    89   |    23   |
|          |       grp_fu_1184      |    80   |    21   |
|          |       grp_fu_1214      |    89   |    23   |
|          |       grp_fu_1287      |    80   |    21   |
|          |       grp_fu_1317      |    89   |    23   |
|          |       grp_fu_1390      |    80   |    21   |
|          |       grp_fu_1420      |    89   |    23   |
|          |       grp_fu_1493      |    80   |    21   |
|    sub   |       grp_fu_1523      |    89   |    23   |
|          |       grp_fu_1601      |    89   |    23   |
|          |       grp_fu_1606      |    80   |    21   |
|          |       grp_fu_1704      |    80   |    21   |
|          |       grp_fu_1717      |    89   |    23   |
|          |       grp_fu_1911      |    80   |    21   |
|          |       grp_fu_1984      |    80   |    21   |
|          |       grp_fu_2084      |    80   |    21   |
|          |       grp_fu_2089      |    80   |    21   |
|          |       grp_fu_2246      |    80   |    21   |
|          |       grp_fu_2251      |    80   |    21   |
|          |       grp_fu_2408      |    80   |    21   |
|          |       grp_fu_2413      |    80   |    21   |
|          |       grp_fu_2570      |    80   |    21   |
|          |       grp_fu_2575      |    80   |    21   |
|          |       grp_fu_2732      |    80   |    21   |
|          |       grp_fu_2737      |    80   |    21   |
|          |       grp_fu_2894      |    80   |    21   |
|          |       grp_fu_2940      |    80   |    21   |
|----------|------------------------|---------|---------|
|          |       grp_fu_322       |    13   |    6    |
|          |       grp_fu_845       |    89   |    23   |
|          |       grp_fu_1003      |    80   |    21   |
|          |       grp_fu_1047      |    89   |    23   |
|          |       grp_fu_1150      |    89   |    23   |
|          |       grp_fu_1253      |    89   |    23   |
|          |       grp_fu_1356      |    89   |    23   |
|          |       grp_fu_1459      |    89   |    23   |
|          |       grp_fu_1562      |    89   |    23   |
|          |       grp_fu_1665      |    89   |    23   |
|          |       grp_fu_1799      |    89   |    23   |
|          |       grp_fu_1804      |    80   |    21   |
|          |       grp_fu_1906      |    89   |    23   |
|          |       grp_fu_1998      |    80   |    21   |
|    add   |       grp_fu_2061      |    89   |    23   |
|          |       grp_fu_2150      |    80   |    21   |
|          |       grp_fu_2223      |    89   |    23   |
|          |       grp_fu_2312      |    80   |    21   |
|          |       grp_fu_2385      |    89   |    23   |
|          |       grp_fu_2474      |    80   |    21   |
|          |       grp_fu_2547      |    89   |    23   |
|          |       grp_fu_2636      |    80   |    21   |
|          |       grp_fu_2709      |    89   |    23   |
|          |       grp_fu_2798      |    80   |    21   |
|          |       grp_fu_2871      |    89   |    23   |
|          |       grp_fu_2960      |    80   |    21   |
|          |       grp_fu_3082      |    80   |    21   |
|          |       grp_fu_3088      |    80   |    21   |
|          |       grp_fu_3093      |    40   |    12   |
|----------|------------------------|---------|---------|
|          |    x_l_I_V_72_fu_358   |    0    |    19   |
|          |    res_I_V_16_fu_365   |    0    |    8    |
|          |    x_l_I_V_73_fu_432   |    0    |    19   |
|          |    res_I_V_17_fu_438   |    0    |    8    |
|          |    x_l_I_V_74_fu_504   |    0    |    19   |
|          |    res_I_V_18_fu_510   |    0    |    8    |
|          |    x_l_I_V_75_fu_576   |    0    |    19   |
|          |    res_I_V_19_fu_582   |    0    |    8    |
|          |    x_l_I_V_76_fu_648   |    0    |    19   |
|          |    res_I_V_20_fu_654   |    0    |    8    |
|          |    x_l_I_V_77_fu_720   |    0    |    19   |
|          |    res_I_V_21_fu_726   |    0    |    8    |
|          |    res_I_V_22_fu_782   |    0    |    8    |
|          |    x_l_I_V_78_fu_798   |    0    |    19   |
|          |    x_l_I_V_79_fu_839   |    0    |    19   |
|          |     res_I_V_fu_859     |    0    |    8    |
|          |    x_l_I_V_18_fu_865   |    0    |    19   |
|          |   x_l_I_V_81_fu_1020   |    0    |    19   |
|          |   res_FH_V_33_fu_1025  |    0    |    17   |
|          |    p_Val2_23_fu_1032   |    0    |    17   |
|          |   x_l_I_V_21_fu_1095   |    0    |    19   |
|          |   x_l_FH_V_28_fu_1115  |    0    |    17   |
|          |   x_l_I_V_83_fu_1120   |    0    |    19   |
|          |   res_FH_V_34_fu_1134  |    0    |    17   |
|          |   x_l_I_V_25_fu_1198   |    0    |    19   |
|          |   x_l_FH_V_30_fu_1218  |    0    |    17   |
|          |   x_l_I_V_85_fu_1223   |    0    |    19   |
|          |   res_FH_V_35_fu_1237  |    0    |    17   |
|          |   x_l_I_V_29_fu_1301   |    0    |    19   |
|          |   x_l_FH_V_32_fu_1321  |    0    |    17   |
|          |   x_l_I_V_87_fu_1326   |    0    |    19   |
|          |   res_FH_V_36_fu_1340  |    0    |    17   |
|          |   x_l_I_V_33_fu_1404   |    0    |    19   |
|          |   x_l_FH_V_34_fu_1424  |    0    |    17   |
|          |   x_l_I_V_89_fu_1429   |    0    |    19   |
|          |   res_FH_V_37_fu_1443  |    0    |    17   |
|          |   x_l_I_V_37_fu_1507   |    0    |    19   |
|          |   x_l_FH_V_36_fu_1527  |    0    |    17   |
|          |   x_l_I_V_91_fu_1532   |    0    |    19   |
|          |   res_FH_V_38_fu_1546  |    0    |    17   |
|          |   x_l_I_V_41_fu_1580   |    0    |    19   |
|          |   x_l_FH_V_38_fu_1630  |    0    |    17   |
|          |   x_l_I_V_93_fu_1635   |    0    |    19   |
|          |   res_FH_V_39_fu_1649  |    0    |    17   |
|          |   x_l_I_V_45_fu_1699   |    0    |    19   |
|          |    res_FH_V_fu_1741    |    0    |    17   |
|          |   x_l_FH_V_40_fu_1747  |    0    |    17   |
|          |   x_l_I_V_95_fu_1762   |    0    |    19   |
|  select  |   x_l_I_V_96_fu_1822   |    0    |    19   |
|          |   res_FH_V_40_fu_1837  |    0    |    17   |
|          |   x_l_FL_V_15_fu_1843  |    0    |    17   |
|          |   x_l_FH_V_42_fu_1850  |    0    |    17   |
|          |   x_l_I_V_97_fu_1855   |    0    |    19   |
|          |    p_neg168_fu_1934    |    0    |    17   |
|          |   x_l_I_V_98_fu_1978   |    0    |    19   |
|          |   x_l_FL_V_16_fu_1988  |    0    |    17   |
|          |   x_l_I_V_99_fu_1993   |    0    |    19   |
|          |   res_FH_V_41_fu_2011  |    0    |    17   |
|          |   x_l_FH_V_44_fu_2049  |    0    |    17   |
|          |    p_neg169_fu_2054    |    0    |    17   |
|          |   x_l_I_V_100_fu_2128  |    0    |    19   |
|          |   res_FH_V_42_fu_2163  |    0    |    17   |
|          |   x_l_FL_V_17_fu_2169  |    0    |    17   |
|          |   x_l_I_V_101_fu_2174  |    0    |    19   |
|          |   x_l_FH_V_46_fu_2211  |    0    |    17   |
|          |    p_neg170_fu_2216    |    0    |    17   |
|          |   x_l_I_V_102_fu_2290  |    0    |    19   |
|          |   res_FH_V_43_fu_2325  |    0    |    17   |
|          |   x_l_FL_V_18_fu_2331  |    0    |    17   |
|          |   x_l_I_V_103_fu_2336  |    0    |    19   |
|          |   x_l_FH_V_48_fu_2373  |    0    |    17   |
|          |    p_neg171_fu_2378    |    0    |    17   |
|          |   x_l_I_V_104_fu_2452  |    0    |    19   |
|          |   res_FH_V_44_fu_2487  |    0    |    17   |
|          |   x_l_FL_V_19_fu_2493  |    0    |    17   |
|          |   x_l_I_V_105_fu_2498  |    0    |    19   |
|          |   x_l_FH_V_50_fu_2535  |    0    |    17   |
|          |    p_neg172_fu_2540    |    0    |    17   |
|          |   x_l_I_V_106_fu_2614  |    0    |    19   |
|          |   res_FH_V_45_fu_2649  |    0    |    17   |
|          |   x_l_FL_V_20_fu_2655  |    0    |    17   |
|          |   x_l_I_V_107_fu_2660  |    0    |    19   |
|          |   x_l_FH_V_52_fu_2697  |    0    |    17   |
|          |    p_neg173_fu_2702    |    0    |    17   |
|          |   x_l_I_V_108_fu_2776  |    0    |    19   |
|          |   res_FH_V_46_fu_2811  |    0    |    17   |
|          |   x_l_FL_V_21_fu_2817  |    0    |    17   |
|          |   x_l_I_V_109_fu_2822  |    0    |    19   |
|          |   x_l_FH_V_54_fu_2859  |    0    |    17   |
|          |    p_neg174_fu_2864    |    0    |    17   |
|          |   x_l_I_V_110_fu_2934  |    0    |    19   |
|          |   res_FH_V_47_fu_2973  |    0    |    17   |
|          |   x_l_I_V_111_fu_2979  |    0    |    19   |
|          |   x_l_FL_V_14_fu_2998  |    0    |    17   |
|          |   x_l_FH_V_56_fu_3020  |    0    |    17   |
|          |   res_FH_V_31_fu_3072  |    0    |    17   |
|          |   res_I_V_23_fu_3112   |    0    |    8    |
|          |   select_ln99_fu_3135  |    0    |    24   |
|----------|------------------------|---------|---------|
|          |    icmp_ln489_fu_316   |    0    |    8    |
|          |   icmp_ln318_1_fu_338  |    0    |    8    |
|          |   icmp_ln489_1_fu_403  |    0    |    9    |
|          |   icmp_ln489_2_fu_475  |    0    |    9    |
|          |   icmp_ln489_3_fu_547  |    0    |    10   |
|          |   icmp_ln489_4_fu_619  |    0    |    10   |
|          |   icmp_ln489_5_fu_691  |    0    |    11   |
|          |   icmp_ln489_6_fu_763  |    0    |    11   |
|          |   icmp_ln489_7_fu_819  |    0    |    11   |
|          |    icmp_ln318_fu_977   |    0    |    13   |
|          |   icmp_ln1494_fu_987   |    0    |    13   |
|          |  icmp_ln318_2_fu_1071  |    0    |    13   |
|          |  icmp_ln318_3_fu_1076  |    0    |    13   |
|          |  icmp_ln1494_1_fu_1086 |    0    |    13   |
|          |  icmp_ln318_4_fu_1174  |    0    |    13   |
|          |  icmp_ln318_5_fu_1179  |    0    |    13   |
|          |  icmp_ln1494_2_fu_1189 |    0    |    13   |
|          |  icmp_ln318_6_fu_1277  |    0    |    13   |
|          |  icmp_ln318_7_fu_1282  |    0    |    13   |
|          |  icmp_ln1494_3_fu_1292 |    0    |    13   |
|          |  icmp_ln318_16_fu_1380 |    0    |    13   |
|          |  icmp_ln318_17_fu_1385 |    0    |    13   |
|          |  icmp_ln1494_4_fu_1395 |    0    |    13   |
|          |  icmp_ln318_18_fu_1483 |    0    |    13   |
|          |  icmp_ln318_19_fu_1488 |    0    |    13   |
|          |  icmp_ln1494_5_fu_1498 |    0    |    13   |
|          |  icmp_ln318_21_fu_1575 |    0    |    13   |
|          |  icmp_ln318_20_fu_1596 |    0    |    13   |
|          |  icmp_ln1494_6_fu_1610 |    0    |    13   |
|          |  icmp_ln318_23_fu_1678 |    0    |    13   |
|          |  icmp_ln318_22_fu_1694 |    0    |    13   |
|          |  icmp_ln1494_7_fu_1708 |    0    |    13   |
|          |  icmp_ln1494_9_fu_1773 |    0    |    13   |
|          |   icmp_ln331_fu_1778   |    0    |    13   |
|          |  icmp_ln1494_8_fu_1789 |    0    |    13   |
|          |   icmp_ln1498_fu_1794  |    0    |    13   |
|          |  icmp_ln318_8_fu_1896  |    0    |    13   |
|   icmp   |     delta_V_fu_1901    |    0    |    13   |
|          |  icmp_ln1498_1_fu_1916 |    0    |    13   |
|          | icmp_ln1494_10_fu_1921 |    0    |    13   |
|          |   icmp_ln1495_fu_1930  |    0    |    13   |
|          |    delta_V_1_fu_2044   |    0    |    13   |
|          |  icmp_ln318_9_fu_2074  |    0    |    13   |
|          |  icmp_ln1495_1_fu_2079 |    0    |    13   |
|          |  icmp_ln1498_2_fu_2093 |    0    |    13   |
|          | icmp_ln1494_11_fu_2098 |    0    |    13   |
|          |    delta_V_2_fu_2206   |    0    |    13   |
|          |  icmp_ln318_10_fu_2236 |    0    |    13   |
|          |  icmp_ln1495_2_fu_2241 |    0    |    13   |
|          |  icmp_ln1498_3_fu_2255 |    0    |    13   |
|          | icmp_ln1494_12_fu_2260 |    0    |    13   |
|          |    delta_V_3_fu_2368   |    0    |    13   |
|          |  icmp_ln318_11_fu_2398 |    0    |    13   |
|          |  icmp_ln1495_3_fu_2403 |    0    |    13   |
|          |  icmp_ln1498_4_fu_2417 |    0    |    13   |
|          | icmp_ln1494_13_fu_2422 |    0    |    13   |
|          |    delta_V_4_fu_2530   |    0    |    13   |
|          |  icmp_ln318_12_fu_2560 |    0    |    13   |
|          |  icmp_ln1495_4_fu_2565 |    0    |    13   |
|          |  icmp_ln1498_5_fu_2579 |    0    |    13   |
|          | icmp_ln1494_14_fu_2584 |    0    |    13   |
|          |    delta_V_5_fu_2692   |    0    |    13   |
|          |  icmp_ln318_13_fu_2722 |    0    |    13   |
|          |  icmp_ln1495_5_fu_2727 |    0    |    13   |
|          |  icmp_ln1498_6_fu_2741 |    0    |    13   |
|          | icmp_ln1494_15_fu_2746 |    0    |    13   |
|          |    delta_V_6_fu_2854   |    0    |    13   |
|          |  icmp_ln318_14_fu_2884 |    0    |    13   |
|          |  icmp_ln1495_6_fu_2889 |    0    |    13   |
|          |  icmp_ln1498_7_fu_2899 |    0    |    13   |
|          | icmp_ln1494_16_fu_2904 |    0    |    13   |
|          |  icmp_ln1498_8_fu_2992 |    0    |    13   |
|          |   icmp_ln1496_fu_3014  |    0    |    13   |
|          |  icmp_ln318_15_fu_3033 |    0    |    13   |
|          | icmp_ln1494_17_fu_3038 |    0    |    13   |
|----------|------------------------|---------|---------|
|          |   xor_ln1494_fu_1009   |    0    |    2    |
|          |  xor_ln1494_1_fu_1100  |    0    |    2    |
|          |  xor_ln1494_2_fu_1203  |    0    |    2    |
|          |  xor_ln1494_3_fu_1306  |    0    |    2    |
|          |  xor_ln1494_4_fu_1409  |    0    |    2    |
|          |  xor_ln1494_5_fu_1512  |    0    |    2    |
|          |  xor_ln1494_6_fu_1619  |    0    |    2    |
|          |  xor_ln1494_7_fu_1721  |    0    |    2    |
|          |    xor_ln703_fu_1783   |    0    |    17   |
|          |   xor_ln331_7_fu_1817  |    0    |    2    |
|          |  xor_ln1494_8_fu_1941  |    0    |    2    |
|          |    xor_ln331_fu_1957   |    0    |    2    |
|          |   xor_ln1495_fu_1967   |    0    |    2    |
|          |   xor_ln331_1_fu_2107  |    0    |    2    |
|          |  xor_ln1495_1_fu_2117  |    0    |    2    |
|    xor   |  xor_ln1494_9_fu_2134  |    0    |    2    |
|          |   xor_ln331_2_fu_2269  |    0    |    2    |
|          |  xor_ln1495_2_fu_2279  |    0    |    2    |
|          |  xor_ln1494_10_fu_2296 |    0    |    2    |
|          |   xor_ln331_3_fu_2431  |    0    |    2    |
|          |  xor_ln1495_3_fu_2441  |    0    |    2    |
|          |  xor_ln1494_11_fu_2458 |    0    |    2    |
|          |   xor_ln331_4_fu_2593  |    0    |    2    |
|          |  xor_ln1495_4_fu_2603  |    0    |    2    |
|          |  xor_ln1494_12_fu_2620 |    0    |    2    |
|          |   xor_ln331_5_fu_2755  |    0    |    2    |
|          |  xor_ln1495_5_fu_2765  |    0    |    2    |
|          |  xor_ln1494_13_fu_2782 |    0    |    2    |
|          |   xor_ln331_6_fu_2913  |    0    |    2    |
|          |  xor_ln1495_6_fu_2923  |    0    |    2    |
|          |  xor_ln1494_14_fu_2944 |    0    |    2    |
|          |  xor_ln1494_15_fu_3056 |    0    |    2    |
|----------|------------------------|---------|---------|
|          |   and_ln318_1_fu_1014  |    0    |    2    |
|          |   and_ln318_2_fu_1105  |    0    |    2    |
|          |   and_ln318_3_fu_1208  |    0    |    2    |
|          |   and_ln318_4_fu_1311  |    0    |    2    |
|          |   and_ln318_5_fu_1414  |    0    |    2    |
|          |   and_ln318_6_fu_1517  |    0    |    2    |
|          |   and_ln318_7_fu_1624  |    0    |    2    |
|          |   and_ln318_8_fu_1726  |    0    |    2    |
|          |    and_ln318_fu_1808   |    0    |    2    |
|          |   and_ln318_9_fu_1946  |    0    |    2    |
|          |  and_ln318_10_fu_1952  |    0    |    2    |
|          |    and_ln331_fu_1972   |    0    |    2    |
|          |   and_ln331_1_fu_2122  |    0    |    2    |
|          |  and_ln318_11_fu_2139  |    0    |    2    |
|          |  and_ln318_12_fu_2145  |    0    |    2    |
|    and   |   and_ln331_2_fu_2284  |    0    |    2    |
|          |  and_ln318_13_fu_2301  |    0    |    2    |
|          |  and_ln318_14_fu_2307  |    0    |    2    |
|          |   and_ln331_3_fu_2446  |    0    |    2    |
|          |  and_ln318_15_fu_2463  |    0    |    2    |
|          |  and_ln318_16_fu_2469  |    0    |    2    |
|          |   and_ln331_4_fu_2608  |    0    |    2    |
|          |  and_ln318_17_fu_2625  |    0    |    2    |
|          |  and_ln318_18_fu_2631  |    0    |    2    |
|          |   and_ln331_5_fu_2770  |    0    |    2    |
|          |  and_ln318_19_fu_2787  |    0    |    2    |
|          |  and_ln318_20_fu_2793  |    0    |    2    |
|          |   and_ln331_6_fu_2928  |    0    |    2    |
|          |  and_ln318_21_fu_2949  |    0    |    2    |
|          |  and_ln318_22_fu_2955  |    0    |    2    |
|          |  and_ln318_23_fu_3061  |    0    |    2    |
|          |  and_ln318_24_fu_3067  |    0    |    2    |
|----------|------------------------|---------|---------|
|          |     or_ln318_fu_999    |    0    |    2    |
|          |   or_ln318_1_fu_1091   |    0    |    2    |
|          |   or_ln318_2_fu_1194   |    0    |    2    |
|          |   or_ln318_3_fu_1297   |    0    |    2    |
|          |   or_ln318_4_fu_1400   |    0    |    2    |
|          |   or_ln318_5_fu_1503   |    0    |    2    |
|          |   or_ln318_6_fu_1615   |    0    |    2    |
|          |   or_ln318_7_fu_1713   |    0    |    2    |
|          |   or_ln318_16_fu_1812  |    0    |    2    |
|          |   or_ln318_8_fu_1926   |    0    |    2    |
|          |    or_ln331_fu_1962    |    0    |    2    |
|    or    |   or_ln318_9_fu_2103   |    0    |    2    |
|          |   or_ln331_1_fu_2112   |    0    |    2    |
|          |   or_ln318_10_fu_2265  |    0    |    2    |
|          |   or_ln331_2_fu_2274   |    0    |    2    |
|          |   or_ln318_11_fu_2427  |    0    |    2    |
|          |   or_ln331_3_fu_2436   |    0    |    2    |
|          |   or_ln318_12_fu_2589  |    0    |    2    |
|          |   or_ln331_4_fu_2598   |    0    |    2    |
|          |   or_ln318_13_fu_2751  |    0    |    2    |
|          |   or_ln331_5_fu_2760   |    0    |    2    |
|          |   or_ln318_14_fu_2909  |    0    |    2    |
|          |   or_ln331_6_fu_2918   |    0    |    2    |
|          |   or_ln318_15_fu_3043  |    0    |    2    |
|----------|------------------------|---------|---------|
|   read   |   x_read_read_fu_282   |    0    |    0    |
|----------|------------------------|---------|---------|
|          |     trunc_ln_fu_288    |    0    |    0    |
|          |       tmp_fu_302       |    0    |    0    |
|          |      tmp_38_fu_328     |    0    |    0    |
|          |  p_Result_s_97_fu_372  |    0    |    0    |
|          |    p_Result_1_fu_382   |    0    |    0    |
|          |    p_Result_4_fu_444   |    0    |    0    |
|          |    p_Result_5_fu_454   |    0    |    0    |
|          |    p_Result_8_fu_516   |    0    |    0    |
|          |    p_Result_9_fu_526   |    0    |    0    |
|          |   p_Result_10_fu_588   |    0    |    0    |
|          |   p_Result_11_fu_598   |    0    |    0    |
|          |   p_Result_13_fu_660   |    0    |    0    |
|          |   p_Result_14_fu_670   |    0    |    0    |
|          |   p_Result_16_fu_732   |    0    |    0    |
|          |   p_Result_17_fu_742   |    0    |    0    |
|          |      tmp_14_fu_874     |    0    |    0    |
|          |      tmp_15_fu_888     |    0    |    0    |
|          |      tmp_16_fu_902     |    0    |    0    |
|          |      tmp_17_fu_916     |    0    |    0    |
|          |      tmp_18_fu_930     |    0    |    0    |
|          |      tmp_19_fu_944     |    0    |    0    |
|partselect|   p_Result_20_fu_1037  |    0    |    0    |
|          |   p_Result_21_fu_1140  |    0    |    0    |
|          |   p_Result_22_fu_1243  |    0    |    0    |
|          |   p_Result_23_fu_1346  |    0    |    0    |
|          |   p_Result_24_fu_1449  |    0    |    0    |
|          |   p_Result_25_fu_1552  |    0    |    0    |
|          |   p_Result_26_fu_1655  |    0    |    0    |
|          |   p_Result_27_fu_1752  |    0    |    0    |
|          |      tmp_s_fu_1861     |    0    |    0    |
|          |     tmp_20_fu_1871     |    0    |    0    |
|          |      tmp_7_fu_2017     |    0    |    0    |
|          |     tmp_21_fu_2027     |    0    |    0    |
|          |      tmp_9_fu_2179     |    0    |    0    |
|          |     tmp_22_fu_2189     |    0    |    0    |
|          |     tmp_10_fu_2341     |    0    |    0    |
|          |     tmp_23_fu_2351     |    0    |    0    |
|          |     tmp_11_fu_2503     |    0    |    0    |
|          |     tmp_24_fu_2513     |    0    |    0    |
|          |     tmp_12_fu_2665     |    0    |    0    |
|          |     tmp_25_fu_2675     |    0    |    0    |
|          |     tmp_13_fu_2827     |    0    |    0    |
|          |     tmp_26_fu_2837     |    0    |    0    |
|          |     tmp_27_fu_3118     |    0    |    0    |
|----------|------------------------|---------|---------|
|          |   trunc_ln731_fu_298   |    0    |    0    |
|          |   trunc_ln640_fu_804   |    0    |    0    |
|          |   trunc_ln104_fu_870   |    0    |    0    |
|          |  trunc_ln104_1_fu_884  |    0    |    0    |
|   trunc  |  trunc_ln104_2_fu_898  |    0    |    0    |
|          |  trunc_ln104_3_fu_912  |    0    |    0    |
|          |  trunc_ln104_4_fu_926  |    0    |    0    |
|          |  trunc_ln104_5_fu_940  |    0    |    0    |
|          |  trunc_ln104_6_fu_954  |    0    |    0    |
|          |  trunc_ln104_7_fu_3003 |    0    |    0    |
|----------|------------------------|---------|---------|
|   sext   |    sext_ln640_fu_312   |    0    |    0    |
|----------|------------------------|---------|---------|
|          |    zext_ln708_fu_344   |    0    |    0    |
|          |    zext_ln489_fu_399   |    0    |    0    |
|          |   zext_ln489_1_fu_471  |    0    |    0    |
|          |   zext_ln489_2_fu_543  |    0    |    0    |
|          |   zext_ln489_3_fu_615  |    0    |    0    |
|          |   zext_ln489_4_fu_687  |    0    |    0    |
|          |   zext_ln489_5_fu_759  |    0    |    0    |
|          |   zext_ln489_6_fu_815  |    0    |    0    |
|   zext   |    zext_ln318_fu_973   |    0    |    0    |
|          |  zext_ln318_1_fu_1067  |    0    |    0    |
|          |  zext_ln318_2_fu_1170  |    0    |    0    |
|          |  zext_ln318_3_fu_1273  |    0    |    0    |
|          |  zext_ln318_4_fu_1376  |    0    |    0    |
|          |  zext_ln318_5_fu_1479  |    0    |    0    |
|          |  zext_ln318_6_fu_1592  |    0    |    0    |
|          |  zext_ln318_7_fu_1690  |    0    |    0    |
|          |   zext_ln703_fu_3079   |    0    |    0    |
|----------|------------------------|---------|---------|
|          |   p_Result_43_fu_347   |    0    |    0    |
|          |   p_Result_44_fu_413   |    0    |    0    |
|          |   p_Result_46_fu_485   |    0    |    0    |
|  partset |   p_Result_48_fu_557   |    0    |    0    |
|          |   p_Result_50_fu_629   |    0    |    0    |
|          |   p_Result_52_fu_701   |    0    |    0    |
|          |   p_Result_54_fu_788   |    0    |    0    |
|          |   p_Result_56_fu_829   |    0    |    0    |
|----------|------------------------|---------|---------|
|          |      tmp_1_fu_392      |    0    |    0    |
|          |      tmp_2_fu_464      |    0    |    0    |
|          |      tmp_3_fu_536      |    0    |    0    |
|          |      tmp_4_fu_608      |    0    |    0    |
|          |      tmp_5_fu_680      |    0    |    0    |
|          |      tmp_6_fu_752      |    0    |    0    |
|          |      tmp_8_fu_808      |    0    |    0    |
|          |    trunc_ln7_fu_966    |    0    |    0    |
|          |     x_l_FH_V_fu_992    |    0    |    0    |
|          |    mul_FH_V_fu_1052    |    0    |    0    |
|          |  trunc_ln318_1_fu_1060 |    0    |    0    |
|          |   mul_FH_V_1_fu_1155   |    0    |    0    |
|          |  trunc_ln318_2_fu_1163 |    0    |    0    |
|          |   mul_FH_V_2_fu_1258   |    0    |    0    |
|          |  trunc_ln318_3_fu_1266 |    0    |    0    |
|          |   mul_FH_V_3_fu_1361   |    0    |    0    |
|          |  trunc_ln318_4_fu_1369 |    0    |    0    |
|          |   mul_FH_V_4_fu_1464   |    0    |    0    |
|          |  trunc_ln318_5_fu_1472 |    0    |    0    |
|          |   mul_FH_V_5_fu_1567   |    0    |    0    |
|bitconcatenate|  trunc_ln318_6_fu_1585 |    0    |    0    |
|          |   mul_FH_V_6_fu_1670   |    0    |    0    |
|          |  trunc_ln318_7_fu_1683 |    0    |    0    |
|          |   mul_FH_V_7_fu_1767   |    0    |    0    |
|          |   mul_FH_V_8_fu_1881   |    0    |    0    |
|          |    mul_FL_V_fu_1889    |    0    |    0    |
|          |   mul_FL_V_1_fu_2037   |    0    |    0    |
|          |   mul_FH_V_9_fu_2066   |    0    |    0    |
|          |   mul_FL_V_2_fu_2199   |    0    |    0    |
|          |   mul_FH_V_10_fu_2228  |    0    |    0    |
|          |   mul_FL_V_3_fu_2361   |    0    |    0    |
|          |   mul_FH_V_11_fu_2390  |    0    |    0    |
|          |   mul_FL_V_4_fu_2523   |    0    |    0    |
|          |   mul_FH_V_12_fu_2552  |    0    |    0    |
|          |   mul_FL_V_5_fu_2685   |    0    |    0    |
|          |   mul_FH_V_13_fu_2714  |    0    |    0    |
|          |   mul_FL_V_6_fu_2847   |    0    |    0    |
|          |   mul_FH_V_14_fu_2876  |    0    |    0    |
|          |   mul_FL_V_7_fu_3006   |    0    |    0    |
|          |   mul_FH_V_15_fu_3025  |    0    |    0    |
|          |    trunc_ln9_fu_3127   |    0    |    0    |
|----------|------------------------|---------|---------|
|          |   p_Result_45_fu_423   |    0    |    0    |
|          |   p_Result_47_fu_495   |    0    |    0    |
|          |   p_Result_49_fu_567   |    0    |    0    |
|          |   p_Result_51_fu_639   |    0    |    0    |
|          |   p_Result_53_fu_711   |    0    |    0    |
|          |   p_Result_55_fu_773   |    0    |    0    |
|          |   p_Result_57_fu_850   |    0    |    0    |
|          |   p_Result_58_fu_1125  |    0    |    0    |
|          |   p_Result_59_fu_1228  |    0    |    0    |
|          |   p_Result_60_fu_1331  |    0    |    0    |
|          |   p_Result_61_fu_1434  |    0    |    0    |
|  bitset  |   p_Result_62_fu_1537  |    0    |    0    |
|          |   p_Result_63_fu_1640  |    0    |    0    |
|          |   p_Result_64_fu_1732  |    0    |    0    |
|          |   p_Result_65_fu_1828  |    0    |    0    |
|          |   p_Result_66_fu_2002  |    0    |    0    |
|          |   p_Result_67_fu_2154  |    0    |    0    |
|          |   p_Result_68_fu_2316  |    0    |    0    |
|          |   p_Result_69_fu_2478  |    0    |    0    |
|          |   p_Result_70_fu_2640  |    0    |    0    |
|          |   p_Result_71_fu_2802  |    0    |    0    |
|          |   p_Result_72_fu_2964  |    0    |    0    |
|          |   p_Result_73_fu_3047  |    0    |    0    |
|----------|------------------------|---------|---------|
|          |      tmp_45_fu_958     |    0    |    0    |
| bitselect|     tmp_56_fu_2984     |    0    |    0    |
|          |   p_Result_s_fu_3098   |    0    |    0    |
|          |   p_Result_40_fu_3105  |    0    |    0    |
|----------|------------------------|---------|---------|
|   Total  |                        |   4996  |   4127  |
|----------|------------------------|---------|---------|

Memories:
N/A

* Register list:
+-----------------------+--------+
|                       |   FF   |
+-----------------------+--------+
|   add_ln248_reg_3175  |    3   |
| and_ln318_10_reg_4317 |    1   |
| and_ln318_12_reg_4443 |    1   |
| and_ln318_14_reg_4559 |    1   |
| and_ln318_16_reg_4675 |    1   |
| and_ln318_18_reg_4791 |    1   |
|  and_ln318_1_reg_3580 |    1   |
| and_ln318_20_reg_4907 |    1   |
| and_ln318_22_reg_5018 |    1   |
|  and_ln318_2_reg_3660 |    1   |
|  and_ln318_3_reg_3740 |    1   |
|  and_ln318_4_reg_3820 |    1   |
|  and_ln318_5_reg_3900 |    1   |
|  and_ln318_6_reg_3980 |    1   |
|  and_ln318_7_reg_4065 |    1   |
|  and_ln318_8_reg_4140 |    1   |
|   delta_V_1_reg_4376  |    1   |
|   delta_V_2_reg_4492  |    1   |
|   delta_V_3_reg_4608  |    1   |
|   delta_V_4_reg_4724  |    1   |
|   delta_V_5_reg_4840  |    1   |
|   delta_V_6_reg_4956  |    1   |
|    delta_V_reg_4280   |    1   |
|icmp_ln1494_10_reg_4292|    1   |
|icmp_ln1494_11_reg_4423|    1   |
|icmp_ln1494_12_reg_4539|    1   |
|icmp_ln1494_13_reg_4655|    1   |
|icmp_ln1494_14_reg_4771|    1   |
|icmp_ln1494_15_reg_4887|    1   |
|icmp_ln1494_16_reg_5003|    1   |
|icmp_ln1494_17_reg_5069|    1   |
| icmp_ln1494_1_reg_3645|    1   |
| icmp_ln1494_2_reg_3725|    1   |
| icmp_ln1494_3_reg_3805|    1   |
| icmp_ln1494_4_reg_3885|    1   |
| icmp_ln1494_5_reg_3965|    1   |
| icmp_ln1494_6_reg_4050|    1   |
| icmp_ln1494_7_reg_4130|    1   |
| icmp_ln1494_8_reg_4195|    1   |
| icmp_ln1494_9_reg_4180|    1   |
|  icmp_ln1494_reg_3564 |    1   |
| icmp_ln1495_1_reg_4408|    1   |
| icmp_ln1495_2_reg_4524|    1   |
| icmp_ln1495_3_reg_4640|    1   |
| icmp_ln1495_4_reg_4756|    1   |
| icmp_ln1495_5_reg_4872|    1   |
| icmp_ln1495_6_reg_4988|    1   |
|  icmp_ln1495_reg_4297 |    1   |
|  icmp_ln1496_reg_5053 |    1   |
| icmp_ln1498_1_reg_4287|    1   |
| icmp_ln1498_2_reg_4418|    1   |
| icmp_ln1498_3_reg_4534|    1   |
| icmp_ln1498_4_reg_4650|    1   |
| icmp_ln1498_5_reg_4766|    1   |
| icmp_ln1498_6_reg_4882|    1   |
| icmp_ln1498_7_reg_4998|    1   |
| icmp_ln1498_8_reg_5043|    1   |
|  icmp_ln1498_reg_4200 |    1   |
| icmp_ln318_10_reg_4518|    1   |
| icmp_ln318_11_reg_4634|    1   |
| icmp_ln318_12_reg_4750|    1   |
| icmp_ln318_13_reg_4866|    1   |
| icmp_ln318_14_reg_4982|    1   |
| icmp_ln318_15_reg_5064|    1   |
| icmp_ln318_16_reg_3869|    1   |
| icmp_ln318_17_reg_3874|    1   |
| icmp_ln318_18_reg_3949|    1   |
| icmp_ln318_19_reg_3954|    1   |
| icmp_ln318_1_reg_3169 |    1   |
| icmp_ln318_20_reg_4045|    1   |
| icmp_ln318_21_reg_4024|    1   |
| icmp_ln318_22_reg_4120|    1   |
| icmp_ln318_23_reg_4104|    1   |
| icmp_ln318_2_reg_3629 |    1   |
| icmp_ln318_3_reg_3634 |    1   |
| icmp_ln318_4_reg_3709 |    1   |
| icmp_ln318_5_reg_3714 |    1   |
| icmp_ln318_6_reg_3789 |    1   |
| icmp_ln318_7_reg_3794 |    1   |
| icmp_ln318_8_reg_4274 |    1   |
| icmp_ln318_9_reg_4402 |    1   |
|  icmp_ln318_reg_3559  |    1   |
|  icmp_ln331_reg_4185  |    1   |
| icmp_ln489_1_reg_3208 |    1   |
| icmp_ln489_2_reg_3247 |    1   |
| icmp_ln489_3_reg_3286 |    1   |
| icmp_ln489_4_reg_3325 |    1   |
| icmp_ln489_5_reg_3364 |    1   |
| icmp_ln489_6_reg_3403 |    1   |
| icmp_ln489_7_reg_3438 |    1   |
|  icmp_ln489_reg_3163  |    1   |
|  mul_FH_V_10_reg_4513 |   17   |
|  mul_FH_V_11_reg_4629 |   17   |
|  mul_FH_V_12_reg_4745 |   17   |
|  mul_FH_V_13_reg_4861 |   17   |
|  mul_FH_V_14_reg_4977 |   17   |
|  mul_FH_V_1_reg_3699  |   17   |
|  mul_FH_V_2_reg_3779  |   17   |
|  mul_FH_V_3_reg_3859  |   17   |
|  mul_FH_V_4_reg_3939  |   17   |
|  mul_FH_V_5_reg_4019  |   17   |
|  mul_FH_V_6_reg_4099  |   17   |
|  mul_FH_V_8_reg_4263  |   17   |
|  mul_FH_V_9_reg_4397  |   17   |
|   mul_FH_V_reg_3619   |   17   |
|  mul_FL_V_1_reg_4371  |   17   |
|  mul_FL_V_2_reg_4487  |   17   |
|  mul_FL_V_3_reg_4603  |   17   |
|  mul_FL_V_4_reg_4719  |   17   |
|  mul_FL_V_5_reg_4835  |   17   |
|  mul_FL_V_6_reg_4951  |   17   |
|   mul_FL_V_reg_4269   |   17   |
|  or_ln318_16_reg_4215 |    1   |
|  p_Result_10_reg_3309 |    5   |
|  p_Result_11_reg_3314 |    7   |
|  p_Result_13_reg_3348 |    6   |
|  p_Result_14_reg_3353 |    8   |
|  p_Result_16_reg_3387 |    7   |
|  p_Result_17_reg_3392 |    9   |
|  p_Result_1_reg_3197  |    4   |
|  p_Result_20_reg_3614 |    2   |
|  p_Result_21_reg_3694 |    3   |
|  p_Result_22_reg_3774 |    4   |
|  p_Result_23_reg_3854 |    5   |
|  p_Result_24_reg_3934 |    6   |
|  p_Result_25_reg_4014 |    7   |
|  p_Result_26_reg_4094 |    8   |
|  p_Result_27_reg_4166 |    9   |
|  p_Result_4_reg_3231  |    3   |
|  p_Result_5_reg_3236  |    5   |
|  p_Result_8_reg_3270  |    4   |
|  p_Result_9_reg_3275  |    6   |
| p_Result_s_97_reg_3192|    2   |
|   p_Val2_23_reg_3607  |   17   |
|   p_neg168_reg_4302   |   17   |
|   p_neg169_reg_4392   |   17   |
|   p_neg170_reg_4508   |   17   |
|   p_neg171_reg_4624   |   17   |
|   p_neg172_reg_4740   |   17   |
|   p_neg173_reg_4856   |   17   |
|   p_neg174_reg_4972   |   17   |
|  res_FH_V_31_reg_5074 |   17   |
|  res_FH_V_33_reg_3601 |   17   |
|  res_FH_V_34_reg_3688 |   17   |
|  res_FH_V_35_reg_3768 |   17   |
|  res_FH_V_36_reg_3848 |   17   |
|  res_FH_V_37_reg_3928 |   17   |
|  res_FH_V_38_reg_4008 |   17   |
|  res_FH_V_39_reg_4088 |   17   |
|  res_FH_V_40_reg_4223 |   17   |
|  res_FH_V_41_reg_4350 |   17   |
|  res_FH_V_42_reg_4451 |   17   |
|  res_FH_V_43_reg_4567 |   17   |
|  res_FH_V_44_reg_4683 |   17   |
|  res_FH_V_45_reg_4799 |   17   |
|  res_FH_V_46_reg_4915 |   17   |
|  res_FH_V_47_reg_5031 |   17   |
|  res_FH_V_48_reg_5090 |   17   |
|   res_FH_V_reg_4152   |   17   |
|  res_FH_l_V_reg_5085  |   18   |
|  res_I_V_14_reg_5095  |    8   |
|  res_I_V_16_reg_3186  |    8   |
|  res_I_V_17_reg_3225  |    8   |
|  res_I_V_18_reg_3264  |    8   |
|  res_I_V_19_reg_3303  |    8   |
|  res_I_V_20_reg_3342  |    8   |
|  res_I_V_21_reg_3381  |    8   |
|  res_I_V_22_reg_3414  |    8   |
|    res_I_V_reg_3463   |    8   |
|  sext_ln640_reg_3158  |    3   |
|  sub_ln248_1_reg_3253 |    5   |
|  sub_ln248_2_reg_3292 |    6   |
|  sub_ln248_3_reg_3331 |    7   |
|  sub_ln248_4_reg_3370 |    8   |
|  sub_ln248_5_reg_3409 |    9   |
|  sub_ln248_6_reg_3444 |   10   |
|   sub_ln248_reg_3214  |    4   |
| sub_ln703_12_reg_4781 |   17   |
| sub_ln703_15_reg_4897 |   17   |
| sub_ln703_18_reg_5013 |   17   |
|  sub_ln703_3_reg_4433 |   17   |
|  sub_ln703_6_reg_4549 |   17   |
|  sub_ln703_9_reg_4665 |   17   |
|   sub_ln703_reg_4337  |   17   |
|    tmp_10_reg_4588    |    8   |
|    tmp_11_reg_4704    |   10   |
|    tmp_12_reg_4820    |   12   |
|    tmp_13_reg_4936    |   14   |
|    tmp_14_reg_3489    |    7   |
|    tmp_15_reg_3499    |    6   |
|    tmp_16_reg_3509    |    5   |
|    tmp_17_reg_3519    |    4   |
|    tmp_18_reg_3529    |    3   |
|    tmp_19_reg_3539    |    2   |
|    tmp_20_reg_4258    |    8   |
|    tmp_21_reg_4361    |    7   |
|    tmp_22_reg_4477    |    6   |
|    tmp_23_reg_4593    |    5   |
|    tmp_24_reg_4709    |    4   |
|    tmp_25_reg_4825    |    3   |
|    tmp_26_reg_4941    |    2   |
|    tmp_45_reg_3549    |    1   |
|    tmp_56_reg_5038    |    1   |
|     tmp_7_reg_4356    |    4   |
|     tmp_9_reg_4472    |    6   |
|     tmp_s_reg_4253    |    2   |
| trunc_ln104_1_reg_3494|    2   |
| trunc_ln104_2_reg_3504|    3   |
| trunc_ln104_3_reg_3514|    4   |
| trunc_ln104_4_reg_3524|    5   |
| trunc_ln104_5_reg_3534|    6   |
| trunc_ln104_6_reg_3544|    7   |
|  trunc_ln104_reg_3484 |    1   |
|  trunc_ln640_reg_3427 |   10   |
|  trunc_ln731_reg_3153 |   16   |
|   trunc_ln_reg_3148   |   16   |
|  x_l_FH_V_26_reg_3587 |   17   |
|  x_l_FH_V_27_reg_3655 |   17   |
|  x_l_FH_V_28_reg_3667 |   17   |
|  x_l_FH_V_29_reg_3735 |   17   |
|  x_l_FH_V_30_reg_3747 |   17   |
|  x_l_FH_V_31_reg_3815 |   17   |
|  x_l_FH_V_32_reg_3827 |   17   |
|  x_l_FH_V_33_reg_3895 |   17   |
|  x_l_FH_V_34_reg_3907 |   17   |
|  x_l_FH_V_35_reg_3975 |   17   |
|  x_l_FH_V_36_reg_3987 |   17   |
|  x_l_FH_V_37_reg_4060 |   17   |
|  x_l_FH_V_38_reg_4072 |   17   |
|  x_l_FH_V_39_reg_4135 |   17   |
|  x_l_FH_V_40_reg_4158 |   17   |
|  x_l_FH_V_41_reg_4210 |   17   |
|  x_l_FH_V_42_reg_4236 |   17   |
|  x_l_FH_V_43_reg_4366 |   17   |
|  x_l_FH_V_44_reg_4383 |   17   |
|  x_l_FH_V_45_reg_4482 |   17   |
|  x_l_FH_V_46_reg_4499 |   17   |
|  x_l_FH_V_47_reg_4598 |   17   |
|  x_l_FH_V_48_reg_4615 |   17   |
|  x_l_FH_V_49_reg_4714 |   17   |
|  x_l_FH_V_50_reg_4731 |   17   |
|  x_l_FH_V_51_reg_4830 |   17   |
|  x_l_FH_V_52_reg_4847 |   17   |
|  x_l_FH_V_53_reg_4946 |   17   |
|  x_l_FH_V_54_reg_4963 |   17   |
|  x_l_FH_V_55_reg_5048 |   17   |
|  x_l_FH_V_56_reg_5058 |   17   |
|   x_l_FH_V_reg_3569   |   17   |
|  x_l_FL_V_11_reg_4902 |   17   |
|  x_l_FL_V_13_reg_5026 |   17   |
|  x_l_FL_V_15_reg_4229 |   17   |
|  x_l_FL_V_16_reg_4330 |   17   |
|  x_l_FL_V_17_reg_4457 |   17   |
|  x_l_FL_V_18_reg_4573 |   17   |
|  x_l_FL_V_19_reg_4689 |   17   |
|  x_l_FL_V_20_reg_4805 |   17   |
|  x_l_FL_V_21_reg_4921 |   17   |
|  x_l_FL_V_3_reg_4438  |   17   |
|  x_l_FL_V_5_reg_4554  |   17   |
|  x_l_FL_V_7_reg_4670  |   17   |
|  x_l_FL_V_9_reg_4786  |   17   |
|   x_l_FL_V_reg_4312   |   17   |
|  x_l_I_V_100_reg_4428 |   19   |
|  x_l_I_V_101_reg_4464 |   19   |
|  x_l_I_V_102_reg_4544 |   19   |
|  x_l_I_V_103_reg_4580 |   19   |
|  x_l_I_V_104_reg_4660 |   19   |
|  x_l_I_V_105_reg_4696 |   19   |
|  x_l_I_V_106_reg_4776 |   19   |
|  x_l_I_V_107_reg_4812 |   19   |
|  x_l_I_V_108_reg_4892 |   19   |
|  x_l_I_V_109_reg_4928 |   19   |
|  x_l_I_V_110_reg_5008 |   19   |
|  x_l_I_V_17_reg_3458  |   19   |
|  x_l_I_V_18_reg_3479  |   19   |
|  x_l_I_V_21_reg_3650  |   19   |
|  x_l_I_V_24_reg_3720  |   19   |
|  x_l_I_V_25_reg_3730  |   19   |
|  x_l_I_V_28_reg_3800  |   19   |
|  x_l_I_V_29_reg_3810  |   19   |
|  x_l_I_V_32_reg_3880  |   19   |
|  x_l_I_V_33_reg_3890  |   19   |
|  x_l_I_V_36_reg_3960  |   19   |
|  x_l_I_V_37_reg_3970  |   19   |
|  x_l_I_V_40_reg_4030  |   19   |
|  x_l_I_V_41_reg_4035  |   19   |
|  x_l_I_V_44_reg_4110  |   19   |
|  x_l_I_V_45_reg_4125  |   19   |
|  x_l_I_V_48_reg_4205  |   19   |
|  x_l_I_V_51_reg_4307  |   19   |
|  x_l_I_V_54_reg_4413  |   19   |
|  x_l_I_V_57_reg_4529  |   19   |
|  x_l_I_V_60_reg_4645  |   19   |
|  x_l_I_V_63_reg_4761  |   19   |
|  x_l_I_V_66_reg_4877  |   19   |
|  x_l_I_V_69_reg_4993  |   19   |
|  x_l_I_V_72_reg_3180  |   19   |
|  x_l_I_V_73_reg_3219  |   19   |
|  x_l_I_V_74_reg_3258  |   19   |
|  x_l_I_V_75_reg_3297  |   19   |
|  x_l_I_V_76_reg_3336  |   19   |
|  x_l_I_V_77_reg_3375  |   19   |
|  x_l_I_V_78_reg_3421  |   19   |
|  x_l_I_V_79_reg_3449  |   19   |
|  x_l_I_V_80_reg_3575  |   19   |
|  x_l_I_V_81_reg_3592  |   19   |
|  x_l_I_V_82_reg_3674  |   19   |
|  x_l_I_V_83_reg_3679  |   19   |
|  x_l_I_V_84_reg_3754  |   19   |
|  x_l_I_V_85_reg_3759  |   19   |
|  x_l_I_V_86_reg_3834  |   19   |
|  x_l_I_V_87_reg_3839  |   19   |
|  x_l_I_V_88_reg_3914  |   19   |
|  x_l_I_V_89_reg_3919  |   19   |
|  x_l_I_V_90_reg_3994  |   19   |
|  x_l_I_V_91_reg_3999  |   19   |
|  x_l_I_V_92_reg_4055  |   19   |
|  x_l_I_V_93_reg_4079  |   19   |
|  x_l_I_V_94_reg_4147  |   19   |
|  x_l_I_V_95_reg_4171  |   19   |
|  x_l_I_V_97_reg_4245  |   19   |
|  x_l_I_V_98_reg_4325  |   19   |
|  x_l_I_V_99_reg_4342  |   19   |
|    x_l_I_V_reg_3640   |   19   |
|    x_read_reg_3143    |   32   |
|   xor_ln703_reg_4190  |   17   |
| zext_ln318_1_reg_3624 |   19   |
| zext_ln318_2_reg_3704 |   19   |
| zext_ln318_3_reg_3784 |   19   |
| zext_ln318_4_reg_3864 |   19   |
| zext_ln318_5_reg_3944 |   19   |
| zext_ln318_6_reg_4040 |   19   |
| zext_ln318_7_reg_4115 |   19   |
|  zext_ln318_reg_3554  |   19   |
| zext_ln489_1_reg_3242 |    5   |
| zext_ln489_2_reg_3281 |    6   |
| zext_ln489_3_reg_3320 |    7   |
| zext_ln489_4_reg_3359 |    8   |
| zext_ln489_5_reg_3398 |    9   |
| zext_ln489_6_reg_3433 |   10   |
|  zext_ln489_reg_3203  |    4   |
|  zext_ln703_reg_5080  |   18   |
+-----------------------+--------+
|         Total         |  3682  |
+-----------------------+--------+

* Multiplexer (MUX) list: 
|-------------|------|------|------|--------||---------||---------|
|     Comp    |  Pin | Size |  BW  | S x BW ||  Delay  ||   LUT   |
|-------------|------|------|------|--------||---------||---------|
|  grp_fu_322 |  p0  |   2  |   2  |    4   ||    9    |
|  grp_fu_408 |  p1  |   2  |   3  |    6   ||    9    |
|  grp_fu_480 |  p1  |   2  |   4  |    8   ||    9    |
|  grp_fu_552 |  p1  |   2  |   5  |   10   ||    9    |
|  grp_fu_624 |  p1  |   2  |   6  |   12   ||    9    |
|  grp_fu_696 |  p1  |   2  |   7  |   14   ||    9    |
|  grp_fu_768 |  p1  |   2  |   8  |   16   ||    9    |
|  grp_fu_824 |  p1  |   2  |   9  |   18   ||    9    |
|  grp_fu_982 |  p1  |   2  |  17  |   34   ||    9    |
| grp_fu_1003 |  p0  |   2  |  17  |   34   ||    9    |
| grp_fu_1081 |  p1  |   2  |  17  |   34   ||    9    |
| grp_fu_1184 |  p1  |   2  |  17  |   34   ||    9    |
| grp_fu_1287 |  p1  |   2  |  17  |   34   ||    9    |
| grp_fu_1390 |  p1  |   2  |  17  |   34   ||    9    |
| grp_fu_1493 |  p1  |   2  |  17  |   34   ||    9    |
| grp_fu_1601 |  p1  |   2  |  17  |   34   ||    9    |
| grp_fu_1911 |  p1  |   2  |  17  |   34   ||    9    |
| grp_fu_2084 |  p1  |   2  |  17  |   34   ||    9    |
| grp_fu_2246 |  p1  |   2  |  17  |   34   ||    9    |
| grp_fu_2408 |  p1  |   2  |  17  |   34   ||    9    |
| grp_fu_2570 |  p1  |   2  |  17  |   34   ||    9    |
| grp_fu_2732 |  p1  |   2  |  17  |   34   ||    9    |
| grp_fu_2894 |  p1  |   2  |  17  |   34   ||    9    |
| grp_fu_3082 |  p0  |   2  |  17  |   34   ||    9    |
|-------------|------|------|------|--------||---------||---------|
|    Total    |      |      |      |   632  ||  38.112 ||   216   |
|-------------|------|------|------|--------||---------||---------|



* Summary:
+-----------+--------+--------+--------+
|           |  Delay |   FF   |   LUT  |
+-----------+--------+--------+--------+
|  Function |    -   |  4996  |  4127  |
|   Memory  |    -   |    -   |    -   |
|Multiplexer|   38   |    -   |   216  |
|  Register |    -   |  3682  |    -   |
+-----------+--------+--------+--------+
|   Total   |   38   |  8678  |  4343  |
+-----------+--------+--------+--------+
