

================================================================
== Vitis HLS Report for 'sqrt_fixed_32_16_s'
================================================================
* Date:           Sun Jul 20 20:01:29 2025

* Version:        2020.2 (Build 3064766 on Wed Nov 18 09:12:47 MST 2020)
* Project:        aes
* Solution:       solution1 (Vivado IP Flow Target)
* Product family: zynq
* Target device:  xc7z020-clg484-1


================================================================
== Performance Estimates
================================================================
+ Timing: 
    * Summary: 
    +--------+---------+----------+------------+
    |  Clock |  Target | Estimated| Uncertainty|
    +--------+---------+----------+------------+
    |ap_clk  |  2.00 ns|  2.437 ns|     0.54 ns|
    +--------+---------+----------+------------+

+ Latency: 
    * Summary: 
    +---------+---------+----------+----------+-----+-----+---------+
    |  Latency (cycles) |  Latency (absolute) |  Interval | Pipeline|
    |   min   |   max   |    min   |    max   | min | max |   Type  |
    +---------+---------+----------+----------+-----+-----+---------+
    |      116|      116|  0.283 us|  0.283 us|    1|    1|      yes|
    +---------+---------+----------+----------+-----+-----+---------+

    + Detail: 
        * Instance: 
        N/A

        * Loop: 
        N/A

============================================================
+ Verbose Summary: Synthesis Manager
============================================================
InlineROM: 1
ExposeGlobal: 0
============================================================
+ Verbose Summary: CDFG Model
============================================================
IsTopModel: 0
ResetActiveHigh: 1
IsCombinational: 0
IsDatapathOnly: 0
HasWiredReturn: 1
HasMFsm: 2
HasVarLatency: 0
IsPipeline: 1
IsRtlPipelined: 1
IsInstanceOverlapped: 0
IsDontTouch: 0
HasImplIP: 0
IsGatedGlobalClock: 0

+ Individual pipeline summary: 
  * Pipeline-0: initiation interval (II) = 1, depth = 117


============================================================
+ Verbose Summary: Schedule
============================================================
* Number of FSM states : 117
* Pipeline : 1
  Pipeline-0 : II = 1, D = 117, States = { 1 2 3 4 5 6 7 8 9 10 11 12 13 14 15 16 17 18 19 20 21 22 23 24 25 26 27 28 29 30 31 32 33 34 35 36 37 38 39 40 41 42 43 44 45 46 47 48 49 50 51 52 53 54 55 56 57 58 59 60 61 62 63 64 65 66 67 68 69 70 71 72 73 74 75 76 77 78 79 80 81 82 83 84 85 86 87 88 89 90 91 92 93 94 95 96 97 98 99 100 101 102 103 104 105 106 107 108 109 110 111 112 113 114 115 116 117 }
* Dataflow Pipeline: 0

* FSM state transitions: 
1 --> 2 
2 --> 3 
3 --> 4 
4 --> 5 
5 --> 6 
6 --> 7 
7 --> 8 
8 --> 9 
9 --> 10 
10 --> 11 
11 --> 12 
12 --> 13 
13 --> 14 
14 --> 15 
15 --> 16 
16 --> 17 
17 --> 18 
18 --> 19 
19 --> 20 
20 --> 21 
21 --> 22 
22 --> 23 
23 --> 24 
24 --> 25 
25 --> 26 
26 --> 27 
27 --> 28 
28 --> 29 
29 --> 30 
30 --> 31 
31 --> 32 
32 --> 33 
33 --> 34 
34 --> 35 
35 --> 36 
36 --> 37 
37 --> 38 
38 --> 39 
39 --> 40 
40 --> 41 
41 --> 42 
42 --> 43 
43 --> 44 
44 --> 45 
45 --> 46 
46 --> 47 
47 --> 48 
48 --> 49 
49 --> 50 
50 --> 51 
51 --> 52 
52 --> 53 
53 --> 54 
54 --> 55 
55 --> 56 
56 --> 57 
57 --> 58 
58 --> 59 
59 --> 60 
60 --> 61 
61 --> 62 
62 --> 63 
63 --> 64 
64 --> 65 
65 --> 66 
66 --> 67 
67 --> 68 
68 --> 69 
69 --> 70 
70 --> 71 
71 --> 72 
72 --> 73 
73 --> 74 
74 --> 75 
75 --> 76 
76 --> 77 
77 --> 78 
78 --> 79 
79 --> 80 
80 --> 81 
81 --> 82 
82 --> 83 
83 --> 84 
84 --> 85 
85 --> 86 
86 --> 87 
87 --> 88 
88 --> 89 
89 --> 90 
90 --> 91 
91 --> 92 
92 --> 93 
93 --> 94 
94 --> 95 
95 --> 96 
96 --> 97 
97 --> 98 
98 --> 99 
99 --> 100 
100 --> 101 
101 --> 102 
102 --> 103 
103 --> 104 
104 --> 105 
105 --> 106 
106 --> 107 
107 --> 108 
108 --> 109 
109 --> 110 
110 --> 111 
111 --> 112 
112 --> 113 
113 --> 114 
114 --> 115 
115 --> 116 
116 --> 117 
117 --> 

* FSM state operations: 

State 1 <SV = 0> <Delay = 1.86>
ST_1 : Operation 118 [1/1] (0.00ns)   --->   "%x_read = read i32 @_ssdm_op_Read.ap_auto.i32, i32 %x"   --->   Operation 118 'read' 'x_read' <Predicate = true> <Delay = 0.00>
ST_1 : Operation 119 [1/1] (0.00ns)   --->   "%trunc_ln = partselect i16 @_ssdm_op_PartSelect.i16.i32.i32.i32, i32 %x_read, i32 16, i32 31"   --->   Operation 119 'partselect' 'trunc_ln' <Predicate = true> <Delay = 0.00>
ST_1 : Operation 120 [1/1] (0.00ns)   --->   "%trunc_ln731 = trunc i32 %x_read"   --->   Operation 120 'trunc' 'trunc_ln731' <Predicate = true> <Delay = 0.00>
ST_1 : Operation 121 [1/1] (0.00ns)   --->   "%tmp = partselect i2 @_ssdm_op_PartSelect.i2.i32.i32.i32, i32 %x_read, i32 30, i32 31"   --->   Operation 121 'partselect' 'tmp' <Predicate = true> <Delay = 0.00>
ST_1 : Operation 122 [1/1] (0.00ns)   --->   "%sext_ln640 = sext i2 %tmp"   --->   Operation 122 'sext' 'sext_ln640' <Predicate = true> <Delay = 0.00>
ST_1 : Operation 123 [1/1] (0.95ns)   --->   "%icmp_ln489 = icmp_eq  i2 %tmp, i2 0"   --->   Operation 123 'icmp' 'icmp_ln489' <Predicate = true> <Delay = 0.95> <CoreInst = "Cmp">   --->   Core 9 'Cmp' <Latency = 0> <II = 1> <Delay = 2.43> <FuncUnit> <Opcode : 'icmp'> <InPorts = 2> <OutPorts = 1>
ST_1 : Operation 124 [2/2] (1.86ns)   --->   "%add_ln248 = add i3 %sext_ln640, i3 7"   --->   Operation 124 'add' 'add_ln248' <Predicate = true> <Delay = 1.86> <CoreInst = "Adder">   --->   Core 1 'Adder' <Latency = 1> <II = 1> <Delay = 1.93> <FuncUnit> <Opcode : 'add' 'sub'> <InPorts = 2> <OutPorts = 1>
ST_1 : Operation 125 [1/1] (0.00ns)   --->   "%tmp_38 = partselect i2 @_ssdm_op_PartSelect.i2.i32.i32.i32, i32 %x_read, i32 14, i32 15" [/home/rcslfpgaserver/Softwares/Xilinx/Vitis_HLS/2020.2/common/technology/autopilot/hls_sqrt_apfixed.h:318]   --->   Operation 125 'partselect' 'tmp_38' <Predicate = true> <Delay = 0.00>
ST_1 : Operation 126 [1/1] (0.95ns)   --->   "%icmp_ln318_1 = icmp_eq  i2 %tmp_38, i2 0" [/home/rcslfpgaserver/Softwares/Xilinx/Vitis_HLS/2020.2/common/technology/autopilot/hls_sqrt_apfixed.h:318]   --->   Operation 126 'icmp' 'icmp_ln318_1' <Predicate = true> <Delay = 0.95> <CoreInst = "Cmp">   --->   Core 9 'Cmp' <Latency = 0> <II = 1> <Delay = 2.43> <FuncUnit> <Opcode : 'icmp'> <InPorts = 2> <OutPorts = 1>

State 2 <SV = 1> <Delay = 1.86>
ST_2 : Operation 127 [1/2] (1.86ns)   --->   "%add_ln248 = add i3 %sext_ln640, i3 7"   --->   Operation 127 'add' 'add_ln248' <Predicate = true> <Delay = 1.86> <CoreInst = "Adder">   --->   Core 1 'Adder' <Latency = 1> <II = 1> <Delay = 1.93> <FuncUnit> <Opcode : 'add' 'sub'> <InPorts = 2> <OutPorts = 1>

State 3 <SV = 2> <Delay = 1.24>
ST_3 : Operation 128 [1/1] (0.00ns)   --->   "%zext_ln708 = zext i16 %trunc_ln"   --->   Operation 128 'zext' 'zext_ln708' <Predicate = true> <Delay = 0.00>
ST_3 : Operation 129 [1/1] (0.00ns)   --->   "%p_Result_43 = partset i19 @llvm.part.set.i19.i3, i19 %zext_ln708, i3 %add_ln248, i32 14, i32 16"   --->   Operation 129 'partset' 'p_Result_43' <Predicate = (!icmp_ln489)> <Delay = 0.00>
ST_3 : Operation 130 [1/1] (0.73ns)   --->   "%x_l_I_V_72 = select i1 %icmp_ln489, i19 %zext_ln708, i19 %p_Result_43"   --->   Operation 130 'select' 'x_l_I_V_72' <Predicate = true> <Delay = 0.73> <CoreInst = "Sel">   --->   Core 73 'Sel' <Latency = 0> <II = 1> <Delay = 0.69> <FuncUnit> <Opcode : 'select'> <InPorts = 3> <OutPorts = 1>
ST_3 : Operation 131 [1/1] (1.24ns)   --->   "%res_I_V_16 = select i1 %icmp_ln489, i8 0, i8 128"   --->   Operation 131 'select' 'res_I_V_16' <Predicate = true> <Delay = 1.24> <CoreInst = "Sel">   --->   Core 73 'Sel' <Latency = 0> <II = 1> <Delay = 0.69> <FuncUnit> <Opcode : 'select'> <InPorts = 3> <OutPorts = 1>
ST_3 : Operation 132 [1/1] (0.00ns)   --->   "%p_Result_s_97 = partselect i2 @_ssdm_op_PartSelect.i2.i8.i32.i32, i8 %res_I_V_16, i32 6, i32 7"   --->   Operation 132 'partselect' 'p_Result_s_97' <Predicate = true> <Delay = 0.00>
ST_3 : Operation 133 [1/1] (0.00ns)   --->   "%p_Result_1 = partselect i4 @_ssdm_op_PartSelect.i4.i19.i32.i32, i19 %x_l_I_V_72, i32 12, i32 15"   --->   Operation 133 'partselect' 'p_Result_1' <Predicate = true> <Delay = 0.00>

State 4 <SV = 3> <Delay = 1.88>
ST_4 : Operation 134 [1/1] (0.00ns)   --->   "%tmp_1 = bitconcatenate i3 @_ssdm_op_BitConcatenate.i3.i2.i1, i2 %p_Result_s_97, i1 1"   --->   Operation 134 'bitconcatenate' 'tmp_1' <Predicate = true> <Delay = 0.00>
ST_4 : Operation 135 [1/1] (0.00ns)   --->   "%zext_ln489 = zext i3 %tmp_1"   --->   Operation 135 'zext' 'zext_ln489' <Predicate = true> <Delay = 0.00>
ST_4 : Operation 136 [1/1] (1.30ns)   --->   "%icmp_ln489_1 = icmp_ult  i4 %p_Result_1, i4 %zext_ln489"   --->   Operation 136 'icmp' 'icmp_ln489_1' <Predicate = true> <Delay = 1.30> <CoreInst = "Cmp">   --->   Core 9 'Cmp' <Latency = 0> <II = 1> <Delay = 2.43> <FuncUnit> <Opcode : 'icmp'> <InPorts = 2> <OutPorts = 1>
ST_4 : Operation 137 [2/2] (1.88ns)   --->   "%sub_ln248 = sub i4 %p_Result_1, i4 %zext_ln489"   --->   Operation 137 'sub' 'sub_ln248' <Predicate = true> <Delay = 1.88> <CoreInst = "Adder">   --->   Core 1 'Adder' <Latency = 1> <II = 1> <Delay = 1.93> <FuncUnit> <Opcode : 'add' 'sub'> <InPorts = 2> <OutPorts = 1>

State 5 <SV = 4> <Delay = 1.88>
ST_5 : Operation 138 [1/2] (1.88ns)   --->   "%sub_ln248 = sub i4 %p_Result_1, i4 %zext_ln489"   --->   Operation 138 'sub' 'sub_ln248' <Predicate = true> <Delay = 1.88> <CoreInst = "Adder">   --->   Core 1 'Adder' <Latency = 1> <II = 1> <Delay = 1.93> <FuncUnit> <Opcode : 'add' 'sub'> <InPorts = 2> <OutPorts = 1>

State 6 <SV = 5> <Delay = 1.24>
ST_6 : Operation 139 [1/1] (0.00ns)   --->   "%p_Result_44 = partset i19 @llvm.part.set.i19.i4, i19 %x_l_I_V_72, i4 %sub_ln248, i32 12, i32 15"   --->   Operation 139 'partset' 'p_Result_44' <Predicate = (!icmp_ln489_1)> <Delay = 0.00>
ST_6 : Operation 140 [1/1] (0.00ns)   --->   "%p_Result_45 = bitset i8 @_ssdm_op_BitSet.i8.i8.i32.i1, i8 %res_I_V_16, i32 6, i1 1"   --->   Operation 140 'bitset' 'p_Result_45' <Predicate = (!icmp_ln489_1)> <Delay = 0.00>
ST_6 : Operation 141 [1/1] (0.73ns)   --->   "%x_l_I_V_73 = select i1 %icmp_ln489_1, i19 %x_l_I_V_72, i19 %p_Result_44"   --->   Operation 141 'select' 'x_l_I_V_73' <Predicate = true> <Delay = 0.73> <CoreInst = "Sel">   --->   Core 73 'Sel' <Latency = 0> <II = 1> <Delay = 0.69> <FuncUnit> <Opcode : 'select'> <InPorts = 3> <OutPorts = 1>
ST_6 : Operation 142 [1/1] (1.24ns)   --->   "%res_I_V_17 = select i1 %icmp_ln489_1, i8 %res_I_V_16, i8 %p_Result_45"   --->   Operation 142 'select' 'res_I_V_17' <Predicate = true> <Delay = 1.24> <CoreInst = "Sel">   --->   Core 73 'Sel' <Latency = 0> <II = 1> <Delay = 0.69> <FuncUnit> <Opcode : 'select'> <InPorts = 3> <OutPorts = 1>
ST_6 : Operation 143 [1/1] (0.00ns)   --->   "%p_Result_4 = partselect i3 @_ssdm_op_PartSelect.i3.i8.i32.i32, i8 %res_I_V_17, i32 5, i32 7"   --->   Operation 143 'partselect' 'p_Result_4' <Predicate = true> <Delay = 0.00>
ST_6 : Operation 144 [1/1] (0.00ns)   --->   "%p_Result_5 = partselect i5 @_ssdm_op_PartSelect.i5.i19.i32.i32, i19 %x_l_I_V_73, i32 10, i32 14"   --->   Operation 144 'partselect' 'p_Result_5' <Predicate = true> <Delay = 0.00>

State 7 <SV = 6> <Delay = 1.89>
ST_7 : Operation 145 [1/1] (0.00ns)   --->   "%tmp_2 = bitconcatenate i4 @_ssdm_op_BitConcatenate.i4.i3.i1, i3 %p_Result_4, i1 1"   --->   Operation 145 'bitconcatenate' 'tmp_2' <Predicate = true> <Delay = 0.00>
ST_7 : Operation 146 [1/1] (0.00ns)   --->   "%zext_ln489_1 = zext i4 %tmp_2"   --->   Operation 146 'zext' 'zext_ln489_1' <Predicate = true> <Delay = 0.00>
ST_7 : Operation 147 [1/1] (1.36ns)   --->   "%icmp_ln489_2 = icmp_ult  i5 %p_Result_5, i5 %zext_ln489_1"   --->   Operation 147 'icmp' 'icmp_ln489_2' <Predicate = true> <Delay = 1.36> <CoreInst = "Cmp">   --->   Core 9 'Cmp' <Latency = 0> <II = 1> <Delay = 2.43> <FuncUnit> <Opcode : 'icmp'> <InPorts = 2> <OutPorts = 1>
ST_7 : Operation 148 [2/2] (1.89ns)   --->   "%sub_ln248_1 = sub i5 %p_Result_5, i5 %zext_ln489_1"   --->   Operation 148 'sub' 'sub_ln248_1' <Predicate = true> <Delay = 1.89> <CoreInst = "Adder">   --->   Core 1 'Adder' <Latency = 1> <II = 1> <Delay = 1.93> <FuncUnit> <Opcode : 'add' 'sub'> <InPorts = 2> <OutPorts = 1>

State 8 <SV = 7> <Delay = 1.89>
ST_8 : Operation 149 [1/2] (1.89ns)   --->   "%sub_ln248_1 = sub i5 %p_Result_5, i5 %zext_ln489_1"   --->   Operation 149 'sub' 'sub_ln248_1' <Predicate = true> <Delay = 1.89> <CoreInst = "Adder">   --->   Core 1 'Adder' <Latency = 1> <II = 1> <Delay = 1.93> <FuncUnit> <Opcode : 'add' 'sub'> <InPorts = 2> <OutPorts = 1>

State 9 <SV = 8> <Delay = 1.24>
ST_9 : Operation 150 [1/1] (0.00ns)   --->   "%p_Result_46 = partset i19 @llvm.part.set.i19.i5, i19 %x_l_I_V_73, i5 %sub_ln248_1, i32 10, i32 14"   --->   Operation 150 'partset' 'p_Result_46' <Predicate = (!icmp_ln489_2)> <Delay = 0.00>
ST_9 : Operation 151 [1/1] (0.00ns)   --->   "%p_Result_47 = bitset i8 @_ssdm_op_BitSet.i8.i8.i32.i1, i8 %res_I_V_17, i32 5, i1 1"   --->   Operation 151 'bitset' 'p_Result_47' <Predicate = (!icmp_ln489_2)> <Delay = 0.00>
ST_9 : Operation 152 [1/1] (0.73ns)   --->   "%x_l_I_V_74 = select i1 %icmp_ln489_2, i19 %x_l_I_V_73, i19 %p_Result_46"   --->   Operation 152 'select' 'x_l_I_V_74' <Predicate = true> <Delay = 0.73> <CoreInst = "Sel">   --->   Core 73 'Sel' <Latency = 0> <II = 1> <Delay = 0.69> <FuncUnit> <Opcode : 'select'> <InPorts = 3> <OutPorts = 1>
ST_9 : Operation 153 [1/1] (1.24ns)   --->   "%res_I_V_18 = select i1 %icmp_ln489_2, i8 %res_I_V_17, i8 %p_Result_47"   --->   Operation 153 'select' 'res_I_V_18' <Predicate = true> <Delay = 1.24> <CoreInst = "Sel">   --->   Core 73 'Sel' <Latency = 0> <II = 1> <Delay = 0.69> <FuncUnit> <Opcode : 'select'> <InPorts = 3> <OutPorts = 1>
ST_9 : Operation 154 [1/1] (0.00ns)   --->   "%p_Result_8 = partselect i4 @_ssdm_op_PartSelect.i4.i8.i32.i32, i8 %res_I_V_18, i32 4, i32 7"   --->   Operation 154 'partselect' 'p_Result_8' <Predicate = true> <Delay = 0.00>
ST_9 : Operation 155 [1/1] (0.00ns)   --->   "%p_Result_9 = partselect i6 @_ssdm_op_PartSelect.i6.i19.i32.i32, i19 %x_l_I_V_74, i32 8, i32 13"   --->   Operation 155 'partselect' 'p_Result_9' <Predicate = true> <Delay = 0.00>

State 10 <SV = 9> <Delay = 1.91>
ST_10 : Operation 156 [1/1] (0.00ns)   --->   "%tmp_3 = bitconcatenate i5 @_ssdm_op_BitConcatenate.i5.i4.i1, i4 %p_Result_8, i1 1"   --->   Operation 156 'bitconcatenate' 'tmp_3' <Predicate = true> <Delay = 0.00>
ST_10 : Operation 157 [1/1] (0.00ns)   --->   "%zext_ln489_2 = zext i5 %tmp_3"   --->   Operation 157 'zext' 'zext_ln489_2' <Predicate = true> <Delay = 0.00>
ST_10 : Operation 158 [1/1] (1.42ns)   --->   "%icmp_ln489_3 = icmp_ult  i6 %p_Result_9, i6 %zext_ln489_2"   --->   Operation 158 'icmp' 'icmp_ln489_3' <Predicate = true> <Delay = 1.42> <CoreInst = "Cmp">   --->   Core 9 'Cmp' <Latency = 0> <II = 1> <Delay = 2.43> <FuncUnit> <Opcode : 'icmp'> <InPorts = 2> <OutPorts = 1>
ST_10 : Operation 159 [2/2] (1.91ns)   --->   "%sub_ln248_2 = sub i6 %p_Result_9, i6 %zext_ln489_2"   --->   Operation 159 'sub' 'sub_ln248_2' <Predicate = true> <Delay = 1.91> <CoreInst = "Adder">   --->   Core 1 'Adder' <Latency = 1> <II = 1> <Delay = 1.93> <FuncUnit> <Opcode : 'add' 'sub'> <InPorts = 2> <OutPorts = 1>

State 11 <SV = 10> <Delay = 1.91>
ST_11 : Operation 160 [1/2] (1.91ns)   --->   "%sub_ln248_2 = sub i6 %p_Result_9, i6 %zext_ln489_2"   --->   Operation 160 'sub' 'sub_ln248_2' <Predicate = true> <Delay = 1.91> <CoreInst = "Adder">   --->   Core 1 'Adder' <Latency = 1> <II = 1> <Delay = 1.93> <FuncUnit> <Opcode : 'add' 'sub'> <InPorts = 2> <OutPorts = 1>

State 12 <SV = 11> <Delay = 1.24>
ST_12 : Operation 161 [1/1] (0.00ns)   --->   "%p_Result_48 = partset i19 @llvm.part.set.i19.i6, i19 %x_l_I_V_74, i6 %sub_ln248_2, i32 8, i32 13"   --->   Operation 161 'partset' 'p_Result_48' <Predicate = (!icmp_ln489_3)> <Delay = 0.00>
ST_12 : Operation 162 [1/1] (0.00ns)   --->   "%p_Result_49 = bitset i8 @_ssdm_op_BitSet.i8.i8.i32.i1, i8 %res_I_V_18, i32 4, i1 1"   --->   Operation 162 'bitset' 'p_Result_49' <Predicate = (!icmp_ln489_3)> <Delay = 0.00>
ST_12 : Operation 163 [1/1] (0.73ns)   --->   "%x_l_I_V_75 = select i1 %icmp_ln489_3, i19 %x_l_I_V_74, i19 %p_Result_48"   --->   Operation 163 'select' 'x_l_I_V_75' <Predicate = true> <Delay = 0.73> <CoreInst = "Sel">   --->   Core 73 'Sel' <Latency = 0> <II = 1> <Delay = 0.69> <FuncUnit> <Opcode : 'select'> <InPorts = 3> <OutPorts = 1>
ST_12 : Operation 164 [1/1] (1.24ns)   --->   "%res_I_V_19 = select i1 %icmp_ln489_3, i8 %res_I_V_18, i8 %p_Result_49"   --->   Operation 164 'select' 'res_I_V_19' <Predicate = true> <Delay = 1.24> <CoreInst = "Sel">   --->   Core 73 'Sel' <Latency = 0> <II = 1> <Delay = 0.69> <FuncUnit> <Opcode : 'select'> <InPorts = 3> <OutPorts = 1>
ST_12 : Operation 165 [1/1] (0.00ns)   --->   "%p_Result_10 = partselect i5 @_ssdm_op_PartSelect.i5.i8.i32.i32, i8 %res_I_V_19, i32 3, i32 7"   --->   Operation 165 'partselect' 'p_Result_10' <Predicate = true> <Delay = 0.00>
ST_12 : Operation 166 [1/1] (0.00ns)   --->   "%p_Result_11 = partselect i7 @_ssdm_op_PartSelect.i7.i19.i32.i32, i19 %x_l_I_V_75, i32 6, i32 12"   --->   Operation 166 'partselect' 'p_Result_11' <Predicate = true> <Delay = 0.00>

State 13 <SV = 12> <Delay = 1.92>
ST_13 : Operation 167 [1/1] (0.00ns)   --->   "%tmp_4 = bitconcatenate i6 @_ssdm_op_BitConcatenate.i6.i5.i1, i5 %p_Result_10, i1 1"   --->   Operation 167 'bitconcatenate' 'tmp_4' <Predicate = true> <Delay = 0.00>
ST_13 : Operation 168 [1/1] (0.00ns)   --->   "%zext_ln489_3 = zext i6 %tmp_4"   --->   Operation 168 'zext' 'zext_ln489_3' <Predicate = true> <Delay = 0.00>
ST_13 : Operation 169 [1/1] (1.48ns)   --->   "%icmp_ln489_4 = icmp_ult  i7 %p_Result_11, i7 %zext_ln489_3"   --->   Operation 169 'icmp' 'icmp_ln489_4' <Predicate = true> <Delay = 1.48> <CoreInst = "Cmp">   --->   Core 9 'Cmp' <Latency = 0> <II = 1> <Delay = 2.43> <FuncUnit> <Opcode : 'icmp'> <InPorts = 2> <OutPorts = 1>
ST_13 : Operation 170 [2/2] (1.92ns)   --->   "%sub_ln248_3 = sub i7 %p_Result_11, i7 %zext_ln489_3"   --->   Operation 170 'sub' 'sub_ln248_3' <Predicate = true> <Delay = 1.92> <CoreInst = "Adder">   --->   Core 1 'Adder' <Latency = 1> <II = 1> <Delay = 1.93> <FuncUnit> <Opcode : 'add' 'sub'> <InPorts = 2> <OutPorts = 1>

State 14 <SV = 13> <Delay = 1.92>
ST_14 : Operation 171 [1/2] (1.92ns)   --->   "%sub_ln248_3 = sub i7 %p_Result_11, i7 %zext_ln489_3"   --->   Operation 171 'sub' 'sub_ln248_3' <Predicate = true> <Delay = 1.92> <CoreInst = "Adder">   --->   Core 1 'Adder' <Latency = 1> <II = 1> <Delay = 1.93> <FuncUnit> <Opcode : 'add' 'sub'> <InPorts = 2> <OutPorts = 1>

State 15 <SV = 14> <Delay = 1.24>
ST_15 : Operation 172 [1/1] (0.00ns)   --->   "%p_Result_50 = partset i19 @llvm.part.set.i19.i7, i19 %x_l_I_V_75, i7 %sub_ln248_3, i32 6, i32 12"   --->   Operation 172 'partset' 'p_Result_50' <Predicate = (!icmp_ln489_4)> <Delay = 0.00>
ST_15 : Operation 173 [1/1] (0.00ns)   --->   "%p_Result_51 = bitset i8 @_ssdm_op_BitSet.i8.i8.i32.i1, i8 %res_I_V_19, i32 3, i1 1"   --->   Operation 173 'bitset' 'p_Result_51' <Predicate = (!icmp_ln489_4)> <Delay = 0.00>
ST_15 : Operation 174 [1/1] (0.73ns)   --->   "%x_l_I_V_76 = select i1 %icmp_ln489_4, i19 %x_l_I_V_75, i19 %p_Result_50"   --->   Operation 174 'select' 'x_l_I_V_76' <Predicate = true> <Delay = 0.73> <CoreInst = "Sel">   --->   Core 73 'Sel' <Latency = 0> <II = 1> <Delay = 0.69> <FuncUnit> <Opcode : 'select'> <InPorts = 3> <OutPorts = 1>
ST_15 : Operation 175 [1/1] (1.24ns)   --->   "%res_I_V_20 = select i1 %icmp_ln489_4, i8 %res_I_V_19, i8 %p_Result_51"   --->   Operation 175 'select' 'res_I_V_20' <Predicate = true> <Delay = 1.24> <CoreInst = "Sel">   --->   Core 73 'Sel' <Latency = 0> <II = 1> <Delay = 0.69> <FuncUnit> <Opcode : 'select'> <InPorts = 3> <OutPorts = 1>
ST_15 : Operation 176 [1/1] (0.00ns)   --->   "%p_Result_13 = partselect i6 @_ssdm_op_PartSelect.i6.i8.i32.i32, i8 %res_I_V_20, i32 2, i32 7"   --->   Operation 176 'partselect' 'p_Result_13' <Predicate = true> <Delay = 0.00>
ST_15 : Operation 177 [1/1] (0.00ns)   --->   "%p_Result_14 = partselect i8 @_ssdm_op_PartSelect.i8.i19.i32.i32, i19 %x_l_I_V_76, i32 4, i32 11"   --->   Operation 177 'partselect' 'p_Result_14' <Predicate = true> <Delay = 0.00>

State 16 <SV = 15> <Delay = 1.93>
ST_16 : Operation 178 [1/1] (0.00ns)   --->   "%tmp_5 = bitconcatenate i7 @_ssdm_op_BitConcatenate.i7.i6.i1, i6 %p_Result_13, i1 1"   --->   Operation 178 'bitconcatenate' 'tmp_5' <Predicate = true> <Delay = 0.00>
ST_16 : Operation 179 [1/1] (0.00ns)   --->   "%zext_ln489_4 = zext i7 %tmp_5"   --->   Operation 179 'zext' 'zext_ln489_4' <Predicate = true> <Delay = 0.00>
ST_16 : Operation 180 [1/1] (1.55ns)   --->   "%icmp_ln489_5 = icmp_ult  i8 %p_Result_14, i8 %zext_ln489_4"   --->   Operation 180 'icmp' 'icmp_ln489_5' <Predicate = true> <Delay = 1.55> <CoreInst = "Cmp">   --->   Core 9 'Cmp' <Latency = 0> <II = 1> <Delay = 2.43> <FuncUnit> <Opcode : 'icmp'> <InPorts = 2> <OutPorts = 1>
ST_16 : Operation 181 [2/2] (1.93ns)   --->   "%sub_ln248_4 = sub i8 %p_Result_14, i8 %zext_ln489_4"   --->   Operation 181 'sub' 'sub_ln248_4' <Predicate = true> <Delay = 1.93> <CoreInst = "Adder">   --->   Core 1 'Adder' <Latency = 1> <II = 1> <Delay = 1.93> <FuncUnit> <Opcode : 'add' 'sub'> <InPorts = 2> <OutPorts = 1>

State 17 <SV = 16> <Delay = 1.93>
ST_17 : Operation 182 [1/2] (1.93ns)   --->   "%sub_ln248_4 = sub i8 %p_Result_14, i8 %zext_ln489_4"   --->   Operation 182 'sub' 'sub_ln248_4' <Predicate = true> <Delay = 1.93> <CoreInst = "Adder">   --->   Core 1 'Adder' <Latency = 1> <II = 1> <Delay = 1.93> <FuncUnit> <Opcode : 'add' 'sub'> <InPorts = 2> <OutPorts = 1>

State 18 <SV = 17> <Delay = 1.24>
ST_18 : Operation 183 [1/1] (0.00ns)   --->   "%p_Result_52 = partset i19 @llvm.part.set.i19.i8, i19 %x_l_I_V_76, i8 %sub_ln248_4, i32 4, i32 11"   --->   Operation 183 'partset' 'p_Result_52' <Predicate = (!icmp_ln489_5)> <Delay = 0.00>
ST_18 : Operation 184 [1/1] (0.00ns)   --->   "%p_Result_53 = bitset i8 @_ssdm_op_BitSet.i8.i8.i32.i1, i8 %res_I_V_20, i32 2, i1 1"   --->   Operation 184 'bitset' 'p_Result_53' <Predicate = (!icmp_ln489_5)> <Delay = 0.00>
ST_18 : Operation 185 [1/1] (0.73ns)   --->   "%x_l_I_V_77 = select i1 %icmp_ln489_5, i19 %x_l_I_V_76, i19 %p_Result_52"   --->   Operation 185 'select' 'x_l_I_V_77' <Predicate = true> <Delay = 0.73> <CoreInst = "Sel">   --->   Core 73 'Sel' <Latency = 0> <II = 1> <Delay = 0.69> <FuncUnit> <Opcode : 'select'> <InPorts = 3> <OutPorts = 1>
ST_18 : Operation 186 [1/1] (1.24ns)   --->   "%res_I_V_21 = select i1 %icmp_ln489_5, i8 %res_I_V_20, i8 %p_Result_53"   --->   Operation 186 'select' 'res_I_V_21' <Predicate = true> <Delay = 1.24> <CoreInst = "Sel">   --->   Core 73 'Sel' <Latency = 0> <II = 1> <Delay = 0.69> <FuncUnit> <Opcode : 'select'> <InPorts = 3> <OutPorts = 1>
ST_18 : Operation 187 [1/1] (0.00ns)   --->   "%p_Result_16 = partselect i7 @_ssdm_op_PartSelect.i7.i8.i32.i32, i8 %res_I_V_21, i32 1, i32 7"   --->   Operation 187 'partselect' 'p_Result_16' <Predicate = true> <Delay = 0.00>
ST_18 : Operation 188 [1/1] (0.00ns)   --->   "%p_Result_17 = partselect i9 @_ssdm_op_PartSelect.i9.i19.i32.i32, i19 %x_l_I_V_77, i32 2, i32 10"   --->   Operation 188 'partselect' 'p_Result_17' <Predicate = true> <Delay = 0.00>

State 19 <SV = 18> <Delay = 1.94>
ST_19 : Operation 189 [1/1] (0.00ns)   --->   "%tmp_6 = bitconcatenate i8 @_ssdm_op_BitConcatenate.i8.i7.i1, i7 %p_Result_16, i1 1"   --->   Operation 189 'bitconcatenate' 'tmp_6' <Predicate = true> <Delay = 0.00>
ST_19 : Operation 190 [1/1] (0.00ns)   --->   "%zext_ln489_5 = zext i8 %tmp_6"   --->   Operation 190 'zext' 'zext_ln489_5' <Predicate = true> <Delay = 0.00>
ST_19 : Operation 191 [1/1] (1.66ns)   --->   "%icmp_ln489_6 = icmp_ult  i9 %p_Result_17, i9 %zext_ln489_5"   --->   Operation 191 'icmp' 'icmp_ln489_6' <Predicate = true> <Delay = 1.66> <CoreInst = "Cmp">   --->   Core 9 'Cmp' <Latency = 0> <II = 1> <Delay = 2.43> <FuncUnit> <Opcode : 'icmp'> <InPorts = 2> <OutPorts = 1>
ST_19 : Operation 192 [2/2] (1.94ns)   --->   "%sub_ln248_5 = sub i9 %p_Result_17, i9 %zext_ln489_5"   --->   Operation 192 'sub' 'sub_ln248_5' <Predicate = true> <Delay = 1.94> <CoreInst = "Adder">   --->   Core 1 'Adder' <Latency = 1> <II = 1> <Delay = 1.93> <FuncUnit> <Opcode : 'add' 'sub'> <InPorts = 2> <OutPorts = 1>

State 20 <SV = 19> <Delay = 1.94>
ST_20 : Operation 193 [1/2] (1.94ns)   --->   "%sub_ln248_5 = sub i9 %p_Result_17, i9 %zext_ln489_5"   --->   Operation 193 'sub' 'sub_ln248_5' <Predicate = true> <Delay = 1.94> <CoreInst = "Adder">   --->   Core 1 'Adder' <Latency = 1> <II = 1> <Delay = 1.93> <FuncUnit> <Opcode : 'add' 'sub'> <InPorts = 2> <OutPorts = 1>
ST_20 : Operation 194 [1/1] (0.00ns)   --->   "%p_Result_55 = bitset i8 @_ssdm_op_BitSet.i8.i8.i32.i1, i8 %res_I_V_21, i32 1, i1 1"   --->   Operation 194 'bitset' 'p_Result_55' <Predicate = (!icmp_ln489_6)> <Delay = 0.00>
ST_20 : Operation 195 [1/1] (1.24ns)   --->   "%res_I_V_22 = select i1 %icmp_ln489_6, i8 %res_I_V_21, i8 %p_Result_55"   --->   Operation 195 'select' 'res_I_V_22' <Predicate = true> <Delay = 1.24> <CoreInst = "Sel">   --->   Core 73 'Sel' <Latency = 0> <II = 1> <Delay = 0.69> <FuncUnit> <Opcode : 'select'> <InPorts = 3> <OutPorts = 1>

State 21 <SV = 20> <Delay = 0.73>
ST_21 : Operation 196 [1/1] (0.00ns)   --->   "%p_Result_54 = partset i19 @llvm.part.set.i19.i9, i19 %x_l_I_V_77, i9 %sub_ln248_5, i32 2, i32 10"   --->   Operation 196 'partset' 'p_Result_54' <Predicate = (!icmp_ln489_6)> <Delay = 0.00>
ST_21 : Operation 197 [1/1] (0.73ns)   --->   "%x_l_I_V_78 = select i1 %icmp_ln489_6, i19 %x_l_I_V_77, i19 %p_Result_54"   --->   Operation 197 'select' 'x_l_I_V_78' <Predicate = true> <Delay = 0.73> <CoreInst = "Sel">   --->   Core 73 'Sel' <Latency = 0> <II = 1> <Delay = 0.69> <FuncUnit> <Opcode : 'select'> <InPorts = 3> <OutPorts = 1>
ST_21 : Operation 198 [1/1] (0.00ns)   --->   "%trunc_ln640 = trunc i19 %x_l_I_V_78"   --->   Operation 198 'trunc' 'trunc_ln640' <Predicate = true> <Delay = 0.00>

State 22 <SV = 21> <Delay = 1.96>
ST_22 : Operation 199 [1/1] (0.00ns)   --->   "%tmp_8 = bitconcatenate i9 @_ssdm_op_BitConcatenate.i9.i8.i1, i8 %res_I_V_22, i1 1"   --->   Operation 199 'bitconcatenate' 'tmp_8' <Predicate = true> <Delay = 0.00>
ST_22 : Operation 200 [1/1] (0.00ns)   --->   "%zext_ln489_6 = zext i9 %tmp_8"   --->   Operation 200 'zext' 'zext_ln489_6' <Predicate = true> <Delay = 0.00>
ST_22 : Operation 201 [1/1] (1.77ns)   --->   "%icmp_ln489_7 = icmp_ult  i10 %trunc_ln640, i10 %zext_ln489_6"   --->   Operation 201 'icmp' 'icmp_ln489_7' <Predicate = true> <Delay = 1.77> <CoreInst = "Cmp">   --->   Core 9 'Cmp' <Latency = 0> <II = 1> <Delay = 2.43> <FuncUnit> <Opcode : 'icmp'> <InPorts = 2> <OutPorts = 1>
ST_22 : Operation 202 [2/2] (1.96ns)   --->   "%sub_ln248_6 = sub i10 %trunc_ln640, i10 %zext_ln489_6"   --->   Operation 202 'sub' 'sub_ln248_6' <Predicate = true> <Delay = 1.96> <CoreInst = "Adder">   --->   Core 1 'Adder' <Latency = 1> <II = 1> <Delay = 1.93> <FuncUnit> <Opcode : 'add' 'sub'> <InPorts = 2> <OutPorts = 1>

State 23 <SV = 22> <Delay = 1.96>
ST_23 : Operation 203 [1/2] (1.96ns)   --->   "%sub_ln248_6 = sub i10 %trunc_ln640, i10 %zext_ln489_6"   --->   Operation 203 'sub' 'sub_ln248_6' <Predicate = true> <Delay = 1.96> <CoreInst = "Adder">   --->   Core 1 'Adder' <Latency = 1> <II = 1> <Delay = 1.93> <FuncUnit> <Opcode : 'add' 'sub'> <InPorts = 2> <OutPorts = 1>

State 24 <SV = 23> <Delay = 0.73>
ST_24 : Operation 204 [1/1] (0.00ns)   --->   "%p_Result_56 = partset i19 @llvm.part.set.i19.i10, i19 %x_l_I_V_78, i10 %sub_ln248_6, i32 0, i32 9"   --->   Operation 204 'partset' 'p_Result_56' <Predicate = (!icmp_ln489_7)> <Delay = 0.00>
ST_24 : Operation 205 [1/1] (0.73ns)   --->   "%x_l_I_V_79 = select i1 %icmp_ln489_7, i19 %x_l_I_V_78, i19 %p_Result_56"   --->   Operation 205 'select' 'x_l_I_V_79' <Predicate = true> <Delay = 0.73> <CoreInst = "Sel">   --->   Core 73 'Sel' <Latency = 0> <II = 1> <Delay = 0.69> <FuncUnit> <Opcode : 'select'> <InPorts = 3> <OutPorts = 1>

State 25 <SV = 24> <Delay = 2.07>
ST_25 : Operation 206 [2/2] (2.07ns)   --->   "%x_l_I_V_17 = add i19 %x_l_I_V_79, i19 524287"   --->   Operation 206 'add' 'x_l_I_V_17' <Predicate = (icmp_ln318_1)> <Delay = 2.07> <CoreInst = "Adder">   --->   Core 1 'Adder' <Latency = 1> <II = 1> <Delay = 1.93> <FuncUnit> <Opcode : 'add' 'sub'> <InPorts = 2> <OutPorts = 1>

State 26 <SV = 25> <Delay = 2.07>
ST_26 : Operation 207 [1/2] (2.07ns)   --->   "%x_l_I_V_17 = add i19 %x_l_I_V_79, i19 524287"   --->   Operation 207 'add' 'x_l_I_V_17' <Predicate = (icmp_ln318_1)> <Delay = 2.07> <CoreInst = "Adder">   --->   Core 1 'Adder' <Latency = 1> <II = 1> <Delay = 1.93> <FuncUnit> <Opcode : 'add' 'sub'> <InPorts = 2> <OutPorts = 1>

State 27 <SV = 26> <Delay = 1.24>
ST_27 : Operation 208 [1/1] (0.00ns)   --->   "%p_Result_57 = bitset i8 @_ssdm_op_BitSet.i8.i8.i32.i1, i8 %res_I_V_22, i32 0, i1 1"   --->   Operation 208 'bitset' 'p_Result_57' <Predicate = (!icmp_ln489_7)> <Delay = 0.00>
ST_27 : Operation 209 [1/1] (1.24ns)   --->   "%res_I_V = select i1 %icmp_ln489_7, i8 %res_I_V_22, i8 %p_Result_57"   --->   Operation 209 'select' 'res_I_V' <Predicate = true> <Delay = 1.24> <CoreInst = "Sel">   --->   Core 73 'Sel' <Latency = 0> <II = 1> <Delay = 0.69> <FuncUnit> <Opcode : 'select'> <InPorts = 3> <OutPorts = 1>
ST_27 : Operation 210 [1/1] (0.73ns)   --->   "%x_l_I_V_18 = select i1 %icmp_ln318_1, i19 %x_l_I_V_17, i19 %x_l_I_V_79" [/home/rcslfpgaserver/Softwares/Xilinx/Vitis_HLS/2020.2/common/technology/autopilot/hls_sqrt_apfixed.h:339]   --->   Operation 210 'select' 'x_l_I_V_18' <Predicate = true> <Delay = 0.73> <CoreInst = "Sel">   --->   Core 73 'Sel' <Latency = 0> <II = 1> <Delay = 0.69> <FuncUnit> <Opcode : 'select'> <InPorts = 3> <OutPorts = 1>
ST_27 : Operation 211 [1/1] (0.00ns)   --->   "%trunc_ln104 = trunc i8 %res_I_V"   --->   Operation 211 'trunc' 'trunc_ln104' <Predicate = true> <Delay = 0.00>
ST_27 : Operation 212 [1/1] (0.00ns)   --->   "%tmp_14 = partselect i7 @_ssdm_op_PartSelect.i7.i8.i32.i32, i8 %res_I_V, i32 1, i32 7" [/home/rcslfpgaserver/Softwares/Xilinx/Vitis_HLS/2020.2/common/technology/autopilot/hls_sqrt_apfixed.h:318]   --->   Operation 212 'partselect' 'tmp_14' <Predicate = true> <Delay = 0.00>
ST_27 : Operation 213 [1/1] (0.00ns)   --->   "%trunc_ln104_1 = trunc i8 %res_I_V"   --->   Operation 213 'trunc' 'trunc_ln104_1' <Predicate = true> <Delay = 0.00>
ST_27 : Operation 214 [1/1] (0.00ns)   --->   "%tmp_15 = partselect i6 @_ssdm_op_PartSelect.i6.i8.i32.i32, i8 %res_I_V, i32 2, i32 7" [/home/rcslfpgaserver/Softwares/Xilinx/Vitis_HLS/2020.2/common/technology/autopilot/hls_sqrt_apfixed.h:318]   --->   Operation 214 'partselect' 'tmp_15' <Predicate = true> <Delay = 0.00>
ST_27 : Operation 215 [1/1] (0.00ns)   --->   "%trunc_ln104_2 = trunc i8 %res_I_V"   --->   Operation 215 'trunc' 'trunc_ln104_2' <Predicate = true> <Delay = 0.00>
ST_27 : Operation 216 [1/1] (0.00ns)   --->   "%tmp_16 = partselect i5 @_ssdm_op_PartSelect.i5.i8.i32.i32, i8 %res_I_V, i32 3, i32 7" [/home/rcslfpgaserver/Softwares/Xilinx/Vitis_HLS/2020.2/common/technology/autopilot/hls_sqrt_apfixed.h:318]   --->   Operation 216 'partselect' 'tmp_16' <Predicate = true> <Delay = 0.00>
ST_27 : Operation 217 [1/1] (0.00ns)   --->   "%trunc_ln104_3 = trunc i8 %res_I_V"   --->   Operation 217 'trunc' 'trunc_ln104_3' <Predicate = true> <Delay = 0.00>
ST_27 : Operation 218 [1/1] (0.00ns)   --->   "%tmp_17 = partselect i4 @_ssdm_op_PartSelect.i4.i8.i32.i32, i8 %res_I_V, i32 4, i32 7" [/home/rcslfpgaserver/Softwares/Xilinx/Vitis_HLS/2020.2/common/technology/autopilot/hls_sqrt_apfixed.h:318]   --->   Operation 218 'partselect' 'tmp_17' <Predicate = true> <Delay = 0.00>
ST_27 : Operation 219 [1/1] (0.00ns)   --->   "%trunc_ln104_4 = trunc i8 %res_I_V"   --->   Operation 219 'trunc' 'trunc_ln104_4' <Predicate = true> <Delay = 0.00>
ST_27 : Operation 220 [1/1] (0.00ns)   --->   "%tmp_18 = partselect i3 @_ssdm_op_PartSelect.i3.i8.i32.i32, i8 %res_I_V, i32 5, i32 7" [/home/rcslfpgaserver/Softwares/Xilinx/Vitis_HLS/2020.2/common/technology/autopilot/hls_sqrt_apfixed.h:318]   --->   Operation 220 'partselect' 'tmp_18' <Predicate = true> <Delay = 0.00>
ST_27 : Operation 221 [1/1] (0.00ns)   --->   "%trunc_ln104_5 = trunc i8 %res_I_V"   --->   Operation 221 'trunc' 'trunc_ln104_5' <Predicate = true> <Delay = 0.00>
ST_27 : Operation 222 [1/1] (0.00ns)   --->   "%tmp_19 = partselect i2 @_ssdm_op_PartSelect.i2.i8.i32.i32, i8 %res_I_V, i32 6, i32 7" [/home/rcslfpgaserver/Softwares/Xilinx/Vitis_HLS/2020.2/common/technology/autopilot/hls_sqrt_apfixed.h:318]   --->   Operation 222 'partselect' 'tmp_19' <Predicate = true> <Delay = 0.00>
ST_27 : Operation 223 [1/1] (0.00ns)   --->   "%trunc_ln104_6 = trunc i8 %res_I_V"   --->   Operation 223 'trunc' 'trunc_ln104_6' <Predicate = true> <Delay = 0.00>
ST_27 : Operation 224 [1/1] (0.00ns)   --->   "%tmp_45 = bitselect i1 @_ssdm_op_BitSelect.i1.i8.i32, i8 %res_I_V, i32 7" [/home/rcslfpgaserver/Softwares/Xilinx/Vitis_HLS/2020.2/common/technology/autopilot/hls_sqrt_apfixed.h:318]   --->   Operation 224 'bitselect' 'tmp_45' <Predicate = true> <Delay = 0.00>

State 28 <SV = 27> <Delay = 2.43>
ST_28 : Operation 225 [1/1] (0.00ns)   --->   "%trunc_ln7 = bitconcatenate i17 @_ssdm_op_BitConcatenate.i17.i9.i8, i9 0, i8 %res_I_V" [/home/rcslfpgaserver/Softwares/Xilinx/Vitis_HLS/2020.2/common/technology/autopilot/hls_sqrt_apfixed.h:318]   --->   Operation 225 'bitconcatenate' 'trunc_ln7' <Predicate = true> <Delay = 0.00>
ST_28 : Operation 226 [1/1] (0.00ns)   --->   "%zext_ln318 = zext i17 %trunc_ln7" [/home/rcslfpgaserver/Softwares/Xilinx/Vitis_HLS/2020.2/common/technology/autopilot/hls_sqrt_apfixed.h:318]   --->   Operation 226 'zext' 'zext_ln318' <Predicate = true> <Delay = 0.00>
ST_28 : Operation 227 [1/1] (2.43ns)   --->   "%icmp_ln318 = icmp_ne  i19 %x_l_I_V_79, i19 %zext_ln318" [/home/rcslfpgaserver/Softwares/Xilinx/Vitis_HLS/2020.2/common/technology/autopilot/hls_sqrt_apfixed.h:318]   --->   Operation 227 'icmp' 'icmp_ln318' <Predicate = true> <Delay = 2.43> <CoreInst = "Cmp">   --->   Core 9 'Cmp' <Latency = 0> <II = 1> <Delay = 2.43> <FuncUnit> <Opcode : 'icmp'> <InPorts = 2> <OutPorts = 1>
ST_28 : Operation 228 [2/2] (2.07ns)   --->   "%x_l_I_V_80 = sub i19 %x_l_I_V_18, i19 %zext_ln318"   --->   Operation 228 'sub' 'x_l_I_V_80' <Predicate = true> <Delay = 2.07> <CoreInst = "Adder">   --->   Core 1 'Adder' <Latency = 1> <II = 1> <Delay = 1.93> <FuncUnit> <Opcode : 'add' 'sub'> <InPorts = 2> <OutPorts = 1>
ST_28 : Operation 229 [1/1] (2.43ns)   --->   "%icmp_ln1494 = icmp_ult  i19 %zext_ln318, i19 %x_l_I_V_79"   --->   Operation 229 'icmp' 'icmp_ln1494' <Predicate = true> <Delay = 2.43> <CoreInst = "Cmp">   --->   Core 9 'Cmp' <Latency = 0> <II = 1> <Delay = 2.43> <FuncUnit> <Opcode : 'icmp'> <InPorts = 2> <OutPorts = 1>

State 29 <SV = 28> <Delay = 2.07>
ST_29 : Operation 230 [1/1] (0.00ns)   --->   "%x_l_FH_V = bitconcatenate i17 @_ssdm_op_BitConcatenate.i17.i16.i1, i16 %trunc_ln731, i1 0"   --->   Operation 230 'bitconcatenate' 'x_l_FH_V' <Predicate = true> <Delay = 0.00>
ST_29 : Operation 231 [1/1] (0.00ns) (grouped into LUT with out node and_ln318_1)   --->   "%or_ln318 = or i1 %icmp_ln318, i1 %icmp_ln318_1" [/home/rcslfpgaserver/Softwares/Xilinx/Vitis_HLS/2020.2/common/technology/autopilot/hls_sqrt_apfixed.h:318]   --->   Operation 231 'or' 'or_ln318' <Predicate = true> <Delay = 0.00> <CoreInst = "LogicGate">   --->   Core 74 'LogicGate' <Latency = 0> <II = 1> <Delay = 0.97> <FuncUnit> <Opcode : 'and' 'or' 'xor'> <InPorts = 2> <OutPorts = 1>
ST_29 : Operation 232 [1/2] (2.07ns)   --->   "%x_l_I_V_80 = sub i19 %x_l_I_V_18, i19 %zext_ln318"   --->   Operation 232 'sub' 'x_l_I_V_80' <Predicate = true> <Delay = 2.07> <CoreInst = "Adder">   --->   Core 1 'Adder' <Latency = 1> <II = 1> <Delay = 1.93> <FuncUnit> <Opcode : 'add' 'sub'> <InPorts = 2> <OutPorts = 1>
ST_29 : Operation 233 [2/2] (2.04ns)   --->   "%x_l_FH_V_26 = add i17 %x_l_FH_V, i17 98304"   --->   Operation 233 'add' 'x_l_FH_V_26' <Predicate = true> <Delay = 2.04> <CoreInst = "Adder">   --->   Core 1 'Adder' <Latency = 1> <II = 1> <Delay = 1.93> <FuncUnit> <Opcode : 'add' 'sub'> <InPorts = 2> <OutPorts = 1>
ST_29 : Operation 234 [1/1] (0.00ns) (grouped into LUT with out node and_ln318_1)   --->   "%xor_ln1494 = xor i1 %icmp_ln1494, i1 1"   --->   Operation 234 'xor' 'xor_ln1494' <Predicate = true> <Delay = 0.00> <CoreInst = "LogicGate">   --->   Core 74 'LogicGate' <Latency = 0> <II = 1> <Delay = 0.97> <FuncUnit> <Opcode : 'and' 'or' 'xor'> <InPorts = 2> <OutPorts = 1>
ST_29 : Operation 235 [1/1] (0.97ns) (out node of the LUT)   --->   "%and_ln318_1 = and i1 %or_ln318, i1 %xor_ln1494" [/home/rcslfpgaserver/Softwares/Xilinx/Vitis_HLS/2020.2/common/technology/autopilot/hls_sqrt_apfixed.h:318]   --->   Operation 235 'and' 'and_ln318_1' <Predicate = true> <Delay = 0.97> <CoreInst = "LogicGate">   --->   Core 74 'LogicGate' <Latency = 0> <II = 1> <Delay = 0.97> <FuncUnit> <Opcode : 'and' 'or' 'xor'> <InPorts = 2> <OutPorts = 1>

State 30 <SV = 29> <Delay = 2.04>
ST_30 : Operation 236 [1/2] (2.04ns)   --->   "%x_l_FH_V_26 = add i17 %x_l_FH_V, i17 98304"   --->   Operation 236 'add' 'x_l_FH_V_26' <Predicate = true> <Delay = 2.04> <CoreInst = "Adder">   --->   Core 1 'Adder' <Latency = 1> <II = 1> <Delay = 1.93> <FuncUnit> <Opcode : 'add' 'sub'> <InPorts = 2> <OutPorts = 1>
ST_30 : Operation 237 [1/1] (0.73ns)   --->   "%x_l_I_V_81 = select i1 %and_ln318_1, i19 %x_l_I_V_79, i19 %x_l_I_V_80" [/home/rcslfpgaserver/Softwares/Xilinx/Vitis_HLS/2020.2/common/technology/autopilot/hls_sqrt_apfixed.h:318]   --->   Operation 237 'select' 'x_l_I_V_81' <Predicate = true> <Delay = 0.73> <CoreInst = "Sel">   --->   Core 73 'Sel' <Latency = 0> <II = 1> <Delay = 0.69> <FuncUnit> <Opcode : 'select'> <InPorts = 3> <OutPorts = 1>

State 31 <SV = 30> <Delay = 2.07>
ST_31 : Operation 238 [1/1] (0.78ns)   --->   "%res_FH_V_33 = select i1 %and_ln318_1, i17 0, i17 65536" [/home/rcslfpgaserver/Softwares/Xilinx/Vitis_HLS/2020.2/common/technology/autopilot/hls_sqrt_apfixed.h:318]   --->   Operation 238 'select' 'res_FH_V_33' <Predicate = true> <Delay = 0.78> <CoreInst = "Sel">   --->   Core 73 'Sel' <Latency = 0> <II = 1> <Delay = 0.69> <FuncUnit> <Opcode : 'select'> <InPorts = 3> <OutPorts = 1>
ST_31 : Operation 239 [1/1] (0.78ns)   --->   "%p_Val2_23 = select i1 %and_ln318_1, i17 %x_l_FH_V, i17 %x_l_FH_V_26" [/home/rcslfpgaserver/Softwares/Xilinx/Vitis_HLS/2020.2/common/technology/autopilot/hls_sqrt_apfixed.h:318]   --->   Operation 239 'select' 'p_Val2_23' <Predicate = true> <Delay = 0.78> <CoreInst = "Sel">   --->   Core 73 'Sel' <Latency = 0> <II = 1> <Delay = 0.69> <FuncUnit> <Opcode : 'select'> <InPorts = 3> <OutPorts = 1>
ST_31 : Operation 240 [1/1] (0.00ns)   --->   "%p_Result_20 = partselect i2 @_ssdm_op_PartSelect.i2.i17.i32.i32, i17 %res_FH_V_33, i32 15, i32 16"   --->   Operation 240 'partselect' 'p_Result_20' <Predicate = true> <Delay = 0.00>
ST_31 : Operation 241 [2/2] (2.07ns)   --->   "%x_l_I_V = add i19 %x_l_I_V_81, i19 524287"   --->   Operation 241 'add' 'x_l_I_V' <Predicate = true> <Delay = 2.07> <CoreInst = "Adder">   --->   Core 1 'Adder' <Latency = 1> <II = 1> <Delay = 1.93> <FuncUnit> <Opcode : 'add' 'sub'> <InPorts = 2> <OutPorts = 1>

State 32 <SV = 31> <Delay = 2.43>
ST_32 : Operation 242 [1/1] (0.00ns)   --->   "%mul_FH_V = bitconcatenate i17 @_ssdm_op_BitConcatenate.i17.i1.i2.i14, i1 %trunc_ln104, i2 %p_Result_20, i14 8192"   --->   Operation 242 'bitconcatenate' 'mul_FH_V' <Predicate = true> <Delay = 0.00>
ST_32 : Operation 243 [1/1] (0.00ns)   --->   "%trunc_ln318_1 = bitconcatenate i17 @_ssdm_op_BitConcatenate.i17.i10.i7, i10 0, i7 %tmp_14" [/home/rcslfpgaserver/Softwares/Xilinx/Vitis_HLS/2020.2/common/technology/autopilot/hls_sqrt_apfixed.h:318]   --->   Operation 243 'bitconcatenate' 'trunc_ln318_1' <Predicate = true> <Delay = 0.00>
ST_32 : Operation 244 [1/1] (0.00ns)   --->   "%zext_ln318_1 = zext i17 %trunc_ln318_1" [/home/rcslfpgaserver/Softwares/Xilinx/Vitis_HLS/2020.2/common/technology/autopilot/hls_sqrt_apfixed.h:318]   --->   Operation 244 'zext' 'zext_ln318_1' <Predicate = true> <Delay = 0.00>
ST_32 : Operation 245 [1/1] (2.43ns)   --->   "%icmp_ln318_2 = icmp_ne  i19 %x_l_I_V_81, i19 %zext_ln318_1" [/home/rcslfpgaserver/Softwares/Xilinx/Vitis_HLS/2020.2/common/technology/autopilot/hls_sqrt_apfixed.h:318]   --->   Operation 245 'icmp' 'icmp_ln318_2' <Predicate = true> <Delay = 2.43> <CoreInst = "Cmp">   --->   Core 9 'Cmp' <Latency = 0> <II = 1> <Delay = 2.43> <FuncUnit> <Opcode : 'icmp'> <InPorts = 2> <OutPorts = 1>
ST_32 : Operation 246 [1/1] (2.43ns)   --->   "%icmp_ln318_3 = icmp_ult  i17 %p_Val2_23, i17 %mul_FH_V" [/home/rcslfpgaserver/Softwares/Xilinx/Vitis_HLS/2020.2/common/technology/autopilot/hls_sqrt_apfixed.h:318]   --->   Operation 246 'icmp' 'icmp_ln318_3' <Predicate = true> <Delay = 2.43> <CoreInst = "Cmp">   --->   Core 9 'Cmp' <Latency = 0> <II = 1> <Delay = 2.43> <FuncUnit> <Opcode : 'icmp'> <InPorts = 2> <OutPorts = 1>
ST_32 : Operation 247 [1/2] (2.07ns)   --->   "%x_l_I_V = add i19 %x_l_I_V_81, i19 524287"   --->   Operation 247 'add' 'x_l_I_V' <Predicate = true> <Delay = 2.07> <CoreInst = "Adder">   --->   Core 1 'Adder' <Latency = 1> <II = 1> <Delay = 1.93> <FuncUnit> <Opcode : 'add' 'sub'> <InPorts = 2> <OutPorts = 1>
ST_32 : Operation 248 [2/2] (2.04ns)   --->   "%x_l_FH_V_27 = sub i17 %p_Val2_23, i17 %mul_FH_V"   --->   Operation 248 'sub' 'x_l_FH_V_27' <Predicate = true> <Delay = 2.04> <CoreInst = "Adder">   --->   Core 1 'Adder' <Latency = 1> <II = 1> <Delay = 1.93> <FuncUnit> <Opcode : 'add' 'sub'> <InPorts = 2> <OutPorts = 1>
ST_32 : Operation 249 [1/1] (2.43ns)   --->   "%icmp_ln1494_1 = icmp_ult  i19 %zext_ln318_1, i19 %x_l_I_V_81"   --->   Operation 249 'icmp' 'icmp_ln1494_1' <Predicate = true> <Delay = 2.43> <CoreInst = "Cmp">   --->   Core 9 'Cmp' <Latency = 0> <II = 1> <Delay = 2.43> <FuncUnit> <Opcode : 'icmp'> <InPorts = 2> <OutPorts = 1>

State 33 <SV = 32> <Delay = 2.04>
ST_33 : Operation 250 [1/1] (0.00ns) (grouped into LUT with out node and_ln318_2)   --->   "%or_ln318_1 = or i1 %icmp_ln318_2, i1 %icmp_ln318_3" [/home/rcslfpgaserver/Softwares/Xilinx/Vitis_HLS/2020.2/common/technology/autopilot/hls_sqrt_apfixed.h:318]   --->   Operation 250 'or' 'or_ln318_1' <Predicate = true> <Delay = 0.00> <CoreInst = "LogicGate">   --->   Core 74 'LogicGate' <Latency = 0> <II = 1> <Delay = 0.97> <FuncUnit> <Opcode : 'and' 'or' 'xor'> <InPorts = 2> <OutPorts = 1>
ST_33 : Operation 251 [1/1] (0.73ns)   --->   "%x_l_I_V_21 = select i1 %icmp_ln318_3, i19 %x_l_I_V, i19 %x_l_I_V_81" [/home/rcslfpgaserver/Softwares/Xilinx/Vitis_HLS/2020.2/common/technology/autopilot/hls_sqrt_apfixed.h:339]   --->   Operation 251 'select' 'x_l_I_V_21' <Predicate = true> <Delay = 0.73> <CoreInst = "Sel">   --->   Core 73 'Sel' <Latency = 0> <II = 1> <Delay = 0.69> <FuncUnit> <Opcode : 'select'> <InPorts = 3> <OutPorts = 1>
ST_33 : Operation 252 [1/2] (2.04ns)   --->   "%x_l_FH_V_27 = sub i17 %p_Val2_23, i17 %mul_FH_V"   --->   Operation 252 'sub' 'x_l_FH_V_27' <Predicate = true> <Delay = 2.04> <CoreInst = "Adder">   --->   Core 1 'Adder' <Latency = 1> <II = 1> <Delay = 1.93> <FuncUnit> <Opcode : 'add' 'sub'> <InPorts = 2> <OutPorts = 1>
ST_33 : Operation 253 [1/1] (0.00ns) (grouped into LUT with out node and_ln318_2)   --->   "%xor_ln1494_1 = xor i1 %icmp_ln1494_1, i1 1"   --->   Operation 253 'xor' 'xor_ln1494_1' <Predicate = true> <Delay = 0.00> <CoreInst = "LogicGate">   --->   Core 74 'LogicGate' <Latency = 0> <II = 1> <Delay = 0.97> <FuncUnit> <Opcode : 'and' 'or' 'xor'> <InPorts = 2> <OutPorts = 1>
ST_33 : Operation 254 [1/1] (0.97ns) (out node of the LUT)   --->   "%and_ln318_2 = and i1 %or_ln318_1, i1 %xor_ln1494_1" [/home/rcslfpgaserver/Softwares/Xilinx/Vitis_HLS/2020.2/common/technology/autopilot/hls_sqrt_apfixed.h:318]   --->   Operation 254 'and' 'and_ln318_2' <Predicate = true> <Delay = 0.97> <CoreInst = "LogicGate">   --->   Core 74 'LogicGate' <Latency = 0> <II = 1> <Delay = 0.97> <FuncUnit> <Opcode : 'and' 'or' 'xor'> <InPorts = 2> <OutPorts = 1>

State 34 <SV = 33> <Delay = 2.07>
ST_34 : Operation 255 [2/2] (2.07ns)   --->   "%x_l_I_V_82 = sub i19 %x_l_I_V_21, i19 %zext_ln318_1"   --->   Operation 255 'sub' 'x_l_I_V_82' <Predicate = (!and_ln318_2)> <Delay = 2.07> <CoreInst = "Adder">   --->   Core 1 'Adder' <Latency = 1> <II = 1> <Delay = 1.93> <FuncUnit> <Opcode : 'add' 'sub'> <InPorts = 2> <OutPorts = 1>
ST_34 : Operation 256 [1/1] (0.78ns)   --->   "%x_l_FH_V_28 = select i1 %and_ln318_2, i17 %p_Val2_23, i17 %x_l_FH_V_27" [/home/rcslfpgaserver/Softwares/Xilinx/Vitis_HLS/2020.2/common/technology/autopilot/hls_sqrt_apfixed.h:318]   --->   Operation 256 'select' 'x_l_FH_V_28' <Predicate = true> <Delay = 0.78> <CoreInst = "Sel">   --->   Core 73 'Sel' <Latency = 0> <II = 1> <Delay = 0.69> <FuncUnit> <Opcode : 'select'> <InPorts = 3> <OutPorts = 1>

State 35 <SV = 34> <Delay = 2.07>
ST_35 : Operation 257 [1/2] (2.07ns)   --->   "%x_l_I_V_82 = sub i19 %x_l_I_V_21, i19 %zext_ln318_1"   --->   Operation 257 'sub' 'x_l_I_V_82' <Predicate = (!and_ln318_2)> <Delay = 2.07> <CoreInst = "Adder">   --->   Core 1 'Adder' <Latency = 1> <II = 1> <Delay = 1.93> <FuncUnit> <Opcode : 'add' 'sub'> <InPorts = 2> <OutPorts = 1>

State 36 <SV = 35> <Delay = 0.73>
ST_36 : Operation 258 [1/1] (0.73ns)   --->   "%x_l_I_V_83 = select i1 %and_ln318_2, i19 %x_l_I_V_81, i19 %x_l_I_V_82" [/home/rcslfpgaserver/Softwares/Xilinx/Vitis_HLS/2020.2/common/technology/autopilot/hls_sqrt_apfixed.h:318]   --->   Operation 258 'select' 'x_l_I_V_83' <Predicate = true> <Delay = 0.73> <CoreInst = "Sel">   --->   Core 73 'Sel' <Latency = 0> <II = 1> <Delay = 0.69> <FuncUnit> <Opcode : 'select'> <InPorts = 3> <OutPorts = 1>

State 37 <SV = 36> <Delay = 2.07>
ST_37 : Operation 259 [1/1] (0.00ns)   --->   "%p_Result_58 = bitset i17 @_ssdm_op_BitSet.i17.i17.i32.i1, i17 %res_FH_V_33, i32 15, i1 1"   --->   Operation 259 'bitset' 'p_Result_58' <Predicate = (!and_ln318_2)> <Delay = 0.00>
ST_37 : Operation 260 [1/1] (0.78ns)   --->   "%res_FH_V_34 = select i1 %and_ln318_2, i17 %res_FH_V_33, i17 %p_Result_58" [/home/rcslfpgaserver/Softwares/Xilinx/Vitis_HLS/2020.2/common/technology/autopilot/hls_sqrt_apfixed.h:318]   --->   Operation 260 'select' 'res_FH_V_34' <Predicate = true> <Delay = 0.78> <CoreInst = "Sel">   --->   Core 73 'Sel' <Latency = 0> <II = 1> <Delay = 0.69> <FuncUnit> <Opcode : 'select'> <InPorts = 3> <OutPorts = 1>
ST_37 : Operation 261 [1/1] (0.00ns)   --->   "%p_Result_21 = partselect i3 @_ssdm_op_PartSelect.i3.i17.i32.i32, i17 %res_FH_V_34, i32 14, i32 16"   --->   Operation 261 'partselect' 'p_Result_21' <Predicate = true> <Delay = 0.00>
ST_37 : Operation 262 [2/2] (2.07ns)   --->   "%x_l_I_V_24 = add i19 %x_l_I_V_83, i19 524287"   --->   Operation 262 'add' 'x_l_I_V_24' <Predicate = true> <Delay = 2.07> <CoreInst = "Adder">   --->   Core 1 'Adder' <Latency = 1> <II = 1> <Delay = 1.93> <FuncUnit> <Opcode : 'add' 'sub'> <InPorts = 2> <OutPorts = 1>

State 38 <SV = 37> <Delay = 2.43>
ST_38 : Operation 263 [1/1] (0.00ns)   --->   "%mul_FH_V_1 = bitconcatenate i17 @_ssdm_op_BitConcatenate.i17.i2.i3.i12, i2 %trunc_ln104_1, i3 %p_Result_21, i12 2048"   --->   Operation 263 'bitconcatenate' 'mul_FH_V_1' <Predicate = true> <Delay = 0.00>
ST_38 : Operation 264 [1/1] (0.00ns)   --->   "%trunc_ln318_2 = bitconcatenate i17 @_ssdm_op_BitConcatenate.i17.i11.i6, i11 0, i6 %tmp_15" [/home/rcslfpgaserver/Softwares/Xilinx/Vitis_HLS/2020.2/common/technology/autopilot/hls_sqrt_apfixed.h:318]   --->   Operation 264 'bitconcatenate' 'trunc_ln318_2' <Predicate = true> <Delay = 0.00>
ST_38 : Operation 265 [1/1] (0.00ns)   --->   "%zext_ln318_2 = zext i17 %trunc_ln318_2" [/home/rcslfpgaserver/Softwares/Xilinx/Vitis_HLS/2020.2/common/technology/autopilot/hls_sqrt_apfixed.h:318]   --->   Operation 265 'zext' 'zext_ln318_2' <Predicate = true> <Delay = 0.00>
ST_38 : Operation 266 [1/1] (2.43ns)   --->   "%icmp_ln318_4 = icmp_ne  i19 %x_l_I_V_83, i19 %zext_ln318_2" [/home/rcslfpgaserver/Softwares/Xilinx/Vitis_HLS/2020.2/common/technology/autopilot/hls_sqrt_apfixed.h:318]   --->   Operation 266 'icmp' 'icmp_ln318_4' <Predicate = true> <Delay = 2.43> <CoreInst = "Cmp">   --->   Core 9 'Cmp' <Latency = 0> <II = 1> <Delay = 2.43> <FuncUnit> <Opcode : 'icmp'> <InPorts = 2> <OutPorts = 1>
ST_38 : Operation 267 [1/1] (2.43ns)   --->   "%icmp_ln318_5 = icmp_ult  i17 %x_l_FH_V_28, i17 %mul_FH_V_1" [/home/rcslfpgaserver/Softwares/Xilinx/Vitis_HLS/2020.2/common/technology/autopilot/hls_sqrt_apfixed.h:318]   --->   Operation 267 'icmp' 'icmp_ln318_5' <Predicate = true> <Delay = 2.43> <CoreInst = "Cmp">   --->   Core 9 'Cmp' <Latency = 0> <II = 1> <Delay = 2.43> <FuncUnit> <Opcode : 'icmp'> <InPorts = 2> <OutPorts = 1>
ST_38 : Operation 268 [1/2] (2.07ns)   --->   "%x_l_I_V_24 = add i19 %x_l_I_V_83, i19 524287"   --->   Operation 268 'add' 'x_l_I_V_24' <Predicate = true> <Delay = 2.07> <CoreInst = "Adder">   --->   Core 1 'Adder' <Latency = 1> <II = 1> <Delay = 1.93> <FuncUnit> <Opcode : 'add' 'sub'> <InPorts = 2> <OutPorts = 1>
ST_38 : Operation 269 [2/2] (2.04ns)   --->   "%x_l_FH_V_29 = sub i17 %x_l_FH_V_28, i17 %mul_FH_V_1"   --->   Operation 269 'sub' 'x_l_FH_V_29' <Predicate = true> <Delay = 2.04> <CoreInst = "Adder">   --->   Core 1 'Adder' <Latency = 1> <II = 1> <Delay = 1.93> <FuncUnit> <Opcode : 'add' 'sub'> <InPorts = 2> <OutPorts = 1>
ST_38 : Operation 270 [1/1] (2.43ns)   --->   "%icmp_ln1494_2 = icmp_ult  i19 %zext_ln318_2, i19 %x_l_I_V_83"   --->   Operation 270 'icmp' 'icmp_ln1494_2' <Predicate = true> <Delay = 2.43> <CoreInst = "Cmp">   --->   Core 9 'Cmp' <Latency = 0> <II = 1> <Delay = 2.43> <FuncUnit> <Opcode : 'icmp'> <InPorts = 2> <OutPorts = 1>

State 39 <SV = 38> <Delay = 2.04>
ST_39 : Operation 271 [1/1] (0.00ns) (grouped into LUT with out node and_ln318_3)   --->   "%or_ln318_2 = or i1 %icmp_ln318_4, i1 %icmp_ln318_5" [/home/rcslfpgaserver/Softwares/Xilinx/Vitis_HLS/2020.2/common/technology/autopilot/hls_sqrt_apfixed.h:318]   --->   Operation 271 'or' 'or_ln318_2' <Predicate = true> <Delay = 0.00> <CoreInst = "LogicGate">   --->   Core 74 'LogicGate' <Latency = 0> <II = 1> <Delay = 0.97> <FuncUnit> <Opcode : 'and' 'or' 'xor'> <InPorts = 2> <OutPorts = 1>
ST_39 : Operation 272 [1/1] (0.73ns)   --->   "%x_l_I_V_25 = select i1 %icmp_ln318_5, i19 %x_l_I_V_24, i19 %x_l_I_V_83" [/home/rcslfpgaserver/Softwares/Xilinx/Vitis_HLS/2020.2/common/technology/autopilot/hls_sqrt_apfixed.h:339]   --->   Operation 272 'select' 'x_l_I_V_25' <Predicate = true> <Delay = 0.73> <CoreInst = "Sel">   --->   Core 73 'Sel' <Latency = 0> <II = 1> <Delay = 0.69> <FuncUnit> <Opcode : 'select'> <InPorts = 3> <OutPorts = 1>
ST_39 : Operation 273 [1/2] (2.04ns)   --->   "%x_l_FH_V_29 = sub i17 %x_l_FH_V_28, i17 %mul_FH_V_1"   --->   Operation 273 'sub' 'x_l_FH_V_29' <Predicate = true> <Delay = 2.04> <CoreInst = "Adder">   --->   Core 1 'Adder' <Latency = 1> <II = 1> <Delay = 1.93> <FuncUnit> <Opcode : 'add' 'sub'> <InPorts = 2> <OutPorts = 1>
ST_39 : Operation 274 [1/1] (0.00ns) (grouped into LUT with out node and_ln318_3)   --->   "%xor_ln1494_2 = xor i1 %icmp_ln1494_2, i1 1"   --->   Operation 274 'xor' 'xor_ln1494_2' <Predicate = true> <Delay = 0.00> <CoreInst = "LogicGate">   --->   Core 74 'LogicGate' <Latency = 0> <II = 1> <Delay = 0.97> <FuncUnit> <Opcode : 'and' 'or' 'xor'> <InPorts = 2> <OutPorts = 1>
ST_39 : Operation 275 [1/1] (0.97ns) (out node of the LUT)   --->   "%and_ln318_3 = and i1 %or_ln318_2, i1 %xor_ln1494_2" [/home/rcslfpgaserver/Softwares/Xilinx/Vitis_HLS/2020.2/common/technology/autopilot/hls_sqrt_apfixed.h:318]   --->   Operation 275 'and' 'and_ln318_3' <Predicate = true> <Delay = 0.97> <CoreInst = "LogicGate">   --->   Core 74 'LogicGate' <Latency = 0> <II = 1> <Delay = 0.97> <FuncUnit> <Opcode : 'and' 'or' 'xor'> <InPorts = 2> <OutPorts = 1>

State 40 <SV = 39> <Delay = 2.07>
ST_40 : Operation 276 [2/2] (2.07ns)   --->   "%x_l_I_V_84 = sub i19 %x_l_I_V_25, i19 %zext_ln318_2"   --->   Operation 276 'sub' 'x_l_I_V_84' <Predicate = (!and_ln318_3)> <Delay = 2.07> <CoreInst = "Adder">   --->   Core 1 'Adder' <Latency = 1> <II = 1> <Delay = 1.93> <FuncUnit> <Opcode : 'add' 'sub'> <InPorts = 2> <OutPorts = 1>
ST_40 : Operation 277 [1/1] (0.78ns)   --->   "%x_l_FH_V_30 = select i1 %and_ln318_3, i17 %x_l_FH_V_28, i17 %x_l_FH_V_29" [/home/rcslfpgaserver/Softwares/Xilinx/Vitis_HLS/2020.2/common/technology/autopilot/hls_sqrt_apfixed.h:318]   --->   Operation 277 'select' 'x_l_FH_V_30' <Predicate = true> <Delay = 0.78> <CoreInst = "Sel">   --->   Core 73 'Sel' <Latency = 0> <II = 1> <Delay = 0.69> <FuncUnit> <Opcode : 'select'> <InPorts = 3> <OutPorts = 1>

State 41 <SV = 40> <Delay = 2.07>
ST_41 : Operation 278 [1/2] (2.07ns)   --->   "%x_l_I_V_84 = sub i19 %x_l_I_V_25, i19 %zext_ln318_2"   --->   Operation 278 'sub' 'x_l_I_V_84' <Predicate = (!and_ln318_3)> <Delay = 2.07> <CoreInst = "Adder">   --->   Core 1 'Adder' <Latency = 1> <II = 1> <Delay = 1.93> <FuncUnit> <Opcode : 'add' 'sub'> <InPorts = 2> <OutPorts = 1>

State 42 <SV = 41> <Delay = 0.73>
ST_42 : Operation 279 [1/1] (0.73ns)   --->   "%x_l_I_V_85 = select i1 %and_ln318_3, i19 %x_l_I_V_83, i19 %x_l_I_V_84" [/home/rcslfpgaserver/Softwares/Xilinx/Vitis_HLS/2020.2/common/technology/autopilot/hls_sqrt_apfixed.h:318]   --->   Operation 279 'select' 'x_l_I_V_85' <Predicate = true> <Delay = 0.73> <CoreInst = "Sel">   --->   Core 73 'Sel' <Latency = 0> <II = 1> <Delay = 0.69> <FuncUnit> <Opcode : 'select'> <InPorts = 3> <OutPorts = 1>

State 43 <SV = 42> <Delay = 2.07>
ST_43 : Operation 280 [1/1] (0.00ns)   --->   "%p_Result_59 = bitset i17 @_ssdm_op_BitSet.i17.i17.i32.i1, i17 %res_FH_V_34, i32 14, i1 1"   --->   Operation 280 'bitset' 'p_Result_59' <Predicate = (!and_ln318_3)> <Delay = 0.00>
ST_43 : Operation 281 [1/1] (0.78ns)   --->   "%res_FH_V_35 = select i1 %and_ln318_3, i17 %res_FH_V_34, i17 %p_Result_59" [/home/rcslfpgaserver/Softwares/Xilinx/Vitis_HLS/2020.2/common/technology/autopilot/hls_sqrt_apfixed.h:318]   --->   Operation 281 'select' 'res_FH_V_35' <Predicate = true> <Delay = 0.78> <CoreInst = "Sel">   --->   Core 73 'Sel' <Latency = 0> <II = 1> <Delay = 0.69> <FuncUnit> <Opcode : 'select'> <InPorts = 3> <OutPorts = 1>
ST_43 : Operation 282 [1/1] (0.00ns)   --->   "%p_Result_22 = partselect i4 @_ssdm_op_PartSelect.i4.i17.i32.i32, i17 %res_FH_V_35, i32 13, i32 16"   --->   Operation 282 'partselect' 'p_Result_22' <Predicate = true> <Delay = 0.00>
ST_43 : Operation 283 [2/2] (2.07ns)   --->   "%x_l_I_V_28 = add i19 %x_l_I_V_85, i19 524287"   --->   Operation 283 'add' 'x_l_I_V_28' <Predicate = true> <Delay = 2.07> <CoreInst = "Adder">   --->   Core 1 'Adder' <Latency = 1> <II = 1> <Delay = 1.93> <FuncUnit> <Opcode : 'add' 'sub'> <InPorts = 2> <OutPorts = 1>

State 44 <SV = 43> <Delay = 2.43>
ST_44 : Operation 284 [1/1] (0.00ns)   --->   "%mul_FH_V_2 = bitconcatenate i17 @_ssdm_op_BitConcatenate.i17.i3.i4.i10, i3 %trunc_ln104_2, i4 %p_Result_22, i10 512"   --->   Operation 284 'bitconcatenate' 'mul_FH_V_2' <Predicate = true> <Delay = 0.00>
ST_44 : Operation 285 [1/1] (0.00ns)   --->   "%trunc_ln318_3 = bitconcatenate i17 @_ssdm_op_BitConcatenate.i17.i12.i5, i12 0, i5 %tmp_16" [/home/rcslfpgaserver/Softwares/Xilinx/Vitis_HLS/2020.2/common/technology/autopilot/hls_sqrt_apfixed.h:318]   --->   Operation 285 'bitconcatenate' 'trunc_ln318_3' <Predicate = true> <Delay = 0.00>
ST_44 : Operation 286 [1/1] (0.00ns)   --->   "%zext_ln318_3 = zext i17 %trunc_ln318_3" [/home/rcslfpgaserver/Softwares/Xilinx/Vitis_HLS/2020.2/common/technology/autopilot/hls_sqrt_apfixed.h:318]   --->   Operation 286 'zext' 'zext_ln318_3' <Predicate = true> <Delay = 0.00>
ST_44 : Operation 287 [1/1] (2.43ns)   --->   "%icmp_ln318_6 = icmp_ne  i19 %x_l_I_V_85, i19 %zext_ln318_3" [/home/rcslfpgaserver/Softwares/Xilinx/Vitis_HLS/2020.2/common/technology/autopilot/hls_sqrt_apfixed.h:318]   --->   Operation 287 'icmp' 'icmp_ln318_6' <Predicate = true> <Delay = 2.43> <CoreInst = "Cmp">   --->   Core 9 'Cmp' <Latency = 0> <II = 1> <Delay = 2.43> <FuncUnit> <Opcode : 'icmp'> <InPorts = 2> <OutPorts = 1>
ST_44 : Operation 288 [1/1] (2.43ns)   --->   "%icmp_ln318_7 = icmp_ult  i17 %x_l_FH_V_30, i17 %mul_FH_V_2" [/home/rcslfpgaserver/Softwares/Xilinx/Vitis_HLS/2020.2/common/technology/autopilot/hls_sqrt_apfixed.h:318]   --->   Operation 288 'icmp' 'icmp_ln318_7' <Predicate = true> <Delay = 2.43> <CoreInst = "Cmp">   --->   Core 9 'Cmp' <Latency = 0> <II = 1> <Delay = 2.43> <FuncUnit> <Opcode : 'icmp'> <InPorts = 2> <OutPorts = 1>
ST_44 : Operation 289 [1/2] (2.07ns)   --->   "%x_l_I_V_28 = add i19 %x_l_I_V_85, i19 524287"   --->   Operation 289 'add' 'x_l_I_V_28' <Predicate = true> <Delay = 2.07> <CoreInst = "Adder">   --->   Core 1 'Adder' <Latency = 1> <II = 1> <Delay = 1.93> <FuncUnit> <Opcode : 'add' 'sub'> <InPorts = 2> <OutPorts = 1>
ST_44 : Operation 290 [2/2] (2.04ns)   --->   "%x_l_FH_V_31 = sub i17 %x_l_FH_V_30, i17 %mul_FH_V_2"   --->   Operation 290 'sub' 'x_l_FH_V_31' <Predicate = true> <Delay = 2.04> <CoreInst = "Adder">   --->   Core 1 'Adder' <Latency = 1> <II = 1> <Delay = 1.93> <FuncUnit> <Opcode : 'add' 'sub'> <InPorts = 2> <OutPorts = 1>
ST_44 : Operation 291 [1/1] (2.43ns)   --->   "%icmp_ln1494_3 = icmp_ult  i19 %zext_ln318_3, i19 %x_l_I_V_85"   --->   Operation 291 'icmp' 'icmp_ln1494_3' <Predicate = true> <Delay = 2.43> <CoreInst = "Cmp">   --->   Core 9 'Cmp' <Latency = 0> <II = 1> <Delay = 2.43> <FuncUnit> <Opcode : 'icmp'> <InPorts = 2> <OutPorts = 1>

State 45 <SV = 44> <Delay = 2.04>
ST_45 : Operation 292 [1/1] (0.00ns) (grouped into LUT with out node and_ln318_4)   --->   "%or_ln318_3 = or i1 %icmp_ln318_6, i1 %icmp_ln318_7" [/home/rcslfpgaserver/Softwares/Xilinx/Vitis_HLS/2020.2/common/technology/autopilot/hls_sqrt_apfixed.h:318]   --->   Operation 292 'or' 'or_ln318_3' <Predicate = true> <Delay = 0.00> <CoreInst = "LogicGate">   --->   Core 74 'LogicGate' <Latency = 0> <II = 1> <Delay = 0.97> <FuncUnit> <Opcode : 'and' 'or' 'xor'> <InPorts = 2> <OutPorts = 1>
ST_45 : Operation 293 [1/1] (0.73ns)   --->   "%x_l_I_V_29 = select i1 %icmp_ln318_7, i19 %x_l_I_V_28, i19 %x_l_I_V_85" [/home/rcslfpgaserver/Softwares/Xilinx/Vitis_HLS/2020.2/common/technology/autopilot/hls_sqrt_apfixed.h:339]   --->   Operation 293 'select' 'x_l_I_V_29' <Predicate = true> <Delay = 0.73> <CoreInst = "Sel">   --->   Core 73 'Sel' <Latency = 0> <II = 1> <Delay = 0.69> <FuncUnit> <Opcode : 'select'> <InPorts = 3> <OutPorts = 1>
ST_45 : Operation 294 [1/2] (2.04ns)   --->   "%x_l_FH_V_31 = sub i17 %x_l_FH_V_30, i17 %mul_FH_V_2"   --->   Operation 294 'sub' 'x_l_FH_V_31' <Predicate = true> <Delay = 2.04> <CoreInst = "Adder">   --->   Core 1 'Adder' <Latency = 1> <II = 1> <Delay = 1.93> <FuncUnit> <Opcode : 'add' 'sub'> <InPorts = 2> <OutPorts = 1>
ST_45 : Operation 295 [1/1] (0.00ns) (grouped into LUT with out node and_ln318_4)   --->   "%xor_ln1494_3 = xor i1 %icmp_ln1494_3, i1 1"   --->   Operation 295 'xor' 'xor_ln1494_3' <Predicate = true> <Delay = 0.00> <CoreInst = "LogicGate">   --->   Core 74 'LogicGate' <Latency = 0> <II = 1> <Delay = 0.97> <FuncUnit> <Opcode : 'and' 'or' 'xor'> <InPorts = 2> <OutPorts = 1>
ST_45 : Operation 296 [1/1] (0.97ns) (out node of the LUT)   --->   "%and_ln318_4 = and i1 %or_ln318_3, i1 %xor_ln1494_3" [/home/rcslfpgaserver/Softwares/Xilinx/Vitis_HLS/2020.2/common/technology/autopilot/hls_sqrt_apfixed.h:318]   --->   Operation 296 'and' 'and_ln318_4' <Predicate = true> <Delay = 0.97> <CoreInst = "LogicGate">   --->   Core 74 'LogicGate' <Latency = 0> <II = 1> <Delay = 0.97> <FuncUnit> <Opcode : 'and' 'or' 'xor'> <InPorts = 2> <OutPorts = 1>

State 46 <SV = 45> <Delay = 2.07>
ST_46 : Operation 297 [2/2] (2.07ns)   --->   "%x_l_I_V_86 = sub i19 %x_l_I_V_29, i19 %zext_ln318_3"   --->   Operation 297 'sub' 'x_l_I_V_86' <Predicate = (!and_ln318_4)> <Delay = 2.07> <CoreInst = "Adder">   --->   Core 1 'Adder' <Latency = 1> <II = 1> <Delay = 1.93> <FuncUnit> <Opcode : 'add' 'sub'> <InPorts = 2> <OutPorts = 1>
ST_46 : Operation 298 [1/1] (0.78ns)   --->   "%x_l_FH_V_32 = select i1 %and_ln318_4, i17 %x_l_FH_V_30, i17 %x_l_FH_V_31" [/home/rcslfpgaserver/Softwares/Xilinx/Vitis_HLS/2020.2/common/technology/autopilot/hls_sqrt_apfixed.h:318]   --->   Operation 298 'select' 'x_l_FH_V_32' <Predicate = true> <Delay = 0.78> <CoreInst = "Sel">   --->   Core 73 'Sel' <Latency = 0> <II = 1> <Delay = 0.69> <FuncUnit> <Opcode : 'select'> <InPorts = 3> <OutPorts = 1>

State 47 <SV = 46> <Delay = 2.07>
ST_47 : Operation 299 [1/2] (2.07ns)   --->   "%x_l_I_V_86 = sub i19 %x_l_I_V_29, i19 %zext_ln318_3"   --->   Operation 299 'sub' 'x_l_I_V_86' <Predicate = (!and_ln318_4)> <Delay = 2.07> <CoreInst = "Adder">   --->   Core 1 'Adder' <Latency = 1> <II = 1> <Delay = 1.93> <FuncUnit> <Opcode : 'add' 'sub'> <InPorts = 2> <OutPorts = 1>

State 48 <SV = 47> <Delay = 0.73>
ST_48 : Operation 300 [1/1] (0.73ns)   --->   "%x_l_I_V_87 = select i1 %and_ln318_4, i19 %x_l_I_V_85, i19 %x_l_I_V_86" [/home/rcslfpgaserver/Softwares/Xilinx/Vitis_HLS/2020.2/common/technology/autopilot/hls_sqrt_apfixed.h:318]   --->   Operation 300 'select' 'x_l_I_V_87' <Predicate = true> <Delay = 0.73> <CoreInst = "Sel">   --->   Core 73 'Sel' <Latency = 0> <II = 1> <Delay = 0.69> <FuncUnit> <Opcode : 'select'> <InPorts = 3> <OutPorts = 1>

State 49 <SV = 48> <Delay = 2.07>
ST_49 : Operation 301 [1/1] (0.00ns)   --->   "%p_Result_60 = bitset i17 @_ssdm_op_BitSet.i17.i17.i32.i1, i17 %res_FH_V_35, i32 13, i1 1"   --->   Operation 301 'bitset' 'p_Result_60' <Predicate = (!and_ln318_4)> <Delay = 0.00>
ST_49 : Operation 302 [1/1] (0.78ns)   --->   "%res_FH_V_36 = select i1 %and_ln318_4, i17 %res_FH_V_35, i17 %p_Result_60" [/home/rcslfpgaserver/Softwares/Xilinx/Vitis_HLS/2020.2/common/technology/autopilot/hls_sqrt_apfixed.h:318]   --->   Operation 302 'select' 'res_FH_V_36' <Predicate = true> <Delay = 0.78> <CoreInst = "Sel">   --->   Core 73 'Sel' <Latency = 0> <II = 1> <Delay = 0.69> <FuncUnit> <Opcode : 'select'> <InPorts = 3> <OutPorts = 1>
ST_49 : Operation 303 [1/1] (0.00ns)   --->   "%p_Result_23 = partselect i5 @_ssdm_op_PartSelect.i5.i17.i32.i32, i17 %res_FH_V_36, i32 12, i32 16"   --->   Operation 303 'partselect' 'p_Result_23' <Predicate = true> <Delay = 0.00>
ST_49 : Operation 304 [2/2] (2.07ns)   --->   "%x_l_I_V_32 = add i19 %x_l_I_V_87, i19 524287"   --->   Operation 304 'add' 'x_l_I_V_32' <Predicate = true> <Delay = 2.07> <CoreInst = "Adder">   --->   Core 1 'Adder' <Latency = 1> <II = 1> <Delay = 1.93> <FuncUnit> <Opcode : 'add' 'sub'> <InPorts = 2> <OutPorts = 1>

State 50 <SV = 49> <Delay = 2.43>
ST_50 : Operation 305 [1/1] (0.00ns)   --->   "%mul_FH_V_3 = bitconcatenate i17 @_ssdm_op_BitConcatenate.i17.i4.i5.i8, i4 %trunc_ln104_3, i5 %p_Result_23, i8 128"   --->   Operation 305 'bitconcatenate' 'mul_FH_V_3' <Predicate = true> <Delay = 0.00>
ST_50 : Operation 306 [1/1] (0.00ns)   --->   "%trunc_ln318_4 = bitconcatenate i17 @_ssdm_op_BitConcatenate.i17.i13.i4, i13 0, i4 %tmp_17" [/home/rcslfpgaserver/Softwares/Xilinx/Vitis_HLS/2020.2/common/technology/autopilot/hls_sqrt_apfixed.h:318]   --->   Operation 306 'bitconcatenate' 'trunc_ln318_4' <Predicate = true> <Delay = 0.00>
ST_50 : Operation 307 [1/1] (0.00ns)   --->   "%zext_ln318_4 = zext i17 %trunc_ln318_4" [/home/rcslfpgaserver/Softwares/Xilinx/Vitis_HLS/2020.2/common/technology/autopilot/hls_sqrt_apfixed.h:318]   --->   Operation 307 'zext' 'zext_ln318_4' <Predicate = true> <Delay = 0.00>
ST_50 : Operation 308 [1/1] (2.43ns)   --->   "%icmp_ln318_16 = icmp_ne  i19 %x_l_I_V_87, i19 %zext_ln318_4" [/home/rcslfpgaserver/Softwares/Xilinx/Vitis_HLS/2020.2/common/technology/autopilot/hls_sqrt_apfixed.h:318]   --->   Operation 308 'icmp' 'icmp_ln318_16' <Predicate = true> <Delay = 2.43> <CoreInst = "Cmp">   --->   Core 9 'Cmp' <Latency = 0> <II = 1> <Delay = 2.43> <FuncUnit> <Opcode : 'icmp'> <InPorts = 2> <OutPorts = 1>
ST_50 : Operation 309 [1/1] (2.43ns)   --->   "%icmp_ln318_17 = icmp_ult  i17 %x_l_FH_V_32, i17 %mul_FH_V_3" [/home/rcslfpgaserver/Softwares/Xilinx/Vitis_HLS/2020.2/common/technology/autopilot/hls_sqrt_apfixed.h:318]   --->   Operation 309 'icmp' 'icmp_ln318_17' <Predicate = true> <Delay = 2.43> <CoreInst = "Cmp">   --->   Core 9 'Cmp' <Latency = 0> <II = 1> <Delay = 2.43> <FuncUnit> <Opcode : 'icmp'> <InPorts = 2> <OutPorts = 1>
ST_50 : Operation 310 [1/2] (2.07ns)   --->   "%x_l_I_V_32 = add i19 %x_l_I_V_87, i19 524287"   --->   Operation 310 'add' 'x_l_I_V_32' <Predicate = true> <Delay = 2.07> <CoreInst = "Adder">   --->   Core 1 'Adder' <Latency = 1> <II = 1> <Delay = 1.93> <FuncUnit> <Opcode : 'add' 'sub'> <InPorts = 2> <OutPorts = 1>
ST_50 : Operation 311 [2/2] (2.04ns)   --->   "%x_l_FH_V_33 = sub i17 %x_l_FH_V_32, i17 %mul_FH_V_3"   --->   Operation 311 'sub' 'x_l_FH_V_33' <Predicate = true> <Delay = 2.04> <CoreInst = "Adder">   --->   Core 1 'Adder' <Latency = 1> <II = 1> <Delay = 1.93> <FuncUnit> <Opcode : 'add' 'sub'> <InPorts = 2> <OutPorts = 1>
ST_50 : Operation 312 [1/1] (2.43ns)   --->   "%icmp_ln1494_4 = icmp_ult  i19 %zext_ln318_4, i19 %x_l_I_V_87"   --->   Operation 312 'icmp' 'icmp_ln1494_4' <Predicate = true> <Delay = 2.43> <CoreInst = "Cmp">   --->   Core 9 'Cmp' <Latency = 0> <II = 1> <Delay = 2.43> <FuncUnit> <Opcode : 'icmp'> <InPorts = 2> <OutPorts = 1>

State 51 <SV = 50> <Delay = 2.04>
ST_51 : Operation 313 [1/1] (0.00ns) (grouped into LUT with out node and_ln318_5)   --->   "%or_ln318_4 = or i1 %icmp_ln318_16, i1 %icmp_ln318_17" [/home/rcslfpgaserver/Softwares/Xilinx/Vitis_HLS/2020.2/common/technology/autopilot/hls_sqrt_apfixed.h:318]   --->   Operation 313 'or' 'or_ln318_4' <Predicate = true> <Delay = 0.00> <CoreInst = "LogicGate">   --->   Core 74 'LogicGate' <Latency = 0> <II = 1> <Delay = 0.97> <FuncUnit> <Opcode : 'and' 'or' 'xor'> <InPorts = 2> <OutPorts = 1>
ST_51 : Operation 314 [1/1] (0.73ns)   --->   "%x_l_I_V_33 = select i1 %icmp_ln318_17, i19 %x_l_I_V_32, i19 %x_l_I_V_87" [/home/rcslfpgaserver/Softwares/Xilinx/Vitis_HLS/2020.2/common/technology/autopilot/hls_sqrt_apfixed.h:339]   --->   Operation 314 'select' 'x_l_I_V_33' <Predicate = true> <Delay = 0.73> <CoreInst = "Sel">   --->   Core 73 'Sel' <Latency = 0> <II = 1> <Delay = 0.69> <FuncUnit> <Opcode : 'select'> <InPorts = 3> <OutPorts = 1>
ST_51 : Operation 315 [1/2] (2.04ns)   --->   "%x_l_FH_V_33 = sub i17 %x_l_FH_V_32, i17 %mul_FH_V_3"   --->   Operation 315 'sub' 'x_l_FH_V_33' <Predicate = true> <Delay = 2.04> <CoreInst = "Adder">   --->   Core 1 'Adder' <Latency = 1> <II = 1> <Delay = 1.93> <FuncUnit> <Opcode : 'add' 'sub'> <InPorts = 2> <OutPorts = 1>
ST_51 : Operation 316 [1/1] (0.00ns) (grouped into LUT with out node and_ln318_5)   --->   "%xor_ln1494_4 = xor i1 %icmp_ln1494_4, i1 1"   --->   Operation 316 'xor' 'xor_ln1494_4' <Predicate = true> <Delay = 0.00> <CoreInst = "LogicGate">   --->   Core 74 'LogicGate' <Latency = 0> <II = 1> <Delay = 0.97> <FuncUnit> <Opcode : 'and' 'or' 'xor'> <InPorts = 2> <OutPorts = 1>
ST_51 : Operation 317 [1/1] (0.97ns) (out node of the LUT)   --->   "%and_ln318_5 = and i1 %or_ln318_4, i1 %xor_ln1494_4" [/home/rcslfpgaserver/Softwares/Xilinx/Vitis_HLS/2020.2/common/technology/autopilot/hls_sqrt_apfixed.h:318]   --->   Operation 317 'and' 'and_ln318_5' <Predicate = true> <Delay = 0.97> <CoreInst = "LogicGate">   --->   Core 74 'LogicGate' <Latency = 0> <II = 1> <Delay = 0.97> <FuncUnit> <Opcode : 'and' 'or' 'xor'> <InPorts = 2> <OutPorts = 1>

State 52 <SV = 51> <Delay = 2.07>
ST_52 : Operation 318 [2/2] (2.07ns)   --->   "%x_l_I_V_88 = sub i19 %x_l_I_V_33, i19 %zext_ln318_4"   --->   Operation 318 'sub' 'x_l_I_V_88' <Predicate = (!and_ln318_5)> <Delay = 2.07> <CoreInst = "Adder">   --->   Core 1 'Adder' <Latency = 1> <II = 1> <Delay = 1.93> <FuncUnit> <Opcode : 'add' 'sub'> <InPorts = 2> <OutPorts = 1>
ST_52 : Operation 319 [1/1] (0.78ns)   --->   "%x_l_FH_V_34 = select i1 %and_ln318_5, i17 %x_l_FH_V_32, i17 %x_l_FH_V_33" [/home/rcslfpgaserver/Softwares/Xilinx/Vitis_HLS/2020.2/common/technology/autopilot/hls_sqrt_apfixed.h:318]   --->   Operation 319 'select' 'x_l_FH_V_34' <Predicate = true> <Delay = 0.78> <CoreInst = "Sel">   --->   Core 73 'Sel' <Latency = 0> <II = 1> <Delay = 0.69> <FuncUnit> <Opcode : 'select'> <InPorts = 3> <OutPorts = 1>

State 53 <SV = 52> <Delay = 2.07>
ST_53 : Operation 320 [1/2] (2.07ns)   --->   "%x_l_I_V_88 = sub i19 %x_l_I_V_33, i19 %zext_ln318_4"   --->   Operation 320 'sub' 'x_l_I_V_88' <Predicate = (!and_ln318_5)> <Delay = 2.07> <CoreInst = "Adder">   --->   Core 1 'Adder' <Latency = 1> <II = 1> <Delay = 1.93> <FuncUnit> <Opcode : 'add' 'sub'> <InPorts = 2> <OutPorts = 1>

State 54 <SV = 53> <Delay = 0.73>
ST_54 : Operation 321 [1/1] (0.73ns)   --->   "%x_l_I_V_89 = select i1 %and_ln318_5, i19 %x_l_I_V_87, i19 %x_l_I_V_88" [/home/rcslfpgaserver/Softwares/Xilinx/Vitis_HLS/2020.2/common/technology/autopilot/hls_sqrt_apfixed.h:318]   --->   Operation 321 'select' 'x_l_I_V_89' <Predicate = true> <Delay = 0.73> <CoreInst = "Sel">   --->   Core 73 'Sel' <Latency = 0> <II = 1> <Delay = 0.69> <FuncUnit> <Opcode : 'select'> <InPorts = 3> <OutPorts = 1>

State 55 <SV = 54> <Delay = 2.07>
ST_55 : Operation 322 [1/1] (0.00ns)   --->   "%p_Result_61 = bitset i17 @_ssdm_op_BitSet.i17.i17.i32.i1, i17 %res_FH_V_36, i32 12, i1 1"   --->   Operation 322 'bitset' 'p_Result_61' <Predicate = (!and_ln318_5)> <Delay = 0.00>
ST_55 : Operation 323 [1/1] (0.78ns)   --->   "%res_FH_V_37 = select i1 %and_ln318_5, i17 %res_FH_V_36, i17 %p_Result_61" [/home/rcslfpgaserver/Softwares/Xilinx/Vitis_HLS/2020.2/common/technology/autopilot/hls_sqrt_apfixed.h:318]   --->   Operation 323 'select' 'res_FH_V_37' <Predicate = true> <Delay = 0.78> <CoreInst = "Sel">   --->   Core 73 'Sel' <Latency = 0> <II = 1> <Delay = 0.69> <FuncUnit> <Opcode : 'select'> <InPorts = 3> <OutPorts = 1>
ST_55 : Operation 324 [1/1] (0.00ns)   --->   "%p_Result_24 = partselect i6 @_ssdm_op_PartSelect.i6.i17.i32.i32, i17 %res_FH_V_37, i32 11, i32 16"   --->   Operation 324 'partselect' 'p_Result_24' <Predicate = true> <Delay = 0.00>
ST_55 : Operation 325 [2/2] (2.07ns)   --->   "%x_l_I_V_36 = add i19 %x_l_I_V_89, i19 524287"   --->   Operation 325 'add' 'x_l_I_V_36' <Predicate = true> <Delay = 2.07> <CoreInst = "Adder">   --->   Core 1 'Adder' <Latency = 1> <II = 1> <Delay = 1.93> <FuncUnit> <Opcode : 'add' 'sub'> <InPorts = 2> <OutPorts = 1>

State 56 <SV = 55> <Delay = 2.43>
ST_56 : Operation 326 [1/1] (0.00ns)   --->   "%mul_FH_V_4 = bitconcatenate i17 @_ssdm_op_BitConcatenate.i17.i5.i6.i6, i5 %trunc_ln104_4, i6 %p_Result_24, i6 32"   --->   Operation 326 'bitconcatenate' 'mul_FH_V_4' <Predicate = true> <Delay = 0.00>
ST_56 : Operation 327 [1/1] (0.00ns)   --->   "%trunc_ln318_5 = bitconcatenate i17 @_ssdm_op_BitConcatenate.i17.i14.i3, i14 0, i3 %tmp_18" [/home/rcslfpgaserver/Softwares/Xilinx/Vitis_HLS/2020.2/common/technology/autopilot/hls_sqrt_apfixed.h:318]   --->   Operation 327 'bitconcatenate' 'trunc_ln318_5' <Predicate = true> <Delay = 0.00>
ST_56 : Operation 328 [1/1] (0.00ns)   --->   "%zext_ln318_5 = zext i17 %trunc_ln318_5" [/home/rcslfpgaserver/Softwares/Xilinx/Vitis_HLS/2020.2/common/technology/autopilot/hls_sqrt_apfixed.h:318]   --->   Operation 328 'zext' 'zext_ln318_5' <Predicate = true> <Delay = 0.00>
ST_56 : Operation 329 [1/1] (2.43ns)   --->   "%icmp_ln318_18 = icmp_ne  i19 %x_l_I_V_89, i19 %zext_ln318_5" [/home/rcslfpgaserver/Softwares/Xilinx/Vitis_HLS/2020.2/common/technology/autopilot/hls_sqrt_apfixed.h:318]   --->   Operation 329 'icmp' 'icmp_ln318_18' <Predicate = true> <Delay = 2.43> <CoreInst = "Cmp">   --->   Core 9 'Cmp' <Latency = 0> <II = 1> <Delay = 2.43> <FuncUnit> <Opcode : 'icmp'> <InPorts = 2> <OutPorts = 1>
ST_56 : Operation 330 [1/1] (2.43ns)   --->   "%icmp_ln318_19 = icmp_ult  i17 %x_l_FH_V_34, i17 %mul_FH_V_4" [/home/rcslfpgaserver/Softwares/Xilinx/Vitis_HLS/2020.2/common/technology/autopilot/hls_sqrt_apfixed.h:318]   --->   Operation 330 'icmp' 'icmp_ln318_19' <Predicate = true> <Delay = 2.43> <CoreInst = "Cmp">   --->   Core 9 'Cmp' <Latency = 0> <II = 1> <Delay = 2.43> <FuncUnit> <Opcode : 'icmp'> <InPorts = 2> <OutPorts = 1>
ST_56 : Operation 331 [1/2] (2.07ns)   --->   "%x_l_I_V_36 = add i19 %x_l_I_V_89, i19 524287"   --->   Operation 331 'add' 'x_l_I_V_36' <Predicate = true> <Delay = 2.07> <CoreInst = "Adder">   --->   Core 1 'Adder' <Latency = 1> <II = 1> <Delay = 1.93> <FuncUnit> <Opcode : 'add' 'sub'> <InPorts = 2> <OutPorts = 1>
ST_56 : Operation 332 [2/2] (2.04ns)   --->   "%x_l_FH_V_35 = sub i17 %x_l_FH_V_34, i17 %mul_FH_V_4"   --->   Operation 332 'sub' 'x_l_FH_V_35' <Predicate = true> <Delay = 2.04> <CoreInst = "Adder">   --->   Core 1 'Adder' <Latency = 1> <II = 1> <Delay = 1.93> <FuncUnit> <Opcode : 'add' 'sub'> <InPorts = 2> <OutPorts = 1>
ST_56 : Operation 333 [1/1] (2.43ns)   --->   "%icmp_ln1494_5 = icmp_ult  i19 %zext_ln318_5, i19 %x_l_I_V_89"   --->   Operation 333 'icmp' 'icmp_ln1494_5' <Predicate = true> <Delay = 2.43> <CoreInst = "Cmp">   --->   Core 9 'Cmp' <Latency = 0> <II = 1> <Delay = 2.43> <FuncUnit> <Opcode : 'icmp'> <InPorts = 2> <OutPorts = 1>

State 57 <SV = 56> <Delay = 2.04>
ST_57 : Operation 334 [1/1] (0.00ns) (grouped into LUT with out node and_ln318_6)   --->   "%or_ln318_5 = or i1 %icmp_ln318_18, i1 %icmp_ln318_19" [/home/rcslfpgaserver/Softwares/Xilinx/Vitis_HLS/2020.2/common/technology/autopilot/hls_sqrt_apfixed.h:318]   --->   Operation 334 'or' 'or_ln318_5' <Predicate = true> <Delay = 0.00> <CoreInst = "LogicGate">   --->   Core 74 'LogicGate' <Latency = 0> <II = 1> <Delay = 0.97> <FuncUnit> <Opcode : 'and' 'or' 'xor'> <InPorts = 2> <OutPorts = 1>
ST_57 : Operation 335 [1/1] (0.73ns)   --->   "%x_l_I_V_37 = select i1 %icmp_ln318_19, i19 %x_l_I_V_36, i19 %x_l_I_V_89" [/home/rcslfpgaserver/Softwares/Xilinx/Vitis_HLS/2020.2/common/technology/autopilot/hls_sqrt_apfixed.h:339]   --->   Operation 335 'select' 'x_l_I_V_37' <Predicate = true> <Delay = 0.73> <CoreInst = "Sel">   --->   Core 73 'Sel' <Latency = 0> <II = 1> <Delay = 0.69> <FuncUnit> <Opcode : 'select'> <InPorts = 3> <OutPorts = 1>
ST_57 : Operation 336 [1/2] (2.04ns)   --->   "%x_l_FH_V_35 = sub i17 %x_l_FH_V_34, i17 %mul_FH_V_4"   --->   Operation 336 'sub' 'x_l_FH_V_35' <Predicate = true> <Delay = 2.04> <CoreInst = "Adder">   --->   Core 1 'Adder' <Latency = 1> <II = 1> <Delay = 1.93> <FuncUnit> <Opcode : 'add' 'sub'> <InPorts = 2> <OutPorts = 1>
ST_57 : Operation 337 [1/1] (0.00ns) (grouped into LUT with out node and_ln318_6)   --->   "%xor_ln1494_5 = xor i1 %icmp_ln1494_5, i1 1"   --->   Operation 337 'xor' 'xor_ln1494_5' <Predicate = true> <Delay = 0.00> <CoreInst = "LogicGate">   --->   Core 74 'LogicGate' <Latency = 0> <II = 1> <Delay = 0.97> <FuncUnit> <Opcode : 'and' 'or' 'xor'> <InPorts = 2> <OutPorts = 1>
ST_57 : Operation 338 [1/1] (0.97ns) (out node of the LUT)   --->   "%and_ln318_6 = and i1 %or_ln318_5, i1 %xor_ln1494_5" [/home/rcslfpgaserver/Softwares/Xilinx/Vitis_HLS/2020.2/common/technology/autopilot/hls_sqrt_apfixed.h:318]   --->   Operation 338 'and' 'and_ln318_6' <Predicate = true> <Delay = 0.97> <CoreInst = "LogicGate">   --->   Core 74 'LogicGate' <Latency = 0> <II = 1> <Delay = 0.97> <FuncUnit> <Opcode : 'and' 'or' 'xor'> <InPorts = 2> <OutPorts = 1>

State 58 <SV = 57> <Delay = 2.07>
ST_58 : Operation 339 [2/2] (2.07ns)   --->   "%x_l_I_V_90 = sub i19 %x_l_I_V_37, i19 %zext_ln318_5"   --->   Operation 339 'sub' 'x_l_I_V_90' <Predicate = (!and_ln318_6)> <Delay = 2.07> <CoreInst = "Adder">   --->   Core 1 'Adder' <Latency = 1> <II = 1> <Delay = 1.93> <FuncUnit> <Opcode : 'add' 'sub'> <InPorts = 2> <OutPorts = 1>
ST_58 : Operation 340 [1/1] (0.78ns)   --->   "%x_l_FH_V_36 = select i1 %and_ln318_6, i17 %x_l_FH_V_34, i17 %x_l_FH_V_35" [/home/rcslfpgaserver/Softwares/Xilinx/Vitis_HLS/2020.2/common/technology/autopilot/hls_sqrt_apfixed.h:318]   --->   Operation 340 'select' 'x_l_FH_V_36' <Predicate = true> <Delay = 0.78> <CoreInst = "Sel">   --->   Core 73 'Sel' <Latency = 0> <II = 1> <Delay = 0.69> <FuncUnit> <Opcode : 'select'> <InPorts = 3> <OutPorts = 1>

State 59 <SV = 58> <Delay = 2.07>
ST_59 : Operation 341 [1/2] (2.07ns)   --->   "%x_l_I_V_90 = sub i19 %x_l_I_V_37, i19 %zext_ln318_5"   --->   Operation 341 'sub' 'x_l_I_V_90' <Predicate = (!and_ln318_6)> <Delay = 2.07> <CoreInst = "Adder">   --->   Core 1 'Adder' <Latency = 1> <II = 1> <Delay = 1.93> <FuncUnit> <Opcode : 'add' 'sub'> <InPorts = 2> <OutPorts = 1>

State 60 <SV = 59> <Delay = 0.73>
ST_60 : Operation 342 [1/1] (0.73ns)   --->   "%x_l_I_V_91 = select i1 %and_ln318_6, i19 %x_l_I_V_89, i19 %x_l_I_V_90" [/home/rcslfpgaserver/Softwares/Xilinx/Vitis_HLS/2020.2/common/technology/autopilot/hls_sqrt_apfixed.h:318]   --->   Operation 342 'select' 'x_l_I_V_91' <Predicate = true> <Delay = 0.73> <CoreInst = "Sel">   --->   Core 73 'Sel' <Latency = 0> <II = 1> <Delay = 0.69> <FuncUnit> <Opcode : 'select'> <InPorts = 3> <OutPorts = 1>

State 61 <SV = 60> <Delay = 2.07>
ST_61 : Operation 343 [1/1] (0.00ns)   --->   "%p_Result_62 = bitset i17 @_ssdm_op_BitSet.i17.i17.i32.i1, i17 %res_FH_V_37, i32 11, i1 1"   --->   Operation 343 'bitset' 'p_Result_62' <Predicate = (!and_ln318_6)> <Delay = 0.00>
ST_61 : Operation 344 [1/1] (0.78ns)   --->   "%res_FH_V_38 = select i1 %and_ln318_6, i17 %res_FH_V_37, i17 %p_Result_62" [/home/rcslfpgaserver/Softwares/Xilinx/Vitis_HLS/2020.2/common/technology/autopilot/hls_sqrt_apfixed.h:318]   --->   Operation 344 'select' 'res_FH_V_38' <Predicate = true> <Delay = 0.78> <CoreInst = "Sel">   --->   Core 73 'Sel' <Latency = 0> <II = 1> <Delay = 0.69> <FuncUnit> <Opcode : 'select'> <InPorts = 3> <OutPorts = 1>
ST_61 : Operation 345 [1/1] (0.00ns)   --->   "%p_Result_25 = partselect i7 @_ssdm_op_PartSelect.i7.i17.i32.i32, i17 %res_FH_V_38, i32 10, i32 16"   --->   Operation 345 'partselect' 'p_Result_25' <Predicate = true> <Delay = 0.00>
ST_61 : Operation 346 [2/2] (2.07ns)   --->   "%x_l_I_V_40 = add i19 %x_l_I_V_91, i19 524287"   --->   Operation 346 'add' 'x_l_I_V_40' <Predicate = true> <Delay = 2.07> <CoreInst = "Adder">   --->   Core 1 'Adder' <Latency = 1> <II = 1> <Delay = 1.93> <FuncUnit> <Opcode : 'add' 'sub'> <InPorts = 2> <OutPorts = 1>

State 62 <SV = 61> <Delay = 2.43>
ST_62 : Operation 347 [1/1] (0.00ns)   --->   "%mul_FH_V_5 = bitconcatenate i17 @_ssdm_op_BitConcatenate.i17.i6.i7.i4, i6 %trunc_ln104_5, i7 %p_Result_25, i4 8"   --->   Operation 347 'bitconcatenate' 'mul_FH_V_5' <Predicate = true> <Delay = 0.00>
ST_62 : Operation 348 [1/1] (2.43ns)   --->   "%icmp_ln318_21 = icmp_ult  i17 %x_l_FH_V_36, i17 %mul_FH_V_5" [/home/rcslfpgaserver/Softwares/Xilinx/Vitis_HLS/2020.2/common/technology/autopilot/hls_sqrt_apfixed.h:318]   --->   Operation 348 'icmp' 'icmp_ln318_21' <Predicate = true> <Delay = 2.43> <CoreInst = "Cmp">   --->   Core 9 'Cmp' <Latency = 0> <II = 1> <Delay = 2.43> <FuncUnit> <Opcode : 'icmp'> <InPorts = 2> <OutPorts = 1>
ST_62 : Operation 349 [1/2] (2.07ns)   --->   "%x_l_I_V_40 = add i19 %x_l_I_V_91, i19 524287"   --->   Operation 349 'add' 'x_l_I_V_40' <Predicate = true> <Delay = 2.07> <CoreInst = "Adder">   --->   Core 1 'Adder' <Latency = 1> <II = 1> <Delay = 1.93> <FuncUnit> <Opcode : 'add' 'sub'> <InPorts = 2> <OutPorts = 1>

State 63 <SV = 62> <Delay = 0.73>
ST_63 : Operation 350 [1/1] (0.73ns)   --->   "%x_l_I_V_41 = select i1 %icmp_ln318_21, i19 %x_l_I_V_40, i19 %x_l_I_V_91" [/home/rcslfpgaserver/Softwares/Xilinx/Vitis_HLS/2020.2/common/technology/autopilot/hls_sqrt_apfixed.h:339]   --->   Operation 350 'select' 'x_l_I_V_41' <Predicate = true> <Delay = 0.73> <CoreInst = "Sel">   --->   Core 73 'Sel' <Latency = 0> <II = 1> <Delay = 0.69> <FuncUnit> <Opcode : 'select'> <InPorts = 3> <OutPorts = 1>

State 64 <SV = 63> <Delay = 2.43>
ST_64 : Operation 351 [1/1] (0.00ns)   --->   "%trunc_ln318_6 = bitconcatenate i17 @_ssdm_op_BitConcatenate.i17.i15.i2, i15 0, i2 %tmp_19" [/home/rcslfpgaserver/Softwares/Xilinx/Vitis_HLS/2020.2/common/technology/autopilot/hls_sqrt_apfixed.h:318]   --->   Operation 351 'bitconcatenate' 'trunc_ln318_6' <Predicate = true> <Delay = 0.00>
ST_64 : Operation 352 [1/1] (0.00ns)   --->   "%zext_ln318_6 = zext i17 %trunc_ln318_6" [/home/rcslfpgaserver/Softwares/Xilinx/Vitis_HLS/2020.2/common/technology/autopilot/hls_sqrt_apfixed.h:318]   --->   Operation 352 'zext' 'zext_ln318_6' <Predicate = true> <Delay = 0.00>
ST_64 : Operation 353 [1/1] (2.43ns)   --->   "%icmp_ln318_20 = icmp_ne  i19 %x_l_I_V_91, i19 %zext_ln318_6" [/home/rcslfpgaserver/Softwares/Xilinx/Vitis_HLS/2020.2/common/technology/autopilot/hls_sqrt_apfixed.h:318]   --->   Operation 353 'icmp' 'icmp_ln318_20' <Predicate = true> <Delay = 2.43> <CoreInst = "Cmp">   --->   Core 9 'Cmp' <Latency = 0> <II = 1> <Delay = 2.43> <FuncUnit> <Opcode : 'icmp'> <InPorts = 2> <OutPorts = 1>
ST_64 : Operation 354 [2/2] (2.07ns)   --->   "%x_l_I_V_92 = sub i19 %x_l_I_V_41, i19 %zext_ln318_6"   --->   Operation 354 'sub' 'x_l_I_V_92' <Predicate = true> <Delay = 2.07> <CoreInst = "Adder">   --->   Core 1 'Adder' <Latency = 1> <II = 1> <Delay = 1.93> <FuncUnit> <Opcode : 'add' 'sub'> <InPorts = 2> <OutPorts = 1>
ST_64 : Operation 355 [2/2] (2.04ns)   --->   "%x_l_FH_V_37 = sub i17 %x_l_FH_V_36, i17 %mul_FH_V_5"   --->   Operation 355 'sub' 'x_l_FH_V_37' <Predicate = true> <Delay = 2.04> <CoreInst = "Adder">   --->   Core 1 'Adder' <Latency = 1> <II = 1> <Delay = 1.93> <FuncUnit> <Opcode : 'add' 'sub'> <InPorts = 2> <OutPorts = 1>
ST_64 : Operation 356 [1/1] (2.43ns)   --->   "%icmp_ln1494_6 = icmp_ult  i19 %zext_ln318_6, i19 %x_l_I_V_91"   --->   Operation 356 'icmp' 'icmp_ln1494_6' <Predicate = true> <Delay = 2.43> <CoreInst = "Cmp">   --->   Core 9 'Cmp' <Latency = 0> <II = 1> <Delay = 2.43> <FuncUnit> <Opcode : 'icmp'> <InPorts = 2> <OutPorts = 1>

State 65 <SV = 64> <Delay = 2.07>
ST_65 : Operation 357 [1/1] (0.00ns) (grouped into LUT with out node and_ln318_7)   --->   "%or_ln318_6 = or i1 %icmp_ln318_20, i1 %icmp_ln318_21" [/home/rcslfpgaserver/Softwares/Xilinx/Vitis_HLS/2020.2/common/technology/autopilot/hls_sqrt_apfixed.h:318]   --->   Operation 357 'or' 'or_ln318_6' <Predicate = true> <Delay = 0.00> <CoreInst = "LogicGate">   --->   Core 74 'LogicGate' <Latency = 0> <II = 1> <Delay = 0.97> <FuncUnit> <Opcode : 'and' 'or' 'xor'> <InPorts = 2> <OutPorts = 1>
ST_65 : Operation 358 [1/2] (2.07ns)   --->   "%x_l_I_V_92 = sub i19 %x_l_I_V_41, i19 %zext_ln318_6"   --->   Operation 358 'sub' 'x_l_I_V_92' <Predicate = true> <Delay = 2.07> <CoreInst = "Adder">   --->   Core 1 'Adder' <Latency = 1> <II = 1> <Delay = 1.93> <FuncUnit> <Opcode : 'add' 'sub'> <InPorts = 2> <OutPorts = 1>
ST_65 : Operation 359 [1/2] (2.04ns)   --->   "%x_l_FH_V_37 = sub i17 %x_l_FH_V_36, i17 %mul_FH_V_5"   --->   Operation 359 'sub' 'x_l_FH_V_37' <Predicate = true> <Delay = 2.04> <CoreInst = "Adder">   --->   Core 1 'Adder' <Latency = 1> <II = 1> <Delay = 1.93> <FuncUnit> <Opcode : 'add' 'sub'> <InPorts = 2> <OutPorts = 1>
ST_65 : Operation 360 [1/1] (0.00ns) (grouped into LUT with out node and_ln318_7)   --->   "%xor_ln1494_6 = xor i1 %icmp_ln1494_6, i1 1"   --->   Operation 360 'xor' 'xor_ln1494_6' <Predicate = true> <Delay = 0.00> <CoreInst = "LogicGate">   --->   Core 74 'LogicGate' <Latency = 0> <II = 1> <Delay = 0.97> <FuncUnit> <Opcode : 'and' 'or' 'xor'> <InPorts = 2> <OutPorts = 1>
ST_65 : Operation 361 [1/1] (0.97ns) (out node of the LUT)   --->   "%and_ln318_7 = and i1 %or_ln318_6, i1 %xor_ln1494_6" [/home/rcslfpgaserver/Softwares/Xilinx/Vitis_HLS/2020.2/common/technology/autopilot/hls_sqrt_apfixed.h:318]   --->   Operation 361 'and' 'and_ln318_7' <Predicate = true> <Delay = 0.97> <CoreInst = "LogicGate">   --->   Core 74 'LogicGate' <Latency = 0> <II = 1> <Delay = 0.97> <FuncUnit> <Opcode : 'and' 'or' 'xor'> <InPorts = 2> <OutPorts = 1>

State 66 <SV = 65> <Delay = 0.78>
ST_66 : Operation 362 [1/1] (0.78ns)   --->   "%x_l_FH_V_38 = select i1 %and_ln318_7, i17 %x_l_FH_V_36, i17 %x_l_FH_V_37" [/home/rcslfpgaserver/Softwares/Xilinx/Vitis_HLS/2020.2/common/technology/autopilot/hls_sqrt_apfixed.h:318]   --->   Operation 362 'select' 'x_l_FH_V_38' <Predicate = true> <Delay = 0.78> <CoreInst = "Sel">   --->   Core 73 'Sel' <Latency = 0> <II = 1> <Delay = 0.69> <FuncUnit> <Opcode : 'select'> <InPorts = 3> <OutPorts = 1>
ST_66 : Operation 363 [1/1] (0.73ns)   --->   "%x_l_I_V_93 = select i1 %and_ln318_7, i19 %x_l_I_V_91, i19 %x_l_I_V_92" [/home/rcslfpgaserver/Softwares/Xilinx/Vitis_HLS/2020.2/common/technology/autopilot/hls_sqrt_apfixed.h:318]   --->   Operation 363 'select' 'x_l_I_V_93' <Predicate = true> <Delay = 0.73> <CoreInst = "Sel">   --->   Core 73 'Sel' <Latency = 0> <II = 1> <Delay = 0.69> <FuncUnit> <Opcode : 'select'> <InPorts = 3> <OutPorts = 1>

State 67 <SV = 66> <Delay = 2.07>
ST_67 : Operation 364 [1/1] (0.00ns)   --->   "%p_Result_63 = bitset i17 @_ssdm_op_BitSet.i17.i17.i32.i1, i17 %res_FH_V_38, i32 10, i1 1"   --->   Operation 364 'bitset' 'p_Result_63' <Predicate = (!and_ln318_7)> <Delay = 0.00>
ST_67 : Operation 365 [1/1] (0.78ns)   --->   "%res_FH_V_39 = select i1 %and_ln318_7, i17 %res_FH_V_38, i17 %p_Result_63" [/home/rcslfpgaserver/Softwares/Xilinx/Vitis_HLS/2020.2/common/technology/autopilot/hls_sqrt_apfixed.h:318]   --->   Operation 365 'select' 'res_FH_V_39' <Predicate = true> <Delay = 0.78> <CoreInst = "Sel">   --->   Core 73 'Sel' <Latency = 0> <II = 1> <Delay = 0.69> <FuncUnit> <Opcode : 'select'> <InPorts = 3> <OutPorts = 1>
ST_67 : Operation 366 [1/1] (0.00ns)   --->   "%p_Result_26 = partselect i8 @_ssdm_op_PartSelect.i8.i17.i32.i32, i17 %res_FH_V_39, i32 9, i32 16"   --->   Operation 366 'partselect' 'p_Result_26' <Predicate = true> <Delay = 0.00>
ST_67 : Operation 367 [2/2] (2.07ns)   --->   "%x_l_I_V_44 = add i19 %x_l_I_V_93, i19 524287"   --->   Operation 367 'add' 'x_l_I_V_44' <Predicate = true> <Delay = 2.07> <CoreInst = "Adder">   --->   Core 1 'Adder' <Latency = 1> <II = 1> <Delay = 1.93> <FuncUnit> <Opcode : 'add' 'sub'> <InPorts = 2> <OutPorts = 1>

State 68 <SV = 67> <Delay = 2.43>
ST_68 : Operation 368 [1/1] (0.00ns)   --->   "%mul_FH_V_6 = bitconcatenate i17 @_ssdm_op_BitConcatenate.i17.i7.i8.i2, i7 %trunc_ln104_6, i8 %p_Result_26, i2 2"   --->   Operation 368 'bitconcatenate' 'mul_FH_V_6' <Predicate = true> <Delay = 0.00>
ST_68 : Operation 369 [1/1] (2.43ns)   --->   "%icmp_ln318_23 = icmp_ult  i17 %x_l_FH_V_38, i17 %mul_FH_V_6" [/home/rcslfpgaserver/Softwares/Xilinx/Vitis_HLS/2020.2/common/technology/autopilot/hls_sqrt_apfixed.h:318]   --->   Operation 369 'icmp' 'icmp_ln318_23' <Predicate = true> <Delay = 2.43> <CoreInst = "Cmp">   --->   Core 9 'Cmp' <Latency = 0> <II = 1> <Delay = 2.43> <FuncUnit> <Opcode : 'icmp'> <InPorts = 2> <OutPorts = 1>
ST_68 : Operation 370 [1/2] (2.07ns)   --->   "%x_l_I_V_44 = add i19 %x_l_I_V_93, i19 524287"   --->   Operation 370 'add' 'x_l_I_V_44' <Predicate = true> <Delay = 2.07> <CoreInst = "Adder">   --->   Core 1 'Adder' <Latency = 1> <II = 1> <Delay = 1.93> <FuncUnit> <Opcode : 'add' 'sub'> <InPorts = 2> <OutPorts = 1>

State 69 <SV = 68> <Delay = 2.43>
ST_69 : Operation 371 [1/1] (0.00ns)   --->   "%trunc_ln318_7 = bitconcatenate i17 @_ssdm_op_BitConcatenate.i17.i16.i1, i16 0, i1 %tmp_45" [/home/rcslfpgaserver/Softwares/Xilinx/Vitis_HLS/2020.2/common/technology/autopilot/hls_sqrt_apfixed.h:318]   --->   Operation 371 'bitconcatenate' 'trunc_ln318_7' <Predicate = true> <Delay = 0.00>
ST_69 : Operation 372 [1/1] (0.00ns)   --->   "%zext_ln318_7 = zext i17 %trunc_ln318_7" [/home/rcslfpgaserver/Softwares/Xilinx/Vitis_HLS/2020.2/common/technology/autopilot/hls_sqrt_apfixed.h:318]   --->   Operation 372 'zext' 'zext_ln318_7' <Predicate = true> <Delay = 0.00>
ST_69 : Operation 373 [1/1] (2.43ns)   --->   "%icmp_ln318_22 = icmp_ne  i19 %x_l_I_V_93, i19 %zext_ln318_7" [/home/rcslfpgaserver/Softwares/Xilinx/Vitis_HLS/2020.2/common/technology/autopilot/hls_sqrt_apfixed.h:318]   --->   Operation 373 'icmp' 'icmp_ln318_22' <Predicate = true> <Delay = 2.43> <CoreInst = "Cmp">   --->   Core 9 'Cmp' <Latency = 0> <II = 1> <Delay = 2.43> <FuncUnit> <Opcode : 'icmp'> <InPorts = 2> <OutPorts = 1>
ST_69 : Operation 374 [1/1] (0.73ns)   --->   "%x_l_I_V_45 = select i1 %icmp_ln318_23, i19 %x_l_I_V_44, i19 %x_l_I_V_93" [/home/rcslfpgaserver/Softwares/Xilinx/Vitis_HLS/2020.2/common/technology/autopilot/hls_sqrt_apfixed.h:339]   --->   Operation 374 'select' 'x_l_I_V_45' <Predicate = true> <Delay = 0.73> <CoreInst = "Sel">   --->   Core 73 'Sel' <Latency = 0> <II = 1> <Delay = 0.69> <FuncUnit> <Opcode : 'select'> <InPorts = 3> <OutPorts = 1>
ST_69 : Operation 375 [2/2] (2.04ns)   --->   "%x_l_FH_V_39 = sub i17 %x_l_FH_V_38, i17 %mul_FH_V_6"   --->   Operation 375 'sub' 'x_l_FH_V_39' <Predicate = true> <Delay = 2.04> <CoreInst = "Adder">   --->   Core 1 'Adder' <Latency = 1> <II = 1> <Delay = 1.93> <FuncUnit> <Opcode : 'add' 'sub'> <InPorts = 2> <OutPorts = 1>
ST_69 : Operation 376 [1/1] (2.43ns)   --->   "%icmp_ln1494_7 = icmp_ult  i19 %zext_ln318_7, i19 %x_l_I_V_93"   --->   Operation 376 'icmp' 'icmp_ln1494_7' <Predicate = true> <Delay = 2.43> <CoreInst = "Cmp">   --->   Core 9 'Cmp' <Latency = 0> <II = 1> <Delay = 2.43> <FuncUnit> <Opcode : 'icmp'> <InPorts = 2> <OutPorts = 1>

State 70 <SV = 69> <Delay = 2.07>
ST_70 : Operation 377 [1/1] (0.00ns) (grouped into LUT with out node and_ln318_8)   --->   "%or_ln318_7 = or i1 %icmp_ln318_22, i1 %icmp_ln318_23" [/home/rcslfpgaserver/Softwares/Xilinx/Vitis_HLS/2020.2/common/technology/autopilot/hls_sqrt_apfixed.h:318]   --->   Operation 377 'or' 'or_ln318_7' <Predicate = true> <Delay = 0.00> <CoreInst = "LogicGate">   --->   Core 74 'LogicGate' <Latency = 0> <II = 1> <Delay = 0.97> <FuncUnit> <Opcode : 'and' 'or' 'xor'> <InPorts = 2> <OutPorts = 1>
ST_70 : Operation 378 [2/2] (2.07ns)   --->   "%x_l_I_V_94 = sub i19 %x_l_I_V_45, i19 %zext_ln318_7"   --->   Operation 378 'sub' 'x_l_I_V_94' <Predicate = true> <Delay = 2.07> <CoreInst = "Adder">   --->   Core 1 'Adder' <Latency = 1> <II = 1> <Delay = 1.93> <FuncUnit> <Opcode : 'add' 'sub'> <InPorts = 2> <OutPorts = 1>
ST_70 : Operation 379 [1/2] (2.04ns)   --->   "%x_l_FH_V_39 = sub i17 %x_l_FH_V_38, i17 %mul_FH_V_6"   --->   Operation 379 'sub' 'x_l_FH_V_39' <Predicate = true> <Delay = 2.04> <CoreInst = "Adder">   --->   Core 1 'Adder' <Latency = 1> <II = 1> <Delay = 1.93> <FuncUnit> <Opcode : 'add' 'sub'> <InPorts = 2> <OutPorts = 1>
ST_70 : Operation 380 [1/1] (0.00ns) (grouped into LUT with out node and_ln318_8)   --->   "%xor_ln1494_7 = xor i1 %icmp_ln1494_7, i1 1"   --->   Operation 380 'xor' 'xor_ln1494_7' <Predicate = true> <Delay = 0.00> <CoreInst = "LogicGate">   --->   Core 74 'LogicGate' <Latency = 0> <II = 1> <Delay = 0.97> <FuncUnit> <Opcode : 'and' 'or' 'xor'> <InPorts = 2> <OutPorts = 1>
ST_70 : Operation 381 [1/1] (0.97ns) (out node of the LUT)   --->   "%and_ln318_8 = and i1 %or_ln318_7, i1 %xor_ln1494_7" [/home/rcslfpgaserver/Softwares/Xilinx/Vitis_HLS/2020.2/common/technology/autopilot/hls_sqrt_apfixed.h:318]   --->   Operation 381 'and' 'and_ln318_8' <Predicate = true> <Delay = 0.97> <CoreInst = "LogicGate">   --->   Core 74 'LogicGate' <Latency = 0> <II = 1> <Delay = 0.97> <FuncUnit> <Opcode : 'and' 'or' 'xor'> <InPorts = 2> <OutPorts = 1>

State 71 <SV = 70> <Delay = 2.07>
ST_71 : Operation 382 [1/2] (2.07ns)   --->   "%x_l_I_V_94 = sub i19 %x_l_I_V_45, i19 %zext_ln318_7"   --->   Operation 382 'sub' 'x_l_I_V_94' <Predicate = true> <Delay = 2.07> <CoreInst = "Adder">   --->   Core 1 'Adder' <Latency = 1> <II = 1> <Delay = 1.93> <FuncUnit> <Opcode : 'add' 'sub'> <InPorts = 2> <OutPorts = 1>
ST_71 : Operation 383 [1/1] (0.00ns)   --->   "%p_Result_64 = bitset i17 @_ssdm_op_BitSet.i17.i17.i32.i1, i17 %res_FH_V_39, i32 9, i1 1"   --->   Operation 383 'bitset' 'p_Result_64' <Predicate = (!and_ln318_8)> <Delay = 0.00>
ST_71 : Operation 384 [1/1] (0.78ns)   --->   "%res_FH_V = select i1 %and_ln318_8, i17 %res_FH_V_39, i17 %p_Result_64" [/home/rcslfpgaserver/Softwares/Xilinx/Vitis_HLS/2020.2/common/technology/autopilot/hls_sqrt_apfixed.h:318]   --->   Operation 384 'select' 'res_FH_V' <Predicate = true> <Delay = 0.78> <CoreInst = "Sel">   --->   Core 73 'Sel' <Latency = 0> <II = 1> <Delay = 0.69> <FuncUnit> <Opcode : 'select'> <InPorts = 3> <OutPorts = 1>
ST_71 : Operation 385 [1/1] (0.78ns)   --->   "%x_l_FH_V_40 = select i1 %and_ln318_8, i17 %x_l_FH_V_38, i17 %x_l_FH_V_39" [/home/rcslfpgaserver/Softwares/Xilinx/Vitis_HLS/2020.2/common/technology/autopilot/hls_sqrt_apfixed.h:318]   --->   Operation 385 'select' 'x_l_FH_V_40' <Predicate = true> <Delay = 0.78> <CoreInst = "Sel">   --->   Core 73 'Sel' <Latency = 0> <II = 1> <Delay = 0.69> <FuncUnit> <Opcode : 'select'> <InPorts = 3> <OutPorts = 1>
ST_71 : Operation 386 [1/1] (0.00ns)   --->   "%p_Result_27 = partselect i9 @_ssdm_op_PartSelect.i9.i17.i32.i32, i17 %res_FH_V, i32 8, i32 16"   --->   Operation 386 'partselect' 'p_Result_27' <Predicate = true> <Delay = 0.00>

State 72 <SV = 71> <Delay = 2.43>
ST_72 : Operation 387 [1/1] (0.73ns)   --->   "%x_l_I_V_95 = select i1 %and_ln318_8, i19 %x_l_I_V_93, i19 %x_l_I_V_94" [/home/rcslfpgaserver/Softwares/Xilinx/Vitis_HLS/2020.2/common/technology/autopilot/hls_sqrt_apfixed.h:318]   --->   Operation 387 'select' 'x_l_I_V_95' <Predicate = true> <Delay = 0.73> <CoreInst = "Sel">   --->   Core 73 'Sel' <Latency = 0> <II = 1> <Delay = 0.69> <FuncUnit> <Opcode : 'select'> <InPorts = 3> <OutPorts = 1>
ST_72 : Operation 388 [1/1] (0.00ns)   --->   "%mul_FH_V_7 = bitconcatenate i17 @_ssdm_op_BitConcatenate.i17.i8.i9, i8 %res_I_V, i9 %p_Result_27"   --->   Operation 388 'bitconcatenate' 'mul_FH_V_7' <Predicate = true> <Delay = 0.00>
ST_72 : Operation 389 [1/1] (2.43ns)   --->   "%icmp_ln1494_9 = icmp_ugt  i17 %x_l_FH_V_40, i17 %mul_FH_V_7"   --->   Operation 389 'icmp' 'icmp_ln1494_9' <Predicate = true> <Delay = 2.43> <CoreInst = "Cmp">   --->   Core 9 'Cmp' <Latency = 0> <II = 1> <Delay = 2.43> <FuncUnit> <Opcode : 'icmp'> <InPorts = 2> <OutPorts = 1>
ST_72 : Operation 390 [1/1] (2.43ns)   --->   "%icmp_ln331 = icmp_ult  i17 %mul_FH_V_7, i17 %x_l_FH_V_40" [/home/rcslfpgaserver/Softwares/Xilinx/Vitis_HLS/2020.2/common/technology/autopilot/hls_sqrt_apfixed.h:331]   --->   Operation 390 'icmp' 'icmp_ln331' <Predicate = true> <Delay = 2.43> <CoreInst = "Cmp">   --->   Core 9 'Cmp' <Latency = 0> <II = 1> <Delay = 2.43> <FuncUnit> <Opcode : 'icmp'> <InPorts = 2> <OutPorts = 1>
ST_72 : Operation 391 [1/1] (1.00ns)   --->   "%xor_ln703 = xor i17 %mul_FH_V_7, i17 131071"   --->   Operation 391 'xor' 'xor_ln703' <Predicate = true> <Delay = 1.00> <CoreInst = "LogicGate">   --->   Core 74 'LogicGate' <Latency = 0> <II = 1> <Delay = 0.97> <FuncUnit> <Opcode : 'and' 'or' 'xor'> <InPorts = 2> <OutPorts = 1>

State 73 <SV = 72> <Delay = 2.43>
ST_73 : Operation 392 [1/1] (2.43ns)   --->   "%icmp_ln1494_8 = icmp_ne  i19 %x_l_I_V_95, i19 0"   --->   Operation 392 'icmp' 'icmp_ln1494_8' <Predicate = true> <Delay = 2.43> <CoreInst = "Cmp">   --->   Core 9 'Cmp' <Latency = 0> <II = 1> <Delay = 2.43> <FuncUnit> <Opcode : 'icmp'> <InPorts = 2> <OutPorts = 1>
ST_73 : Operation 393 [1/1] (2.43ns)   --->   "%icmp_ln1498 = icmp_eq  i19 %x_l_I_V_95, i19 0"   --->   Operation 393 'icmp' 'icmp_ln1498' <Predicate = true> <Delay = 2.43> <CoreInst = "Cmp">   --->   Core 9 'Cmp' <Latency = 0> <II = 1> <Delay = 2.43> <FuncUnit> <Opcode : 'icmp'> <InPorts = 2> <OutPorts = 1>
ST_73 : Operation 394 [2/2] (2.07ns)   --->   "%x_l_I_V_48 = add i19 %x_l_I_V_95, i19 524287"   --->   Operation 394 'add' 'x_l_I_V_48' <Predicate = true> <Delay = 2.07> <CoreInst = "Adder">   --->   Core 1 'Adder' <Latency = 1> <II = 1> <Delay = 1.93> <FuncUnit> <Opcode : 'add' 'sub'> <InPorts = 2> <OutPorts = 1>
ST_73 : Operation 395 [2/2] (2.04ns)   --->   "%x_l_FH_V_41 = add i17 %x_l_FH_V_40, i17 %xor_ln703"   --->   Operation 395 'add' 'x_l_FH_V_41' <Predicate = true> <Delay = 2.04> <CoreInst = "Adder">   --->   Core 1 'Adder' <Latency = 1> <II = 1> <Delay = 1.93> <FuncUnit> <Opcode : 'add' 'sub'> <InPorts = 2> <OutPorts = 1>

State 74 <SV = 73> <Delay = 2.07>
ST_74 : Operation 396 [1/1] (0.00ns) (grouped into LUT with out node or_ln318_16)   --->   "%and_ln318 = and i1 %icmp_ln1498, i1 %icmp_ln1494_9" [/home/rcslfpgaserver/Softwares/Xilinx/Vitis_HLS/2020.2/common/technology/autopilot/hls_sqrt_apfixed.h:318]   --->   Operation 396 'and' 'and_ln318' <Predicate = true> <Delay = 0.00> <CoreInst = "LogicGate">   --->   Core 74 'LogicGate' <Latency = 0> <II = 1> <Delay = 0.97> <FuncUnit> <Opcode : 'and' 'or' 'xor'> <InPorts = 2> <OutPorts = 1>
ST_74 : Operation 397 [1/2] (2.07ns)   --->   "%x_l_I_V_48 = add i19 %x_l_I_V_95, i19 524287"   --->   Operation 397 'add' 'x_l_I_V_48' <Predicate = true> <Delay = 2.07> <CoreInst = "Adder">   --->   Core 1 'Adder' <Latency = 1> <II = 1> <Delay = 1.93> <FuncUnit> <Opcode : 'add' 'sub'> <InPorts = 2> <OutPorts = 1>
ST_74 : Operation 398 [1/2] (2.04ns)   --->   "%x_l_FH_V_41 = add i17 %x_l_FH_V_40, i17 %xor_ln703"   --->   Operation 398 'add' 'x_l_FH_V_41' <Predicate = true> <Delay = 2.04> <CoreInst = "Adder">   --->   Core 1 'Adder' <Latency = 1> <II = 1> <Delay = 1.93> <FuncUnit> <Opcode : 'add' 'sub'> <InPorts = 2> <OutPorts = 1>
ST_74 : Operation 399 [1/1] (0.97ns) (out node of the LUT)   --->   "%or_ln318_16 = or i1 %icmp_ln1494_8, i1 %and_ln318" [/home/rcslfpgaserver/Softwares/Xilinx/Vitis_HLS/2020.2/common/technology/autopilot/hls_sqrt_apfixed.h:318]   --->   Operation 399 'or' 'or_ln318_16' <Predicate = true> <Delay = 0.97> <CoreInst = "LogicGate">   --->   Core 74 'LogicGate' <Latency = 0> <II = 1> <Delay = 0.97> <FuncUnit> <Opcode : 'and' 'or' 'xor'> <InPorts = 2> <OutPorts = 1>

State 75 <SV = 74> <Delay = 0.97>
ST_75 : Operation 400 [1/1] (0.00ns) (grouped into LUT with out node x_l_I_V_97)   --->   "%xor_ln331_7 = xor i1 %icmp_ln331, i1 1" [/home/rcslfpgaserver/Softwares/Xilinx/Vitis_HLS/2020.2/common/technology/autopilot/hls_sqrt_apfixed.h:331]   --->   Operation 400 'xor' 'xor_ln331_7' <Predicate = (or_ln318_16)> <Delay = 0.00> <CoreInst = "LogicGate">   --->   Core 74 'LogicGate' <Latency = 0> <II = 1> <Delay = 0.97> <FuncUnit> <Opcode : 'and' 'or' 'xor'> <InPorts = 2> <OutPorts = 1>
ST_75 : Operation 401 [1/1] (0.00ns) (grouped into LUT with out node x_l_I_V_97)   --->   "%x_l_I_V_96 = select i1 %xor_ln331_7, i19 %x_l_I_V_48, i19 %x_l_I_V_95" [/home/rcslfpgaserver/Softwares/Xilinx/Vitis_HLS/2020.2/common/technology/autopilot/hls_sqrt_apfixed.h:339]   --->   Operation 401 'select' 'x_l_I_V_96' <Predicate = (or_ln318_16)> <Delay = 0.00> <CoreInst = "Sel">   --->   Core 73 'Sel' <Latency = 0> <II = 1> <Delay = 0.69> <FuncUnit> <Opcode : 'select'> <InPorts = 3> <OutPorts = 1>
ST_75 : Operation 402 [1/1] (0.00ns)   --->   "%p_Result_65 = bitset i17 @_ssdm_op_BitSet.i17.i17.i32.i1, i17 %res_FH_V, i32 8, i1 1"   --->   Operation 402 'bitset' 'p_Result_65' <Predicate = (or_ln318_16)> <Delay = 0.00>
ST_75 : Operation 403 [1/1] (0.78ns)   --->   "%res_FH_V_40 = select i1 %or_ln318_16, i17 %p_Result_65, i17 %res_FH_V" [/home/rcslfpgaserver/Softwares/Xilinx/Vitis_HLS/2020.2/common/technology/autopilot/hls_sqrt_apfixed.h:318]   --->   Operation 403 'select' 'res_FH_V_40' <Predicate = true> <Delay = 0.78> <CoreInst = "Sel">   --->   Core 73 'Sel' <Latency = 0> <II = 1> <Delay = 0.69> <FuncUnit> <Opcode : 'select'> <InPorts = 3> <OutPorts = 1>
ST_75 : Operation 404 [1/1] (0.78ns)   --->   "%x_l_FL_V_15 = select i1 %or_ln318_16, i17 65536, i17 0" [/home/rcslfpgaserver/Softwares/Xilinx/Vitis_HLS/2020.2/common/technology/autopilot/hls_sqrt_apfixed.h:318]   --->   Operation 404 'select' 'x_l_FL_V_15' <Predicate = true> <Delay = 0.78> <CoreInst = "Sel">   --->   Core 73 'Sel' <Latency = 0> <II = 1> <Delay = 0.69> <FuncUnit> <Opcode : 'select'> <InPorts = 3> <OutPorts = 1>
ST_75 : Operation 405 [1/1] (0.78ns)   --->   "%x_l_FH_V_42 = select i1 %or_ln318_16, i17 %x_l_FH_V_41, i17 %x_l_FH_V_40" [/home/rcslfpgaserver/Softwares/Xilinx/Vitis_HLS/2020.2/common/technology/autopilot/hls_sqrt_apfixed.h:318]   --->   Operation 405 'select' 'x_l_FH_V_42' <Predicate = true> <Delay = 0.78> <CoreInst = "Sel">   --->   Core 73 'Sel' <Latency = 0> <II = 1> <Delay = 0.69> <FuncUnit> <Opcode : 'select'> <InPorts = 3> <OutPorts = 1>
ST_75 : Operation 406 [1/1] (0.97ns) (out node of the LUT)   --->   "%x_l_I_V_97 = select i1 %or_ln318_16, i19 %x_l_I_V_96, i19 %x_l_I_V_95" [/home/rcslfpgaserver/Softwares/Xilinx/Vitis_HLS/2020.2/common/technology/autopilot/hls_sqrt_apfixed.h:318]   --->   Operation 406 'select' 'x_l_I_V_97' <Predicate = true> <Delay = 0.97> <CoreInst = "Sel">   --->   Core 73 'Sel' <Latency = 0> <II = 1> <Delay = 0.69> <FuncUnit> <Opcode : 'select'> <InPorts = 3> <OutPorts = 1>
ST_75 : Operation 407 [1/1] (0.00ns)   --->   "%tmp_s = partselect i2 @_ssdm_op_PartSelect.i2.i17.i32.i32, i17 %res_FH_V_40, i32 7, i32 8"   --->   Operation 407 'partselect' 'tmp_s' <Predicate = true> <Delay = 0.00>
ST_75 : Operation 408 [1/1] (0.00ns)   --->   "%tmp_20 = partselect i8 @_ssdm_op_PartSelect.i8.i17.i32.i32, i17 %res_FH_V_40, i32 9, i32 16"   --->   Operation 408 'partselect' 'tmp_20' <Predicate = true> <Delay = 0.00>

State 76 <SV = 75> <Delay = 2.43>
ST_76 : Operation 409 [1/1] (0.00ns)   --->   "%mul_FH_V_8 = bitconcatenate i17 @_ssdm_op_BitConcatenate.i17.i1.i8.i8, i1 0, i8 %res_I_V, i8 %tmp_20"   --->   Operation 409 'bitconcatenate' 'mul_FH_V_8' <Predicate = true> <Delay = 0.00>
ST_76 : Operation 410 [1/1] (0.00ns)   --->   "%mul_FL_V = bitconcatenate i17 @_ssdm_op_BitConcatenate.i17.i2.i15, i2 %tmp_s, i15 16384"   --->   Operation 410 'bitconcatenate' 'mul_FL_V' <Predicate = true> <Delay = 0.00>
ST_76 : Operation 411 [1/1] (2.43ns)   --->   "%icmp_ln318_8 = icmp_ne  i17 %x_l_FH_V_42, i17 %mul_FH_V_8" [/home/rcslfpgaserver/Softwares/Xilinx/Vitis_HLS/2020.2/common/technology/autopilot/hls_sqrt_apfixed.h:318]   --->   Operation 411 'icmp' 'icmp_ln318_8' <Predicate = true> <Delay = 2.43> <CoreInst = "Cmp">   --->   Core 9 'Cmp' <Latency = 0> <II = 1> <Delay = 2.43> <FuncUnit> <Opcode : 'icmp'> <InPorts = 2> <OutPorts = 1>
ST_76 : Operation 412 [1/1] (2.43ns)   --->   "%delta_V = icmp_ult  i17 %x_l_FL_V_15, i17 %mul_FL_V"   --->   Operation 412 'icmp' 'delta_V' <Predicate = true> <Delay = 2.43> <CoreInst = "Cmp">   --->   Core 9 'Cmp' <Latency = 0> <II = 1> <Delay = 2.43> <FuncUnit> <Opcode : 'icmp'> <InPorts = 2> <OutPorts = 1>
ST_76 : Operation 413 [2/2] (2.07ns)   --->   "%x_l_I_V_51 = add i19 %x_l_I_V_97, i19 524287"   --->   Operation 413 'add' 'x_l_I_V_51' <Predicate = true> <Delay = 2.07> <CoreInst = "Adder">   --->   Core 1 'Adder' <Latency = 1> <II = 1> <Delay = 1.93> <FuncUnit> <Opcode : 'add' 'sub'> <InPorts = 2> <OutPorts = 1>
ST_76 : Operation 414 [2/2] (2.04ns)   --->   "%x_l_FL_V = sub i17 %x_l_FL_V_15, i17 %mul_FL_V"   --->   Operation 414 'sub' 'x_l_FL_V' <Predicate = true> <Delay = 2.04> <CoreInst = "Adder">   --->   Core 1 'Adder' <Latency = 1> <II = 1> <Delay = 1.93> <FuncUnit> <Opcode : 'add' 'sub'> <InPorts = 2> <OutPorts = 1>
ST_76 : Operation 415 [1/1] (2.43ns)   --->   "%icmp_ln1498_1 = icmp_eq  i19 %x_l_I_V_97, i19 0"   --->   Operation 415 'icmp' 'icmp_ln1498_1' <Predicate = true> <Delay = 2.43> <CoreInst = "Cmp">   --->   Core 9 'Cmp' <Latency = 0> <II = 1> <Delay = 2.43> <FuncUnit> <Opcode : 'icmp'> <InPorts = 2> <OutPorts = 1>
ST_76 : Operation 416 [1/1] (2.43ns)   --->   "%icmp_ln1494_10 = icmp_ult  i17 %mul_FH_V_8, i17 %x_l_FH_V_42"   --->   Operation 416 'icmp' 'icmp_ln1494_10' <Predicate = true> <Delay = 2.43> <CoreInst = "Cmp">   --->   Core 9 'Cmp' <Latency = 0> <II = 1> <Delay = 2.43> <FuncUnit> <Opcode : 'icmp'> <InPorts = 2> <OutPorts = 1>

State 77 <SV = 76> <Delay = 2.43>
ST_77 : Operation 417 [1/1] (0.00ns) (grouped into LUT with out node and_ln318_10)   --->   "%or_ln318_8 = or i1 %icmp_ln318_8, i1 %delta_V" [/home/rcslfpgaserver/Softwares/Xilinx/Vitis_HLS/2020.2/common/technology/autopilot/hls_sqrt_apfixed.h:318]   --->   Operation 417 'or' 'or_ln318_8' <Predicate = true> <Delay = 0.00> <CoreInst = "LogicGate">   --->   Core 74 'LogicGate' <Latency = 0> <II = 1> <Delay = 0.97> <FuncUnit> <Opcode : 'and' 'or' 'xor'> <InPorts = 2> <OutPorts = 1>
ST_77 : Operation 418 [1/1] (2.43ns)   --->   "%icmp_ln1495 = icmp_ult  i17 %x_l_FH_V_42, i17 %mul_FH_V_8"   --->   Operation 418 'icmp' 'icmp_ln1495' <Predicate = true> <Delay = 2.43> <CoreInst = "Cmp">   --->   Core 9 'Cmp' <Latency = 0> <II = 1> <Delay = 2.43> <FuncUnit> <Opcode : 'icmp'> <InPorts = 2> <OutPorts = 1>
ST_77 : Operation 419 [1/1] (0.99ns)   --->   "%p_neg168 = select i1 %delta_V, i17 131071, i17 0"   --->   Operation 419 'select' 'p_neg168' <Predicate = true> <Delay = 0.99> <CoreInst = "Sel">   --->   Core 73 'Sel' <Latency = 0> <II = 1> <Delay = 0.69> <FuncUnit> <Opcode : 'select'> <InPorts = 3> <OutPorts = 1>
ST_77 : Operation 420 [1/2] (2.07ns)   --->   "%x_l_I_V_51 = add i19 %x_l_I_V_97, i19 524287"   --->   Operation 420 'add' 'x_l_I_V_51' <Predicate = true> <Delay = 2.07> <CoreInst = "Adder">   --->   Core 1 'Adder' <Latency = 1> <II = 1> <Delay = 1.93> <FuncUnit> <Opcode : 'add' 'sub'> <InPorts = 2> <OutPorts = 1>
ST_77 : Operation 421 [1/2] (2.04ns)   --->   "%x_l_FL_V = sub i17 %x_l_FL_V_15, i17 %mul_FL_V"   --->   Operation 421 'sub' 'x_l_FL_V' <Predicate = true> <Delay = 2.04> <CoreInst = "Adder">   --->   Core 1 'Adder' <Latency = 1> <II = 1> <Delay = 1.93> <FuncUnit> <Opcode : 'add' 'sub'> <InPorts = 2> <OutPorts = 1>
ST_77 : Operation 422 [1/1] (0.00ns) (grouped into LUT with out node and_ln318_10)   --->   "%xor_ln1494_8 = xor i1 %icmp_ln1494_10, i1 1"   --->   Operation 422 'xor' 'xor_ln1494_8' <Predicate = true> <Delay = 0.00> <CoreInst = "LogicGate">   --->   Core 74 'LogicGate' <Latency = 0> <II = 1> <Delay = 0.97> <FuncUnit> <Opcode : 'and' 'or' 'xor'> <InPorts = 2> <OutPorts = 1>
ST_77 : Operation 423 [1/1] (0.00ns) (grouped into LUT with out node and_ln318_10)   --->   "%and_ln318_9 = and i1 %xor_ln1494_8, i1 %or_ln318_8" [/home/rcslfpgaserver/Softwares/Xilinx/Vitis_HLS/2020.2/common/technology/autopilot/hls_sqrt_apfixed.h:318]   --->   Operation 423 'and' 'and_ln318_9' <Predicate = true> <Delay = 0.00> <CoreInst = "LogicGate">   --->   Core 74 'LogicGate' <Latency = 0> <II = 1> <Delay = 0.97> <FuncUnit> <Opcode : 'and' 'or' 'xor'> <InPorts = 2> <OutPorts = 1>
ST_77 : Operation 424 [1/1] (0.97ns) (out node of the LUT)   --->   "%and_ln318_10 = and i1 %and_ln318_9, i1 %icmp_ln1498_1" [/home/rcslfpgaserver/Softwares/Xilinx/Vitis_HLS/2020.2/common/technology/autopilot/hls_sqrt_apfixed.h:318]   --->   Operation 424 'and' 'and_ln318_10' <Predicate = true> <Delay = 0.97> <CoreInst = "LogicGate">   --->   Core 74 'LogicGate' <Latency = 0> <II = 1> <Delay = 0.97> <FuncUnit> <Opcode : 'and' 'or' 'xor'> <InPorts = 2> <OutPorts = 1>

State 78 <SV = 77> <Delay = 2.04>
ST_78 : Operation 425 [1/1] (0.00ns) (grouped into LUT with out node x_l_I_V_98)   --->   "%xor_ln331 = xor i1 %delta_V, i1 1" [/home/rcslfpgaserver/Softwares/Xilinx/Vitis_HLS/2020.2/common/technology/autopilot/hls_sqrt_apfixed.h:331]   --->   Operation 425 'xor' 'xor_ln331' <Predicate = (!and_ln318_10)> <Delay = 0.00> <CoreInst = "LogicGate">   --->   Core 74 'LogicGate' <Latency = 0> <II = 1> <Delay = 0.97> <FuncUnit> <Opcode : 'and' 'or' 'xor'> <InPorts = 2> <OutPorts = 1>
ST_78 : Operation 426 [1/1] (0.00ns) (grouped into LUT with out node x_l_I_V_98)   --->   "%or_ln331 = or i1 %icmp_ln318_8, i1 %xor_ln331" [/home/rcslfpgaserver/Softwares/Xilinx/Vitis_HLS/2020.2/common/technology/autopilot/hls_sqrt_apfixed.h:331]   --->   Operation 426 'or' 'or_ln331' <Predicate = (!and_ln318_10)> <Delay = 0.00> <CoreInst = "LogicGate">   --->   Core 74 'LogicGate' <Latency = 0> <II = 1> <Delay = 0.97> <FuncUnit> <Opcode : 'and' 'or' 'xor'> <InPorts = 2> <OutPorts = 1>
ST_78 : Operation 427 [1/1] (0.00ns) (grouped into LUT with out node x_l_I_V_98)   --->   "%xor_ln1495 = xor i1 %icmp_ln1495, i1 1"   --->   Operation 427 'xor' 'xor_ln1495' <Predicate = (!and_ln318_10)> <Delay = 0.00> <CoreInst = "LogicGate">   --->   Core 74 'LogicGate' <Latency = 0> <II = 1> <Delay = 0.97> <FuncUnit> <Opcode : 'and' 'or' 'xor'> <InPorts = 2> <OutPorts = 1>
ST_78 : Operation 428 [1/1] (0.00ns) (grouped into LUT with out node x_l_I_V_98)   --->   "%and_ln331 = and i1 %or_ln331, i1 %xor_ln1495" [/home/rcslfpgaserver/Softwares/Xilinx/Vitis_HLS/2020.2/common/technology/autopilot/hls_sqrt_apfixed.h:331]   --->   Operation 428 'and' 'and_ln331' <Predicate = (!and_ln318_10)> <Delay = 0.00> <CoreInst = "LogicGate">   --->   Core 74 'LogicGate' <Latency = 0> <II = 1> <Delay = 0.97> <FuncUnit> <Opcode : 'and' 'or' 'xor'> <InPorts = 2> <OutPorts = 1>
ST_78 : Operation 429 [1/1] (0.97ns) (out node of the LUT)   --->   "%x_l_I_V_98 = select i1 %and_ln331, i19 %x_l_I_V_97, i19 %x_l_I_V_51" [/home/rcslfpgaserver/Softwares/Xilinx/Vitis_HLS/2020.2/common/technology/autopilot/hls_sqrt_apfixed.h:339]   --->   Operation 429 'select' 'x_l_I_V_98' <Predicate = (!and_ln318_10)> <Delay = 0.97> <CoreInst = "Sel">   --->   Core 73 'Sel' <Latency = 0> <II = 1> <Delay = 0.69> <FuncUnit> <Opcode : 'select'> <InPorts = 3> <OutPorts = 1>
ST_78 : Operation 430 [2/2] (2.04ns)   --->   "%sub_ln703 = sub i17 %p_neg168, i17 %mul_FH_V_8"   --->   Operation 430 'sub' 'sub_ln703' <Predicate = (!and_ln318_10)> <Delay = 2.04> <CoreInst = "Adder">   --->   Core 1 'Adder' <Latency = 1> <II = 1> <Delay = 1.93> <FuncUnit> <Opcode : 'add' 'sub'> <InPorts = 2> <OutPorts = 1>
ST_78 : Operation 431 [1/1] (0.78ns)   --->   "%x_l_FL_V_16 = select i1 %and_ln318_10, i17 %x_l_FL_V_15, i17 %x_l_FL_V" [/home/rcslfpgaserver/Softwares/Xilinx/Vitis_HLS/2020.2/common/technology/autopilot/hls_sqrt_apfixed.h:318]   --->   Operation 431 'select' 'x_l_FL_V_16' <Predicate = true> <Delay = 0.78> <CoreInst = "Sel">   --->   Core 73 'Sel' <Latency = 0> <II = 1> <Delay = 0.69> <FuncUnit> <Opcode : 'select'> <InPorts = 3> <OutPorts = 1>

State 79 <SV = 78> <Delay = 2.04>
ST_79 : Operation 432 [1/2] (2.04ns)   --->   "%sub_ln703 = sub i17 %p_neg168, i17 %mul_FH_V_8"   --->   Operation 432 'sub' 'sub_ln703' <Predicate = (!and_ln318_10)> <Delay = 2.04> <CoreInst = "Adder">   --->   Core 1 'Adder' <Latency = 1> <II = 1> <Delay = 1.93> <FuncUnit> <Opcode : 'add' 'sub'> <InPorts = 2> <OutPorts = 1>
ST_79 : Operation 433 [1/1] (0.73ns) (out node of the LUT)   --->   "%x_l_I_V_99 = select i1 %and_ln318_10, i19 %x_l_I_V_97, i19 %x_l_I_V_98" [/home/rcslfpgaserver/Softwares/Xilinx/Vitis_HLS/2020.2/common/technology/autopilot/hls_sqrt_apfixed.h:318]   --->   Operation 433 'select' 'x_l_I_V_99' <Predicate = true> <Delay = 0.73> <CoreInst = "Sel">   --->   Core 73 'Sel' <Latency = 0> <II = 1> <Delay = 0.69> <FuncUnit> <Opcode : 'select'> <InPorts = 3> <OutPorts = 1>

State 80 <SV = 79> <Delay = 2.04>
ST_80 : Operation 434 [2/2] (2.04ns)   --->   "%x_l_FH_V_43 = add i17 %sub_ln703, i17 %x_l_FH_V_42"   --->   Operation 434 'add' 'x_l_FH_V_43' <Predicate = (!and_ln318_10)> <Delay = 2.04> <CoreInst = "Adder">   --->   Core 1 'Adder' <Latency = 1> <II = 1> <Delay = 1.93> <FuncUnit> <Opcode : 'add' 'sub'> <InPorts = 2> <OutPorts = 1>
ST_80 : Operation 435 [1/1] (0.00ns)   --->   "%p_Result_66 = bitset i17 @_ssdm_op_BitSet.i17.i17.i32.i1, i17 %res_FH_V_40, i32 7, i1 1"   --->   Operation 435 'bitset' 'p_Result_66' <Predicate = (!and_ln318_10)> <Delay = 0.00>
ST_80 : Operation 436 [1/1] (0.78ns)   --->   "%res_FH_V_41 = select i1 %and_ln318_10, i17 %res_FH_V_40, i17 %p_Result_66" [/home/rcslfpgaserver/Softwares/Xilinx/Vitis_HLS/2020.2/common/technology/autopilot/hls_sqrt_apfixed.h:318]   --->   Operation 436 'select' 'res_FH_V_41' <Predicate = true> <Delay = 0.78> <CoreInst = "Sel">   --->   Core 73 'Sel' <Latency = 0> <II = 1> <Delay = 0.69> <FuncUnit> <Opcode : 'select'> <InPorts = 3> <OutPorts = 1>
ST_80 : Operation 437 [1/1] (0.00ns)   --->   "%tmp_7 = partselect i4 @_ssdm_op_PartSelect.i4.i17.i32.i32, i17 %res_FH_V_41, i32 6, i32 9"   --->   Operation 437 'partselect' 'tmp_7' <Predicate = true> <Delay = 0.00>
ST_80 : Operation 438 [1/1] (0.00ns)   --->   "%tmp_21 = partselect i7 @_ssdm_op_PartSelect.i7.i17.i32.i32, i17 %res_FH_V_41, i32 10, i32 16"   --->   Operation 438 'partselect' 'tmp_21' <Predicate = true> <Delay = 0.00>

State 81 <SV = 80> <Delay = 2.43>
ST_81 : Operation 439 [1/2] (2.04ns)   --->   "%x_l_FH_V_43 = add i17 %sub_ln703, i17 %x_l_FH_V_42"   --->   Operation 439 'add' 'x_l_FH_V_43' <Predicate = (!and_ln318_10)> <Delay = 2.04> <CoreInst = "Adder">   --->   Core 1 'Adder' <Latency = 1> <II = 1> <Delay = 1.93> <FuncUnit> <Opcode : 'add' 'sub'> <InPorts = 2> <OutPorts = 1>
ST_81 : Operation 440 [1/1] (0.00ns)   --->   "%mul_FL_V_1 = bitconcatenate i17 @_ssdm_op_BitConcatenate.i17.i4.i13, i4 %tmp_7, i13 4096"   --->   Operation 440 'bitconcatenate' 'mul_FL_V_1' <Predicate = true> <Delay = 0.00>
ST_81 : Operation 441 [1/1] (2.43ns)   --->   "%delta_V_1 = icmp_ult  i17 %x_l_FL_V_16, i17 %mul_FL_V_1"   --->   Operation 441 'icmp' 'delta_V_1' <Predicate = true> <Delay = 2.43> <CoreInst = "Cmp">   --->   Core 9 'Cmp' <Latency = 0> <II = 1> <Delay = 2.43> <FuncUnit> <Opcode : 'icmp'> <InPorts = 2> <OutPorts = 1>

State 82 <SV = 81> <Delay = 2.07>
ST_82 : Operation 442 [1/1] (0.78ns)   --->   "%x_l_FH_V_44 = select i1 %and_ln318_10, i17 %x_l_FH_V_42, i17 %x_l_FH_V_43" [/home/rcslfpgaserver/Softwares/Xilinx/Vitis_HLS/2020.2/common/technology/autopilot/hls_sqrt_apfixed.h:318]   --->   Operation 442 'select' 'x_l_FH_V_44' <Predicate = true> <Delay = 0.78> <CoreInst = "Sel">   --->   Core 73 'Sel' <Latency = 0> <II = 1> <Delay = 0.69> <FuncUnit> <Opcode : 'select'> <InPorts = 3> <OutPorts = 1>
ST_82 : Operation 443 [1/1] (0.99ns)   --->   "%p_neg169 = select i1 %delta_V_1, i17 131071, i17 0"   --->   Operation 443 'select' 'p_neg169' <Predicate = true> <Delay = 0.99> <CoreInst = "Sel">   --->   Core 73 'Sel' <Latency = 0> <II = 1> <Delay = 0.69> <FuncUnit> <Opcode : 'select'> <InPorts = 3> <OutPorts = 1>
ST_82 : Operation 444 [2/2] (2.07ns)   --->   "%x_l_I_V_54 = add i19 %x_l_I_V_99, i19 524287"   --->   Operation 444 'add' 'x_l_I_V_54' <Predicate = true> <Delay = 2.07> <CoreInst = "Adder">   --->   Core 1 'Adder' <Latency = 1> <II = 1> <Delay = 1.93> <FuncUnit> <Opcode : 'add' 'sub'> <InPorts = 2> <OutPorts = 1>

State 83 <SV = 82> <Delay = 2.43>
ST_83 : Operation 445 [1/1] (0.00ns)   --->   "%mul_FH_V_9 = bitconcatenate i17 @_ssdm_op_BitConcatenate.i17.i2.i8.i7, i2 0, i8 %res_I_V, i7 %tmp_21"   --->   Operation 445 'bitconcatenate' 'mul_FH_V_9' <Predicate = true> <Delay = 0.00>
ST_83 : Operation 446 [1/1] (2.43ns)   --->   "%icmp_ln318_9 = icmp_ne  i17 %x_l_FH_V_44, i17 %mul_FH_V_9" [/home/rcslfpgaserver/Softwares/Xilinx/Vitis_HLS/2020.2/common/technology/autopilot/hls_sqrt_apfixed.h:318]   --->   Operation 446 'icmp' 'icmp_ln318_9' <Predicate = true> <Delay = 2.43> <CoreInst = "Cmp">   --->   Core 9 'Cmp' <Latency = 0> <II = 1> <Delay = 2.43> <FuncUnit> <Opcode : 'icmp'> <InPorts = 2> <OutPorts = 1>
ST_83 : Operation 447 [1/1] (2.43ns)   --->   "%icmp_ln1495_1 = icmp_ult  i17 %x_l_FH_V_44, i17 %mul_FH_V_9"   --->   Operation 447 'icmp' 'icmp_ln1495_1' <Predicate = true> <Delay = 2.43> <CoreInst = "Cmp">   --->   Core 9 'Cmp' <Latency = 0> <II = 1> <Delay = 2.43> <FuncUnit> <Opcode : 'icmp'> <InPorts = 2> <OutPorts = 1>
ST_83 : Operation 448 [1/2] (2.07ns)   --->   "%x_l_I_V_54 = add i19 %x_l_I_V_99, i19 524287"   --->   Operation 448 'add' 'x_l_I_V_54' <Predicate = true> <Delay = 2.07> <CoreInst = "Adder">   --->   Core 1 'Adder' <Latency = 1> <II = 1> <Delay = 1.93> <FuncUnit> <Opcode : 'add' 'sub'> <InPorts = 2> <OutPorts = 1>
ST_83 : Operation 449 [2/2] (2.04ns)   --->   "%sub_ln703_3 = sub i17 %p_neg169, i17 %mul_FH_V_9"   --->   Operation 449 'sub' 'sub_ln703_3' <Predicate = true> <Delay = 2.04> <CoreInst = "Adder">   --->   Core 1 'Adder' <Latency = 1> <II = 1> <Delay = 1.93> <FuncUnit> <Opcode : 'add' 'sub'> <InPorts = 2> <OutPorts = 1>
ST_83 : Operation 450 [2/2] (2.04ns)   --->   "%x_l_FL_V_3 = sub i17 %x_l_FL_V_16, i17 %mul_FL_V_1"   --->   Operation 450 'sub' 'x_l_FL_V_3' <Predicate = true> <Delay = 2.04> <CoreInst = "Adder">   --->   Core 1 'Adder' <Latency = 1> <II = 1> <Delay = 1.93> <FuncUnit> <Opcode : 'add' 'sub'> <InPorts = 2> <OutPorts = 1>
ST_83 : Operation 451 [1/1] (2.43ns)   --->   "%icmp_ln1498_2 = icmp_eq  i19 %x_l_I_V_99, i19 0"   --->   Operation 451 'icmp' 'icmp_ln1498_2' <Predicate = true> <Delay = 2.43> <CoreInst = "Cmp">   --->   Core 9 'Cmp' <Latency = 0> <II = 1> <Delay = 2.43> <FuncUnit> <Opcode : 'icmp'> <InPorts = 2> <OutPorts = 1>
ST_83 : Operation 452 [1/1] (2.43ns)   --->   "%icmp_ln1494_11 = icmp_ult  i17 %mul_FH_V_9, i17 %x_l_FH_V_44"   --->   Operation 452 'icmp' 'icmp_ln1494_11' <Predicate = true> <Delay = 2.43> <CoreInst = "Cmp">   --->   Core 9 'Cmp' <Latency = 0> <II = 1> <Delay = 2.43> <FuncUnit> <Opcode : 'icmp'> <InPorts = 2> <OutPorts = 1>

State 84 <SV = 83> <Delay = 2.04>
ST_84 : Operation 453 [1/1] (0.00ns) (grouped into LUT with out node and_ln318_12)   --->   "%or_ln318_9 = or i1 %icmp_ln318_9, i1 %delta_V_1" [/home/rcslfpgaserver/Softwares/Xilinx/Vitis_HLS/2020.2/common/technology/autopilot/hls_sqrt_apfixed.h:318]   --->   Operation 453 'or' 'or_ln318_9' <Predicate = true> <Delay = 0.00> <CoreInst = "LogicGate">   --->   Core 74 'LogicGate' <Latency = 0> <II = 1> <Delay = 0.97> <FuncUnit> <Opcode : 'and' 'or' 'xor'> <InPorts = 2> <OutPorts = 1>
ST_84 : Operation 454 [1/1] (0.00ns) (grouped into LUT with out node x_l_I_V_100)   --->   "%xor_ln331_1 = xor i1 %delta_V_1, i1 1" [/home/rcslfpgaserver/Softwares/Xilinx/Vitis_HLS/2020.2/common/technology/autopilot/hls_sqrt_apfixed.h:331]   --->   Operation 454 'xor' 'xor_ln331_1' <Predicate = true> <Delay = 0.00> <CoreInst = "LogicGate">   --->   Core 74 'LogicGate' <Latency = 0> <II = 1> <Delay = 0.97> <FuncUnit> <Opcode : 'and' 'or' 'xor'> <InPorts = 2> <OutPorts = 1>
ST_84 : Operation 455 [1/1] (0.00ns) (grouped into LUT with out node x_l_I_V_100)   --->   "%or_ln331_1 = or i1 %icmp_ln318_9, i1 %xor_ln331_1" [/home/rcslfpgaserver/Softwares/Xilinx/Vitis_HLS/2020.2/common/technology/autopilot/hls_sqrt_apfixed.h:331]   --->   Operation 455 'or' 'or_ln331_1' <Predicate = true> <Delay = 0.00> <CoreInst = "LogicGate">   --->   Core 74 'LogicGate' <Latency = 0> <II = 1> <Delay = 0.97> <FuncUnit> <Opcode : 'and' 'or' 'xor'> <InPorts = 2> <OutPorts = 1>
ST_84 : Operation 456 [1/1] (0.00ns) (grouped into LUT with out node x_l_I_V_100)   --->   "%xor_ln1495_1 = xor i1 %icmp_ln1495_1, i1 1"   --->   Operation 456 'xor' 'xor_ln1495_1' <Predicate = true> <Delay = 0.00> <CoreInst = "LogicGate">   --->   Core 74 'LogicGate' <Latency = 0> <II = 1> <Delay = 0.97> <FuncUnit> <Opcode : 'and' 'or' 'xor'> <InPorts = 2> <OutPorts = 1>
ST_84 : Operation 457 [1/1] (0.00ns) (grouped into LUT with out node x_l_I_V_100)   --->   "%and_ln331_1 = and i1 %or_ln331_1, i1 %xor_ln1495_1" [/home/rcslfpgaserver/Softwares/Xilinx/Vitis_HLS/2020.2/common/technology/autopilot/hls_sqrt_apfixed.h:331]   --->   Operation 457 'and' 'and_ln331_1' <Predicate = true> <Delay = 0.00> <CoreInst = "LogicGate">   --->   Core 74 'LogicGate' <Latency = 0> <II = 1> <Delay = 0.97> <FuncUnit> <Opcode : 'and' 'or' 'xor'> <InPorts = 2> <OutPorts = 1>
ST_84 : Operation 458 [1/1] (0.97ns) (out node of the LUT)   --->   "%x_l_I_V_100 = select i1 %and_ln331_1, i19 %x_l_I_V_99, i19 %x_l_I_V_54" [/home/rcslfpgaserver/Softwares/Xilinx/Vitis_HLS/2020.2/common/technology/autopilot/hls_sqrt_apfixed.h:339]   --->   Operation 458 'select' 'x_l_I_V_100' <Predicate = true> <Delay = 0.97> <CoreInst = "Sel">   --->   Core 73 'Sel' <Latency = 0> <II = 1> <Delay = 0.69> <FuncUnit> <Opcode : 'select'> <InPorts = 3> <OutPorts = 1>
ST_84 : Operation 459 [1/2] (2.04ns)   --->   "%sub_ln703_3 = sub i17 %p_neg169, i17 %mul_FH_V_9"   --->   Operation 459 'sub' 'sub_ln703_3' <Predicate = true> <Delay = 2.04> <CoreInst = "Adder">   --->   Core 1 'Adder' <Latency = 1> <II = 1> <Delay = 1.93> <FuncUnit> <Opcode : 'add' 'sub'> <InPorts = 2> <OutPorts = 1>
ST_84 : Operation 460 [1/2] (2.04ns)   --->   "%x_l_FL_V_3 = sub i17 %x_l_FL_V_16, i17 %mul_FL_V_1"   --->   Operation 460 'sub' 'x_l_FL_V_3' <Predicate = true> <Delay = 2.04> <CoreInst = "Adder">   --->   Core 1 'Adder' <Latency = 1> <II = 1> <Delay = 1.93> <FuncUnit> <Opcode : 'add' 'sub'> <InPorts = 2> <OutPorts = 1>
ST_84 : Operation 461 [1/1] (0.00ns) (grouped into LUT with out node and_ln318_12)   --->   "%xor_ln1494_9 = xor i1 %icmp_ln1494_11, i1 1"   --->   Operation 461 'xor' 'xor_ln1494_9' <Predicate = true> <Delay = 0.00> <CoreInst = "LogicGate">   --->   Core 74 'LogicGate' <Latency = 0> <II = 1> <Delay = 0.97> <FuncUnit> <Opcode : 'and' 'or' 'xor'> <InPorts = 2> <OutPorts = 1>
ST_84 : Operation 462 [1/1] (0.00ns) (grouped into LUT with out node and_ln318_12)   --->   "%and_ln318_11 = and i1 %xor_ln1494_9, i1 %or_ln318_9" [/home/rcslfpgaserver/Softwares/Xilinx/Vitis_HLS/2020.2/common/technology/autopilot/hls_sqrt_apfixed.h:318]   --->   Operation 462 'and' 'and_ln318_11' <Predicate = true> <Delay = 0.00> <CoreInst = "LogicGate">   --->   Core 74 'LogicGate' <Latency = 0> <II = 1> <Delay = 0.97> <FuncUnit> <Opcode : 'and' 'or' 'xor'> <InPorts = 2> <OutPorts = 1>
ST_84 : Operation 463 [1/1] (0.97ns) (out node of the LUT)   --->   "%and_ln318_12 = and i1 %and_ln318_11, i1 %icmp_ln1498_2" [/home/rcslfpgaserver/Softwares/Xilinx/Vitis_HLS/2020.2/common/technology/autopilot/hls_sqrt_apfixed.h:318]   --->   Operation 463 'and' 'and_ln318_12' <Predicate = true> <Delay = 0.97> <CoreInst = "LogicGate">   --->   Core 74 'LogicGate' <Latency = 0> <II = 1> <Delay = 0.97> <FuncUnit> <Opcode : 'and' 'or' 'xor'> <InPorts = 2> <OutPorts = 1>

State 85 <SV = 84> <Delay = 2.04>
ST_85 : Operation 464 [2/2] (2.04ns)   --->   "%x_l_FH_V_45 = add i17 %sub_ln703_3, i17 %x_l_FH_V_44"   --->   Operation 464 'add' 'x_l_FH_V_45' <Predicate = (!and_ln318_12)> <Delay = 2.04> <CoreInst = "Adder">   --->   Core 1 'Adder' <Latency = 1> <II = 1> <Delay = 1.93> <FuncUnit> <Opcode : 'add' 'sub'> <InPorts = 2> <OutPorts = 1>
ST_85 : Operation 465 [1/1] (0.00ns)   --->   "%p_Result_67 = bitset i17 @_ssdm_op_BitSet.i17.i17.i32.i1, i17 %res_FH_V_41, i32 6, i1 1"   --->   Operation 465 'bitset' 'p_Result_67' <Predicate = (!and_ln318_12)> <Delay = 0.00>
ST_85 : Operation 466 [1/1] (0.78ns)   --->   "%res_FH_V_42 = select i1 %and_ln318_12, i17 %res_FH_V_41, i17 %p_Result_67" [/home/rcslfpgaserver/Softwares/Xilinx/Vitis_HLS/2020.2/common/technology/autopilot/hls_sqrt_apfixed.h:318]   --->   Operation 466 'select' 'res_FH_V_42' <Predicate = true> <Delay = 0.78> <CoreInst = "Sel">   --->   Core 73 'Sel' <Latency = 0> <II = 1> <Delay = 0.69> <FuncUnit> <Opcode : 'select'> <InPorts = 3> <OutPorts = 1>
ST_85 : Operation 467 [1/1] (0.78ns)   --->   "%x_l_FL_V_17 = select i1 %and_ln318_12, i17 %x_l_FL_V_16, i17 %x_l_FL_V_3" [/home/rcslfpgaserver/Softwares/Xilinx/Vitis_HLS/2020.2/common/technology/autopilot/hls_sqrt_apfixed.h:318]   --->   Operation 467 'select' 'x_l_FL_V_17' <Predicate = true> <Delay = 0.78> <CoreInst = "Sel">   --->   Core 73 'Sel' <Latency = 0> <II = 1> <Delay = 0.69> <FuncUnit> <Opcode : 'select'> <InPorts = 3> <OutPorts = 1>
ST_85 : Operation 468 [1/1] (0.73ns) (out node of the LUT)   --->   "%x_l_I_V_101 = select i1 %and_ln318_12, i19 %x_l_I_V_99, i19 %x_l_I_V_100" [/home/rcslfpgaserver/Softwares/Xilinx/Vitis_HLS/2020.2/common/technology/autopilot/hls_sqrt_apfixed.h:318]   --->   Operation 468 'select' 'x_l_I_V_101' <Predicate = true> <Delay = 0.73> <CoreInst = "Sel">   --->   Core 73 'Sel' <Latency = 0> <II = 1> <Delay = 0.69> <FuncUnit> <Opcode : 'select'> <InPorts = 3> <OutPorts = 1>
ST_85 : Operation 469 [1/1] (0.00ns)   --->   "%tmp_9 = partselect i6 @_ssdm_op_PartSelect.i6.i17.i32.i32, i17 %res_FH_V_42, i32 5, i32 10"   --->   Operation 469 'partselect' 'tmp_9' <Predicate = true> <Delay = 0.00>
ST_85 : Operation 470 [1/1] (0.00ns)   --->   "%tmp_22 = partselect i6 @_ssdm_op_PartSelect.i6.i17.i32.i32, i17 %res_FH_V_42, i32 11, i32 16"   --->   Operation 470 'partselect' 'tmp_22' <Predicate = true> <Delay = 0.00>

State 86 <SV = 85> <Delay = 2.43>
ST_86 : Operation 471 [1/2] (2.04ns)   --->   "%x_l_FH_V_45 = add i17 %sub_ln703_3, i17 %x_l_FH_V_44"   --->   Operation 471 'add' 'x_l_FH_V_45' <Predicate = (!and_ln318_12)> <Delay = 2.04> <CoreInst = "Adder">   --->   Core 1 'Adder' <Latency = 1> <II = 1> <Delay = 1.93> <FuncUnit> <Opcode : 'add' 'sub'> <InPorts = 2> <OutPorts = 1>
ST_86 : Operation 472 [1/1] (0.00ns)   --->   "%mul_FL_V_2 = bitconcatenate i17 @_ssdm_op_BitConcatenate.i17.i6.i11, i6 %tmp_9, i11 1024"   --->   Operation 472 'bitconcatenate' 'mul_FL_V_2' <Predicate = true> <Delay = 0.00>
ST_86 : Operation 473 [1/1] (2.43ns)   --->   "%delta_V_2 = icmp_ult  i17 %x_l_FL_V_17, i17 %mul_FL_V_2"   --->   Operation 473 'icmp' 'delta_V_2' <Predicate = true> <Delay = 2.43> <CoreInst = "Cmp">   --->   Core 9 'Cmp' <Latency = 0> <II = 1> <Delay = 2.43> <FuncUnit> <Opcode : 'icmp'> <InPorts = 2> <OutPorts = 1>

State 87 <SV = 86> <Delay = 2.07>
ST_87 : Operation 474 [1/1] (0.78ns)   --->   "%x_l_FH_V_46 = select i1 %and_ln318_12, i17 %x_l_FH_V_44, i17 %x_l_FH_V_45" [/home/rcslfpgaserver/Softwares/Xilinx/Vitis_HLS/2020.2/common/technology/autopilot/hls_sqrt_apfixed.h:318]   --->   Operation 474 'select' 'x_l_FH_V_46' <Predicate = true> <Delay = 0.78> <CoreInst = "Sel">   --->   Core 73 'Sel' <Latency = 0> <II = 1> <Delay = 0.69> <FuncUnit> <Opcode : 'select'> <InPorts = 3> <OutPorts = 1>
ST_87 : Operation 475 [1/1] (0.99ns)   --->   "%p_neg170 = select i1 %delta_V_2, i17 131071, i17 0"   --->   Operation 475 'select' 'p_neg170' <Predicate = true> <Delay = 0.99> <CoreInst = "Sel">   --->   Core 73 'Sel' <Latency = 0> <II = 1> <Delay = 0.69> <FuncUnit> <Opcode : 'select'> <InPorts = 3> <OutPorts = 1>
ST_87 : Operation 476 [2/2] (2.07ns)   --->   "%x_l_I_V_57 = add i19 %x_l_I_V_101, i19 524287"   --->   Operation 476 'add' 'x_l_I_V_57' <Predicate = true> <Delay = 2.07> <CoreInst = "Adder">   --->   Core 1 'Adder' <Latency = 1> <II = 1> <Delay = 1.93> <FuncUnit> <Opcode : 'add' 'sub'> <InPorts = 2> <OutPorts = 1>

State 88 <SV = 87> <Delay = 2.43>
ST_88 : Operation 477 [1/1] (0.00ns)   --->   "%mul_FH_V_10 = bitconcatenate i17 @_ssdm_op_BitConcatenate.i17.i3.i8.i6, i3 0, i8 %res_I_V, i6 %tmp_22"   --->   Operation 477 'bitconcatenate' 'mul_FH_V_10' <Predicate = true> <Delay = 0.00>
ST_88 : Operation 478 [1/1] (2.43ns)   --->   "%icmp_ln318_10 = icmp_ne  i17 %x_l_FH_V_46, i17 %mul_FH_V_10" [/home/rcslfpgaserver/Softwares/Xilinx/Vitis_HLS/2020.2/common/technology/autopilot/hls_sqrt_apfixed.h:318]   --->   Operation 478 'icmp' 'icmp_ln318_10' <Predicate = true> <Delay = 2.43> <CoreInst = "Cmp">   --->   Core 9 'Cmp' <Latency = 0> <II = 1> <Delay = 2.43> <FuncUnit> <Opcode : 'icmp'> <InPorts = 2> <OutPorts = 1>
ST_88 : Operation 479 [1/1] (2.43ns)   --->   "%icmp_ln1495_2 = icmp_ult  i17 %x_l_FH_V_46, i17 %mul_FH_V_10"   --->   Operation 479 'icmp' 'icmp_ln1495_2' <Predicate = true> <Delay = 2.43> <CoreInst = "Cmp">   --->   Core 9 'Cmp' <Latency = 0> <II = 1> <Delay = 2.43> <FuncUnit> <Opcode : 'icmp'> <InPorts = 2> <OutPorts = 1>
ST_88 : Operation 480 [1/2] (2.07ns)   --->   "%x_l_I_V_57 = add i19 %x_l_I_V_101, i19 524287"   --->   Operation 480 'add' 'x_l_I_V_57' <Predicate = true> <Delay = 2.07> <CoreInst = "Adder">   --->   Core 1 'Adder' <Latency = 1> <II = 1> <Delay = 1.93> <FuncUnit> <Opcode : 'add' 'sub'> <InPorts = 2> <OutPorts = 1>
ST_88 : Operation 481 [2/2] (2.04ns)   --->   "%sub_ln703_6 = sub i17 %p_neg170, i17 %mul_FH_V_10"   --->   Operation 481 'sub' 'sub_ln703_6' <Predicate = true> <Delay = 2.04> <CoreInst = "Adder">   --->   Core 1 'Adder' <Latency = 1> <II = 1> <Delay = 1.93> <FuncUnit> <Opcode : 'add' 'sub'> <InPorts = 2> <OutPorts = 1>
ST_88 : Operation 482 [2/2] (2.04ns)   --->   "%x_l_FL_V_5 = sub i17 %x_l_FL_V_17, i17 %mul_FL_V_2"   --->   Operation 482 'sub' 'x_l_FL_V_5' <Predicate = true> <Delay = 2.04> <CoreInst = "Adder">   --->   Core 1 'Adder' <Latency = 1> <II = 1> <Delay = 1.93> <FuncUnit> <Opcode : 'add' 'sub'> <InPorts = 2> <OutPorts = 1>
ST_88 : Operation 483 [1/1] (2.43ns)   --->   "%icmp_ln1498_3 = icmp_eq  i19 %x_l_I_V_101, i19 0"   --->   Operation 483 'icmp' 'icmp_ln1498_3' <Predicate = true> <Delay = 2.43> <CoreInst = "Cmp">   --->   Core 9 'Cmp' <Latency = 0> <II = 1> <Delay = 2.43> <FuncUnit> <Opcode : 'icmp'> <InPorts = 2> <OutPorts = 1>
ST_88 : Operation 484 [1/1] (2.43ns)   --->   "%icmp_ln1494_12 = icmp_ult  i17 %mul_FH_V_10, i17 %x_l_FH_V_46"   --->   Operation 484 'icmp' 'icmp_ln1494_12' <Predicate = true> <Delay = 2.43> <CoreInst = "Cmp">   --->   Core 9 'Cmp' <Latency = 0> <II = 1> <Delay = 2.43> <FuncUnit> <Opcode : 'icmp'> <InPorts = 2> <OutPorts = 1>

State 89 <SV = 88> <Delay = 2.04>
ST_89 : Operation 485 [1/1] (0.00ns) (grouped into LUT with out node and_ln318_14)   --->   "%or_ln318_10 = or i1 %icmp_ln318_10, i1 %delta_V_2" [/home/rcslfpgaserver/Softwares/Xilinx/Vitis_HLS/2020.2/common/technology/autopilot/hls_sqrt_apfixed.h:318]   --->   Operation 485 'or' 'or_ln318_10' <Predicate = true> <Delay = 0.00> <CoreInst = "LogicGate">   --->   Core 74 'LogicGate' <Latency = 0> <II = 1> <Delay = 0.97> <FuncUnit> <Opcode : 'and' 'or' 'xor'> <InPorts = 2> <OutPorts = 1>
ST_89 : Operation 486 [1/1] (0.00ns) (grouped into LUT with out node x_l_I_V_102)   --->   "%xor_ln331_2 = xor i1 %delta_V_2, i1 1" [/home/rcslfpgaserver/Softwares/Xilinx/Vitis_HLS/2020.2/common/technology/autopilot/hls_sqrt_apfixed.h:331]   --->   Operation 486 'xor' 'xor_ln331_2' <Predicate = true> <Delay = 0.00> <CoreInst = "LogicGate">   --->   Core 74 'LogicGate' <Latency = 0> <II = 1> <Delay = 0.97> <FuncUnit> <Opcode : 'and' 'or' 'xor'> <InPorts = 2> <OutPorts = 1>
ST_89 : Operation 487 [1/1] (0.00ns) (grouped into LUT with out node x_l_I_V_102)   --->   "%or_ln331_2 = or i1 %icmp_ln318_10, i1 %xor_ln331_2" [/home/rcslfpgaserver/Softwares/Xilinx/Vitis_HLS/2020.2/common/technology/autopilot/hls_sqrt_apfixed.h:331]   --->   Operation 487 'or' 'or_ln331_2' <Predicate = true> <Delay = 0.00> <CoreInst = "LogicGate">   --->   Core 74 'LogicGate' <Latency = 0> <II = 1> <Delay = 0.97> <FuncUnit> <Opcode : 'and' 'or' 'xor'> <InPorts = 2> <OutPorts = 1>
ST_89 : Operation 488 [1/1] (0.00ns) (grouped into LUT with out node x_l_I_V_102)   --->   "%xor_ln1495_2 = xor i1 %icmp_ln1495_2, i1 1"   --->   Operation 488 'xor' 'xor_ln1495_2' <Predicate = true> <Delay = 0.00> <CoreInst = "LogicGate">   --->   Core 74 'LogicGate' <Latency = 0> <II = 1> <Delay = 0.97> <FuncUnit> <Opcode : 'and' 'or' 'xor'> <InPorts = 2> <OutPorts = 1>
ST_89 : Operation 489 [1/1] (0.00ns) (grouped into LUT with out node x_l_I_V_102)   --->   "%and_ln331_2 = and i1 %or_ln331_2, i1 %xor_ln1495_2" [/home/rcslfpgaserver/Softwares/Xilinx/Vitis_HLS/2020.2/common/technology/autopilot/hls_sqrt_apfixed.h:331]   --->   Operation 489 'and' 'and_ln331_2' <Predicate = true> <Delay = 0.00> <CoreInst = "LogicGate">   --->   Core 74 'LogicGate' <Latency = 0> <II = 1> <Delay = 0.97> <FuncUnit> <Opcode : 'and' 'or' 'xor'> <InPorts = 2> <OutPorts = 1>
ST_89 : Operation 490 [1/1] (0.97ns) (out node of the LUT)   --->   "%x_l_I_V_102 = select i1 %and_ln331_2, i19 %x_l_I_V_101, i19 %x_l_I_V_57" [/home/rcslfpgaserver/Softwares/Xilinx/Vitis_HLS/2020.2/common/technology/autopilot/hls_sqrt_apfixed.h:339]   --->   Operation 490 'select' 'x_l_I_V_102' <Predicate = true> <Delay = 0.97> <CoreInst = "Sel">   --->   Core 73 'Sel' <Latency = 0> <II = 1> <Delay = 0.69> <FuncUnit> <Opcode : 'select'> <InPorts = 3> <OutPorts = 1>
ST_89 : Operation 491 [1/2] (2.04ns)   --->   "%sub_ln703_6 = sub i17 %p_neg170, i17 %mul_FH_V_10"   --->   Operation 491 'sub' 'sub_ln703_6' <Predicate = true> <Delay = 2.04> <CoreInst = "Adder">   --->   Core 1 'Adder' <Latency = 1> <II = 1> <Delay = 1.93> <FuncUnit> <Opcode : 'add' 'sub'> <InPorts = 2> <OutPorts = 1>
ST_89 : Operation 492 [1/2] (2.04ns)   --->   "%x_l_FL_V_5 = sub i17 %x_l_FL_V_17, i17 %mul_FL_V_2"   --->   Operation 492 'sub' 'x_l_FL_V_5' <Predicate = true> <Delay = 2.04> <CoreInst = "Adder">   --->   Core 1 'Adder' <Latency = 1> <II = 1> <Delay = 1.93> <FuncUnit> <Opcode : 'add' 'sub'> <InPorts = 2> <OutPorts = 1>
ST_89 : Operation 493 [1/1] (0.00ns) (grouped into LUT with out node and_ln318_14)   --->   "%xor_ln1494_10 = xor i1 %icmp_ln1494_12, i1 1"   --->   Operation 493 'xor' 'xor_ln1494_10' <Predicate = true> <Delay = 0.00> <CoreInst = "LogicGate">   --->   Core 74 'LogicGate' <Latency = 0> <II = 1> <Delay = 0.97> <FuncUnit> <Opcode : 'and' 'or' 'xor'> <InPorts = 2> <OutPorts = 1>
ST_89 : Operation 494 [1/1] (0.00ns) (grouped into LUT with out node and_ln318_14)   --->   "%and_ln318_13 = and i1 %xor_ln1494_10, i1 %or_ln318_10" [/home/rcslfpgaserver/Softwares/Xilinx/Vitis_HLS/2020.2/common/technology/autopilot/hls_sqrt_apfixed.h:318]   --->   Operation 494 'and' 'and_ln318_13' <Predicate = true> <Delay = 0.00> <CoreInst = "LogicGate">   --->   Core 74 'LogicGate' <Latency = 0> <II = 1> <Delay = 0.97> <FuncUnit> <Opcode : 'and' 'or' 'xor'> <InPorts = 2> <OutPorts = 1>
ST_89 : Operation 495 [1/1] (0.97ns) (out node of the LUT)   --->   "%and_ln318_14 = and i1 %and_ln318_13, i1 %icmp_ln1498_3" [/home/rcslfpgaserver/Softwares/Xilinx/Vitis_HLS/2020.2/common/technology/autopilot/hls_sqrt_apfixed.h:318]   --->   Operation 495 'and' 'and_ln318_14' <Predicate = true> <Delay = 0.97> <CoreInst = "LogicGate">   --->   Core 74 'LogicGate' <Latency = 0> <II = 1> <Delay = 0.97> <FuncUnit> <Opcode : 'and' 'or' 'xor'> <InPorts = 2> <OutPorts = 1>

State 90 <SV = 89> <Delay = 2.04>
ST_90 : Operation 496 [2/2] (2.04ns)   --->   "%x_l_FH_V_47 = add i17 %sub_ln703_6, i17 %x_l_FH_V_46"   --->   Operation 496 'add' 'x_l_FH_V_47' <Predicate = (!and_ln318_14)> <Delay = 2.04> <CoreInst = "Adder">   --->   Core 1 'Adder' <Latency = 1> <II = 1> <Delay = 1.93> <FuncUnit> <Opcode : 'add' 'sub'> <InPorts = 2> <OutPorts = 1>
ST_90 : Operation 497 [1/1] (0.00ns)   --->   "%p_Result_68 = bitset i17 @_ssdm_op_BitSet.i17.i17.i32.i1, i17 %res_FH_V_42, i32 5, i1 1"   --->   Operation 497 'bitset' 'p_Result_68' <Predicate = (!and_ln318_14)> <Delay = 0.00>
ST_90 : Operation 498 [1/1] (0.78ns)   --->   "%res_FH_V_43 = select i1 %and_ln318_14, i17 %res_FH_V_42, i17 %p_Result_68" [/home/rcslfpgaserver/Softwares/Xilinx/Vitis_HLS/2020.2/common/technology/autopilot/hls_sqrt_apfixed.h:318]   --->   Operation 498 'select' 'res_FH_V_43' <Predicate = true> <Delay = 0.78> <CoreInst = "Sel">   --->   Core 73 'Sel' <Latency = 0> <II = 1> <Delay = 0.69> <FuncUnit> <Opcode : 'select'> <InPorts = 3> <OutPorts = 1>
ST_90 : Operation 499 [1/1] (0.78ns)   --->   "%x_l_FL_V_18 = select i1 %and_ln318_14, i17 %x_l_FL_V_17, i17 %x_l_FL_V_5" [/home/rcslfpgaserver/Softwares/Xilinx/Vitis_HLS/2020.2/common/technology/autopilot/hls_sqrt_apfixed.h:318]   --->   Operation 499 'select' 'x_l_FL_V_18' <Predicate = true> <Delay = 0.78> <CoreInst = "Sel">   --->   Core 73 'Sel' <Latency = 0> <II = 1> <Delay = 0.69> <FuncUnit> <Opcode : 'select'> <InPorts = 3> <OutPorts = 1>
ST_90 : Operation 500 [1/1] (0.73ns) (out node of the LUT)   --->   "%x_l_I_V_103 = select i1 %and_ln318_14, i19 %x_l_I_V_101, i19 %x_l_I_V_102" [/home/rcslfpgaserver/Softwares/Xilinx/Vitis_HLS/2020.2/common/technology/autopilot/hls_sqrt_apfixed.h:318]   --->   Operation 500 'select' 'x_l_I_V_103' <Predicate = true> <Delay = 0.73> <CoreInst = "Sel">   --->   Core 73 'Sel' <Latency = 0> <II = 1> <Delay = 0.69> <FuncUnit> <Opcode : 'select'> <InPorts = 3> <OutPorts = 1>
ST_90 : Operation 501 [1/1] (0.00ns)   --->   "%tmp_10 = partselect i8 @_ssdm_op_PartSelect.i8.i17.i32.i32, i17 %res_FH_V_43, i32 4, i32 11"   --->   Operation 501 'partselect' 'tmp_10' <Predicate = true> <Delay = 0.00>
ST_90 : Operation 502 [1/1] (0.00ns)   --->   "%tmp_23 = partselect i5 @_ssdm_op_PartSelect.i5.i17.i32.i32, i17 %res_FH_V_43, i32 12, i32 16"   --->   Operation 502 'partselect' 'tmp_23' <Predicate = true> <Delay = 0.00>

State 91 <SV = 90> <Delay = 2.43>
ST_91 : Operation 503 [1/2] (2.04ns)   --->   "%x_l_FH_V_47 = add i17 %sub_ln703_6, i17 %x_l_FH_V_46"   --->   Operation 503 'add' 'x_l_FH_V_47' <Predicate = (!and_ln318_14)> <Delay = 2.04> <CoreInst = "Adder">   --->   Core 1 'Adder' <Latency = 1> <II = 1> <Delay = 1.93> <FuncUnit> <Opcode : 'add' 'sub'> <InPorts = 2> <OutPorts = 1>
ST_91 : Operation 504 [1/1] (0.00ns)   --->   "%mul_FL_V_3 = bitconcatenate i17 @_ssdm_op_BitConcatenate.i17.i8.i9, i8 %tmp_10, i9 256"   --->   Operation 504 'bitconcatenate' 'mul_FL_V_3' <Predicate = true> <Delay = 0.00>
ST_91 : Operation 505 [1/1] (2.43ns)   --->   "%delta_V_3 = icmp_ult  i17 %x_l_FL_V_18, i17 %mul_FL_V_3"   --->   Operation 505 'icmp' 'delta_V_3' <Predicate = true> <Delay = 2.43> <CoreInst = "Cmp">   --->   Core 9 'Cmp' <Latency = 0> <II = 1> <Delay = 2.43> <FuncUnit> <Opcode : 'icmp'> <InPorts = 2> <OutPorts = 1>

State 92 <SV = 91> <Delay = 2.07>
ST_92 : Operation 506 [1/1] (0.78ns)   --->   "%x_l_FH_V_48 = select i1 %and_ln318_14, i17 %x_l_FH_V_46, i17 %x_l_FH_V_47" [/home/rcslfpgaserver/Softwares/Xilinx/Vitis_HLS/2020.2/common/technology/autopilot/hls_sqrt_apfixed.h:318]   --->   Operation 506 'select' 'x_l_FH_V_48' <Predicate = true> <Delay = 0.78> <CoreInst = "Sel">   --->   Core 73 'Sel' <Latency = 0> <II = 1> <Delay = 0.69> <FuncUnit> <Opcode : 'select'> <InPorts = 3> <OutPorts = 1>
ST_92 : Operation 507 [1/1] (0.99ns)   --->   "%p_neg171 = select i1 %delta_V_3, i17 131071, i17 0"   --->   Operation 507 'select' 'p_neg171' <Predicate = true> <Delay = 0.99> <CoreInst = "Sel">   --->   Core 73 'Sel' <Latency = 0> <II = 1> <Delay = 0.69> <FuncUnit> <Opcode : 'select'> <InPorts = 3> <OutPorts = 1>
ST_92 : Operation 508 [2/2] (2.07ns)   --->   "%x_l_I_V_60 = add i19 %x_l_I_V_103, i19 524287"   --->   Operation 508 'add' 'x_l_I_V_60' <Predicate = true> <Delay = 2.07> <CoreInst = "Adder">   --->   Core 1 'Adder' <Latency = 1> <II = 1> <Delay = 1.93> <FuncUnit> <Opcode : 'add' 'sub'> <InPorts = 2> <OutPorts = 1>

State 93 <SV = 92> <Delay = 2.43>
ST_93 : Operation 509 [1/1] (0.00ns)   --->   "%mul_FH_V_11 = bitconcatenate i17 @_ssdm_op_BitConcatenate.i17.i4.i8.i5, i4 0, i8 %res_I_V, i5 %tmp_23"   --->   Operation 509 'bitconcatenate' 'mul_FH_V_11' <Predicate = true> <Delay = 0.00>
ST_93 : Operation 510 [1/1] (2.43ns)   --->   "%icmp_ln318_11 = icmp_ne  i17 %x_l_FH_V_48, i17 %mul_FH_V_11" [/home/rcslfpgaserver/Softwares/Xilinx/Vitis_HLS/2020.2/common/technology/autopilot/hls_sqrt_apfixed.h:318]   --->   Operation 510 'icmp' 'icmp_ln318_11' <Predicate = true> <Delay = 2.43> <CoreInst = "Cmp">   --->   Core 9 'Cmp' <Latency = 0> <II = 1> <Delay = 2.43> <FuncUnit> <Opcode : 'icmp'> <InPorts = 2> <OutPorts = 1>
ST_93 : Operation 511 [1/1] (2.43ns)   --->   "%icmp_ln1495_3 = icmp_ult  i17 %x_l_FH_V_48, i17 %mul_FH_V_11"   --->   Operation 511 'icmp' 'icmp_ln1495_3' <Predicate = true> <Delay = 2.43> <CoreInst = "Cmp">   --->   Core 9 'Cmp' <Latency = 0> <II = 1> <Delay = 2.43> <FuncUnit> <Opcode : 'icmp'> <InPorts = 2> <OutPorts = 1>
ST_93 : Operation 512 [1/2] (2.07ns)   --->   "%x_l_I_V_60 = add i19 %x_l_I_V_103, i19 524287"   --->   Operation 512 'add' 'x_l_I_V_60' <Predicate = true> <Delay = 2.07> <CoreInst = "Adder">   --->   Core 1 'Adder' <Latency = 1> <II = 1> <Delay = 1.93> <FuncUnit> <Opcode : 'add' 'sub'> <InPorts = 2> <OutPorts = 1>
ST_93 : Operation 513 [2/2] (2.04ns)   --->   "%sub_ln703_9 = sub i17 %p_neg171, i17 %mul_FH_V_11"   --->   Operation 513 'sub' 'sub_ln703_9' <Predicate = true> <Delay = 2.04> <CoreInst = "Adder">   --->   Core 1 'Adder' <Latency = 1> <II = 1> <Delay = 1.93> <FuncUnit> <Opcode : 'add' 'sub'> <InPorts = 2> <OutPorts = 1>
ST_93 : Operation 514 [2/2] (2.04ns)   --->   "%x_l_FL_V_7 = sub i17 %x_l_FL_V_18, i17 %mul_FL_V_3"   --->   Operation 514 'sub' 'x_l_FL_V_7' <Predicate = true> <Delay = 2.04> <CoreInst = "Adder">   --->   Core 1 'Adder' <Latency = 1> <II = 1> <Delay = 1.93> <FuncUnit> <Opcode : 'add' 'sub'> <InPorts = 2> <OutPorts = 1>
ST_93 : Operation 515 [1/1] (2.43ns)   --->   "%icmp_ln1498_4 = icmp_eq  i19 %x_l_I_V_103, i19 0"   --->   Operation 515 'icmp' 'icmp_ln1498_4' <Predicate = true> <Delay = 2.43> <CoreInst = "Cmp">   --->   Core 9 'Cmp' <Latency = 0> <II = 1> <Delay = 2.43> <FuncUnit> <Opcode : 'icmp'> <InPorts = 2> <OutPorts = 1>
ST_93 : Operation 516 [1/1] (2.43ns)   --->   "%icmp_ln1494_13 = icmp_ult  i17 %mul_FH_V_11, i17 %x_l_FH_V_48"   --->   Operation 516 'icmp' 'icmp_ln1494_13' <Predicate = true> <Delay = 2.43> <CoreInst = "Cmp">   --->   Core 9 'Cmp' <Latency = 0> <II = 1> <Delay = 2.43> <FuncUnit> <Opcode : 'icmp'> <InPorts = 2> <OutPorts = 1>

State 94 <SV = 93> <Delay = 2.04>
ST_94 : Operation 517 [1/1] (0.00ns) (grouped into LUT with out node and_ln318_16)   --->   "%or_ln318_11 = or i1 %icmp_ln318_11, i1 %delta_V_3" [/home/rcslfpgaserver/Softwares/Xilinx/Vitis_HLS/2020.2/common/technology/autopilot/hls_sqrt_apfixed.h:318]   --->   Operation 517 'or' 'or_ln318_11' <Predicate = true> <Delay = 0.00> <CoreInst = "LogicGate">   --->   Core 74 'LogicGate' <Latency = 0> <II = 1> <Delay = 0.97> <FuncUnit> <Opcode : 'and' 'or' 'xor'> <InPorts = 2> <OutPorts = 1>
ST_94 : Operation 518 [1/1] (0.00ns) (grouped into LUT with out node x_l_I_V_104)   --->   "%xor_ln331_3 = xor i1 %delta_V_3, i1 1" [/home/rcslfpgaserver/Softwares/Xilinx/Vitis_HLS/2020.2/common/technology/autopilot/hls_sqrt_apfixed.h:331]   --->   Operation 518 'xor' 'xor_ln331_3' <Predicate = true> <Delay = 0.00> <CoreInst = "LogicGate">   --->   Core 74 'LogicGate' <Latency = 0> <II = 1> <Delay = 0.97> <FuncUnit> <Opcode : 'and' 'or' 'xor'> <InPorts = 2> <OutPorts = 1>
ST_94 : Operation 519 [1/1] (0.00ns) (grouped into LUT with out node x_l_I_V_104)   --->   "%or_ln331_3 = or i1 %icmp_ln318_11, i1 %xor_ln331_3" [/home/rcslfpgaserver/Softwares/Xilinx/Vitis_HLS/2020.2/common/technology/autopilot/hls_sqrt_apfixed.h:331]   --->   Operation 519 'or' 'or_ln331_3' <Predicate = true> <Delay = 0.00> <CoreInst = "LogicGate">   --->   Core 74 'LogicGate' <Latency = 0> <II = 1> <Delay = 0.97> <FuncUnit> <Opcode : 'and' 'or' 'xor'> <InPorts = 2> <OutPorts = 1>
ST_94 : Operation 520 [1/1] (0.00ns) (grouped into LUT with out node x_l_I_V_104)   --->   "%xor_ln1495_3 = xor i1 %icmp_ln1495_3, i1 1"   --->   Operation 520 'xor' 'xor_ln1495_3' <Predicate = true> <Delay = 0.00> <CoreInst = "LogicGate">   --->   Core 74 'LogicGate' <Latency = 0> <II = 1> <Delay = 0.97> <FuncUnit> <Opcode : 'and' 'or' 'xor'> <InPorts = 2> <OutPorts = 1>
ST_94 : Operation 521 [1/1] (0.00ns) (grouped into LUT with out node x_l_I_V_104)   --->   "%and_ln331_3 = and i1 %or_ln331_3, i1 %xor_ln1495_3" [/home/rcslfpgaserver/Softwares/Xilinx/Vitis_HLS/2020.2/common/technology/autopilot/hls_sqrt_apfixed.h:331]   --->   Operation 521 'and' 'and_ln331_3' <Predicate = true> <Delay = 0.00> <CoreInst = "LogicGate">   --->   Core 74 'LogicGate' <Latency = 0> <II = 1> <Delay = 0.97> <FuncUnit> <Opcode : 'and' 'or' 'xor'> <InPorts = 2> <OutPorts = 1>
ST_94 : Operation 522 [1/1] (0.97ns) (out node of the LUT)   --->   "%x_l_I_V_104 = select i1 %and_ln331_3, i19 %x_l_I_V_103, i19 %x_l_I_V_60" [/home/rcslfpgaserver/Softwares/Xilinx/Vitis_HLS/2020.2/common/technology/autopilot/hls_sqrt_apfixed.h:339]   --->   Operation 522 'select' 'x_l_I_V_104' <Predicate = true> <Delay = 0.97> <CoreInst = "Sel">   --->   Core 73 'Sel' <Latency = 0> <II = 1> <Delay = 0.69> <FuncUnit> <Opcode : 'select'> <InPorts = 3> <OutPorts = 1>
ST_94 : Operation 523 [1/2] (2.04ns)   --->   "%sub_ln703_9 = sub i17 %p_neg171, i17 %mul_FH_V_11"   --->   Operation 523 'sub' 'sub_ln703_9' <Predicate = true> <Delay = 2.04> <CoreInst = "Adder">   --->   Core 1 'Adder' <Latency = 1> <II = 1> <Delay = 1.93> <FuncUnit> <Opcode : 'add' 'sub'> <InPorts = 2> <OutPorts = 1>
ST_94 : Operation 524 [1/2] (2.04ns)   --->   "%x_l_FL_V_7 = sub i17 %x_l_FL_V_18, i17 %mul_FL_V_3"   --->   Operation 524 'sub' 'x_l_FL_V_7' <Predicate = true> <Delay = 2.04> <CoreInst = "Adder">   --->   Core 1 'Adder' <Latency = 1> <II = 1> <Delay = 1.93> <FuncUnit> <Opcode : 'add' 'sub'> <InPorts = 2> <OutPorts = 1>
ST_94 : Operation 525 [1/1] (0.00ns) (grouped into LUT with out node and_ln318_16)   --->   "%xor_ln1494_11 = xor i1 %icmp_ln1494_13, i1 1"   --->   Operation 525 'xor' 'xor_ln1494_11' <Predicate = true> <Delay = 0.00> <CoreInst = "LogicGate">   --->   Core 74 'LogicGate' <Latency = 0> <II = 1> <Delay = 0.97> <FuncUnit> <Opcode : 'and' 'or' 'xor'> <InPorts = 2> <OutPorts = 1>
ST_94 : Operation 526 [1/1] (0.00ns) (grouped into LUT with out node and_ln318_16)   --->   "%and_ln318_15 = and i1 %xor_ln1494_11, i1 %or_ln318_11" [/home/rcslfpgaserver/Softwares/Xilinx/Vitis_HLS/2020.2/common/technology/autopilot/hls_sqrt_apfixed.h:318]   --->   Operation 526 'and' 'and_ln318_15' <Predicate = true> <Delay = 0.00> <CoreInst = "LogicGate">   --->   Core 74 'LogicGate' <Latency = 0> <II = 1> <Delay = 0.97> <FuncUnit> <Opcode : 'and' 'or' 'xor'> <InPorts = 2> <OutPorts = 1>
ST_94 : Operation 527 [1/1] (0.97ns) (out node of the LUT)   --->   "%and_ln318_16 = and i1 %and_ln318_15, i1 %icmp_ln1498_4" [/home/rcslfpgaserver/Softwares/Xilinx/Vitis_HLS/2020.2/common/technology/autopilot/hls_sqrt_apfixed.h:318]   --->   Operation 527 'and' 'and_ln318_16' <Predicate = true> <Delay = 0.97> <CoreInst = "LogicGate">   --->   Core 74 'LogicGate' <Latency = 0> <II = 1> <Delay = 0.97> <FuncUnit> <Opcode : 'and' 'or' 'xor'> <InPorts = 2> <OutPorts = 1>

State 95 <SV = 94> <Delay = 2.04>
ST_95 : Operation 528 [2/2] (2.04ns)   --->   "%x_l_FH_V_49 = add i17 %sub_ln703_9, i17 %x_l_FH_V_48"   --->   Operation 528 'add' 'x_l_FH_V_49' <Predicate = (!and_ln318_16)> <Delay = 2.04> <CoreInst = "Adder">   --->   Core 1 'Adder' <Latency = 1> <II = 1> <Delay = 1.93> <FuncUnit> <Opcode : 'add' 'sub'> <InPorts = 2> <OutPorts = 1>
ST_95 : Operation 529 [1/1] (0.00ns)   --->   "%p_Result_69 = bitset i17 @_ssdm_op_BitSet.i17.i17.i32.i1, i17 %res_FH_V_43, i32 4, i1 1"   --->   Operation 529 'bitset' 'p_Result_69' <Predicate = (!and_ln318_16)> <Delay = 0.00>
ST_95 : Operation 530 [1/1] (0.78ns)   --->   "%res_FH_V_44 = select i1 %and_ln318_16, i17 %res_FH_V_43, i17 %p_Result_69" [/home/rcslfpgaserver/Softwares/Xilinx/Vitis_HLS/2020.2/common/technology/autopilot/hls_sqrt_apfixed.h:318]   --->   Operation 530 'select' 'res_FH_V_44' <Predicate = true> <Delay = 0.78> <CoreInst = "Sel">   --->   Core 73 'Sel' <Latency = 0> <II = 1> <Delay = 0.69> <FuncUnit> <Opcode : 'select'> <InPorts = 3> <OutPorts = 1>
ST_95 : Operation 531 [1/1] (0.78ns)   --->   "%x_l_FL_V_19 = select i1 %and_ln318_16, i17 %x_l_FL_V_18, i17 %x_l_FL_V_7" [/home/rcslfpgaserver/Softwares/Xilinx/Vitis_HLS/2020.2/common/technology/autopilot/hls_sqrt_apfixed.h:318]   --->   Operation 531 'select' 'x_l_FL_V_19' <Predicate = true> <Delay = 0.78> <CoreInst = "Sel">   --->   Core 73 'Sel' <Latency = 0> <II = 1> <Delay = 0.69> <FuncUnit> <Opcode : 'select'> <InPorts = 3> <OutPorts = 1>
ST_95 : Operation 532 [1/1] (0.73ns) (out node of the LUT)   --->   "%x_l_I_V_105 = select i1 %and_ln318_16, i19 %x_l_I_V_103, i19 %x_l_I_V_104" [/home/rcslfpgaserver/Softwares/Xilinx/Vitis_HLS/2020.2/common/technology/autopilot/hls_sqrt_apfixed.h:318]   --->   Operation 532 'select' 'x_l_I_V_105' <Predicate = true> <Delay = 0.73> <CoreInst = "Sel">   --->   Core 73 'Sel' <Latency = 0> <II = 1> <Delay = 0.69> <FuncUnit> <Opcode : 'select'> <InPorts = 3> <OutPorts = 1>
ST_95 : Operation 533 [1/1] (0.00ns)   --->   "%tmp_11 = partselect i10 @_ssdm_op_PartSelect.i10.i17.i32.i32, i17 %res_FH_V_44, i32 3, i32 12"   --->   Operation 533 'partselect' 'tmp_11' <Predicate = true> <Delay = 0.00>
ST_95 : Operation 534 [1/1] (0.00ns)   --->   "%tmp_24 = partselect i4 @_ssdm_op_PartSelect.i4.i17.i32.i32, i17 %res_FH_V_44, i32 13, i32 16"   --->   Operation 534 'partselect' 'tmp_24' <Predicate = true> <Delay = 0.00>

State 96 <SV = 95> <Delay = 2.43>
ST_96 : Operation 535 [1/2] (2.04ns)   --->   "%x_l_FH_V_49 = add i17 %sub_ln703_9, i17 %x_l_FH_V_48"   --->   Operation 535 'add' 'x_l_FH_V_49' <Predicate = (!and_ln318_16)> <Delay = 2.04> <CoreInst = "Adder">   --->   Core 1 'Adder' <Latency = 1> <II = 1> <Delay = 1.93> <FuncUnit> <Opcode : 'add' 'sub'> <InPorts = 2> <OutPorts = 1>
ST_96 : Operation 536 [1/1] (0.00ns)   --->   "%mul_FL_V_4 = bitconcatenate i17 @_ssdm_op_BitConcatenate.i17.i10.i7, i10 %tmp_11, i7 64"   --->   Operation 536 'bitconcatenate' 'mul_FL_V_4' <Predicate = true> <Delay = 0.00>
ST_96 : Operation 537 [1/1] (2.43ns)   --->   "%delta_V_4 = icmp_ult  i17 %x_l_FL_V_19, i17 %mul_FL_V_4"   --->   Operation 537 'icmp' 'delta_V_4' <Predicate = true> <Delay = 2.43> <CoreInst = "Cmp">   --->   Core 9 'Cmp' <Latency = 0> <II = 1> <Delay = 2.43> <FuncUnit> <Opcode : 'icmp'> <InPorts = 2> <OutPorts = 1>

State 97 <SV = 96> <Delay = 2.07>
ST_97 : Operation 538 [1/1] (0.78ns)   --->   "%x_l_FH_V_50 = select i1 %and_ln318_16, i17 %x_l_FH_V_48, i17 %x_l_FH_V_49" [/home/rcslfpgaserver/Softwares/Xilinx/Vitis_HLS/2020.2/common/technology/autopilot/hls_sqrt_apfixed.h:318]   --->   Operation 538 'select' 'x_l_FH_V_50' <Predicate = true> <Delay = 0.78> <CoreInst = "Sel">   --->   Core 73 'Sel' <Latency = 0> <II = 1> <Delay = 0.69> <FuncUnit> <Opcode : 'select'> <InPorts = 3> <OutPorts = 1>
ST_97 : Operation 539 [1/1] (0.99ns)   --->   "%p_neg172 = select i1 %delta_V_4, i17 131071, i17 0"   --->   Operation 539 'select' 'p_neg172' <Predicate = true> <Delay = 0.99> <CoreInst = "Sel">   --->   Core 73 'Sel' <Latency = 0> <II = 1> <Delay = 0.69> <FuncUnit> <Opcode : 'select'> <InPorts = 3> <OutPorts = 1>
ST_97 : Operation 540 [2/2] (2.07ns)   --->   "%x_l_I_V_63 = add i19 %x_l_I_V_105, i19 524287"   --->   Operation 540 'add' 'x_l_I_V_63' <Predicate = true> <Delay = 2.07> <CoreInst = "Adder">   --->   Core 1 'Adder' <Latency = 1> <II = 1> <Delay = 1.93> <FuncUnit> <Opcode : 'add' 'sub'> <InPorts = 2> <OutPorts = 1>

State 98 <SV = 97> <Delay = 2.43>
ST_98 : Operation 541 [1/1] (0.00ns)   --->   "%mul_FH_V_12 = bitconcatenate i17 @_ssdm_op_BitConcatenate.i17.i5.i8.i4, i5 0, i8 %res_I_V, i4 %tmp_24"   --->   Operation 541 'bitconcatenate' 'mul_FH_V_12' <Predicate = true> <Delay = 0.00>
ST_98 : Operation 542 [1/1] (2.43ns)   --->   "%icmp_ln318_12 = icmp_ne  i17 %x_l_FH_V_50, i17 %mul_FH_V_12" [/home/rcslfpgaserver/Softwares/Xilinx/Vitis_HLS/2020.2/common/technology/autopilot/hls_sqrt_apfixed.h:318]   --->   Operation 542 'icmp' 'icmp_ln318_12' <Predicate = true> <Delay = 2.43> <CoreInst = "Cmp">   --->   Core 9 'Cmp' <Latency = 0> <II = 1> <Delay = 2.43> <FuncUnit> <Opcode : 'icmp'> <InPorts = 2> <OutPorts = 1>
ST_98 : Operation 543 [1/1] (2.43ns)   --->   "%icmp_ln1495_4 = icmp_ult  i17 %x_l_FH_V_50, i17 %mul_FH_V_12"   --->   Operation 543 'icmp' 'icmp_ln1495_4' <Predicate = true> <Delay = 2.43> <CoreInst = "Cmp">   --->   Core 9 'Cmp' <Latency = 0> <II = 1> <Delay = 2.43> <FuncUnit> <Opcode : 'icmp'> <InPorts = 2> <OutPorts = 1>
ST_98 : Operation 544 [1/2] (2.07ns)   --->   "%x_l_I_V_63 = add i19 %x_l_I_V_105, i19 524287"   --->   Operation 544 'add' 'x_l_I_V_63' <Predicate = true> <Delay = 2.07> <CoreInst = "Adder">   --->   Core 1 'Adder' <Latency = 1> <II = 1> <Delay = 1.93> <FuncUnit> <Opcode : 'add' 'sub'> <InPorts = 2> <OutPorts = 1>
ST_98 : Operation 545 [2/2] (2.04ns)   --->   "%sub_ln703_12 = sub i17 %p_neg172, i17 %mul_FH_V_12"   --->   Operation 545 'sub' 'sub_ln703_12' <Predicate = true> <Delay = 2.04> <CoreInst = "Adder">   --->   Core 1 'Adder' <Latency = 1> <II = 1> <Delay = 1.93> <FuncUnit> <Opcode : 'add' 'sub'> <InPorts = 2> <OutPorts = 1>
ST_98 : Operation 546 [2/2] (2.04ns)   --->   "%x_l_FL_V_9 = sub i17 %x_l_FL_V_19, i17 %mul_FL_V_4"   --->   Operation 546 'sub' 'x_l_FL_V_9' <Predicate = true> <Delay = 2.04> <CoreInst = "Adder">   --->   Core 1 'Adder' <Latency = 1> <II = 1> <Delay = 1.93> <FuncUnit> <Opcode : 'add' 'sub'> <InPorts = 2> <OutPorts = 1>
ST_98 : Operation 547 [1/1] (2.43ns)   --->   "%icmp_ln1498_5 = icmp_eq  i19 %x_l_I_V_105, i19 0"   --->   Operation 547 'icmp' 'icmp_ln1498_5' <Predicate = true> <Delay = 2.43> <CoreInst = "Cmp">   --->   Core 9 'Cmp' <Latency = 0> <II = 1> <Delay = 2.43> <FuncUnit> <Opcode : 'icmp'> <InPorts = 2> <OutPorts = 1>
ST_98 : Operation 548 [1/1] (2.43ns)   --->   "%icmp_ln1494_14 = icmp_ult  i17 %mul_FH_V_12, i17 %x_l_FH_V_50"   --->   Operation 548 'icmp' 'icmp_ln1494_14' <Predicate = true> <Delay = 2.43> <CoreInst = "Cmp">   --->   Core 9 'Cmp' <Latency = 0> <II = 1> <Delay = 2.43> <FuncUnit> <Opcode : 'icmp'> <InPorts = 2> <OutPorts = 1>

State 99 <SV = 98> <Delay = 2.04>
ST_99 : Operation 549 [1/1] (0.00ns) (grouped into LUT with out node and_ln318_18)   --->   "%or_ln318_12 = or i1 %icmp_ln318_12, i1 %delta_V_4" [/home/rcslfpgaserver/Softwares/Xilinx/Vitis_HLS/2020.2/common/technology/autopilot/hls_sqrt_apfixed.h:318]   --->   Operation 549 'or' 'or_ln318_12' <Predicate = true> <Delay = 0.00> <CoreInst = "LogicGate">   --->   Core 74 'LogicGate' <Latency = 0> <II = 1> <Delay = 0.97> <FuncUnit> <Opcode : 'and' 'or' 'xor'> <InPorts = 2> <OutPorts = 1>
ST_99 : Operation 550 [1/1] (0.00ns) (grouped into LUT with out node x_l_I_V_106)   --->   "%xor_ln331_4 = xor i1 %delta_V_4, i1 1" [/home/rcslfpgaserver/Softwares/Xilinx/Vitis_HLS/2020.2/common/technology/autopilot/hls_sqrt_apfixed.h:331]   --->   Operation 550 'xor' 'xor_ln331_4' <Predicate = true> <Delay = 0.00> <CoreInst = "LogicGate">   --->   Core 74 'LogicGate' <Latency = 0> <II = 1> <Delay = 0.97> <FuncUnit> <Opcode : 'and' 'or' 'xor'> <InPorts = 2> <OutPorts = 1>
ST_99 : Operation 551 [1/1] (0.00ns) (grouped into LUT with out node x_l_I_V_106)   --->   "%or_ln331_4 = or i1 %icmp_ln318_12, i1 %xor_ln331_4" [/home/rcslfpgaserver/Softwares/Xilinx/Vitis_HLS/2020.2/common/technology/autopilot/hls_sqrt_apfixed.h:331]   --->   Operation 551 'or' 'or_ln331_4' <Predicate = true> <Delay = 0.00> <CoreInst = "LogicGate">   --->   Core 74 'LogicGate' <Latency = 0> <II = 1> <Delay = 0.97> <FuncUnit> <Opcode : 'and' 'or' 'xor'> <InPorts = 2> <OutPorts = 1>
ST_99 : Operation 552 [1/1] (0.00ns) (grouped into LUT with out node x_l_I_V_106)   --->   "%xor_ln1495_4 = xor i1 %icmp_ln1495_4, i1 1"   --->   Operation 552 'xor' 'xor_ln1495_4' <Predicate = true> <Delay = 0.00> <CoreInst = "LogicGate">   --->   Core 74 'LogicGate' <Latency = 0> <II = 1> <Delay = 0.97> <FuncUnit> <Opcode : 'and' 'or' 'xor'> <InPorts = 2> <OutPorts = 1>
ST_99 : Operation 553 [1/1] (0.00ns) (grouped into LUT with out node x_l_I_V_106)   --->   "%and_ln331_4 = and i1 %or_ln331_4, i1 %xor_ln1495_4" [/home/rcslfpgaserver/Softwares/Xilinx/Vitis_HLS/2020.2/common/technology/autopilot/hls_sqrt_apfixed.h:331]   --->   Operation 553 'and' 'and_ln331_4' <Predicate = true> <Delay = 0.00> <CoreInst = "LogicGate">   --->   Core 74 'LogicGate' <Latency = 0> <II = 1> <Delay = 0.97> <FuncUnit> <Opcode : 'and' 'or' 'xor'> <InPorts = 2> <OutPorts = 1>
ST_99 : Operation 554 [1/1] (0.97ns) (out node of the LUT)   --->   "%x_l_I_V_106 = select i1 %and_ln331_4, i19 %x_l_I_V_105, i19 %x_l_I_V_63" [/home/rcslfpgaserver/Softwares/Xilinx/Vitis_HLS/2020.2/common/technology/autopilot/hls_sqrt_apfixed.h:339]   --->   Operation 554 'select' 'x_l_I_V_106' <Predicate = true> <Delay = 0.97> <CoreInst = "Sel">   --->   Core 73 'Sel' <Latency = 0> <II = 1> <Delay = 0.69> <FuncUnit> <Opcode : 'select'> <InPorts = 3> <OutPorts = 1>
ST_99 : Operation 555 [1/2] (2.04ns)   --->   "%sub_ln703_12 = sub i17 %p_neg172, i17 %mul_FH_V_12"   --->   Operation 555 'sub' 'sub_ln703_12' <Predicate = true> <Delay = 2.04> <CoreInst = "Adder">   --->   Core 1 'Adder' <Latency = 1> <II = 1> <Delay = 1.93> <FuncUnit> <Opcode : 'add' 'sub'> <InPorts = 2> <OutPorts = 1>
ST_99 : Operation 556 [1/2] (2.04ns)   --->   "%x_l_FL_V_9 = sub i17 %x_l_FL_V_19, i17 %mul_FL_V_4"   --->   Operation 556 'sub' 'x_l_FL_V_9' <Predicate = true> <Delay = 2.04> <CoreInst = "Adder">   --->   Core 1 'Adder' <Latency = 1> <II = 1> <Delay = 1.93> <FuncUnit> <Opcode : 'add' 'sub'> <InPorts = 2> <OutPorts = 1>
ST_99 : Operation 557 [1/1] (0.00ns) (grouped into LUT with out node and_ln318_18)   --->   "%xor_ln1494_12 = xor i1 %icmp_ln1494_14, i1 1"   --->   Operation 557 'xor' 'xor_ln1494_12' <Predicate = true> <Delay = 0.00> <CoreInst = "LogicGate">   --->   Core 74 'LogicGate' <Latency = 0> <II = 1> <Delay = 0.97> <FuncUnit> <Opcode : 'and' 'or' 'xor'> <InPorts = 2> <OutPorts = 1>
ST_99 : Operation 558 [1/1] (0.00ns) (grouped into LUT with out node and_ln318_18)   --->   "%and_ln318_17 = and i1 %xor_ln1494_12, i1 %or_ln318_12" [/home/rcslfpgaserver/Softwares/Xilinx/Vitis_HLS/2020.2/common/technology/autopilot/hls_sqrt_apfixed.h:318]   --->   Operation 558 'and' 'and_ln318_17' <Predicate = true> <Delay = 0.00> <CoreInst = "LogicGate">   --->   Core 74 'LogicGate' <Latency = 0> <II = 1> <Delay = 0.97> <FuncUnit> <Opcode : 'and' 'or' 'xor'> <InPorts = 2> <OutPorts = 1>
ST_99 : Operation 559 [1/1] (0.97ns) (out node of the LUT)   --->   "%and_ln318_18 = and i1 %and_ln318_17, i1 %icmp_ln1498_5" [/home/rcslfpgaserver/Softwares/Xilinx/Vitis_HLS/2020.2/common/technology/autopilot/hls_sqrt_apfixed.h:318]   --->   Operation 559 'and' 'and_ln318_18' <Predicate = true> <Delay = 0.97> <CoreInst = "LogicGate">   --->   Core 74 'LogicGate' <Latency = 0> <II = 1> <Delay = 0.97> <FuncUnit> <Opcode : 'and' 'or' 'xor'> <InPorts = 2> <OutPorts = 1>

State 100 <SV = 99> <Delay = 2.04>
ST_100 : Operation 560 [2/2] (2.04ns)   --->   "%x_l_FH_V_51 = add i17 %sub_ln703_12, i17 %x_l_FH_V_50"   --->   Operation 560 'add' 'x_l_FH_V_51' <Predicate = (!and_ln318_18)> <Delay = 2.04> <CoreInst = "Adder">   --->   Core 1 'Adder' <Latency = 1> <II = 1> <Delay = 1.93> <FuncUnit> <Opcode : 'add' 'sub'> <InPorts = 2> <OutPorts = 1>
ST_100 : Operation 561 [1/1] (0.00ns)   --->   "%p_Result_70 = bitset i17 @_ssdm_op_BitSet.i17.i17.i32.i1, i17 %res_FH_V_44, i32 3, i1 1"   --->   Operation 561 'bitset' 'p_Result_70' <Predicate = (!and_ln318_18)> <Delay = 0.00>
ST_100 : Operation 562 [1/1] (0.78ns)   --->   "%res_FH_V_45 = select i1 %and_ln318_18, i17 %res_FH_V_44, i17 %p_Result_70" [/home/rcslfpgaserver/Softwares/Xilinx/Vitis_HLS/2020.2/common/technology/autopilot/hls_sqrt_apfixed.h:318]   --->   Operation 562 'select' 'res_FH_V_45' <Predicate = true> <Delay = 0.78> <CoreInst = "Sel">   --->   Core 73 'Sel' <Latency = 0> <II = 1> <Delay = 0.69> <FuncUnit> <Opcode : 'select'> <InPorts = 3> <OutPorts = 1>
ST_100 : Operation 563 [1/1] (0.78ns)   --->   "%x_l_FL_V_20 = select i1 %and_ln318_18, i17 %x_l_FL_V_19, i17 %x_l_FL_V_9" [/home/rcslfpgaserver/Softwares/Xilinx/Vitis_HLS/2020.2/common/technology/autopilot/hls_sqrt_apfixed.h:318]   --->   Operation 563 'select' 'x_l_FL_V_20' <Predicate = true> <Delay = 0.78> <CoreInst = "Sel">   --->   Core 73 'Sel' <Latency = 0> <II = 1> <Delay = 0.69> <FuncUnit> <Opcode : 'select'> <InPorts = 3> <OutPorts = 1>
ST_100 : Operation 564 [1/1] (0.73ns) (out node of the LUT)   --->   "%x_l_I_V_107 = select i1 %and_ln318_18, i19 %x_l_I_V_105, i19 %x_l_I_V_106" [/home/rcslfpgaserver/Softwares/Xilinx/Vitis_HLS/2020.2/common/technology/autopilot/hls_sqrt_apfixed.h:318]   --->   Operation 564 'select' 'x_l_I_V_107' <Predicate = true> <Delay = 0.73> <CoreInst = "Sel">   --->   Core 73 'Sel' <Latency = 0> <II = 1> <Delay = 0.69> <FuncUnit> <Opcode : 'select'> <InPorts = 3> <OutPorts = 1>
ST_100 : Operation 565 [1/1] (0.00ns)   --->   "%tmp_12 = partselect i12 @_ssdm_op_PartSelect.i12.i17.i32.i32, i17 %res_FH_V_45, i32 2, i32 13"   --->   Operation 565 'partselect' 'tmp_12' <Predicate = true> <Delay = 0.00>
ST_100 : Operation 566 [1/1] (0.00ns)   --->   "%tmp_25 = partselect i3 @_ssdm_op_PartSelect.i3.i17.i32.i32, i17 %res_FH_V_45, i32 14, i32 16"   --->   Operation 566 'partselect' 'tmp_25' <Predicate = true> <Delay = 0.00>

State 101 <SV = 100> <Delay = 2.43>
ST_101 : Operation 567 [1/2] (2.04ns)   --->   "%x_l_FH_V_51 = add i17 %sub_ln703_12, i17 %x_l_FH_V_50"   --->   Operation 567 'add' 'x_l_FH_V_51' <Predicate = (!and_ln318_18)> <Delay = 2.04> <CoreInst = "Adder">   --->   Core 1 'Adder' <Latency = 1> <II = 1> <Delay = 1.93> <FuncUnit> <Opcode : 'add' 'sub'> <InPorts = 2> <OutPorts = 1>
ST_101 : Operation 568 [1/1] (0.00ns)   --->   "%mul_FL_V_5 = bitconcatenate i17 @_ssdm_op_BitConcatenate.i17.i12.i5, i12 %tmp_12, i5 16"   --->   Operation 568 'bitconcatenate' 'mul_FL_V_5' <Predicate = true> <Delay = 0.00>
ST_101 : Operation 569 [1/1] (2.43ns)   --->   "%delta_V_5 = icmp_ult  i17 %x_l_FL_V_20, i17 %mul_FL_V_5"   --->   Operation 569 'icmp' 'delta_V_5' <Predicate = true> <Delay = 2.43> <CoreInst = "Cmp">   --->   Core 9 'Cmp' <Latency = 0> <II = 1> <Delay = 2.43> <FuncUnit> <Opcode : 'icmp'> <InPorts = 2> <OutPorts = 1>

State 102 <SV = 101> <Delay = 2.07>
ST_102 : Operation 570 [1/1] (0.78ns)   --->   "%x_l_FH_V_52 = select i1 %and_ln318_18, i17 %x_l_FH_V_50, i17 %x_l_FH_V_51" [/home/rcslfpgaserver/Softwares/Xilinx/Vitis_HLS/2020.2/common/technology/autopilot/hls_sqrt_apfixed.h:318]   --->   Operation 570 'select' 'x_l_FH_V_52' <Predicate = true> <Delay = 0.78> <CoreInst = "Sel">   --->   Core 73 'Sel' <Latency = 0> <II = 1> <Delay = 0.69> <FuncUnit> <Opcode : 'select'> <InPorts = 3> <OutPorts = 1>
ST_102 : Operation 571 [1/1] (0.99ns)   --->   "%p_neg173 = select i1 %delta_V_5, i17 131071, i17 0"   --->   Operation 571 'select' 'p_neg173' <Predicate = true> <Delay = 0.99> <CoreInst = "Sel">   --->   Core 73 'Sel' <Latency = 0> <II = 1> <Delay = 0.69> <FuncUnit> <Opcode : 'select'> <InPorts = 3> <OutPorts = 1>
ST_102 : Operation 572 [2/2] (2.07ns)   --->   "%x_l_I_V_66 = add i19 %x_l_I_V_107, i19 524287"   --->   Operation 572 'add' 'x_l_I_V_66' <Predicate = true> <Delay = 2.07> <CoreInst = "Adder">   --->   Core 1 'Adder' <Latency = 1> <II = 1> <Delay = 1.93> <FuncUnit> <Opcode : 'add' 'sub'> <InPorts = 2> <OutPorts = 1>

State 103 <SV = 102> <Delay = 2.43>
ST_103 : Operation 573 [1/1] (0.00ns)   --->   "%mul_FH_V_13 = bitconcatenate i17 @_ssdm_op_BitConcatenate.i17.i6.i8.i3, i6 0, i8 %res_I_V, i3 %tmp_25"   --->   Operation 573 'bitconcatenate' 'mul_FH_V_13' <Predicate = true> <Delay = 0.00>
ST_103 : Operation 574 [1/1] (2.43ns)   --->   "%icmp_ln318_13 = icmp_ne  i17 %x_l_FH_V_52, i17 %mul_FH_V_13" [/home/rcslfpgaserver/Softwares/Xilinx/Vitis_HLS/2020.2/common/technology/autopilot/hls_sqrt_apfixed.h:318]   --->   Operation 574 'icmp' 'icmp_ln318_13' <Predicate = true> <Delay = 2.43> <CoreInst = "Cmp">   --->   Core 9 'Cmp' <Latency = 0> <II = 1> <Delay = 2.43> <FuncUnit> <Opcode : 'icmp'> <InPorts = 2> <OutPorts = 1>
ST_103 : Operation 575 [1/1] (2.43ns)   --->   "%icmp_ln1495_5 = icmp_ult  i17 %x_l_FH_V_52, i17 %mul_FH_V_13"   --->   Operation 575 'icmp' 'icmp_ln1495_5' <Predicate = true> <Delay = 2.43> <CoreInst = "Cmp">   --->   Core 9 'Cmp' <Latency = 0> <II = 1> <Delay = 2.43> <FuncUnit> <Opcode : 'icmp'> <InPorts = 2> <OutPorts = 1>
ST_103 : Operation 576 [1/2] (2.07ns)   --->   "%x_l_I_V_66 = add i19 %x_l_I_V_107, i19 524287"   --->   Operation 576 'add' 'x_l_I_V_66' <Predicate = true> <Delay = 2.07> <CoreInst = "Adder">   --->   Core 1 'Adder' <Latency = 1> <II = 1> <Delay = 1.93> <FuncUnit> <Opcode : 'add' 'sub'> <InPorts = 2> <OutPorts = 1>
ST_103 : Operation 577 [2/2] (2.04ns)   --->   "%sub_ln703_15 = sub i17 %p_neg173, i17 %mul_FH_V_13"   --->   Operation 577 'sub' 'sub_ln703_15' <Predicate = true> <Delay = 2.04> <CoreInst = "Adder">   --->   Core 1 'Adder' <Latency = 1> <II = 1> <Delay = 1.93> <FuncUnit> <Opcode : 'add' 'sub'> <InPorts = 2> <OutPorts = 1>
ST_103 : Operation 578 [2/2] (2.04ns)   --->   "%x_l_FL_V_11 = sub i17 %x_l_FL_V_20, i17 %mul_FL_V_5"   --->   Operation 578 'sub' 'x_l_FL_V_11' <Predicate = true> <Delay = 2.04> <CoreInst = "Adder">   --->   Core 1 'Adder' <Latency = 1> <II = 1> <Delay = 1.93> <FuncUnit> <Opcode : 'add' 'sub'> <InPorts = 2> <OutPorts = 1>
ST_103 : Operation 579 [1/1] (2.43ns)   --->   "%icmp_ln1498_6 = icmp_eq  i19 %x_l_I_V_107, i19 0"   --->   Operation 579 'icmp' 'icmp_ln1498_6' <Predicate = true> <Delay = 2.43> <CoreInst = "Cmp">   --->   Core 9 'Cmp' <Latency = 0> <II = 1> <Delay = 2.43> <FuncUnit> <Opcode : 'icmp'> <InPorts = 2> <OutPorts = 1>
ST_103 : Operation 580 [1/1] (2.43ns)   --->   "%icmp_ln1494_15 = icmp_ult  i17 %mul_FH_V_13, i17 %x_l_FH_V_52"   --->   Operation 580 'icmp' 'icmp_ln1494_15' <Predicate = true> <Delay = 2.43> <CoreInst = "Cmp">   --->   Core 9 'Cmp' <Latency = 0> <II = 1> <Delay = 2.43> <FuncUnit> <Opcode : 'icmp'> <InPorts = 2> <OutPorts = 1>

State 104 <SV = 103> <Delay = 2.04>
ST_104 : Operation 581 [1/1] (0.00ns) (grouped into LUT with out node and_ln318_20)   --->   "%or_ln318_13 = or i1 %icmp_ln318_13, i1 %delta_V_5" [/home/rcslfpgaserver/Softwares/Xilinx/Vitis_HLS/2020.2/common/technology/autopilot/hls_sqrt_apfixed.h:318]   --->   Operation 581 'or' 'or_ln318_13' <Predicate = true> <Delay = 0.00> <CoreInst = "LogicGate">   --->   Core 74 'LogicGate' <Latency = 0> <II = 1> <Delay = 0.97> <FuncUnit> <Opcode : 'and' 'or' 'xor'> <InPorts = 2> <OutPorts = 1>
ST_104 : Operation 582 [1/1] (0.00ns) (grouped into LUT with out node x_l_I_V_108)   --->   "%xor_ln331_5 = xor i1 %delta_V_5, i1 1" [/home/rcslfpgaserver/Softwares/Xilinx/Vitis_HLS/2020.2/common/technology/autopilot/hls_sqrt_apfixed.h:331]   --->   Operation 582 'xor' 'xor_ln331_5' <Predicate = true> <Delay = 0.00> <CoreInst = "LogicGate">   --->   Core 74 'LogicGate' <Latency = 0> <II = 1> <Delay = 0.97> <FuncUnit> <Opcode : 'and' 'or' 'xor'> <InPorts = 2> <OutPorts = 1>
ST_104 : Operation 583 [1/1] (0.00ns) (grouped into LUT with out node x_l_I_V_108)   --->   "%or_ln331_5 = or i1 %icmp_ln318_13, i1 %xor_ln331_5" [/home/rcslfpgaserver/Softwares/Xilinx/Vitis_HLS/2020.2/common/technology/autopilot/hls_sqrt_apfixed.h:331]   --->   Operation 583 'or' 'or_ln331_5' <Predicate = true> <Delay = 0.00> <CoreInst = "LogicGate">   --->   Core 74 'LogicGate' <Latency = 0> <II = 1> <Delay = 0.97> <FuncUnit> <Opcode : 'and' 'or' 'xor'> <InPorts = 2> <OutPorts = 1>
ST_104 : Operation 584 [1/1] (0.00ns) (grouped into LUT with out node x_l_I_V_108)   --->   "%xor_ln1495_5 = xor i1 %icmp_ln1495_5, i1 1"   --->   Operation 584 'xor' 'xor_ln1495_5' <Predicate = true> <Delay = 0.00> <CoreInst = "LogicGate">   --->   Core 74 'LogicGate' <Latency = 0> <II = 1> <Delay = 0.97> <FuncUnit> <Opcode : 'and' 'or' 'xor'> <InPorts = 2> <OutPorts = 1>
ST_104 : Operation 585 [1/1] (0.00ns) (grouped into LUT with out node x_l_I_V_108)   --->   "%and_ln331_5 = and i1 %or_ln331_5, i1 %xor_ln1495_5" [/home/rcslfpgaserver/Softwares/Xilinx/Vitis_HLS/2020.2/common/technology/autopilot/hls_sqrt_apfixed.h:331]   --->   Operation 585 'and' 'and_ln331_5' <Predicate = true> <Delay = 0.00> <CoreInst = "LogicGate">   --->   Core 74 'LogicGate' <Latency = 0> <II = 1> <Delay = 0.97> <FuncUnit> <Opcode : 'and' 'or' 'xor'> <InPorts = 2> <OutPorts = 1>
ST_104 : Operation 586 [1/1] (0.97ns) (out node of the LUT)   --->   "%x_l_I_V_108 = select i1 %and_ln331_5, i19 %x_l_I_V_107, i19 %x_l_I_V_66" [/home/rcslfpgaserver/Softwares/Xilinx/Vitis_HLS/2020.2/common/technology/autopilot/hls_sqrt_apfixed.h:339]   --->   Operation 586 'select' 'x_l_I_V_108' <Predicate = true> <Delay = 0.97> <CoreInst = "Sel">   --->   Core 73 'Sel' <Latency = 0> <II = 1> <Delay = 0.69> <FuncUnit> <Opcode : 'select'> <InPorts = 3> <OutPorts = 1>
ST_104 : Operation 587 [1/2] (2.04ns)   --->   "%sub_ln703_15 = sub i17 %p_neg173, i17 %mul_FH_V_13"   --->   Operation 587 'sub' 'sub_ln703_15' <Predicate = true> <Delay = 2.04> <CoreInst = "Adder">   --->   Core 1 'Adder' <Latency = 1> <II = 1> <Delay = 1.93> <FuncUnit> <Opcode : 'add' 'sub'> <InPorts = 2> <OutPorts = 1>
ST_104 : Operation 588 [1/2] (2.04ns)   --->   "%x_l_FL_V_11 = sub i17 %x_l_FL_V_20, i17 %mul_FL_V_5"   --->   Operation 588 'sub' 'x_l_FL_V_11' <Predicate = true> <Delay = 2.04> <CoreInst = "Adder">   --->   Core 1 'Adder' <Latency = 1> <II = 1> <Delay = 1.93> <FuncUnit> <Opcode : 'add' 'sub'> <InPorts = 2> <OutPorts = 1>
ST_104 : Operation 589 [1/1] (0.00ns) (grouped into LUT with out node and_ln318_20)   --->   "%xor_ln1494_13 = xor i1 %icmp_ln1494_15, i1 1"   --->   Operation 589 'xor' 'xor_ln1494_13' <Predicate = true> <Delay = 0.00> <CoreInst = "LogicGate">   --->   Core 74 'LogicGate' <Latency = 0> <II = 1> <Delay = 0.97> <FuncUnit> <Opcode : 'and' 'or' 'xor'> <InPorts = 2> <OutPorts = 1>
ST_104 : Operation 590 [1/1] (0.00ns) (grouped into LUT with out node and_ln318_20)   --->   "%and_ln318_19 = and i1 %xor_ln1494_13, i1 %or_ln318_13" [/home/rcslfpgaserver/Softwares/Xilinx/Vitis_HLS/2020.2/common/technology/autopilot/hls_sqrt_apfixed.h:318]   --->   Operation 590 'and' 'and_ln318_19' <Predicate = true> <Delay = 0.00> <CoreInst = "LogicGate">   --->   Core 74 'LogicGate' <Latency = 0> <II = 1> <Delay = 0.97> <FuncUnit> <Opcode : 'and' 'or' 'xor'> <InPorts = 2> <OutPorts = 1>
ST_104 : Operation 591 [1/1] (0.97ns) (out node of the LUT)   --->   "%and_ln318_20 = and i1 %and_ln318_19, i1 %icmp_ln1498_6" [/home/rcslfpgaserver/Softwares/Xilinx/Vitis_HLS/2020.2/common/technology/autopilot/hls_sqrt_apfixed.h:318]   --->   Operation 591 'and' 'and_ln318_20' <Predicate = true> <Delay = 0.97> <CoreInst = "LogicGate">   --->   Core 74 'LogicGate' <Latency = 0> <II = 1> <Delay = 0.97> <FuncUnit> <Opcode : 'and' 'or' 'xor'> <InPorts = 2> <OutPorts = 1>

State 105 <SV = 104> <Delay = 2.04>
ST_105 : Operation 592 [2/2] (2.04ns)   --->   "%x_l_FH_V_53 = add i17 %sub_ln703_15, i17 %x_l_FH_V_52"   --->   Operation 592 'add' 'x_l_FH_V_53' <Predicate = (!and_ln318_20)> <Delay = 2.04> <CoreInst = "Adder">   --->   Core 1 'Adder' <Latency = 1> <II = 1> <Delay = 1.93> <FuncUnit> <Opcode : 'add' 'sub'> <InPorts = 2> <OutPorts = 1>
ST_105 : Operation 593 [1/1] (0.00ns)   --->   "%p_Result_71 = bitset i17 @_ssdm_op_BitSet.i17.i17.i32.i1, i17 %res_FH_V_45, i32 2, i1 1"   --->   Operation 593 'bitset' 'p_Result_71' <Predicate = (!and_ln318_20)> <Delay = 0.00>
ST_105 : Operation 594 [1/1] (0.78ns)   --->   "%res_FH_V_46 = select i1 %and_ln318_20, i17 %res_FH_V_45, i17 %p_Result_71" [/home/rcslfpgaserver/Softwares/Xilinx/Vitis_HLS/2020.2/common/technology/autopilot/hls_sqrt_apfixed.h:318]   --->   Operation 594 'select' 'res_FH_V_46' <Predicate = true> <Delay = 0.78> <CoreInst = "Sel">   --->   Core 73 'Sel' <Latency = 0> <II = 1> <Delay = 0.69> <FuncUnit> <Opcode : 'select'> <InPorts = 3> <OutPorts = 1>
ST_105 : Operation 595 [1/1] (0.78ns)   --->   "%x_l_FL_V_21 = select i1 %and_ln318_20, i17 %x_l_FL_V_20, i17 %x_l_FL_V_11" [/home/rcslfpgaserver/Softwares/Xilinx/Vitis_HLS/2020.2/common/technology/autopilot/hls_sqrt_apfixed.h:318]   --->   Operation 595 'select' 'x_l_FL_V_21' <Predicate = true> <Delay = 0.78> <CoreInst = "Sel">   --->   Core 73 'Sel' <Latency = 0> <II = 1> <Delay = 0.69> <FuncUnit> <Opcode : 'select'> <InPorts = 3> <OutPorts = 1>
ST_105 : Operation 596 [1/1] (0.73ns) (out node of the LUT)   --->   "%x_l_I_V_109 = select i1 %and_ln318_20, i19 %x_l_I_V_107, i19 %x_l_I_V_108" [/home/rcslfpgaserver/Softwares/Xilinx/Vitis_HLS/2020.2/common/technology/autopilot/hls_sqrt_apfixed.h:318]   --->   Operation 596 'select' 'x_l_I_V_109' <Predicate = true> <Delay = 0.73> <CoreInst = "Sel">   --->   Core 73 'Sel' <Latency = 0> <II = 1> <Delay = 0.69> <FuncUnit> <Opcode : 'select'> <InPorts = 3> <OutPorts = 1>
ST_105 : Operation 597 [1/1] (0.00ns)   --->   "%tmp_13 = partselect i14 @_ssdm_op_PartSelect.i14.i17.i32.i32, i17 %res_FH_V_46, i32 1, i32 14"   --->   Operation 597 'partselect' 'tmp_13' <Predicate = true> <Delay = 0.00>
ST_105 : Operation 598 [1/1] (0.00ns)   --->   "%tmp_26 = partselect i2 @_ssdm_op_PartSelect.i2.i17.i32.i32, i17 %res_FH_V_46, i32 15, i32 16"   --->   Operation 598 'partselect' 'tmp_26' <Predicate = true> <Delay = 0.00>

State 106 <SV = 105> <Delay = 2.43>
ST_106 : Operation 599 [1/2] (2.04ns)   --->   "%x_l_FH_V_53 = add i17 %sub_ln703_15, i17 %x_l_FH_V_52"   --->   Operation 599 'add' 'x_l_FH_V_53' <Predicate = (!and_ln318_20)> <Delay = 2.04> <CoreInst = "Adder">   --->   Core 1 'Adder' <Latency = 1> <II = 1> <Delay = 1.93> <FuncUnit> <Opcode : 'add' 'sub'> <InPorts = 2> <OutPorts = 1>
ST_106 : Operation 600 [1/1] (0.00ns)   --->   "%mul_FL_V_6 = bitconcatenate i17 @_ssdm_op_BitConcatenate.i17.i14.i3, i14 %tmp_13, i3 4"   --->   Operation 600 'bitconcatenate' 'mul_FL_V_6' <Predicate = true> <Delay = 0.00>
ST_106 : Operation 601 [1/1] (2.43ns)   --->   "%delta_V_6 = icmp_ult  i17 %x_l_FL_V_21, i17 %mul_FL_V_6"   --->   Operation 601 'icmp' 'delta_V_6' <Predicate = true> <Delay = 2.43> <CoreInst = "Cmp">   --->   Core 9 'Cmp' <Latency = 0> <II = 1> <Delay = 2.43> <FuncUnit> <Opcode : 'icmp'> <InPorts = 2> <OutPorts = 1>

State 107 <SV = 106> <Delay = 2.07>
ST_107 : Operation 602 [1/1] (0.78ns)   --->   "%x_l_FH_V_54 = select i1 %and_ln318_20, i17 %x_l_FH_V_52, i17 %x_l_FH_V_53" [/home/rcslfpgaserver/Softwares/Xilinx/Vitis_HLS/2020.2/common/technology/autopilot/hls_sqrt_apfixed.h:318]   --->   Operation 602 'select' 'x_l_FH_V_54' <Predicate = true> <Delay = 0.78> <CoreInst = "Sel">   --->   Core 73 'Sel' <Latency = 0> <II = 1> <Delay = 0.69> <FuncUnit> <Opcode : 'select'> <InPorts = 3> <OutPorts = 1>
ST_107 : Operation 603 [1/1] (0.99ns)   --->   "%p_neg174 = select i1 %delta_V_6, i17 131071, i17 0"   --->   Operation 603 'select' 'p_neg174' <Predicate = true> <Delay = 0.99> <CoreInst = "Sel">   --->   Core 73 'Sel' <Latency = 0> <II = 1> <Delay = 0.69> <FuncUnit> <Opcode : 'select'> <InPorts = 3> <OutPorts = 1>
ST_107 : Operation 604 [2/2] (2.07ns)   --->   "%x_l_I_V_69 = add i19 %x_l_I_V_109, i19 524287"   --->   Operation 604 'add' 'x_l_I_V_69' <Predicate = true> <Delay = 2.07> <CoreInst = "Adder">   --->   Core 1 'Adder' <Latency = 1> <II = 1> <Delay = 1.93> <FuncUnit> <Opcode : 'add' 'sub'> <InPorts = 2> <OutPorts = 1>

State 108 <SV = 107> <Delay = 2.43>
ST_108 : Operation 605 [1/1] (0.00ns)   --->   "%mul_FH_V_14 = bitconcatenate i17 @_ssdm_op_BitConcatenate.i17.i7.i8.i2, i7 0, i8 %res_I_V, i2 %tmp_26"   --->   Operation 605 'bitconcatenate' 'mul_FH_V_14' <Predicate = true> <Delay = 0.00>
ST_108 : Operation 606 [1/1] (2.43ns)   --->   "%icmp_ln318_14 = icmp_ne  i17 %x_l_FH_V_54, i17 %mul_FH_V_14" [/home/rcslfpgaserver/Softwares/Xilinx/Vitis_HLS/2020.2/common/technology/autopilot/hls_sqrt_apfixed.h:318]   --->   Operation 606 'icmp' 'icmp_ln318_14' <Predicate = true> <Delay = 2.43> <CoreInst = "Cmp">   --->   Core 9 'Cmp' <Latency = 0> <II = 1> <Delay = 2.43> <FuncUnit> <Opcode : 'icmp'> <InPorts = 2> <OutPorts = 1>
ST_108 : Operation 607 [1/1] (2.43ns)   --->   "%icmp_ln1495_6 = icmp_ult  i17 %x_l_FH_V_54, i17 %mul_FH_V_14"   --->   Operation 607 'icmp' 'icmp_ln1495_6' <Predicate = true> <Delay = 2.43> <CoreInst = "Cmp">   --->   Core 9 'Cmp' <Latency = 0> <II = 1> <Delay = 2.43> <FuncUnit> <Opcode : 'icmp'> <InPorts = 2> <OutPorts = 1>
ST_108 : Operation 608 [1/2] (2.07ns)   --->   "%x_l_I_V_69 = add i19 %x_l_I_V_109, i19 524287"   --->   Operation 608 'add' 'x_l_I_V_69' <Predicate = true> <Delay = 2.07> <CoreInst = "Adder">   --->   Core 1 'Adder' <Latency = 1> <II = 1> <Delay = 1.93> <FuncUnit> <Opcode : 'add' 'sub'> <InPorts = 2> <OutPorts = 1>
ST_108 : Operation 609 [2/2] (2.04ns)   --->   "%sub_ln703_18 = sub i17 %p_neg174, i17 %mul_FH_V_14"   --->   Operation 609 'sub' 'sub_ln703_18' <Predicate = true> <Delay = 2.04> <CoreInst = "Adder">   --->   Core 1 'Adder' <Latency = 1> <II = 1> <Delay = 1.93> <FuncUnit> <Opcode : 'add' 'sub'> <InPorts = 2> <OutPorts = 1>
ST_108 : Operation 610 [1/1] (2.43ns)   --->   "%icmp_ln1498_7 = icmp_eq  i19 %x_l_I_V_109, i19 0"   --->   Operation 610 'icmp' 'icmp_ln1498_7' <Predicate = true> <Delay = 2.43> <CoreInst = "Cmp">   --->   Core 9 'Cmp' <Latency = 0> <II = 1> <Delay = 2.43> <FuncUnit> <Opcode : 'icmp'> <InPorts = 2> <OutPorts = 1>
ST_108 : Operation 611 [1/1] (2.43ns)   --->   "%icmp_ln1494_16 = icmp_ult  i17 %mul_FH_V_14, i17 %x_l_FH_V_54"   --->   Operation 611 'icmp' 'icmp_ln1494_16' <Predicate = true> <Delay = 2.43> <CoreInst = "Cmp">   --->   Core 9 'Cmp' <Latency = 0> <II = 1> <Delay = 2.43> <FuncUnit> <Opcode : 'icmp'> <InPorts = 2> <OutPorts = 1>

State 109 <SV = 108> <Delay = 2.04>
ST_109 : Operation 612 [1/1] (0.00ns) (grouped into LUT with out node and_ln318_22)   --->   "%or_ln318_14 = or i1 %icmp_ln318_14, i1 %delta_V_6" [/home/rcslfpgaserver/Softwares/Xilinx/Vitis_HLS/2020.2/common/technology/autopilot/hls_sqrt_apfixed.h:318]   --->   Operation 612 'or' 'or_ln318_14' <Predicate = true> <Delay = 0.00> <CoreInst = "LogicGate">   --->   Core 74 'LogicGate' <Latency = 0> <II = 1> <Delay = 0.97> <FuncUnit> <Opcode : 'and' 'or' 'xor'> <InPorts = 2> <OutPorts = 1>
ST_109 : Operation 613 [1/1] (0.00ns) (grouped into LUT with out node x_l_I_V_110)   --->   "%xor_ln331_6 = xor i1 %delta_V_6, i1 1" [/home/rcslfpgaserver/Softwares/Xilinx/Vitis_HLS/2020.2/common/technology/autopilot/hls_sqrt_apfixed.h:331]   --->   Operation 613 'xor' 'xor_ln331_6' <Predicate = true> <Delay = 0.00> <CoreInst = "LogicGate">   --->   Core 74 'LogicGate' <Latency = 0> <II = 1> <Delay = 0.97> <FuncUnit> <Opcode : 'and' 'or' 'xor'> <InPorts = 2> <OutPorts = 1>
ST_109 : Operation 614 [1/1] (0.00ns) (grouped into LUT with out node x_l_I_V_110)   --->   "%or_ln331_6 = or i1 %icmp_ln318_14, i1 %xor_ln331_6" [/home/rcslfpgaserver/Softwares/Xilinx/Vitis_HLS/2020.2/common/technology/autopilot/hls_sqrt_apfixed.h:331]   --->   Operation 614 'or' 'or_ln331_6' <Predicate = true> <Delay = 0.00> <CoreInst = "LogicGate">   --->   Core 74 'LogicGate' <Latency = 0> <II = 1> <Delay = 0.97> <FuncUnit> <Opcode : 'and' 'or' 'xor'> <InPorts = 2> <OutPorts = 1>
ST_109 : Operation 615 [1/1] (0.00ns) (grouped into LUT with out node x_l_I_V_110)   --->   "%xor_ln1495_6 = xor i1 %icmp_ln1495_6, i1 1"   --->   Operation 615 'xor' 'xor_ln1495_6' <Predicate = true> <Delay = 0.00> <CoreInst = "LogicGate">   --->   Core 74 'LogicGate' <Latency = 0> <II = 1> <Delay = 0.97> <FuncUnit> <Opcode : 'and' 'or' 'xor'> <InPorts = 2> <OutPorts = 1>
ST_109 : Operation 616 [1/1] (0.00ns) (grouped into LUT with out node x_l_I_V_110)   --->   "%and_ln331_6 = and i1 %or_ln331_6, i1 %xor_ln1495_6" [/home/rcslfpgaserver/Softwares/Xilinx/Vitis_HLS/2020.2/common/technology/autopilot/hls_sqrt_apfixed.h:331]   --->   Operation 616 'and' 'and_ln331_6' <Predicate = true> <Delay = 0.00> <CoreInst = "LogicGate">   --->   Core 74 'LogicGate' <Latency = 0> <II = 1> <Delay = 0.97> <FuncUnit> <Opcode : 'and' 'or' 'xor'> <InPorts = 2> <OutPorts = 1>
ST_109 : Operation 617 [1/1] (0.97ns) (out node of the LUT)   --->   "%x_l_I_V_110 = select i1 %and_ln331_6, i19 %x_l_I_V_109, i19 %x_l_I_V_69" [/home/rcslfpgaserver/Softwares/Xilinx/Vitis_HLS/2020.2/common/technology/autopilot/hls_sqrt_apfixed.h:339]   --->   Operation 617 'select' 'x_l_I_V_110' <Predicate = true> <Delay = 0.97> <CoreInst = "Sel">   --->   Core 73 'Sel' <Latency = 0> <II = 1> <Delay = 0.69> <FuncUnit> <Opcode : 'select'> <InPorts = 3> <OutPorts = 1>
ST_109 : Operation 618 [1/2] (2.04ns)   --->   "%sub_ln703_18 = sub i17 %p_neg174, i17 %mul_FH_V_14"   --->   Operation 618 'sub' 'sub_ln703_18' <Predicate = true> <Delay = 2.04> <CoreInst = "Adder">   --->   Core 1 'Adder' <Latency = 1> <II = 1> <Delay = 1.93> <FuncUnit> <Opcode : 'add' 'sub'> <InPorts = 2> <OutPorts = 1>
ST_109 : Operation 619 [2/2] (2.04ns)   --->   "%x_l_FL_V_13 = sub i17 %x_l_FL_V_21, i17 %mul_FL_V_6"   --->   Operation 619 'sub' 'x_l_FL_V_13' <Predicate = true> <Delay = 2.04> <CoreInst = "Adder">   --->   Core 1 'Adder' <Latency = 1> <II = 1> <Delay = 1.93> <FuncUnit> <Opcode : 'add' 'sub'> <InPorts = 2> <OutPorts = 1>
ST_109 : Operation 620 [1/1] (0.00ns) (grouped into LUT with out node and_ln318_22)   --->   "%xor_ln1494_14 = xor i1 %icmp_ln1494_16, i1 1"   --->   Operation 620 'xor' 'xor_ln1494_14' <Predicate = true> <Delay = 0.00> <CoreInst = "LogicGate">   --->   Core 74 'LogicGate' <Latency = 0> <II = 1> <Delay = 0.97> <FuncUnit> <Opcode : 'and' 'or' 'xor'> <InPorts = 2> <OutPorts = 1>
ST_109 : Operation 621 [1/1] (0.00ns) (grouped into LUT with out node and_ln318_22)   --->   "%and_ln318_21 = and i1 %xor_ln1494_14, i1 %or_ln318_14" [/home/rcslfpgaserver/Softwares/Xilinx/Vitis_HLS/2020.2/common/technology/autopilot/hls_sqrt_apfixed.h:318]   --->   Operation 621 'and' 'and_ln318_21' <Predicate = true> <Delay = 0.00> <CoreInst = "LogicGate">   --->   Core 74 'LogicGate' <Latency = 0> <II = 1> <Delay = 0.97> <FuncUnit> <Opcode : 'and' 'or' 'xor'> <InPorts = 2> <OutPorts = 1>
ST_109 : Operation 622 [1/1] (0.97ns) (out node of the LUT)   --->   "%and_ln318_22 = and i1 %and_ln318_21, i1 %icmp_ln1498_7" [/home/rcslfpgaserver/Softwares/Xilinx/Vitis_HLS/2020.2/common/technology/autopilot/hls_sqrt_apfixed.h:318]   --->   Operation 622 'and' 'and_ln318_22' <Predicate = true> <Delay = 0.97> <CoreInst = "LogicGate">   --->   Core 74 'LogicGate' <Latency = 0> <II = 1> <Delay = 0.97> <FuncUnit> <Opcode : 'and' 'or' 'xor'> <InPorts = 2> <OutPorts = 1>

State 110 <SV = 109> <Delay = 2.43>
ST_110 : Operation 623 [2/2] (2.04ns)   --->   "%x_l_FH_V_55 = add i17 %sub_ln703_18, i17 %x_l_FH_V_54"   --->   Operation 623 'add' 'x_l_FH_V_55' <Predicate = (!and_ln318_22)> <Delay = 2.04> <CoreInst = "Adder">   --->   Core 1 'Adder' <Latency = 1> <II = 1> <Delay = 1.93> <FuncUnit> <Opcode : 'add' 'sub'> <InPorts = 2> <OutPorts = 1>
ST_110 : Operation 624 [1/2] (2.04ns)   --->   "%x_l_FL_V_13 = sub i17 %x_l_FL_V_21, i17 %mul_FL_V_6"   --->   Operation 624 'sub' 'x_l_FL_V_13' <Predicate = true> <Delay = 2.04> <CoreInst = "Adder">   --->   Core 1 'Adder' <Latency = 1> <II = 1> <Delay = 1.93> <FuncUnit> <Opcode : 'add' 'sub'> <InPorts = 2> <OutPorts = 1>
ST_110 : Operation 625 [1/1] (0.00ns)   --->   "%p_Result_72 = bitset i17 @_ssdm_op_BitSet.i17.i17.i32.i1, i17 %res_FH_V_46, i32 1, i1 1"   --->   Operation 625 'bitset' 'p_Result_72' <Predicate = (!and_ln318_22)> <Delay = 0.00>
ST_110 : Operation 626 [1/1] (0.78ns)   --->   "%res_FH_V_47 = select i1 %and_ln318_22, i17 %res_FH_V_46, i17 %p_Result_72" [/home/rcslfpgaserver/Softwares/Xilinx/Vitis_HLS/2020.2/common/technology/autopilot/hls_sqrt_apfixed.h:318]   --->   Operation 626 'select' 'res_FH_V_47' <Predicate = true> <Delay = 0.78> <CoreInst = "Sel">   --->   Core 73 'Sel' <Latency = 0> <II = 1> <Delay = 0.69> <FuncUnit> <Opcode : 'select'> <InPorts = 3> <OutPorts = 1>
ST_110 : Operation 627 [1/1] (0.00ns) (grouped into LUT with out node icmp_ln1498_8)   --->   "%x_l_I_V_111 = select i1 %and_ln318_22, i19 %x_l_I_V_109, i19 %x_l_I_V_110" [/home/rcslfpgaserver/Softwares/Xilinx/Vitis_HLS/2020.2/common/technology/autopilot/hls_sqrt_apfixed.h:318]   --->   Operation 627 'select' 'x_l_I_V_111' <Predicate = true> <Delay = 0.00> <CoreInst = "Sel">   --->   Core 73 'Sel' <Latency = 0> <II = 1> <Delay = 0.69> <FuncUnit> <Opcode : 'select'> <InPorts = 3> <OutPorts = 1>
ST_110 : Operation 628 [1/1] (0.00ns)   --->   "%tmp_56 = bitselect i1 @_ssdm_op_BitSelect.i1.i17.i32, i17 %res_FH_V_47, i32 16"   --->   Operation 628 'bitselect' 'tmp_56' <Predicate = true> <Delay = 0.00>
ST_110 : Operation 629 [1/1] (2.43ns) (out node of the LUT)   --->   "%icmp_ln1498_8 = icmp_eq  i19 %x_l_I_V_111, i19 0"   --->   Operation 629 'icmp' 'icmp_ln1498_8' <Predicate = true> <Delay = 2.43> <CoreInst = "Cmp">   --->   Core 9 'Cmp' <Latency = 0> <II = 1> <Delay = 2.43> <FuncUnit> <Opcode : 'icmp'> <InPorts = 2> <OutPorts = 1>

State 111 <SV = 110> <Delay = 2.43>
ST_111 : Operation 630 [1/2] (2.04ns)   --->   "%x_l_FH_V_55 = add i17 %sub_ln703_18, i17 %x_l_FH_V_54"   --->   Operation 630 'add' 'x_l_FH_V_55' <Predicate = (!and_ln318_22)> <Delay = 2.04> <CoreInst = "Adder">   --->   Core 1 'Adder' <Latency = 1> <II = 1> <Delay = 1.93> <FuncUnit> <Opcode : 'add' 'sub'> <InPorts = 2> <OutPorts = 1>
ST_111 : Operation 631 [1/1] (0.00ns) (grouped into LUT with out node icmp_ln1496)   --->   "%x_l_FL_V_14 = select i1 %and_ln318_22, i17 %x_l_FL_V_21, i17 %x_l_FL_V_13" [/home/rcslfpgaserver/Softwares/Xilinx/Vitis_HLS/2020.2/common/technology/autopilot/hls_sqrt_apfixed.h:318]   --->   Operation 631 'select' 'x_l_FL_V_14' <Predicate = true> <Delay = 0.00> <CoreInst = "Sel">   --->   Core 73 'Sel' <Latency = 0> <II = 1> <Delay = 0.69> <FuncUnit> <Opcode : 'select'> <InPorts = 3> <OutPorts = 1>
ST_111 : Operation 632 [1/1] (0.00ns) (grouped into LUT with out node icmp_ln1496)   --->   "%trunc_ln104_7 = trunc i17 %res_FH_V_47"   --->   Operation 632 'trunc' 'trunc_ln104_7' <Predicate = true> <Delay = 0.00>
ST_111 : Operation 633 [1/1] (0.00ns) (grouped into LUT with out node icmp_ln1496)   --->   "%mul_FL_V_7 = bitconcatenate i17 @_ssdm_op_BitConcatenate.i17.i16.i1, i16 %trunc_ln104_7, i1 1"   --->   Operation 633 'bitconcatenate' 'mul_FL_V_7' <Predicate = true> <Delay = 0.00>
ST_111 : Operation 634 [1/1] (2.43ns) (out node of the LUT)   --->   "%icmp_ln1496 = icmp_ult  i17 %x_l_FL_V_14, i17 %mul_FL_V_7"   --->   Operation 634 'icmp' 'icmp_ln1496' <Predicate = true> <Delay = 2.43> <CoreInst = "Cmp">   --->   Core 9 'Cmp' <Latency = 0> <II = 1> <Delay = 2.43> <FuncUnit> <Opcode : 'icmp'> <InPorts = 2> <OutPorts = 1>

State 112 <SV = 111> <Delay = 0.78>
ST_112 : Operation 635 [1/1] (0.78ns)   --->   "%x_l_FH_V_56 = select i1 %and_ln318_22, i17 %x_l_FH_V_54, i17 %x_l_FH_V_55" [/home/rcslfpgaserver/Softwares/Xilinx/Vitis_HLS/2020.2/common/technology/autopilot/hls_sqrt_apfixed.h:318]   --->   Operation 635 'select' 'x_l_FH_V_56' <Predicate = true> <Delay = 0.78> <CoreInst = "Sel">   --->   Core 73 'Sel' <Latency = 0> <II = 1> <Delay = 0.69> <FuncUnit> <Opcode : 'select'> <InPorts = 3> <OutPorts = 1>

State 113 <SV = 112> <Delay = 2.43>
ST_113 : Operation 636 [1/1] (0.00ns)   --->   "%mul_FH_V_15 = bitconcatenate i17 @_ssdm_op_BitConcatenate.i17.i8.i8.i1, i8 0, i8 %res_I_V, i1 %tmp_56"   --->   Operation 636 'bitconcatenate' 'mul_FH_V_15' <Predicate = true> <Delay = 0.00>
ST_113 : Operation 637 [1/1] (2.43ns)   --->   "%icmp_ln318_15 = icmp_ne  i17 %x_l_FH_V_56, i17 %mul_FH_V_15" [/home/rcslfpgaserver/Softwares/Xilinx/Vitis_HLS/2020.2/common/technology/autopilot/hls_sqrt_apfixed.h:318]   --->   Operation 637 'icmp' 'icmp_ln318_15' <Predicate = true> <Delay = 2.43> <CoreInst = "Cmp">   --->   Core 9 'Cmp' <Latency = 0> <II = 1> <Delay = 2.43> <FuncUnit> <Opcode : 'icmp'> <InPorts = 2> <OutPorts = 1>
ST_113 : Operation 638 [1/1] (2.43ns)   --->   "%icmp_ln1494_17 = icmp_ult  i17 %mul_FH_V_15, i17 %x_l_FH_V_56"   --->   Operation 638 'icmp' 'icmp_ln1494_17' <Predicate = true> <Delay = 2.43> <CoreInst = "Cmp">   --->   Core 9 'Cmp' <Latency = 0> <II = 1> <Delay = 2.43> <FuncUnit> <Opcode : 'icmp'> <InPorts = 2> <OutPorts = 1>

State 114 <SV = 113> <Delay = 0.97>
ST_114 : Operation 639 [1/1] (0.00ns) (grouped into LUT with out node res_FH_V_31)   --->   "%or_ln318_15 = or i1 %icmp_ln318_15, i1 %icmp_ln1496" [/home/rcslfpgaserver/Softwares/Xilinx/Vitis_HLS/2020.2/common/technology/autopilot/hls_sqrt_apfixed.h:318]   --->   Operation 639 'or' 'or_ln318_15' <Predicate = true> <Delay = 0.00> <CoreInst = "LogicGate">   --->   Core 74 'LogicGate' <Latency = 0> <II = 1> <Delay = 0.97> <FuncUnit> <Opcode : 'and' 'or' 'xor'> <InPorts = 2> <OutPorts = 1>
ST_114 : Operation 640 [1/1] (0.00ns) (grouped into LUT with out node res_FH_V_31)   --->   "%p_Result_73 = bitset i17 @_ssdm_op_BitSet.i17.i17.i32.i1, i17 %res_FH_V_47, i32 0, i1 1"   --->   Operation 640 'bitset' 'p_Result_73' <Predicate = true> <Delay = 0.00>
ST_114 : Operation 641 [1/1] (0.00ns) (grouped into LUT with out node res_FH_V_31)   --->   "%xor_ln1494_15 = xor i1 %icmp_ln1494_17, i1 1"   --->   Operation 641 'xor' 'xor_ln1494_15' <Predicate = true> <Delay = 0.00> <CoreInst = "LogicGate">   --->   Core 74 'LogicGate' <Latency = 0> <II = 1> <Delay = 0.97> <FuncUnit> <Opcode : 'and' 'or' 'xor'> <InPorts = 2> <OutPorts = 1>
ST_114 : Operation 642 [1/1] (0.00ns) (grouped into LUT with out node res_FH_V_31)   --->   "%and_ln318_23 = and i1 %xor_ln1494_15, i1 %or_ln318_15" [/home/rcslfpgaserver/Softwares/Xilinx/Vitis_HLS/2020.2/common/technology/autopilot/hls_sqrt_apfixed.h:318]   --->   Operation 642 'and' 'and_ln318_23' <Predicate = true> <Delay = 0.00> <CoreInst = "LogicGate">   --->   Core 74 'LogicGate' <Latency = 0> <II = 1> <Delay = 0.97> <FuncUnit> <Opcode : 'and' 'or' 'xor'> <InPorts = 2> <OutPorts = 1>
ST_114 : Operation 643 [1/1] (0.00ns) (grouped into LUT with out node res_FH_V_31)   --->   "%and_ln318_24 = and i1 %and_ln318_23, i1 %icmp_ln1498_8" [/home/rcslfpgaserver/Softwares/Xilinx/Vitis_HLS/2020.2/common/technology/autopilot/hls_sqrt_apfixed.h:318]   --->   Operation 643 'and' 'and_ln318_24' <Predicate = true> <Delay = 0.00> <CoreInst = "LogicGate">   --->   Core 74 'LogicGate' <Latency = 0> <II = 1> <Delay = 0.97> <FuncUnit> <Opcode : 'and' 'or' 'xor'> <InPorts = 2> <OutPorts = 1>
ST_114 : Operation 644 [1/1] (0.97ns) (out node of the LUT)   --->   "%res_FH_V_31 = select i1 %and_ln318_24, i17 %res_FH_V_47, i17 %p_Result_73" [/home/rcslfpgaserver/Softwares/Xilinx/Vitis_HLS/2020.2/common/technology/autopilot/hls_sqrt_apfixed.h:318]   --->   Operation 644 'select' 'res_FH_V_31' <Predicate = true> <Delay = 0.97> <CoreInst = "Sel">   --->   Core 73 'Sel' <Latency = 0> <II = 1> <Delay = 0.69> <FuncUnit> <Opcode : 'select'> <InPorts = 3> <OutPorts = 1>

State 115 <SV = 114> <Delay = 2.04>
ST_115 : Operation 645 [1/1] (0.00ns)   --->   "%zext_ln703 = zext i17 %res_FH_V_31"   --->   Operation 645 'zext' 'zext_ln703' <Predicate = true> <Delay = 0.00>
ST_115 : Operation 646 [2/2] (2.04ns)   --->   "%res_FH_l_V = add i18 %zext_ln703, i18 1"   --->   Operation 646 'add' 'res_FH_l_V' <Predicate = true> <Delay = 2.04> <CoreInst = "Adder">   --->   Core 1 'Adder' <Latency = 1> <II = 1> <Delay = 1.93> <FuncUnit> <Opcode : 'add' 'sub'> <InPorts = 2> <OutPorts = 1>
ST_115 : Operation 647 [2/2] (2.04ns)   --->   "%res_FH_V_48 = add i17 %res_FH_V_31, i17 1"   --->   Operation 647 'add' 'res_FH_V_48' <Predicate = true> <Delay = 2.04> <CoreInst = "Adder">   --->   Core 1 'Adder' <Latency = 1> <II = 1> <Delay = 1.93> <FuncUnit> <Opcode : 'add' 'sub'> <InPorts = 2> <OutPorts = 1>
ST_115 : Operation 648 [2/2] (1.93ns)   --->   "%res_I_V_14 = add i8 %res_I_V, i8 1"   --->   Operation 648 'add' 'res_I_V_14' <Predicate = true> <Delay = 1.93> <CoreInst = "Adder">   --->   Core 1 'Adder' <Latency = 1> <II = 1> <Delay = 1.93> <FuncUnit> <Opcode : 'add' 'sub'> <InPorts = 2> <OutPorts = 1>

State 116 <SV = 115> <Delay = 2.04>
ST_116 : Operation 649 [1/2] (2.04ns)   --->   "%res_FH_l_V = add i18 %zext_ln703, i18 1"   --->   Operation 649 'add' 'res_FH_l_V' <Predicate = true> <Delay = 2.04> <CoreInst = "Adder">   --->   Core 1 'Adder' <Latency = 1> <II = 1> <Delay = 1.93> <FuncUnit> <Opcode : 'add' 'sub'> <InPorts = 2> <OutPorts = 1>
ST_116 : Operation 650 [1/2] (2.04ns)   --->   "%res_FH_V_48 = add i17 %res_FH_V_31, i17 1"   --->   Operation 650 'add' 'res_FH_V_48' <Predicate = true> <Delay = 2.04> <CoreInst = "Adder">   --->   Core 1 'Adder' <Latency = 1> <II = 1> <Delay = 1.93> <FuncUnit> <Opcode : 'add' 'sub'> <InPorts = 2> <OutPorts = 1>
ST_116 : Operation 651 [1/2] (1.93ns)   --->   "%res_I_V_14 = add i8 %res_I_V, i8 1"   --->   Operation 651 'add' 'res_I_V_14' <Predicate = true> <Delay = 1.93> <CoreInst = "Adder">   --->   Core 1 'Adder' <Latency = 1> <II = 1> <Delay = 1.93> <FuncUnit> <Opcode : 'add' 'sub'> <InPorts = 2> <OutPorts = 1>

State 117 <SV = 116> <Delay = 1.24>
ST_117 : Operation 652 [1/1] (0.00ns)   --->   "%specpipeline_ln42 = specpipeline void @_ssdm_op_SpecPipeline, i32 4294967295, i32 0, i32 0, i32 0, void @empty_1" [/home/rcslfpgaserver/Softwares/Xilinx/Vitis_HLS/2020.2/common/technology/autopilot/hls_sqrt_apfixed.h:42]   --->   Operation 652 'specpipeline' 'specpipeline_ln42' <Predicate = true> <Delay = 0.00>
ST_117 : Operation 653 [1/1] (0.00ns) (grouped into LUT with out node select_ln99)   --->   "%p_Result_s = bitselect i1 @_ssdm_op_BitSelect.i1.i32.i32, i32 %x_read, i32 31"   --->   Operation 653 'bitselect' 'p_Result_s' <Predicate = true> <Delay = 0.00>
ST_117 : Operation 654 [1/1] (0.00ns) (grouped into LUT with out node select_ln99)   --->   "%p_Result_40 = bitselect i1 @_ssdm_op_BitSelect.i1.i18.i32, i18 %res_FH_l_V, i32 17"   --->   Operation 654 'bitselect' 'p_Result_40' <Predicate = true> <Delay = 0.00>
ST_117 : Operation 655 [1/1] (0.00ns) (grouped into LUT with out node select_ln99)   --->   "%res_I_V_23 = select i1 %p_Result_40, i8 %res_I_V_14, i8 %res_I_V" [/home/rcslfpgaserver/Softwares/Xilinx/Vitis_HLS/2020.2/common/technology/autopilot/hls_sqrt_apfixed.h:363]   --->   Operation 655 'select' 'res_I_V_23' <Predicate = true> <Delay = 0.00> <CoreInst = "Sel">   --->   Core 73 'Sel' <Latency = 0> <II = 1> <Delay = 0.69> <FuncUnit> <Opcode : 'select'> <InPorts = 3> <OutPorts = 1>
ST_117 : Operation 656 [1/1] (0.00ns) (grouped into LUT with out node select_ln99)   --->   "%tmp_27 = partselect i16 @_ssdm_op_PartSelect.i16.i17.i32.i32, i17 %res_FH_V_48, i32 1, i32 16"   --->   Operation 656 'partselect' 'tmp_27' <Predicate = true> <Delay = 0.00>
ST_117 : Operation 657 [1/1] (0.00ns) (grouped into LUT with out node select_ln99)   --->   "%trunc_ln9 = bitconcatenate i24 @_ssdm_op_BitConcatenate.i24.i8.i16, i8 %res_I_V_23, i16 %tmp_27"   --->   Operation 657 'bitconcatenate' 'trunc_ln9' <Predicate = true> <Delay = 0.00>
ST_117 : Operation 658 [1/1] (1.24ns) (out node of the LUT)   --->   "%select_ln99 = select i1 %p_Result_s, i24 0, i24 %trunc_ln9"   --->   Operation 658 'select' 'select_ln99' <Predicate = true> <Delay = 1.24> <CoreInst = "Sel">   --->   Core 73 'Sel' <Latency = 0> <II = 1> <Delay = 0.69> <FuncUnit> <Opcode : 'select'> <InPorts = 3> <OutPorts = 1>
ST_117 : Operation 659 [1/1] (0.00ns)   --->   "%ret_ln372 = ret i24 %select_ln99" [/home/rcslfpgaserver/Softwares/Xilinx/Vitis_HLS/2020.2/common/technology/autopilot/hls_sqrt_apfixed.h:372]   --->   Operation 659 'ret' 'ret_ln372' <Predicate = true> <Delay = 0.00>


============================================================
+ Verbose Summary: Timing violations
============================================================
Target clock period: 2ns, clock uncertainty: 0.54ns.

 <State 1>: 1.86ns
The critical path consists of the following:
	wire read on port 'x' [3]  (0 ns)
	'add' operation ('add_ln248') [12]  (1.86 ns)

 <State 2>: 1.86ns
The critical path consists of the following:
	'add' operation ('add_ln248') [12]  (1.86 ns)

 <State 3>: 1.25ns
The critical path consists of the following:
	'select' operation ('res_I.V') [15]  (1.25 ns)

 <State 4>: 1.89ns
The critical path consists of the following:
	'sub' operation ('sub_ln248') [21]  (1.89 ns)

 <State 5>: 1.89ns
The critical path consists of the following:
	'sub' operation ('sub_ln248') [21]  (1.89 ns)

 <State 6>: 1.25ns
The critical path consists of the following:
	'select' operation ('res_I.V') [25]  (1.25 ns)

 <State 7>: 1.9ns
The critical path consists of the following:
	'sub' operation ('sub_ln248_1') [31]  (1.9 ns)

 <State 8>: 1.9ns
The critical path consists of the following:
	'sub' operation ('sub_ln248_1') [31]  (1.9 ns)

 <State 9>: 1.25ns
The critical path consists of the following:
	'select' operation ('res_I.V') [35]  (1.25 ns)

 <State 10>: 1.91ns
The critical path consists of the following:
	'sub' operation ('sub_ln248_2') [41]  (1.91 ns)

 <State 11>: 1.91ns
The critical path consists of the following:
	'sub' operation ('sub_ln248_2') [41]  (1.91 ns)

 <State 12>: 1.25ns
The critical path consists of the following:
	'select' operation ('res_I.V') [45]  (1.25 ns)

 <State 13>: 1.92ns
The critical path consists of the following:
	'sub' operation ('sub_ln248_3') [51]  (1.92 ns)

 <State 14>: 1.92ns
The critical path consists of the following:
	'sub' operation ('sub_ln248_3') [51]  (1.92 ns)

 <State 15>: 1.25ns
The critical path consists of the following:
	'select' operation ('res_I.V') [55]  (1.25 ns)

 <State 16>: 1.94ns
The critical path consists of the following:
	'sub' operation ('sub_ln248_4') [61]  (1.94 ns)

 <State 17>: 1.94ns
The critical path consists of the following:
	'sub' operation ('sub_ln248_4') [61]  (1.94 ns)

 <State 18>: 1.25ns
The critical path consists of the following:
	'select' operation ('res_I.V') [65]  (1.25 ns)

 <State 19>: 1.95ns
The critical path consists of the following:
	'sub' operation ('sub_ln248_5') [71]  (1.95 ns)

 <State 20>: 1.95ns
The critical path consists of the following:
	'sub' operation ('sub_ln248_5') [71]  (1.95 ns)

 <State 21>: 0.732ns
The critical path consists of the following:
	'select' operation ('x_l_I.V') [74]  (0.732 ns)

 <State 22>: 1.96ns
The critical path consists of the following:
	'sub' operation ('sub_ln248_6') [80]  (1.96 ns)

 <State 23>: 1.96ns
The critical path consists of the following:
	'sub' operation ('sub_ln248_6') [80]  (1.96 ns)

 <State 24>: 0.732ns
The critical path consists of the following:
	'select' operation ('x_l_I.V') [83]  (0.732 ns)

 <State 25>: 2.07ns
The critical path consists of the following:
	'add' operation ('x_l_I.V') [91]  (2.07 ns)

 <State 26>: 2.07ns
The critical path consists of the following:
	'add' operation ('x_l_I.V') [91]  (2.07 ns)

 <State 27>: 1.25ns
The critical path consists of the following:
	'select' operation ('res_I.V') [84]  (1.25 ns)

 <State 28>: 2.44ns
The critical path consists of the following:
	'icmp' operation ('icmp_ln318', /home/rcslfpgaserver/Softwares/Xilinx/Vitis_HLS/2020.2/common/technology/autopilot/hls_sqrt_apfixed.h:318) [87]  (2.44 ns)

 <State 29>: 2.07ns
The critical path consists of the following:
	'sub' operation ('x_l_I.V') [93]  (2.07 ns)

 <State 30>: 2.05ns
The critical path consists of the following:
	'add' operation ('x_l_FH.V') [94]  (2.05 ns)

 <State 31>: 2.07ns
The critical path consists of the following:
	'add' operation ('x_l_I.V') [110]  (2.07 ns)

 <State 32>: 2.44ns
The critical path consists of the following:
	'icmp' operation ('icmp_ln318_2', /home/rcslfpgaserver/Softwares/Xilinx/Vitis_HLS/2020.2/common/technology/autopilot/hls_sqrt_apfixed.h:318) [107]  (2.44 ns)

 <State 33>: 2.05ns
The critical path consists of the following:
	'sub' operation ('x_l_FH.V') [113]  (2.05 ns)

 <State 34>: 2.07ns
The critical path consists of the following:
	'sub' operation ('x_l_I.V') [112]  (2.07 ns)

 <State 35>: 2.07ns
The critical path consists of the following:
	'sub' operation ('x_l_I.V') [112]  (2.07 ns)

 <State 36>: 0.732ns
The critical path consists of the following:
	'select' operation ('x_l_I.V', /home/rcslfpgaserver/Softwares/Xilinx/Vitis_HLS/2020.2/common/technology/autopilot/hls_sqrt_apfixed.h:318) [120]  (0.732 ns)

 <State 37>: 2.07ns
The critical path consists of the following:
	'add' operation ('x_l_I.V') [130]  (2.07 ns)

 <State 38>: 2.44ns
The critical path consists of the following:
	'icmp' operation ('icmp_ln318_4', /home/rcslfpgaserver/Softwares/Xilinx/Vitis_HLS/2020.2/common/technology/autopilot/hls_sqrt_apfixed.h:318) [127]  (2.44 ns)

 <State 39>: 2.05ns
The critical path consists of the following:
	'sub' operation ('x_l_FH.V') [133]  (2.05 ns)

 <State 40>: 2.07ns
The critical path consists of the following:
	'sub' operation ('x_l_I.V') [132]  (2.07 ns)

 <State 41>: 2.07ns
The critical path consists of the following:
	'sub' operation ('x_l_I.V') [132]  (2.07 ns)

 <State 42>: 0.732ns
The critical path consists of the following:
	'select' operation ('x_l_I.V', /home/rcslfpgaserver/Softwares/Xilinx/Vitis_HLS/2020.2/common/technology/autopilot/hls_sqrt_apfixed.h:318) [140]  (0.732 ns)

 <State 43>: 2.07ns
The critical path consists of the following:
	'add' operation ('x_l_I.V') [150]  (2.07 ns)

 <State 44>: 2.44ns
The critical path consists of the following:
	'icmp' operation ('icmp_ln318_6', /home/rcslfpgaserver/Softwares/Xilinx/Vitis_HLS/2020.2/common/technology/autopilot/hls_sqrt_apfixed.h:318) [147]  (2.44 ns)

 <State 45>: 2.05ns
The critical path consists of the following:
	'sub' operation ('x_l_FH.V') [153]  (2.05 ns)

 <State 46>: 2.07ns
The critical path consists of the following:
	'sub' operation ('x_l_I.V') [152]  (2.07 ns)

 <State 47>: 2.07ns
The critical path consists of the following:
	'sub' operation ('x_l_I.V') [152]  (2.07 ns)

 <State 48>: 0.732ns
The critical path consists of the following:
	'select' operation ('x_l_I.V', /home/rcslfpgaserver/Softwares/Xilinx/Vitis_HLS/2020.2/common/technology/autopilot/hls_sqrt_apfixed.h:318) [160]  (0.732 ns)

 <State 49>: 2.07ns
The critical path consists of the following:
	'add' operation ('x_l_I.V') [170]  (2.07 ns)

 <State 50>: 2.44ns
The critical path consists of the following:
	'icmp' operation ('icmp_ln318_16', /home/rcslfpgaserver/Softwares/Xilinx/Vitis_HLS/2020.2/common/technology/autopilot/hls_sqrt_apfixed.h:318) [167]  (2.44 ns)

 <State 51>: 2.05ns
The critical path consists of the following:
	'sub' operation ('x_l_FH.V') [173]  (2.05 ns)

 <State 52>: 2.07ns
The critical path consists of the following:
	'sub' operation ('x_l_I.V') [172]  (2.07 ns)

 <State 53>: 2.07ns
The critical path consists of the following:
	'sub' operation ('x_l_I.V') [172]  (2.07 ns)

 <State 54>: 0.732ns
The critical path consists of the following:
	'select' operation ('x_l_I.V', /home/rcslfpgaserver/Softwares/Xilinx/Vitis_HLS/2020.2/common/technology/autopilot/hls_sqrt_apfixed.h:318) [180]  (0.732 ns)

 <State 55>: 2.07ns
The critical path consists of the following:
	'add' operation ('x_l_I.V') [190]  (2.07 ns)

 <State 56>: 2.44ns
The critical path consists of the following:
	'icmp' operation ('icmp_ln318_18', /home/rcslfpgaserver/Softwares/Xilinx/Vitis_HLS/2020.2/common/technology/autopilot/hls_sqrt_apfixed.h:318) [187]  (2.44 ns)

 <State 57>: 2.05ns
The critical path consists of the following:
	'sub' operation ('x_l_FH.V') [193]  (2.05 ns)

 <State 58>: 2.07ns
The critical path consists of the following:
	'sub' operation ('x_l_I.V') [192]  (2.07 ns)

 <State 59>: 2.07ns
The critical path consists of the following:
	'sub' operation ('x_l_I.V') [192]  (2.07 ns)

 <State 60>: 0.732ns
The critical path consists of the following:
	'select' operation ('x_l_I.V', /home/rcslfpgaserver/Softwares/Xilinx/Vitis_HLS/2020.2/common/technology/autopilot/hls_sqrt_apfixed.h:318) [200]  (0.732 ns)

 <State 61>: 2.07ns
The critical path consists of the following:
	'add' operation ('x_l_I.V') [210]  (2.07 ns)

 <State 62>: 2.43ns
The critical path consists of the following:
	'icmp' operation ('icmp_ln318_21', /home/rcslfpgaserver/Softwares/Xilinx/Vitis_HLS/2020.2/common/technology/autopilot/hls_sqrt_apfixed.h:318) [208]  (2.43 ns)

 <State 63>: 0.732ns
The critical path consists of the following:
	'select' operation ('x_l_I.V', /home/rcslfpgaserver/Softwares/Xilinx/Vitis_HLS/2020.2/common/technology/autopilot/hls_sqrt_apfixed.h:339) [211]  (0.732 ns)

 <State 64>: 2.44ns
The critical path consists of the following:
	'icmp' operation ('icmp_ln318_20', /home/rcslfpgaserver/Softwares/Xilinx/Vitis_HLS/2020.2/common/technology/autopilot/hls_sqrt_apfixed.h:318) [207]  (2.44 ns)

 <State 65>: 2.07ns
The critical path consists of the following:
	'sub' operation ('x_l_I.V') [212]  (2.07 ns)

 <State 66>: 0.781ns
The critical path consists of the following:
	'select' operation ('x_l_FH.V', /home/rcslfpgaserver/Softwares/Xilinx/Vitis_HLS/2020.2/common/technology/autopilot/hls_sqrt_apfixed.h:318) [219]  (0.781 ns)

 <State 67>: 2.07ns
The critical path consists of the following:
	'add' operation ('x_l_I.V') [230]  (2.07 ns)

 <State 68>: 2.43ns
The critical path consists of the following:
	'icmp' operation ('icmp_ln318_23', /home/rcslfpgaserver/Softwares/Xilinx/Vitis_HLS/2020.2/common/technology/autopilot/hls_sqrt_apfixed.h:318) [228]  (2.43 ns)

 <State 69>: 2.44ns
The critical path consists of the following:
	'icmp' operation ('icmp_ln318_22', /home/rcslfpgaserver/Softwares/Xilinx/Vitis_HLS/2020.2/common/technology/autopilot/hls_sqrt_apfixed.h:318) [227]  (2.44 ns)

 <State 70>: 2.07ns
The critical path consists of the following:
	'sub' operation ('x_l_I.V') [232]  (2.07 ns)

 <State 71>: 2.07ns
The critical path consists of the following:
	'sub' operation ('x_l_I.V') [232]  (2.07 ns)

 <State 72>: 2.43ns
The critical path consists of the following:
	'icmp' operation ('icmp_ln1494_9') [245]  (2.43 ns)

 <State 73>: 2.44ns
The critical path consists of the following:
	'icmp' operation ('icmp_ln1494_8') [243]  (2.44 ns)

 <State 74>: 2.07ns
The critical path consists of the following:
	'add' operation ('x_l_I.V') [249]  (2.07 ns)

 <State 75>: 0.978ns
The critical path consists of the following:
	'xor' operation ('xor_ln331_7', /home/rcslfpgaserver/Softwares/Xilinx/Vitis_HLS/2020.2/common/technology/autopilot/hls_sqrt_apfixed.h:331) [248]  (0 ns)
	'select' operation ('x_l_I.V', /home/rcslfpgaserver/Softwares/Xilinx/Vitis_HLS/2020.2/common/technology/autopilot/hls_sqrt_apfixed.h:339) [250]  (0 ns)
	'select' operation ('x_l_I.V', /home/rcslfpgaserver/Softwares/Xilinx/Vitis_HLS/2020.2/common/technology/autopilot/hls_sqrt_apfixed.h:318) [258]  (0.978 ns)

 <State 76>: 2.44ns
The critical path consists of the following:
	'icmp' operation ('icmp_ln1498_1') [278]  (2.44 ns)

 <State 77>: 2.43ns
The critical path consists of the following:
	'icmp' operation ('icmp_ln1495') [268]  (2.43 ns)

 <State 78>: 2.05ns
The critical path consists of the following:
	'sub' operation ('sub_ln703') [274]  (2.05 ns)

 <State 79>: 2.05ns
The critical path consists of the following:
	'sub' operation ('sub_ln703') [274]  (2.05 ns)

 <State 80>: 2.05ns
The critical path consists of the following:
	'add' operation ('x_l_FH.V') [275]  (2.05 ns)

 <State 81>: 2.43ns
The critical path consists of the following:
	'icmp' operation ('delta.V') [292]  (2.43 ns)

 <State 82>: 2.07ns
The critical path consists of the following:
	'add' operation ('x_l_I.V') [300]  (2.07 ns)

 <State 83>: 2.44ns
The critical path consists of the following:
	'icmp' operation ('icmp_ln1498_2') [306]  (2.44 ns)

 <State 84>: 2.05ns
The critical path consists of the following:
	'sub' operation ('sub_ln703_3') [302]  (2.05 ns)

 <State 85>: 2.05ns
The critical path consists of the following:
	'add' operation ('x_l_FH.V') [303]  (2.05 ns)

 <State 86>: 2.43ns
The critical path consists of the following:
	'icmp' operation ('delta.V') [320]  (2.43 ns)

 <State 87>: 2.07ns
The critical path consists of the following:
	'add' operation ('x_l_I.V') [328]  (2.07 ns)

 <State 88>: 2.44ns
The critical path consists of the following:
	'icmp' operation ('icmp_ln1498_3') [334]  (2.44 ns)

 <State 89>: 2.05ns
The critical path consists of the following:
	'sub' operation ('sub_ln703_6') [330]  (2.05 ns)

 <State 90>: 2.05ns
The critical path consists of the following:
	'add' operation ('x_l_FH.V') [331]  (2.05 ns)

 <State 91>: 2.43ns
The critical path consists of the following:
	'icmp' operation ('delta.V') [348]  (2.43 ns)

 <State 92>: 2.07ns
The critical path consists of the following:
	'add' operation ('x_l_I.V') [356]  (2.07 ns)

 <State 93>: 2.44ns
The critical path consists of the following:
	'icmp' operation ('icmp_ln1498_4') [362]  (2.44 ns)

 <State 94>: 2.05ns
The critical path consists of the following:
	'sub' operation ('sub_ln703_9') [358]  (2.05 ns)

 <State 95>: 2.05ns
The critical path consists of the following:
	'add' operation ('x_l_FH.V') [359]  (2.05 ns)

 <State 96>: 2.43ns
The critical path consists of the following:
	'icmp' operation ('delta.V') [376]  (2.43 ns)

 <State 97>: 2.07ns
The critical path consists of the following:
	'add' operation ('x_l_I.V') [384]  (2.07 ns)

 <State 98>: 2.44ns
The critical path consists of the following:
	'icmp' operation ('icmp_ln1498_5') [390]  (2.44 ns)

 <State 99>: 2.05ns
The critical path consists of the following:
	'sub' operation ('sub_ln703_12') [386]  (2.05 ns)

 <State 100>: 2.05ns
The critical path consists of the following:
	'add' operation ('x_l_FH.V') [387]  (2.05 ns)

 <State 101>: 2.43ns
The critical path consists of the following:
	'icmp' operation ('delta.V') [404]  (2.43 ns)

 <State 102>: 2.07ns
The critical path consists of the following:
	'add' operation ('x_l_I.V') [412]  (2.07 ns)

 <State 103>: 2.44ns
The critical path consists of the following:
	'icmp' operation ('icmp_ln1498_6') [418]  (2.44 ns)

 <State 104>: 2.05ns
The critical path consists of the following:
	'sub' operation ('sub_ln703_15') [414]  (2.05 ns)

 <State 105>: 2.05ns
The critical path consists of the following:
	'add' operation ('x_l_FH.V') [415]  (2.05 ns)

 <State 106>: 2.43ns
The critical path consists of the following:
	'icmp' operation ('delta.V') [432]  (2.43 ns)

 <State 107>: 2.07ns
The critical path consists of the following:
	'add' operation ('x_l_I.V') [440]  (2.07 ns)

 <State 108>: 2.44ns
The critical path consists of the following:
	'icmp' operation ('icmp_ln1498_7') [446]  (2.44 ns)

 <State 109>: 2.05ns
The critical path consists of the following:
	'sub' operation ('sub_ln703_18') [442]  (2.05 ns)

 <State 110>: 2.44ns
The critical path consists of the following:
	'select' operation ('x_l_I.V', /home/rcslfpgaserver/Softwares/Xilinx/Vitis_HLS/2020.2/common/technology/autopilot/hls_sqrt_apfixed.h:318) [454]  (0 ns)
	'icmp' operation ('icmp_ln1498_8') [463]  (2.44 ns)

 <State 111>: 2.43ns
The critical path consists of the following:
	'select' operation ('x_l_FL.V', /home/rcslfpgaserver/Softwares/Xilinx/Vitis_HLS/2020.2/common/technology/autopilot/hls_sqrt_apfixed.h:318) [452]  (0 ns)
	'icmp' operation ('icmp_ln1496') [460]  (2.43 ns)

 <State 112>: 0.781ns
The critical path consists of the following:
	'select' operation ('x_l_FH.V', /home/rcslfpgaserver/Softwares/Xilinx/Vitis_HLS/2020.2/common/technology/autopilot/hls_sqrt_apfixed.h:318) [453]  (0.781 ns)

 <State 113>: 2.43ns
The critical path consists of the following:
	'icmp' operation ('icmp_ln318_15', /home/rcslfpgaserver/Softwares/Xilinx/Vitis_HLS/2020.2/common/technology/autopilot/hls_sqrt_apfixed.h:318) [459]  (2.43 ns)

 <State 114>: 0.978ns
The critical path consists of the following:
	'or' operation ('or_ln318_15', /home/rcslfpgaserver/Softwares/Xilinx/Vitis_HLS/2020.2/common/technology/autopilot/hls_sqrt_apfixed.h:318) [461]  (0 ns)
	'and' operation ('and_ln318_23', /home/rcslfpgaserver/Softwares/Xilinx/Vitis_HLS/2020.2/common/technology/autopilot/hls_sqrt_apfixed.h:318) [466]  (0 ns)
	'and' operation ('and_ln318_24', /home/rcslfpgaserver/Softwares/Xilinx/Vitis_HLS/2020.2/common/technology/autopilot/hls_sqrt_apfixed.h:318) [467]  (0 ns)
	'select' operation ('res_FH.V', /home/rcslfpgaserver/Softwares/Xilinx/Vitis_HLS/2020.2/common/technology/autopilot/hls_sqrt_apfixed.h:318) [468]  (0.978 ns)

 <State 115>: 2.05ns
The critical path consists of the following:
	'add' operation ('res_FH_l.V') [470]  (2.05 ns)

 <State 116>: 2.05ns
The critical path consists of the following:
	'add' operation ('res_FH_l.V') [470]  (2.05 ns)

 <State 117>: 1.25ns
The critical path consists of the following:
	'select' operation ('this.V') [477]  (1.25 ns)


============================================================
+ Verbose Summary: Binding
============================================================
N/A
* FSMD analyzer results:
  - Output states:
 - Input state : 
  - Chain level:
	State 1
	State 2
	State 3
	State 4
	State 5
	State 6
	State 7
	State 8
	State 9
	State 10
	State 11
	State 12
	State 13
	State 14
	State 15
	State 16
	State 17
	State 18
	State 19
	State 20
	State 21
	State 22
	State 23
	State 24
	State 25
	State 26
	State 27
	State 28
	State 29
	State 30
	State 31
	State 32
	State 33
	State 34
	State 35
	State 36
	State 37
	State 38
	State 39
	State 40
	State 41
	State 42
	State 43
	State 44
	State 45
	State 46
	State 47
	State 48
	State 49
	State 50
	State 51
	State 52
	State 53
	State 54
	State 55
	State 56
	State 57
	State 58
	State 59
	State 60
	State 61
	State 62
	State 63
	State 64
	State 65
	State 66
	State 67
	State 68
	State 69
	State 70
	State 71
	State 72
	State 73
	State 74
	State 75
	State 76
	State 77
	State 78
	State 79
	State 80
	State 81
	State 82
	State 83
	State 84
	State 85
	State 86
	State 87
	State 88
	State 89
	State 90
	State 91
	State 92
	State 93
	State 94
	State 95
	State 96
	State 97
	State 98
	State 99
	State 100
	State 101
	State 102
	State 103
	State 104
	State 105
	State 106
	State 107
	State 108
	State 109
	State 110
	State 111
	State 112
	State 113
	State 114
	State 115
	State 116
	State 117


============================================================
+ Verbose Summary: Datapath Resource usage 
============================================================
N/A
