

================================================================
== Vitis HLS Report for 'update_weights'
================================================================
* Date:           Sun Jul 20 20:01:31 2025

* Version:        2020.2 (Build 3064766 on Wed Nov 18 09:12:47 MST 2020)
* Project:        aes
* Solution:       solution1 (Vivado IP Flow Target)
* Product family: zynq
* Target device:  xc7z020-clg484-1


================================================================
== Performance Estimates
================================================================
+ Timing: 
    * Summary: 
    +--------+---------+----------+------------+
    |  Clock |  Target | Estimated| Uncertainty|
    +--------+---------+----------+------------+
    |ap_clk  |  2.00 ns|  4.888 ns|     0.54 ns|
    +--------+---------+----------+------------+

+ Latency: 
    * Summary: 
    +---------+---------+----------+----------+--------+--------+---------+
    |  Latency (cycles) |  Latency (absolute) |     Interval    | Pipeline|
    |   min   |   max   |    min   |    max   |   min  |   max  |   Type  |
    +---------+---------+----------+----------+--------+--------+---------+
    |   283449|   283449|  1.385 ms|  1.385 ms|  283449|  283449|     none|
    +---------+---------+----------+----------+--------+--------+---------+

    + Detail: 
        * Instance: 
        N/A

        * Loop: 
        +---------------------------------------+---------+---------+----------+-----------+-----------+------+----------+
        |                                       |  Latency (cycles) | Iteration|  Initiation Interval  | Trip |          |
        |               Loop Name               |   min   |   max   |  Latency |  achieved |   target  | Count| Pipelined|
        +---------------------------------------+---------+---------+----------+-----------+-----------+------+----------+
        |- VITIS_LOOP_336_1_VITIS_LOOP_337_2    |     3350|     3350|        27|          4|          1|   832|       yes|
        |- VITIS_LOOP_342_3                     |       85|       85|        23|          1|          1|    64|       yes|
        |- VITIS_LOOP_350_4_VITIS_LOOP_351_5    |    44104|    44104|        62|         53|          1|   832|       yes|
        |- VITIS_LOOP_355_6                     |      121|      121|        59|          1|          1|    64|       yes|
        |- VITIS_LOOP_362_7_VITIS_LOOP_363_8    |    16406|    16406|        27|          4|          1|  4096|       yes|
        |- VITIS_LOOP_368_9                     |       85|       85|        23|          1|          1|    64|       yes|
        |- VITIS_LOOP_376_10_VITIS_LOOP_377_11  |   217096|   217096|        62|         53|          1|  4096|       yes|
        |- VITIS_LOOP_381_12                    |      121|      121|        59|          1|          1|    64|       yes|
        |- VITIS_LOOP_388_13_VITIS_LOOP_389_14  |      792|      792|        29|          4|          1|   192|       yes|
        |- VITIS_LOOP_394_15                    |       25|       25|        22|          2|          1|     3|       yes|
        |- VITIS_LOOP_402_16_VITIS_LOOP_403_17  |      828|      828|        65|          4|          1|   192|       yes|
        |- VITIS_LOOP_407_18                    |       61|       61|        58|          2|          1|     3|       yes|
        +---------------------------------------+---------+---------+----------+-----------+-----------+------+----------+

============================================================
+ Verbose Summary: Synthesis Manager
============================================================
InlineROM: 1
ExposeGlobal: 0
============================================================
+ Verbose Summary: CDFG Model
============================================================
IsTopModel: 0
ResetActiveHigh: 1
IsCombinational: 0
IsDatapathOnly: 0
HasWiredReturn: 1
HasMFsm: 0
HasVarLatency: 1
IsPipeline: 0
IsRtlPipelined: 0
IsInstanceOverlapped: 0
IsDontTouch: 0
HasImplIP: 0
IsGatedGlobalClock: 0

+ Individual pipeline summary: 
  * Pipeline-0: initiation interval (II) = 4, depth = 27
  * Pipeline-1: initiation interval (II) = 1, depth = 23
  * Pipeline-2: initiation interval (II) = 53, depth = 62
  * Pipeline-3: initiation interval (II) = 1, depth = 59
  * Pipeline-4: initiation interval (II) = 4, depth = 27
  * Pipeline-5: initiation interval (II) = 1, depth = 23
  * Pipeline-6: initiation interval (II) = 53, depth = 62
  * Pipeline-7: initiation interval (II) = 1, depth = 59
  * Pipeline-8: initiation interval (II) = 4, depth = 29
  * Pipeline-9: initiation interval (II) = 2, depth = 22
  * Pipeline-10: initiation interval (II) = 4, depth = 65
  * Pipeline-11: initiation interval (II) = 2, depth = 58


============================================================
+ Verbose Summary: Schedule
============================================================
* Number of FSM states : 880
* Pipeline : 12
  Pipeline-0 : II = 4, D = 27, States = { 2 3 4 5 6 7 8 9 10 11 12 13 14 15 16 17 18 19 20 21 22 23 24 25 26 27 28 }
  Pipeline-1 : II = 1, D = 23, States = { 30 31 32 33 34 35 36 37 38 39 40 41 42 43 44 45 46 47 48 49 50 51 52 }
  Pipeline-2 : II = 53, D = 62, States = { 171 172 173 174 175 176 177 178 179 180 181 182 183 184 185 186 187 188 189 190 191 192 193 194 195 196 197 198 199 200 201 202 203 204 205 206 207 208 209 210 211 212 213 214 215 216 217 218 219 220 221 222 223 224 225 226 227 228 229 230 231 232 }
  Pipeline-3 : II = 1, D = 59, States = { 234 235 236 237 238 239 240 241 242 243 244 245 246 247 248 249 250 251 252 253 254 255 256 257 258 259 260 261 262 263 264 265 266 267 268 269 270 271 272 273 274 275 276 277 278 279 280 281 282 283 284 285 286 287 288 289 290 291 292 }
  Pipeline-4 : II = 4, D = 27, States = { 294 295 296 297 298 299 300 301 302 303 304 305 306 307 308 309 310 311 312 313 314 315 316 317 318 319 320 }
  Pipeline-5 : II = 1, D = 23, States = { 322 323 324 325 326 327 328 329 330 331 332 333 334 335 336 337 338 339 340 341 342 343 344 }
  Pipeline-6 : II = 53, D = 62, States = { 463 464 465 466 467 468 469 470 471 472 473 474 475 476 477 478 479 480 481 482 483 484 485 486 487 488 489 490 491 492 493 494 495 496 497 498 499 500 501 502 503 504 505 506 507 508 509 510 511 512 513 514 515 516 517 518 519 520 521 522 523 524 }
  Pipeline-7 : II = 1, D = 59, States = { 526 527 528 529 530 531 532 533 534 535 536 537 538 539 540 541 542 543 544 545 546 547 548 549 550 551 552 553 554 555 556 557 558 559 560 561 562 563 564 565 566 567 568 569 570 571 572 573 574 575 576 577 578 579 580 581 582 583 584 }
  Pipeline-8 : II = 4, D = 29, States = { 586 587 588 589 590 591 592 593 594 595 596 597 598 599 600 601 602 603 604 605 606 607 608 609 610 611 612 613 614 }
  Pipeline-9 : II = 2, D = 22, States = { 616 617 618 619 620 621 622 623 624 625 626 627 628 629 630 631 632 633 634 635 636 637 }
  Pipeline-10 : II = 4, D = 65, States = { 756 757 758 759 760 761 762 763 764 765 766 767 768 769 770 771 772 773 774 775 776 777 778 779 780 781 782 783 784 785 786 787 788 789 790 791 792 793 794 795 796 797 798 799 800 801 802 803 804 805 806 807 808 809 810 811 812 813 814 815 816 817 818 819 820 }
  Pipeline-11 : II = 2, D = 58, States = { 822 823 824 825 826 827 828 829 830 831 832 833 834 835 836 837 838 839 840 841 842 843 844 845 846 847 848 849 850 851 852 853 854 855 856 857 858 859 860 861 862 863 864 865 866 867 868 869 870 871 872 873 874 875 876 877 878 879 }
* Dataflow Pipeline: 0

* FSM state transitions: 
1 --> 2 
2 --> 3 
3 --> 29 4 
4 --> 5 
5 --> 6 
6 --> 7 
7 --> 8 
8 --> 9 
9 --> 10 
10 --> 11 
11 --> 12 
12 --> 13 
13 --> 14 
14 --> 15 
15 --> 16 
16 --> 17 
17 --> 18 
18 --> 19 
19 --> 20 
20 --> 21 
21 --> 22 
22 --> 23 
23 --> 24 
24 --> 25 
25 --> 26 
26 --> 27 
27 --> 28 
28 --> 2 
29 --> 30 
30 --> 31 
31 --> 53 32 
32 --> 33 
33 --> 34 
34 --> 35 
35 --> 36 
36 --> 37 
37 --> 38 
38 --> 39 
39 --> 40 
40 --> 41 
41 --> 42 
42 --> 43 
43 --> 44 
44 --> 45 
45 --> 46 
46 --> 47 
47 --> 48 
48 --> 49 
49 --> 50 
50 --> 51 
51 --> 52 
52 --> 30 
53 --> 54 
54 --> 55 
55 --> 56 
56 --> 57 
57 --> 58 
58 --> 59 
59 --> 60 
60 --> 61 
61 --> 62 
62 --> 63 
63 --> 64 
64 --> 65 
65 --> 66 
66 --> 67 
67 --> 68 
68 --> 69 
69 --> 70 
70 --> 71 
71 --> 72 
72 --> 73 
73 --> 74 
74 --> 75 
75 --> 76 
76 --> 77 
77 --> 78 
78 --> 79 
79 --> 80 
80 --> 81 
81 --> 82 
82 --> 83 
83 --> 84 
84 --> 85 
85 --> 86 
86 --> 87 
87 --> 88 
88 --> 89 
89 --> 90 
90 --> 91 
91 --> 92 
92 --> 93 
93 --> 94 
94 --> 95 
95 --> 96 
96 --> 97 
97 --> 98 
98 --> 99 
99 --> 100 
100 --> 101 
101 --> 102 
102 --> 103 
103 --> 104 
104 --> 105 
105 --> 106 
106 --> 107 
107 --> 108 
108 --> 109 
109 --> 110 
110 --> 111 
111 --> 112 
112 --> 113 
113 --> 114 
114 --> 115 
115 --> 116 
116 --> 117 
117 --> 118 
118 --> 119 
119 --> 120 
120 --> 121 
121 --> 122 
122 --> 123 
123 --> 124 
124 --> 125 
125 --> 126 
126 --> 127 
127 --> 128 
128 --> 129 
129 --> 130 
130 --> 131 
131 --> 132 
132 --> 133 
133 --> 134 
134 --> 135 
135 --> 136 
136 --> 137 
137 --> 138 
138 --> 139 
139 --> 140 
140 --> 141 
141 --> 142 
142 --> 143 
143 --> 144 
144 --> 145 
145 --> 146 
146 --> 147 
147 --> 148 
148 --> 149 
149 --> 150 
150 --> 151 
151 --> 152 
152 --> 153 
153 --> 154 
154 --> 155 
155 --> 156 
156 --> 157 
157 --> 158 
158 --> 159 
159 --> 160 
160 --> 161 
161 --> 162 
162 --> 163 
163 --> 164 
164 --> 165 
165 --> 166 
166 --> 167 
167 --> 168 
168 --> 169 
169 --> 170 
170 --> 171 
171 --> 172 
172 --> 233 173 
173 --> 174 
174 --> 175 
175 --> 176 
176 --> 177 
177 --> 178 
178 --> 179 
179 --> 180 
180 --> 181 
181 --> 182 
182 --> 183 
183 --> 184 
184 --> 185 
185 --> 186 
186 --> 187 
187 --> 188 
188 --> 189 
189 --> 190 
190 --> 191 
191 --> 192 
192 --> 193 
193 --> 194 
194 --> 195 
195 --> 196 
196 --> 197 
197 --> 198 
198 --> 199 
199 --> 200 
200 --> 201 
201 --> 202 
202 --> 203 
203 --> 204 
204 --> 205 
205 --> 206 
206 --> 207 
207 --> 208 
208 --> 209 
209 --> 210 
210 --> 211 
211 --> 212 
212 --> 213 
213 --> 214 
214 --> 215 
215 --> 216 
216 --> 217 
217 --> 218 
218 --> 219 
219 --> 220 
220 --> 221 
221 --> 222 
222 --> 223 
223 --> 224 
224 --> 225 
225 --> 226 
226 --> 227 
227 --> 228 
228 --> 229 
229 --> 230 
230 --> 231 
231 --> 232 
232 --> 171 
233 --> 234 
234 --> 235 
235 --> 293 236 
236 --> 237 
237 --> 238 
238 --> 239 
239 --> 240 
240 --> 241 
241 --> 242 
242 --> 243 
243 --> 244 
244 --> 245 
245 --> 246 
246 --> 247 
247 --> 248 
248 --> 249 
249 --> 250 
250 --> 251 
251 --> 252 
252 --> 253 
253 --> 254 
254 --> 255 
255 --> 256 
256 --> 257 
257 --> 258 
258 --> 259 
259 --> 260 
260 --> 261 
261 --> 262 
262 --> 263 
263 --> 264 
264 --> 265 
265 --> 266 
266 --> 267 
267 --> 268 
268 --> 269 
269 --> 270 
270 --> 271 
271 --> 272 
272 --> 273 
273 --> 274 
274 --> 275 
275 --> 276 
276 --> 277 
277 --> 278 
278 --> 279 
279 --> 280 
280 --> 281 
281 --> 282 
282 --> 283 
283 --> 284 
284 --> 285 
285 --> 286 
286 --> 287 
287 --> 288 
288 --> 289 
289 --> 290 
290 --> 291 
291 --> 292 
292 --> 234 
293 --> 294 
294 --> 295 
295 --> 321 296 
296 --> 297 
297 --> 298 
298 --> 299 
299 --> 300 
300 --> 301 
301 --> 302 
302 --> 303 
303 --> 304 
304 --> 305 
305 --> 306 
306 --> 307 
307 --> 308 
308 --> 309 
309 --> 310 
310 --> 311 
311 --> 312 
312 --> 313 
313 --> 314 
314 --> 315 
315 --> 316 
316 --> 317 
317 --> 318 
318 --> 319 
319 --> 320 
320 --> 294 
321 --> 322 
322 --> 323 
323 --> 345 324 
324 --> 325 
325 --> 326 
326 --> 327 
327 --> 328 
328 --> 329 
329 --> 330 
330 --> 331 
331 --> 332 
332 --> 333 
333 --> 334 
334 --> 335 
335 --> 336 
336 --> 337 
337 --> 338 
338 --> 339 
339 --> 340 
340 --> 341 
341 --> 342 
342 --> 343 
343 --> 344 
344 --> 322 
345 --> 346 
346 --> 347 
347 --> 348 
348 --> 349 
349 --> 350 
350 --> 351 
351 --> 352 
352 --> 353 
353 --> 354 
354 --> 355 
355 --> 356 
356 --> 357 
357 --> 358 
358 --> 359 
359 --> 360 
360 --> 361 
361 --> 362 
362 --> 363 
363 --> 364 
364 --> 365 
365 --> 366 
366 --> 367 
367 --> 368 
368 --> 369 
369 --> 370 
370 --> 371 
371 --> 372 
372 --> 373 
373 --> 374 
374 --> 375 
375 --> 376 
376 --> 377 
377 --> 378 
378 --> 379 
379 --> 380 
380 --> 381 
381 --> 382 
382 --> 383 
383 --> 384 
384 --> 385 
385 --> 386 
386 --> 387 
387 --> 388 
388 --> 389 
389 --> 390 
390 --> 391 
391 --> 392 
392 --> 393 
393 --> 394 
394 --> 395 
395 --> 396 
396 --> 397 
397 --> 398 
398 --> 399 
399 --> 400 
400 --> 401 
401 --> 402 
402 --> 403 
403 --> 404 
404 --> 405 
405 --> 406 
406 --> 407 
407 --> 408 
408 --> 409 
409 --> 410 
410 --> 411 
411 --> 412 
412 --> 413 
413 --> 414 
414 --> 415 
415 --> 416 
416 --> 417 
417 --> 418 
418 --> 419 
419 --> 420 
420 --> 421 
421 --> 422 
422 --> 423 
423 --> 424 
424 --> 425 
425 --> 426 
426 --> 427 
427 --> 428 
428 --> 429 
429 --> 430 
430 --> 431 
431 --> 432 
432 --> 433 
433 --> 434 
434 --> 435 
435 --> 436 
436 --> 437 
437 --> 438 
438 --> 439 
439 --> 440 
440 --> 441 
441 --> 442 
442 --> 443 
443 --> 444 
444 --> 445 
445 --> 446 
446 --> 447 
447 --> 448 
448 --> 449 
449 --> 450 
450 --> 451 
451 --> 452 
452 --> 453 
453 --> 454 
454 --> 455 
455 --> 456 
456 --> 457 
457 --> 458 
458 --> 459 
459 --> 460 
460 --> 461 
461 --> 462 
462 --> 463 
463 --> 464 
464 --> 525 465 
465 --> 466 
466 --> 467 
467 --> 468 
468 --> 469 
469 --> 470 
470 --> 471 
471 --> 472 
472 --> 473 
473 --> 474 
474 --> 475 
475 --> 476 
476 --> 477 
477 --> 478 
478 --> 479 
479 --> 480 
480 --> 481 
481 --> 482 
482 --> 483 
483 --> 484 
484 --> 485 
485 --> 486 
486 --> 487 
487 --> 488 
488 --> 489 
489 --> 490 
490 --> 491 
491 --> 492 
492 --> 493 
493 --> 494 
494 --> 495 
495 --> 496 
496 --> 497 
497 --> 498 
498 --> 499 
499 --> 500 
500 --> 501 
501 --> 502 
502 --> 503 
503 --> 504 
504 --> 505 
505 --> 506 
506 --> 507 
507 --> 508 
508 --> 509 
509 --> 510 
510 --> 511 
511 --> 512 
512 --> 513 
513 --> 514 
514 --> 515 
515 --> 516 
516 --> 517 
517 --> 518 
518 --> 519 
519 --> 520 
520 --> 521 
521 --> 522 
522 --> 523 
523 --> 524 
524 --> 463 
525 --> 526 
526 --> 527 
527 --> 585 528 
528 --> 529 
529 --> 530 
530 --> 531 
531 --> 532 
532 --> 533 
533 --> 534 
534 --> 535 
535 --> 536 
536 --> 537 
537 --> 538 
538 --> 539 
539 --> 540 
540 --> 541 
541 --> 542 
542 --> 543 
543 --> 544 
544 --> 545 
545 --> 546 
546 --> 547 
547 --> 548 
548 --> 549 
549 --> 550 
550 --> 551 
551 --> 552 
552 --> 553 
553 --> 554 
554 --> 555 
555 --> 556 
556 --> 557 
557 --> 558 
558 --> 559 
559 --> 560 
560 --> 561 
561 --> 562 
562 --> 563 
563 --> 564 
564 --> 565 
565 --> 566 
566 --> 567 
567 --> 568 
568 --> 569 
569 --> 570 
570 --> 571 
571 --> 572 
572 --> 573 
573 --> 574 
574 --> 575 
575 --> 576 
576 --> 577 
577 --> 578 
578 --> 579 
579 --> 580 
580 --> 581 
581 --> 582 
582 --> 583 
583 --> 584 
584 --> 526 
585 --> 586 
586 --> 587 
587 --> 615 588 
588 --> 589 
589 --> 590 
590 --> 591 
591 --> 592 
592 --> 593 
593 --> 594 
594 --> 595 
595 --> 596 
596 --> 597 
597 --> 598 
598 --> 599 
599 --> 600 
600 --> 601 
601 --> 602 
602 --> 603 
603 --> 604 
604 --> 605 
605 --> 606 
606 --> 607 
607 --> 608 
608 --> 609 
609 --> 610 
610 --> 611 
611 --> 612 
612 --> 613 
613 --> 614 
614 --> 586 
615 --> 616 
616 --> 617 
617 --> 638 618 
618 --> 619 
619 --> 620 
620 --> 621 
621 --> 622 
622 --> 623 
623 --> 624 
624 --> 625 
625 --> 626 
626 --> 627 
627 --> 628 
628 --> 629 
629 --> 630 
630 --> 631 
631 --> 632 
632 --> 633 
633 --> 634 
634 --> 635 
635 --> 636 
636 --> 637 
637 --> 616 
638 --> 639 
639 --> 640 
640 --> 641 
641 --> 642 
642 --> 643 
643 --> 644 
644 --> 645 
645 --> 646 
646 --> 647 
647 --> 648 
648 --> 649 
649 --> 650 
650 --> 651 
651 --> 652 
652 --> 653 
653 --> 654 
654 --> 655 
655 --> 656 
656 --> 657 
657 --> 658 
658 --> 659 
659 --> 660 
660 --> 661 
661 --> 662 
662 --> 663 
663 --> 664 
664 --> 665 
665 --> 666 
666 --> 667 
667 --> 668 
668 --> 669 
669 --> 670 
670 --> 671 
671 --> 672 
672 --> 673 
673 --> 674 
674 --> 675 
675 --> 676 
676 --> 677 
677 --> 678 
678 --> 679 
679 --> 680 
680 --> 681 
681 --> 682 
682 --> 683 
683 --> 684 
684 --> 685 
685 --> 686 
686 --> 687 
687 --> 688 
688 --> 689 
689 --> 690 
690 --> 691 
691 --> 692 
692 --> 693 
693 --> 694 
694 --> 695 
695 --> 696 
696 --> 697 
697 --> 698 
698 --> 699 
699 --> 700 
700 --> 701 
701 --> 702 
702 --> 703 
703 --> 704 
704 --> 705 
705 --> 706 
706 --> 707 
707 --> 708 
708 --> 709 
709 --> 710 
710 --> 711 
711 --> 712 
712 --> 713 
713 --> 714 
714 --> 715 
715 --> 716 
716 --> 717 
717 --> 718 
718 --> 719 
719 --> 720 
720 --> 721 
721 --> 722 
722 --> 723 
723 --> 724 
724 --> 725 
725 --> 726 
726 --> 727 
727 --> 728 
728 --> 729 
729 --> 730 
730 --> 731 
731 --> 732 
732 --> 733 
733 --> 734 
734 --> 735 
735 --> 736 
736 --> 737 
737 --> 738 
738 --> 739 
739 --> 740 
740 --> 741 
741 --> 742 
742 --> 743 
743 --> 744 
744 --> 745 
745 --> 746 
746 --> 747 
747 --> 748 
748 --> 749 
749 --> 750 
750 --> 751 
751 --> 752 
752 --> 753 
753 --> 754 
754 --> 755 
755 --> 756 
756 --> 757 
757 --> 821 758 
758 --> 759 
759 --> 760 
760 --> 761 
761 --> 762 
762 --> 763 
763 --> 764 
764 --> 765 
765 --> 766 
766 --> 767 
767 --> 768 
768 --> 769 
769 --> 770 
770 --> 771 
771 --> 772 
772 --> 773 
773 --> 774 
774 --> 775 
775 --> 776 
776 --> 777 
777 --> 778 
778 --> 779 
779 --> 780 
780 --> 781 
781 --> 782 
782 --> 783 
783 --> 784 
784 --> 785 
785 --> 786 
786 --> 787 
787 --> 788 
788 --> 789 
789 --> 790 
790 --> 791 
791 --> 792 
792 --> 793 
793 --> 794 
794 --> 795 
795 --> 796 
796 --> 797 
797 --> 798 
798 --> 799 
799 --> 800 
800 --> 801 
801 --> 802 
802 --> 803 
803 --> 804 
804 --> 805 
805 --> 806 
806 --> 807 
807 --> 808 
808 --> 809 
809 --> 810 
810 --> 811 
811 --> 812 
812 --> 813 
813 --> 814 
814 --> 815 
815 --> 816 
816 --> 817 
817 --> 818 
818 --> 819 
819 --> 820 
820 --> 756 
821 --> 822 
822 --> 823 
823 --> 880 824 
824 --> 825 
825 --> 826 
826 --> 827 
827 --> 828 
828 --> 829 
829 --> 830 
830 --> 831 
831 --> 832 
832 --> 833 
833 --> 834 
834 --> 835 
835 --> 836 
836 --> 837 
837 --> 838 
838 --> 839 
839 --> 840 
840 --> 841 
841 --> 842 
842 --> 843 
843 --> 844 
844 --> 845 
845 --> 846 
846 --> 847 
847 --> 848 
848 --> 849 
849 --> 850 
850 --> 851 
851 --> 852 
852 --> 853 
853 --> 854 
854 --> 855 
855 --> 856 
856 --> 857 
857 --> 858 
858 --> 859 
859 --> 860 
860 --> 861 
861 --> 862 
862 --> 863 
863 --> 864 
864 --> 865 
865 --> 866 
866 --> 867 
867 --> 868 
868 --> 869 
869 --> 870 
870 --> 871 
871 --> 872 
872 --> 873 
873 --> 874 
874 --> 875 
875 --> 876 
876 --> 877 
877 --> 878 
878 --> 879 
879 --> 822 
880 --> 

* FSM state operations: 

State 1 <SV = 0> <Delay = 1.58>
ST_1 : Operation 881 [1/1] (0.00ns)   --->   "%reuse_addr_reg81 = alloca i32 1"   --->   Operation 881 'alloca' 'reuse_addr_reg81' <Predicate = true> <Delay = 0.00>
ST_1 : Operation 882 [1/1] (0.00ns)   --->   "%reuse_reg80 = alloca i32 1"   --->   Operation 882 'alloca' 'reuse_reg80' <Predicate = true> <Delay = 0.00>
ST_1 : Operation 883 [1/1] (0.00ns)   --->   "%reuse_addr_reg75 = alloca i32 1"   --->   Operation 883 'alloca' 'reuse_addr_reg75' <Predicate = true> <Delay = 0.00>
ST_1 : Operation 884 [1/1] (0.00ns)   --->   "%reuse_reg74 = alloca i32 1"   --->   Operation 884 'alloca' 'reuse_reg74' <Predicate = true> <Delay = 0.00>
ST_1 : Operation 885 [1/1] (0.00ns)   --->   "%reuse_addr_reg69 = alloca i32 1"   --->   Operation 885 'alloca' 'reuse_addr_reg69' <Predicate = true> <Delay = 0.00>
ST_1 : Operation 886 [1/1] (0.00ns)   --->   "%reuse_reg68 = alloca i32 1"   --->   Operation 886 'alloca' 'reuse_reg68' <Predicate = true> <Delay = 0.00>
ST_1 : Operation 887 [1/1] (0.00ns)   --->   "%reuse_addr_reg = alloca i32 1"   --->   Operation 887 'alloca' 'reuse_addr_reg' <Predicate = true> <Delay = 0.00>
ST_1 : Operation 888 [1/1] (0.00ns)   --->   "%reuse_reg = alloca i32 1"   --->   Operation 888 'alloca' 'reuse_reg' <Predicate = true> <Delay = 0.00>
ST_1 : Operation 889 [1/1] (0.00ns)   --->   "%specinterface_ln0 = specinterface void @_ssdm_op_SpecInterface, i32 %biases3, void @empty_24, i32 0, i32 0, void @empty_1, i32 4294967295, i32 0, void @empty_1, void @empty_1, void @empty_1, i32 0, i32 0, i32 0, i32 0, void @empty_1, void @empty_1"   --->   Operation 889 'specinterface' 'specinterface_ln0' <Predicate = true> <Delay = 0.00>
ST_1 : Operation 890 [1/1] (0.00ns)   --->   "%specinterface_ln0 = specinterface void @_ssdm_op_SpecInterface, i32 %biases2, void @empty_24, i32 0, i32 0, void @empty_1, i32 4294967295, i32 0, void @empty_1, void @empty_1, void @empty_1, i32 0, i32 0, i32 0, i32 0, void @empty_1, void @empty_1"   --->   Operation 890 'specinterface' 'specinterface_ln0' <Predicate = true> <Delay = 0.00>
ST_1 : Operation 891 [1/1] (0.00ns)   --->   "%specinterface_ln0 = specinterface void @_ssdm_op_SpecInterface, i32 %biases1, void @empty_24, i32 0, i32 0, void @empty_1, i32 4294967295, i32 0, void @empty_1, void @empty_1, void @empty_1, i32 0, i32 0, i32 0, i32 0, void @empty_1, void @empty_1"   --->   Operation 891 'specinterface' 'specinterface_ln0' <Predicate = true> <Delay = 0.00>
ST_1 : Operation 892 [1/1] (0.00ns)   --->   "%specinterface_ln0 = specinterface void @_ssdm_op_SpecInterface, i32 %weights3, void @empty_24, i32 0, i32 0, void @empty_1, i32 4294967295, i32 0, void @empty_1, void @empty_1, void @empty_1, i32 0, i32 0, i32 0, i32 0, void @empty_1, void @empty_1"   --->   Operation 892 'specinterface' 'specinterface_ln0' <Predicate = true> <Delay = 0.00>
ST_1 : Operation 893 [1/1] (0.00ns)   --->   "%specinterface_ln0 = specinterface void @_ssdm_op_SpecInterface, i32 %weights2, void @empty_24, i32 0, i32 0, void @empty_1, i32 4294967295, i32 0, void @empty_1, void @empty_1, void @empty_1, i32 0, i32 0, i32 0, i32 0, void @empty_1, void @empty_1"   --->   Operation 893 'specinterface' 'specinterface_ln0' <Predicate = true> <Delay = 0.00>
ST_1 : Operation 894 [1/1] (0.00ns)   --->   "%specinterface_ln0 = specinterface void @_ssdm_op_SpecInterface, i32 %weights1, void @empty_24, i32 0, i32 0, void @empty_1, i32 4294967295, i32 0, void @empty_1, void @empty_1, void @empty_1, i32 0, i32 0, i32 0, i32 0, void @empty_1, void @empty_1"   --->   Operation 894 'specinterface' 'specinterface_ln0' <Predicate = true> <Delay = 0.00>
ST_1 : Operation 895 [1/1] (0.00ns)   --->   "%p_read_1 = read i32 @_ssdm_op_Read.ap_auto.i32, i32 %p_read2" [backprop.cpp:322]   --->   Operation 895 'read' 'p_read_1' <Predicate = true> <Delay = 0.00>
ST_1 : Operation 896 [1/1] (0.00ns)   --->   "%p_read_2 = read i32 @_ssdm_op_Read.ap_auto.i32, i32 %p_read1" [backprop.cpp:322]   --->   Operation 896 'read' 'p_read_2' <Predicate = true> <Delay = 0.00>
ST_1 : Operation 897 [1/1] (0.00ns)   --->   "%p_read_3 = read i32 @_ssdm_op_Read.ap_auto.i32, i32 %p_read" [backprop.cpp:322]   --->   Operation 897 'read' 'p_read_3' <Predicate = true> <Delay = 0.00>
ST_1 : Operation 898 [1/1] (1.58ns)   --->   "%store_ln0 = store i32 0, i32 %reuse_reg"   --->   Operation 898 'store' 'store_ln0' <Predicate = true> <Delay = 1.58>
ST_1 : Operation 899 [1/1] (1.58ns)   --->   "%store_ln0 = store i64 18446744073709551615, i64 %reuse_addr_reg"   --->   Operation 899 'store' 'store_ln0' <Predicate = true> <Delay = 1.58>
ST_1 : Operation 900 [1/1] (1.46ns)   --->   "%br_ln336 = br void %_ZN13ap_fixed_baseILi65ELi33ELb1EL9ap_q_mode5EL9ap_o_mode3ELi0EEC2ILi32ELi16ELb1ELS0_5ELS1_3ELi0EEERKS_IXT_EXT0_EXT1_EXT2_EXT3_EXT4_EE.exit.i.i" [backprop.cpp:336]   --->   Operation 900 'br' 'br_ln336' <Predicate = true> <Delay = 1.46>

State 2 <SV = 1> <Delay = 1.96>
ST_2 : Operation 901 [1/1] (0.00ns)   --->   "%indvar_flatten = phi i10 0, void, i10 %add_ln336, void %.split28" [backprop.cpp:336]   --->   Operation 901 'phi' 'indvar_flatten' <Predicate = true> <Delay = 0.00>
ST_2 : Operation 902 [1/1] (0.00ns)   --->   "%i = phi i4 0, void, i4 %select_ln336_1, void %.split28" [backprop.cpp:336]   --->   Operation 902 'phi' 'i' <Predicate = true> <Delay = 0.00>
ST_2 : Operation 903 [2/2] (1.96ns)   --->   "%add_ln336 = add i10 %indvar_flatten, i10 1" [backprop.cpp:336]   --->   Operation 903 'add' 'add_ln336' <Predicate = true> <Delay = 1.96> <CoreInst = "Adder">   --->   Core 1 'Adder' <Latency = 1> <II = 1> <Delay = 1.86> <FuncUnit> <Opcode : 'add' 'sub'> <InPorts = 2> <OutPorts = 1>
ST_2 : Operation 904 [1/1] (1.77ns)   --->   "%icmp_ln336 = icmp_eq  i10 %indvar_flatten, i10 832" [backprop.cpp:336]   --->   Operation 904 'icmp' 'icmp_ln336' <Predicate = true> <Delay = 1.77> <CoreInst = "Cmp">   --->   Core 9 'Cmp' <Latency = 0> <II = 1> <Delay = 0.95> <FuncUnit> <Opcode : 'icmp'> <InPorts = 2> <OutPorts = 1>
ST_2 : Operation 905 [1/1] (0.00ns)   --->   "%br_ln336 = br i1 %icmp_ln336, void %.split28, void %_ZN13ap_fixed_baseILi65ELi33ELb1EL9ap_q_mode5EL9ap_o_mode3ELi0EEC2ILi32ELi16ELb1ELS0_5ELS1_3ELi0EEERKS_IXT_EXT0_EXT1_EXT2_EXT3_EXT4_EE.exit.i.i291.preheader" [backprop.cpp:336]   --->   Operation 905 'br' 'br_ln336' <Predicate = true> <Delay = 0.00>
ST_2 : Operation 906 [2/2] (1.88ns)   --->   "%add_ln336_1 = add i4 %i, i4 1" [backprop.cpp:336]   --->   Operation 906 'add' 'add_ln336_1' <Predicate = (!icmp_ln336)> <Delay = 1.88> <CoreInst = "Adder">   --->   Core 1 'Adder' <Latency = 1> <II = 1> <Delay = 1.86> <FuncUnit> <Opcode : 'add' 'sub'> <InPorts = 2> <OutPorts = 1>

State 3 <SV = 2> <Delay = 1.96>
ST_3 : Operation 907 [1/1] (0.00ns)   --->   "%j = phi i7 0, void, i7 %add_ln337, void %.split28" [backprop.cpp:337]   --->   Operation 907 'phi' 'j' <Predicate = true> <Delay = 0.00>
ST_3 : Operation 908 [1/1] (0.00ns)   --->   "%norm_V_9 = phi i32 0, void, i32 %norm_V, void %.split28"   --->   Operation 908 'phi' 'norm_V_9' <Predicate = true> <Delay = 0.00>
ST_3 : Operation 909 [1/2] (1.96ns)   --->   "%add_ln336 = add i10 %indvar_flatten, i10 1" [backprop.cpp:336]   --->   Operation 909 'add' 'add_ln336' <Predicate = true> <Delay = 1.96> <CoreInst = "Adder">   --->   Core 1 'Adder' <Latency = 1> <II = 1> <Delay = 1.86> <FuncUnit> <Opcode : 'add' 'sub'> <InPorts = 2> <OutPorts = 1>
ST_3 : Operation 910 [1/1] (0.00ns)   --->   "%specpipeline_ln0 = specpipeline void @_ssdm_op_SpecPipeline, i32 4294967295, i32 0, i32 1, i32 0, void @p_str"   --->   Operation 910 'specpipeline' 'specpipeline_ln0' <Predicate = true> <Delay = 0.00>
ST_3 : Operation 911 [1/1] (1.48ns)   --->   "%icmp_ln337 = icmp_eq  i7 %j, i7 64" [backprop.cpp:337]   --->   Operation 911 'icmp' 'icmp_ln337' <Predicate = (!icmp_ln336)> <Delay = 1.48> <CoreInst = "Cmp">   --->   Core 9 'Cmp' <Latency = 0> <II = 1> <Delay = 0.95> <FuncUnit> <Opcode : 'icmp'> <InPorts = 2> <OutPorts = 1>
ST_3 : Operation 912 [1/2] (1.88ns)   --->   "%add_ln336_1 = add i4 %i, i4 1" [backprop.cpp:336]   --->   Operation 912 'add' 'add_ln336_1' <Predicate = (!icmp_ln336)> <Delay = 1.88> <CoreInst = "Adder">   --->   Core 1 'Adder' <Latency = 1> <II = 1> <Delay = 1.86> <FuncUnit> <Opcode : 'add' 'sub'> <InPorts = 2> <OutPorts = 1>

State 4 <SV = 3> <Delay = 1.02>
ST_4 : Operation 913 [1/1] (0.99ns)   --->   "%select_ln336 = select i1 %icmp_ln337, i7 0, i7 %j" [backprop.cpp:336]   --->   Operation 913 'select' 'select_ln336' <Predicate = (!icmp_ln336)> <Delay = 0.99> <CoreInst = "Sel">   --->   Core 73 'Sel' <Latency = 0> <II = 1> <Delay = 0.99> <FuncUnit> <Opcode : 'select'> <InPorts = 3> <OutPorts = 1>
ST_4 : Operation 914 [1/1] (1.02ns)   --->   "%select_ln336_1 = select i1 %icmp_ln337, i4 %add_ln336_1, i4 %i" [backprop.cpp:336]   --->   Operation 914 'select' 'select_ln336_1' <Predicate = (!icmp_ln336)> <Delay = 1.02> <CoreInst = "Sel">   --->   Core 73 'Sel' <Latency = 0> <II = 1> <Delay = 0.99> <FuncUnit> <Opcode : 'select'> <InPorts = 3> <OutPorts = 1>
ST_4 : Operation 915 [1/1] (0.00ns)   --->   "%trunc_ln338 = trunc i7 %select_ln336" [backprop.cpp:338]   --->   Operation 915 'trunc' 'trunc_ln338' <Predicate = (!icmp_ln336)> <Delay = 0.00>

State 5 <SV = 4> <Delay = 1.96>
ST_5 : Operation 916 [1/1] (0.00ns)   --->   "%shl_ln338_mid2 = bitconcatenate i10 @_ssdm_op_BitConcatenate.i10.i4.i6, i4 %select_ln336_1, i6 0" [backprop.cpp:336]   --->   Operation 916 'bitconcatenate' 'shl_ln338_mid2' <Predicate = (!icmp_ln336)> <Delay = 0.00>
ST_5 : Operation 917 [1/1] (0.00ns)   --->   "%j_cast = zext i7 %select_ln336" [backprop.cpp:336]   --->   Operation 917 'zext' 'j_cast' <Predicate = (!icmp_ln336)> <Delay = 0.00>
ST_5 : Operation 918 [2/2] (1.96ns)   --->   "%add_ln338 = add i10 %j_cast, i10 %shl_ln338_mid2" [backprop.cpp:338]   --->   Operation 918 'add' 'add_ln338' <Predicate = (!icmp_ln336)> <Delay = 1.96> <CoreInst = "Adder">   --->   Core 1 'Adder' <Latency = 1> <II = 1> <Delay = 1.86> <FuncUnit> <Opcode : 'add' 'sub'> <InPorts = 2> <OutPorts = 1>
ST_5 : Operation 919 [2/2] (1.92ns)   --->   "%add_ln337 = add i7 %select_ln336, i7 1" [backprop.cpp:337]   --->   Operation 919 'add' 'add_ln337' <Predicate = (!icmp_ln336)> <Delay = 1.92> <CoreInst = "Adder">   --->   Core 1 'Adder' <Latency = 1> <II = 1> <Delay = 1.86> <FuncUnit> <Opcode : 'add' 'sub'> <InPorts = 2> <OutPorts = 1>

State 6 <SV = 5> <Delay = 1.96>
ST_6 : Operation 920 [1/2] (1.96ns)   --->   "%add_ln338 = add i10 %j_cast, i10 %shl_ln338_mid2" [backprop.cpp:338]   --->   Operation 920 'add' 'add_ln338' <Predicate = (!icmp_ln336)> <Delay = 1.96> <CoreInst = "Adder">   --->   Core 1 'Adder' <Latency = 1> <II = 1> <Delay = 1.86> <FuncUnit> <Opcode : 'add' 'sub'> <InPorts = 2> <OutPorts = 1>
ST_6 : Operation 921 [1/2] (1.92ns)   --->   "%add_ln337 = add i7 %select_ln336, i7 1" [backprop.cpp:337]   --->   Operation 921 'add' 'add_ln337' <Predicate = (!icmp_ln336)> <Delay = 1.92> <CoreInst = "Adder">   --->   Core 1 'Adder' <Latency = 1> <II = 1> <Delay = 1.86> <FuncUnit> <Opcode : 'add' 'sub'> <InPorts = 2> <OutPorts = 1>

State 7 <SV = 6> <Delay = 1.68>
ST_7 : Operation 922 [1/1] (0.00ns)   --->   "%zext_ln1116 = zext i10 %add_ln338"   --->   Operation 922 'zext' 'zext_ln1116' <Predicate = (!icmp_ln336)> <Delay = 0.00>
ST_7 : Operation 923 [1/1] (0.00ns)   --->   "%d_weights1_addr = getelementptr i32 %d_weights1, i64 0, i64 %zext_ln1116"   --->   Operation 923 'getelementptr' 'd_weights1_addr' <Predicate = (!icmp_ln336)> <Delay = 0.00>
ST_7 : Operation 924 [4/4] (1.68ns)   --->   "%r_V_1 = load i10 %d_weights1_addr"   --->   Operation 924 'load' 'r_V_1' <Predicate = (!icmp_ln336)> <Delay = 1.68> <CoreInst = "RAM">   --->   Core 82 'RAM' <Latency = 3> <II = 1> <Delay = 1.68> <Storage> <Opcode : 'load' 'store'> <Ports = 2> <Width = 32> <Depth = 832> <RAM>

State 8 <SV = 7> <Delay = 1.68>
ST_8 : Operation 925 [3/4] (1.68ns)   --->   "%r_V_1 = load i10 %d_weights1_addr"   --->   Operation 925 'load' 'r_V_1' <Predicate = (!icmp_ln336)> <Delay = 1.68> <CoreInst = "RAM">   --->   Core 82 'RAM' <Latency = 3> <II = 1> <Delay = 1.68> <Storage> <Opcode : 'load' 'store'> <Ports = 2> <Width = 32> <Depth = 832> <RAM>

State 9 <SV = 8> <Delay = 1.68>
ST_9 : Operation 926 [2/4] (1.68ns)   --->   "%r_V_1 = load i10 %d_weights1_addr"   --->   Operation 926 'load' 'r_V_1' <Predicate = (!icmp_ln336)> <Delay = 1.68> <CoreInst = "RAM">   --->   Core 82 'RAM' <Latency = 3> <II = 1> <Delay = 1.68> <Storage> <Opcode : 'load' 'store'> <Ports = 2> <Width = 32> <Depth = 832> <RAM>

State 10 <SV = 9> <Delay = 1.68>
ST_10 : Operation 927 [1/4] (1.68ns)   --->   "%r_V_1 = load i10 %d_weights1_addr"   --->   Operation 927 'load' 'r_V_1' <Predicate = (!icmp_ln336)> <Delay = 1.68> <CoreInst = "RAM">   --->   Core 82 'RAM' <Latency = 3> <II = 1> <Delay = 1.68> <Storage> <Opcode : 'load' 'store'> <Ports = 2> <Width = 32> <Depth = 832> <RAM>

State 11 <SV = 10> <Delay = 1.93>
ST_11 : Operation 928 [1/1] (0.00ns)   --->   "%sext_ln1115_2 = sext i32 %r_V_1"   --->   Operation 928 'sext' 'sext_ln1115_2' <Predicate = (!icmp_ln336)> <Delay = 0.00>
ST_11 : Operation 929 [7/7] (1.93ns)   --->   "%r_V_3 = mul i43 %sext_ln1115_2, i43 655"   --->   Operation 929 'mul' 'r_V_3' <Predicate = (!icmp_ln336)> <Delay = 1.93> <CoreInst = "Mul_DSP">   --->   Core 5 'Mul_DSP' <Latency = 6> <II = 1> <Delay = 1.93> <FuncUnit> <Opcode : 'mul'> <InPorts = 2> <OutPorts = 1>

State 12 <SV = 11> <Delay = 1.93>
ST_12 : Operation 930 [6/7] (1.93ns)   --->   "%r_V_3 = mul i43 %sext_ln1115_2, i43 655"   --->   Operation 930 'mul' 'r_V_3' <Predicate = (!icmp_ln336)> <Delay = 1.93> <CoreInst = "Mul_DSP">   --->   Core 5 'Mul_DSP' <Latency = 6> <II = 1> <Delay = 1.93> <FuncUnit> <Opcode : 'mul'> <InPorts = 2> <OutPorts = 1>

State 13 <SV = 12> <Delay = 2.77>
ST_13 : Operation 931 [5/7] (1.93ns)   --->   "%r_V_3 = mul i43 %sext_ln1115_2, i43 655"   --->   Operation 931 'mul' 'r_V_3' <Predicate = (!icmp_ln336)> <Delay = 1.93> <CoreInst = "Mul_DSP">   --->   Core 5 'Mul_DSP' <Latency = 6> <II = 1> <Delay = 1.93> <FuncUnit> <Opcode : 'mul'> <InPorts = 2> <OutPorts = 1>
ST_13 : Operation 932 [1/1] (0.00ns)   --->   "%add_ln = bitconcatenate i10 @_ssdm_op_BitConcatenate.i10.i4.i6, i4 %select_ln336_1, i6 %trunc_ln338"   --->   Operation 932 'bitconcatenate' 'add_ln' <Predicate = (!icmp_ln336)> <Delay = 0.00>
ST_13 : Operation 933 [1/1] (0.00ns)   --->   "%zext_ln727 = zext i10 %add_ln"   --->   Operation 933 'zext' 'zext_ln727' <Predicate = (!icmp_ln336)> <Delay = 0.00>
ST_13 : Operation 934 [1/1] (0.00ns)   --->   "%weights1_addr = getelementptr i32 %weights1, i64 0, i64 %zext_ln727"   --->   Operation 934 'getelementptr' 'weights1_addr' <Predicate = (!icmp_ln336)> <Delay = 0.00>
ST_13 : Operation 935 [1/1] (0.00ns)   --->   "%reuse_addr_reg_load = load i64 %reuse_addr_reg"   --->   Operation 935 'load' 'reuse_addr_reg_load' <Predicate = (!icmp_ln336)> <Delay = 0.00>
ST_13 : Operation 936 [4/4] (1.68ns)   --->   "%weights1_load_1 = load i10 %weights1_addr"   --->   Operation 936 'load' 'weights1_load_1' <Predicate = (!icmp_ln336)> <Delay = 1.68> <CoreInst = "RAM">   --->   Core 82 'RAM' <Latency = 3> <II = 1> <Delay = 1.68> <Storage> <Opcode : 'load' 'store'> <Ports = 2> <Width = 32> <Depth = 832> <RAM>
ST_13 : Operation 937 [1/1] (2.77ns)   --->   "%addr_cmp = icmp_eq  i64 %reuse_addr_reg_load, i64 %zext_ln727"   --->   Operation 937 'icmp' 'addr_cmp' <Predicate = (!icmp_ln336)> <Delay = 2.77> <CoreInst = "Cmp">   --->   Core 9 'Cmp' <Latency = 0> <II = 1> <Delay = 0.95> <FuncUnit> <Opcode : 'icmp'> <InPorts = 2> <OutPorts = 1>
ST_13 : Operation 938 [1/1] (1.58ns)   --->   "%store_ln727 = store i64 %zext_ln727, i64 %reuse_addr_reg"   --->   Operation 938 'store' 'store_ln727' <Predicate = (!icmp_ln336)> <Delay = 1.58>

State 14 <SV = 13> <Delay = 1.93>
ST_14 : Operation 939 [4/7] (1.93ns)   --->   "%r_V_3 = mul i43 %sext_ln1115_2, i43 655"   --->   Operation 939 'mul' 'r_V_3' <Predicate = (!icmp_ln336)> <Delay = 1.93> <CoreInst = "Mul_DSP">   --->   Core 5 'Mul_DSP' <Latency = 6> <II = 1> <Delay = 1.93> <FuncUnit> <Opcode : 'mul'> <InPorts = 2> <OutPorts = 1>
ST_14 : Operation 940 [3/4] (1.68ns)   --->   "%weights1_load_1 = load i10 %weights1_addr"   --->   Operation 940 'load' 'weights1_load_1' <Predicate = (!icmp_ln336)> <Delay = 1.68> <CoreInst = "RAM">   --->   Core 82 'RAM' <Latency = 3> <II = 1> <Delay = 1.68> <Storage> <Opcode : 'load' 'store'> <Ports = 2> <Width = 32> <Depth = 832> <RAM>

State 15 <SV = 14> <Delay = 1.93>
ST_15 : Operation 941 [3/7] (1.93ns)   --->   "%r_V_3 = mul i43 %sext_ln1115_2, i43 655"   --->   Operation 941 'mul' 'r_V_3' <Predicate = (!icmp_ln336)> <Delay = 1.93> <CoreInst = "Mul_DSP">   --->   Core 5 'Mul_DSP' <Latency = 6> <II = 1> <Delay = 1.93> <FuncUnit> <Opcode : 'mul'> <InPorts = 2> <OutPorts = 1>
ST_15 : Operation 942 [2/4] (1.68ns)   --->   "%weights1_load_1 = load i10 %weights1_addr"   --->   Operation 942 'load' 'weights1_load_1' <Predicate = (!icmp_ln336)> <Delay = 1.68> <CoreInst = "RAM">   --->   Core 82 'RAM' <Latency = 3> <II = 1> <Delay = 1.68> <Storage> <Opcode : 'load' 'store'> <Ports = 2> <Width = 32> <Depth = 832> <RAM>

State 16 <SV = 15> <Delay = 1.93>
ST_16 : Operation 943 [2/7] (1.93ns)   --->   "%r_V_3 = mul i43 %sext_ln1115_2, i43 655"   --->   Operation 943 'mul' 'r_V_3' <Predicate = (!icmp_ln336)> <Delay = 1.93> <CoreInst = "Mul_DSP">   --->   Core 5 'Mul_DSP' <Latency = 6> <II = 1> <Delay = 1.93> <FuncUnit> <Opcode : 'mul'> <InPorts = 2> <OutPorts = 1>
ST_16 : Operation 944 [1/4] (1.68ns)   --->   "%weights1_load_1 = load i10 %weights1_addr"   --->   Operation 944 'load' 'weights1_load_1' <Predicate = (!icmp_ln336)> <Delay = 1.68> <CoreInst = "RAM">   --->   Core 82 'RAM' <Latency = 3> <II = 1> <Delay = 1.68> <Storage> <Opcode : 'load' 'store'> <Ports = 2> <Width = 32> <Depth = 832> <RAM>

State 17 <SV = 16> <Delay = 1.93>
ST_17 : Operation 945 [1/7] (1.93ns)   --->   "%r_V_3 = mul i43 %sext_ln1115_2, i43 655"   --->   Operation 945 'mul' 'r_V_3' <Predicate = (!icmp_ln336)> <Delay = 1.93> <CoreInst = "Mul_DSP">   --->   Core 5 'Mul_DSP' <Latency = 6> <II = 1> <Delay = 1.93> <FuncUnit> <Opcode : 'mul'> <InPorts = 2> <OutPorts = 1>
ST_17 : Operation 946 [1/1] (0.00ns)   --->   "%reuse_reg_load = load i32 %reuse_reg"   --->   Operation 946 'load' 'reuse_reg_load' <Predicate = (!icmp_ln336 & addr_cmp)> <Delay = 0.00>
ST_17 : Operation 947 [1/1] (0.69ns)   --->   "%lhs_2 = select i1 %addr_cmp, i32 %reuse_reg_load, i32 %weights1_load_1"   --->   Operation 947 'select' 'lhs_2' <Predicate = (!icmp_ln336)> <Delay = 0.69> <CoreInst = "Sel">   --->   Core 73 'Sel' <Latency = 0> <II = 1> <Delay = 0.99> <FuncUnit> <Opcode : 'select'> <InPorts = 3> <OutPorts = 1>

State 18 <SV = 17> <Delay = 2.44>
ST_18 : Operation 948 [1/1] (0.00ns)   --->   "%lhs_4 = bitconcatenate i48 @_ssdm_op_BitConcatenate.i48.i32.i16, i32 %lhs_2, i16 0"   --->   Operation 948 'bitconcatenate' 'lhs_4' <Predicate = (!icmp_ln336)> <Delay = 0.00>
ST_18 : Operation 949 [1/1] (0.00ns)   --->   "%sext_ln703_1 = sext i43 %r_V_3"   --->   Operation 949 'sext' 'sext_ln703_1' <Predicate = (!icmp_ln336)> <Delay = 0.00>
ST_18 : Operation 950 [2/2] (2.44ns)   --->   "%ret_V_1 = sub i48 %lhs_4, i48 %sext_ln703_1"   --->   Operation 950 'sub' 'ret_V_1' <Predicate = (!icmp_ln336)> <Delay = 2.44> <CoreInst = "Adder">   --->   Core 1 'Adder' <Latency = 1> <II = 1> <Delay = 1.86> <FuncUnit> <Opcode : 'add' 'sub'> <InPorts = 2> <OutPorts = 1>

State 19 <SV = 18> <Delay = 2.44>
ST_19 : Operation 951 [1/2] (2.44ns)   --->   "%ret_V_1 = sub i48 %lhs_4, i48 %sext_ln703_1"   --->   Operation 951 'sub' 'ret_V_1' <Predicate = (!icmp_ln336)> <Delay = 2.44> <CoreInst = "Adder">   --->   Core 1 'Adder' <Latency = 1> <II = 1> <Delay = 1.86> <FuncUnit> <Opcode : 'add' 'sub'> <InPorts = 2> <OutPorts = 1>
ST_19 : Operation 952 [1/1] (0.00ns)   --->   "%r_V_4 = partselect i32 @_ssdm_op_PartSelect.i32.i48.i32.i32, i48 %ret_V_1, i32 16, i32 47"   --->   Operation 952 'partselect' 'r_V_4' <Predicate = (!icmp_ln336)> <Delay = 0.00>

State 20 <SV = 19> <Delay = 1.93>
ST_20 : Operation 953 [2/2] (1.68ns)   --->   "%store_ln708 = store i32 %r_V_4, i10 %weights1_addr"   --->   Operation 953 'store' 'store_ln708' <Predicate = (!icmp_ln336)> <Delay = 1.68> <CoreInst = "RAM">   --->   Core 82 'RAM' <Latency = 3> <II = 1> <Delay = 1.68> <Storage> <Opcode : 'load' 'store'> <Ports = 2> <Width = 32> <Depth = 832> <RAM>
ST_20 : Operation 954 [1/1] (1.58ns)   --->   "%store_ln708 = store i32 %r_V_4, i32 %reuse_reg"   --->   Operation 954 'store' 'store_ln708' <Predicate = (!icmp_ln336)> <Delay = 1.58>
ST_20 : Operation 955 [1/1] (0.00ns)   --->   "%sext_ln1115_3 = sext i32 %r_V_4"   --->   Operation 955 'sext' 'sext_ln1115_3' <Predicate = (!icmp_ln336)> <Delay = 0.00>
ST_20 : Operation 956 [7/7] (1.93ns)   --->   "%r_V_5 = mul i48 %sext_ln1115_3, i48 %sext_ln1115_3"   --->   Operation 956 'mul' 'r_V_5' <Predicate = (!icmp_ln336)> <Delay = 1.93> <CoreInst = "Mul_DSP">   --->   Core 5 'Mul_DSP' <Latency = 6> <II = 1> <Delay = 1.93> <FuncUnit> <Opcode : 'mul'> <InPorts = 2> <OutPorts = 1>

State 21 <SV = 20> <Delay = 1.93>
ST_21 : Operation 957 [1/2] (1.68ns)   --->   "%store_ln708 = store i32 %r_V_4, i10 %weights1_addr"   --->   Operation 957 'store' 'store_ln708' <Predicate = (!icmp_ln336)> <Delay = 1.68> <CoreInst = "RAM">   --->   Core 82 'RAM' <Latency = 3> <II = 1> <Delay = 1.68> <Storage> <Opcode : 'load' 'store'> <Ports = 2> <Width = 32> <Depth = 832> <RAM>
ST_21 : Operation 958 [6/7] (1.93ns)   --->   "%r_V_5 = mul i48 %sext_ln1115_3, i48 %sext_ln1115_3"   --->   Operation 958 'mul' 'r_V_5' <Predicate = (!icmp_ln336)> <Delay = 1.93> <CoreInst = "Mul_DSP">   --->   Core 5 'Mul_DSP' <Latency = 6> <II = 1> <Delay = 1.93> <FuncUnit> <Opcode : 'mul'> <InPorts = 2> <OutPorts = 1>

State 22 <SV = 21> <Delay = 1.93>
ST_22 : Operation 959 [5/7] (1.93ns)   --->   "%r_V_5 = mul i48 %sext_ln1115_3, i48 %sext_ln1115_3"   --->   Operation 959 'mul' 'r_V_5' <Predicate = (!icmp_ln336)> <Delay = 1.93> <CoreInst = "Mul_DSP">   --->   Core 5 'Mul_DSP' <Latency = 6> <II = 1> <Delay = 1.93> <FuncUnit> <Opcode : 'mul'> <InPorts = 2> <OutPorts = 1>

State 23 <SV = 22> <Delay = 1.93>
ST_23 : Operation 960 [4/7] (1.93ns)   --->   "%r_V_5 = mul i48 %sext_ln1115_3, i48 %sext_ln1115_3"   --->   Operation 960 'mul' 'r_V_5' <Predicate = (!icmp_ln336)> <Delay = 1.93> <CoreInst = "Mul_DSP">   --->   Core 5 'Mul_DSP' <Latency = 6> <II = 1> <Delay = 1.93> <FuncUnit> <Opcode : 'mul'> <InPorts = 2> <OutPorts = 1>

State 24 <SV = 23> <Delay = 1.93>
ST_24 : Operation 961 [3/7] (1.93ns)   --->   "%r_V_5 = mul i48 %sext_ln1115_3, i48 %sext_ln1115_3"   --->   Operation 961 'mul' 'r_V_5' <Predicate = (!icmp_ln336)> <Delay = 1.93> <CoreInst = "Mul_DSP">   --->   Core 5 'Mul_DSP' <Latency = 6> <II = 1> <Delay = 1.93> <FuncUnit> <Opcode : 'mul'> <InPorts = 2> <OutPorts = 1>

State 25 <SV = 24> <Delay = 1.93>
ST_25 : Operation 962 [2/7] (1.93ns)   --->   "%r_V_5 = mul i48 %sext_ln1115_3, i48 %sext_ln1115_3"   --->   Operation 962 'mul' 'r_V_5' <Predicate = (!icmp_ln336)> <Delay = 1.93> <CoreInst = "Mul_DSP">   --->   Core 5 'Mul_DSP' <Latency = 6> <II = 1> <Delay = 1.93> <FuncUnit> <Opcode : 'mul'> <InPorts = 2> <OutPorts = 1>
ST_25 : Operation 963 [1/1] (0.00ns)   --->   "%lhs_6 = bitconcatenate i48 @_ssdm_op_BitConcatenate.i48.i32.i16, i32 %norm_V_9, i16 0"   --->   Operation 963 'bitconcatenate' 'lhs_6' <Predicate = (!icmp_ln336)> <Delay = 0.00>

State 26 <SV = 25> <Delay = 1.93>
ST_26 : Operation 964 [1/7] (1.93ns)   --->   "%r_V_5 = mul i48 %sext_ln1115_3, i48 %sext_ln1115_3"   --->   Operation 964 'mul' 'r_V_5' <Predicate = (!icmp_ln336)> <Delay = 1.93> <CoreInst = "Mul_DSP">   --->   Core 5 'Mul_DSP' <Latency = 6> <II = 1> <Delay = 1.93> <FuncUnit> <Opcode : 'mul'> <InPorts = 2> <OutPorts = 1>

State 27 <SV = 26> <Delay = 2.44>
ST_27 : Operation 965 [2/2] (2.44ns)   --->   "%ret_V_2 = add i48 %lhs_6, i48 %r_V_5"   --->   Operation 965 'add' 'ret_V_2' <Predicate = (!icmp_ln336)> <Delay = 2.44> <CoreInst = "Adder">   --->   Core 1 'Adder' <Latency = 1> <II = 1> <Delay = 1.86> <FuncUnit> <Opcode : 'add' 'sub'> <InPorts = 2> <OutPorts = 1>

State 28 <SV = 27> <Delay = 2.44>
ST_28 : Operation 966 [1/1] (0.00ns)   --->   "%specloopname_ln0 = specloopname void @_ssdm_op_SpecLoopName, void @VITIS_LOOP_336_1_VITIS_LOOP_337_2_str"   --->   Operation 966 'specloopname' 'specloopname_ln0' <Predicate = (!icmp_ln336)> <Delay = 0.00>
ST_28 : Operation 967 [1/1] (0.00ns)   --->   "%empty = speclooptripcount i32 @_ssdm_op_SpecLoopTripCount, i64 832, i64 832, i64 832"   --->   Operation 967 'speclooptripcount' 'empty' <Predicate = (!icmp_ln336)> <Delay = 0.00>
ST_28 : Operation 968 [1/1] (0.00ns)   --->   "%specpipeline_ln0 = specpipeline void @_ssdm_op_SpecPipeline, i32 4294967295, i32 0, i32 1, i32 0, void @p_str"   --->   Operation 968 'specpipeline' 'specpipeline_ln0' <Predicate = (!icmp_ln336)> <Delay = 0.00>
ST_28 : Operation 969 [1/1] (0.00ns)   --->   "%specloopname_ln332 = specloopname void @_ssdm_op_SpecLoopName, void @empty" [backprop.cpp:332]   --->   Operation 969 'specloopname' 'specloopname_ln332' <Predicate = (!icmp_ln336)> <Delay = 0.00>
ST_28 : Operation 970 [1/2] (2.44ns)   --->   "%ret_V_2 = add i48 %lhs_6, i48 %r_V_5"   --->   Operation 970 'add' 'ret_V_2' <Predicate = (!icmp_ln336)> <Delay = 2.44> <CoreInst = "Adder">   --->   Core 1 'Adder' <Latency = 1> <II = 1> <Delay = 1.86> <FuncUnit> <Opcode : 'add' 'sub'> <InPorts = 2> <OutPorts = 1>
ST_28 : Operation 971 [1/1] (0.00ns)   --->   "%norm_V = partselect i32 @_ssdm_op_PartSelect.i32.i48.i32.i32, i48 %ret_V_2, i32 16, i32 47"   --->   Operation 971 'partselect' 'norm_V' <Predicate = (!icmp_ln336)> <Delay = 0.00>
ST_28 : Operation 972 [1/1] (0.00ns)   --->   "%br_ln0 = br void %_ZN13ap_fixed_baseILi65ELi33ELb1EL9ap_q_mode5EL9ap_o_mode3ELi0EEC2ILi32ELi16ELb1ELS0_5ELS1_3ELi0EEERKS_IXT_EXT0_EXT1_EXT2_EXT3_EXT4_EE.exit.i.i"   --->   Operation 972 'br' 'br_ln0' <Predicate = (!icmp_ln336)> <Delay = 0.00>

State 29 <SV = 3> <Delay = 1.46>
ST_29 : Operation 973 [1/1] (1.46ns)   --->   "%br_ln0 = br void %_ZN13ap_fixed_baseILi65ELi33ELb1EL9ap_q_mode5EL9ap_o_mode3ELi0EEC2ILi32ELi16ELb1ELS0_5ELS1_3ELi0EEERKS_IXT_EXT0_EXT1_EXT2_EXT3_EXT4_EE.exit.i.i291"   --->   Operation 973 'br' 'br_ln0' <Predicate = true> <Delay = 1.46>

State 30 <SV = 4> <Delay = 1.92>
ST_30 : Operation 974 [1/1] (0.00ns)   --->   "%i_1 = phi i7 %add_ln342, void %_ZN13ap_fixed_baseILi65ELi33ELb1EL9ap_q_mode5EL9ap_o_mode3ELi0EEC2ILi32ELi16ELb1ELS0_5ELS1_3ELi0EEERKS_IXT_EXT0_EXT1_EXT2_EXT3_EXT4_EE.exit.i.i291.split, i7 0, void %_ZN13ap_fixed_baseILi65ELi33ELb1EL9ap_q_mode5EL9ap_o_mode3ELi0EEC2ILi32ELi16ELb1ELS0_5ELS1_3ELi0EEERKS_IXT_EXT0_EXT1_EXT2_EXT3_EXT4_EE.exit.i.i291.preheader" [backprop.cpp:342]   --->   Operation 974 'phi' 'i_1' <Predicate = true> <Delay = 0.00>
ST_30 : Operation 975 [2/2] (1.92ns)   --->   "%add_ln342 = add i7 %i_1, i7 1" [backprop.cpp:342]   --->   Operation 975 'add' 'add_ln342' <Predicate = true> <Delay = 1.92> <CoreInst = "Adder">   --->   Core 1 'Adder' <Latency = 1> <II = 1> <Delay = 1.86> <FuncUnit> <Opcode : 'add' 'sub'> <InPorts = 2> <OutPorts = 1>
ST_30 : Operation 976 [1/1] (1.48ns)   --->   "%icmp_ln342 = icmp_eq  i7 %i_1, i7 64" [backprop.cpp:342]   --->   Operation 976 'icmp' 'icmp_ln342' <Predicate = true> <Delay = 1.48> <CoreInst = "Cmp">   --->   Core 9 'Cmp' <Latency = 0> <II = 1> <Delay = 0.95> <FuncUnit> <Opcode : 'icmp'> <InPorts = 2> <OutPorts = 1>
ST_30 : Operation 977 [1/1] (0.00ns)   --->   "%br_ln342 = br i1 %icmp_ln342, void %_ZN13ap_fixed_baseILi65ELi33ELb1EL9ap_q_mode5EL9ap_o_mode3ELi0EEC2ILi32ELi16ELb1ELS0_5ELS1_3ELi0EEERKS_IXT_EXT0_EXT1_EXT2_EXT3_EXT4_EE.exit.i.i291.split, void" [backprop.cpp:342]   --->   Operation 977 'br' 'br_ln342' <Predicate = true> <Delay = 0.00>

State 31 <SV = 5> <Delay = 3.84>
ST_31 : Operation 978 [1/1] (0.00ns)   --->   "%bias_norm_V_9 = phi i32 %bias_norm_V_2, void %_ZN13ap_fixed_baseILi65ELi33ELb1EL9ap_q_mode5EL9ap_o_mode3ELi0EEC2ILi32ELi16ELb1ELS0_5ELS1_3ELi0EEERKS_IXT_EXT0_EXT1_EXT2_EXT3_EXT4_EE.exit.i.i291.split, i32 0, void %_ZN13ap_fixed_baseILi65ELi33ELb1EL9ap_q_mode5EL9ap_o_mode3ELi0EEC2ILi32ELi16ELb1ELS0_5ELS1_3ELi0EEERKS_IXT_EXT0_EXT1_EXT2_EXT3_EXT4_EE.exit.i.i291.preheader"   --->   Operation 978 'phi' 'bias_norm_V_9' <Predicate = true> <Delay = 0.00>
ST_31 : Operation 979 [1/2] (1.92ns)   --->   "%add_ln342 = add i7 %i_1, i7 1" [backprop.cpp:342]   --->   Operation 979 'add' 'add_ln342' <Predicate = true> <Delay = 1.92> <CoreInst = "Adder">   --->   Core 1 'Adder' <Latency = 1> <II = 1> <Delay = 1.86> <FuncUnit> <Opcode : 'add' 'sub'> <InPorts = 2> <OutPorts = 1>
ST_31 : Operation 980 [1/1] (0.00ns)   --->   "%specpipeline_ln0 = specpipeline void @_ssdm_op_SpecPipeline, i32 4294967295, i32 0, i32 1, i32 0, void @p_str"   --->   Operation 980 'specpipeline' 'specpipeline_ln0' <Predicate = true> <Delay = 0.00>
ST_31 : Operation 981 [1/1] (0.00ns)   --->   "%empty_82 = speclooptripcount i32 @_ssdm_op_SpecLoopTripCount, i64 64, i64 64, i64 64"   --->   Operation 981 'speclooptripcount' 'empty_82' <Predicate = true> <Delay = 0.00>
ST_31 : Operation 982 [1/1] (0.00ns)   --->   "%i_1_cast = zext i7 %i_1" [backprop.cpp:342]   --->   Operation 982 'zext' 'i_1_cast' <Predicate = (!icmp_ln342)> <Delay = 0.00>
ST_31 : Operation 983 [1/1] (0.00ns)   --->   "%d_biases1_addr = getelementptr i32 %d_biases1, i64 0, i64 %i_1_cast"   --->   Operation 983 'getelementptr' 'd_biases1_addr' <Predicate = (!icmp_ln342)> <Delay = 0.00>
ST_31 : Operation 984 [4/4] (1.68ns)   --->   "%r_V = load i6 %d_biases1_addr"   --->   Operation 984 'load' 'r_V' <Predicate = (!icmp_ln342)> <Delay = 1.68> <CoreInst = "RAM">   --->   Core 82 'RAM' <Latency = 3> <II = 1> <Delay = 1.68> <Storage> <Opcode : 'load' 'store'> <Ports = 2> <Width = 32> <Depth = 64> <RAM>
ST_31 : Operation 985 [1/1] (0.00ns)   --->   "%trunc_ln727 = trunc i7 %i_1"   --->   Operation 985 'trunc' 'trunc_ln727' <Predicate = (!icmp_ln342)> <Delay = 0.00>

State 32 <SV = 6> <Delay = 1.68>
ST_32 : Operation 986 [3/4] (1.68ns)   --->   "%r_V = load i6 %d_biases1_addr"   --->   Operation 986 'load' 'r_V' <Predicate = (!icmp_ln342)> <Delay = 1.68> <CoreInst = "RAM">   --->   Core 82 'RAM' <Latency = 3> <II = 1> <Delay = 1.68> <Storage> <Opcode : 'load' 'store'> <Ports = 2> <Width = 32> <Depth = 64> <RAM>

State 33 <SV = 7> <Delay = 1.68>
ST_33 : Operation 987 [2/4] (1.68ns)   --->   "%r_V = load i6 %d_biases1_addr"   --->   Operation 987 'load' 'r_V' <Predicate = (!icmp_ln342)> <Delay = 1.68> <CoreInst = "RAM">   --->   Core 82 'RAM' <Latency = 3> <II = 1> <Delay = 1.68> <Storage> <Opcode : 'load' 'store'> <Ports = 2> <Width = 32> <Depth = 64> <RAM>

State 34 <SV = 8> <Delay = 1.68>
ST_34 : Operation 988 [1/4] (1.68ns)   --->   "%r_V = load i6 %d_biases1_addr"   --->   Operation 988 'load' 'r_V' <Predicate = (!icmp_ln342)> <Delay = 1.68> <CoreInst = "RAM">   --->   Core 82 'RAM' <Latency = 3> <II = 1> <Delay = 1.68> <Storage> <Opcode : 'load' 'store'> <Ports = 2> <Width = 32> <Depth = 64> <RAM>

State 35 <SV = 9> <Delay = 1.93>
ST_35 : Operation 989 [1/1] (0.00ns)   --->   "%sext_ln1115 = sext i32 %r_V"   --->   Operation 989 'sext' 'sext_ln1115' <Predicate = (!icmp_ln342)> <Delay = 0.00>
ST_35 : Operation 990 [7/7] (1.93ns)   --->   "%r_V_6 = mul i43 %sext_ln1115, i43 655"   --->   Operation 990 'mul' 'r_V_6' <Predicate = (!icmp_ln342)> <Delay = 1.93> <CoreInst = "Mul_DSP">   --->   Core 5 'Mul_DSP' <Latency = 6> <II = 1> <Delay = 1.93> <FuncUnit> <Opcode : 'mul'> <InPorts = 2> <OutPorts = 1>

State 36 <SV = 10> <Delay = 1.93>
ST_36 : Operation 991 [6/7] (1.93ns)   --->   "%r_V_6 = mul i43 %sext_ln1115, i43 655"   --->   Operation 991 'mul' 'r_V_6' <Predicate = (!icmp_ln342)> <Delay = 1.93> <CoreInst = "Mul_DSP">   --->   Core 5 'Mul_DSP' <Latency = 6> <II = 1> <Delay = 1.93> <FuncUnit> <Opcode : 'mul'> <InPorts = 2> <OutPorts = 1>

State 37 <SV = 11> <Delay = 1.93>
ST_37 : Operation 992 [5/7] (1.93ns)   --->   "%r_V_6 = mul i43 %sext_ln1115, i43 655"   --->   Operation 992 'mul' 'r_V_6' <Predicate = (!icmp_ln342)> <Delay = 1.93> <CoreInst = "Mul_DSP">   --->   Core 5 'Mul_DSP' <Latency = 6> <II = 1> <Delay = 1.93> <FuncUnit> <Opcode : 'mul'> <InPorts = 2> <OutPorts = 1>

State 38 <SV = 12> <Delay = 1.93>
ST_38 : Operation 993 [4/7] (1.93ns)   --->   "%r_V_6 = mul i43 %sext_ln1115, i43 655"   --->   Operation 993 'mul' 'r_V_6' <Predicate = (!icmp_ln342)> <Delay = 1.93> <CoreInst = "Mul_DSP">   --->   Core 5 'Mul_DSP' <Latency = 6> <II = 1> <Delay = 1.93> <FuncUnit> <Opcode : 'mul'> <InPorts = 2> <OutPorts = 1>
ST_38 : Operation 994 [1/1] (0.00ns)   --->   "%zext_ln727_1 = zext i6 %trunc_ln727"   --->   Operation 994 'zext' 'zext_ln727_1' <Predicate = (!icmp_ln342)> <Delay = 0.00>
ST_38 : Operation 995 [1/1] (0.00ns)   --->   "%biases1_addr = getelementptr i32 %biases1, i64 0, i64 %zext_ln727_1"   --->   Operation 995 'getelementptr' 'biases1_addr' <Predicate = (!icmp_ln342)> <Delay = 0.00>
ST_38 : Operation 996 [4/4] (1.68ns)   --->   "%lhs = load i6 %biases1_addr"   --->   Operation 996 'load' 'lhs' <Predicate = (!icmp_ln342)> <Delay = 1.68> <CoreInst = "RAM">   --->   Core 82 'RAM' <Latency = 3> <II = 1> <Delay = 1.68> <Storage> <Opcode : 'load' 'store'> <Ports = 2> <Width = 32> <Depth = 64> <RAM>

State 39 <SV = 13> <Delay = 1.93>
ST_39 : Operation 997 [3/7] (1.93ns)   --->   "%r_V_6 = mul i43 %sext_ln1115, i43 655"   --->   Operation 997 'mul' 'r_V_6' <Predicate = (!icmp_ln342)> <Delay = 1.93> <CoreInst = "Mul_DSP">   --->   Core 5 'Mul_DSP' <Latency = 6> <II = 1> <Delay = 1.93> <FuncUnit> <Opcode : 'mul'> <InPorts = 2> <OutPorts = 1>
ST_39 : Operation 998 [3/4] (1.68ns)   --->   "%lhs = load i6 %biases1_addr"   --->   Operation 998 'load' 'lhs' <Predicate = (!icmp_ln342)> <Delay = 1.68> <CoreInst = "RAM">   --->   Core 82 'RAM' <Latency = 3> <II = 1> <Delay = 1.68> <Storage> <Opcode : 'load' 'store'> <Ports = 2> <Width = 32> <Depth = 64> <RAM>

State 40 <SV = 14> <Delay = 1.93>
ST_40 : Operation 999 [2/7] (1.93ns)   --->   "%r_V_6 = mul i43 %sext_ln1115, i43 655"   --->   Operation 999 'mul' 'r_V_6' <Predicate = (!icmp_ln342)> <Delay = 1.93> <CoreInst = "Mul_DSP">   --->   Core 5 'Mul_DSP' <Latency = 6> <II = 1> <Delay = 1.93> <FuncUnit> <Opcode : 'mul'> <InPorts = 2> <OutPorts = 1>
ST_40 : Operation 1000 [2/4] (1.68ns)   --->   "%lhs = load i6 %biases1_addr"   --->   Operation 1000 'load' 'lhs' <Predicate = (!icmp_ln342)> <Delay = 1.68> <CoreInst = "RAM">   --->   Core 82 'RAM' <Latency = 3> <II = 1> <Delay = 1.68> <Storage> <Opcode : 'load' 'store'> <Ports = 2> <Width = 32> <Depth = 64> <RAM>

State 41 <SV = 15> <Delay = 1.93>
ST_41 : Operation 1001 [1/7] (1.93ns)   --->   "%r_V_6 = mul i43 %sext_ln1115, i43 655"   --->   Operation 1001 'mul' 'r_V_6' <Predicate = (!icmp_ln342)> <Delay = 1.93> <CoreInst = "Mul_DSP">   --->   Core 5 'Mul_DSP' <Latency = 6> <II = 1> <Delay = 1.93> <FuncUnit> <Opcode : 'mul'> <InPorts = 2> <OutPorts = 1>
ST_41 : Operation 1002 [1/4] (1.68ns)   --->   "%lhs = load i6 %biases1_addr"   --->   Operation 1002 'load' 'lhs' <Predicate = (!icmp_ln342)> <Delay = 1.68> <CoreInst = "RAM">   --->   Core 82 'RAM' <Latency = 3> <II = 1> <Delay = 1.68> <Storage> <Opcode : 'load' 'store'> <Ports = 2> <Width = 32> <Depth = 64> <RAM>

State 42 <SV = 16> <Delay = 2.44>
ST_42 : Operation 1003 [1/1] (0.00ns)   --->   "%lhs_1 = bitconcatenate i48 @_ssdm_op_BitConcatenate.i48.i32.i16, i32 %lhs, i16 0"   --->   Operation 1003 'bitconcatenate' 'lhs_1' <Predicate = (!icmp_ln342)> <Delay = 0.00>
ST_42 : Operation 1004 [1/1] (0.00ns)   --->   "%sext_ln703 = sext i43 %r_V_6"   --->   Operation 1004 'sext' 'sext_ln703' <Predicate = (!icmp_ln342)> <Delay = 0.00>
ST_42 : Operation 1005 [2/2] (2.44ns)   --->   "%ret_V = sub i48 %lhs_1, i48 %sext_ln703"   --->   Operation 1005 'sub' 'ret_V' <Predicate = (!icmp_ln342)> <Delay = 2.44> <CoreInst = "Adder">   --->   Core 1 'Adder' <Latency = 1> <II = 1> <Delay = 1.86> <FuncUnit> <Opcode : 'add' 'sub'> <InPorts = 2> <OutPorts = 1>

State 43 <SV = 17> <Delay = 2.44>
ST_43 : Operation 1006 [1/2] (2.44ns)   --->   "%ret_V = sub i48 %lhs_1, i48 %sext_ln703"   --->   Operation 1006 'sub' 'ret_V' <Predicate = (!icmp_ln342)> <Delay = 2.44> <CoreInst = "Adder">   --->   Core 1 'Adder' <Latency = 1> <II = 1> <Delay = 1.86> <FuncUnit> <Opcode : 'add' 'sub'> <InPorts = 2> <OutPorts = 1>
ST_43 : Operation 1007 [1/1] (0.00ns)   --->   "%r_V_2 = partselect i32 @_ssdm_op_PartSelect.i32.i48.i32.i32, i48 %ret_V, i32 16, i32 47"   --->   Operation 1007 'partselect' 'r_V_2' <Predicate = (!icmp_ln342)> <Delay = 0.00>

State 44 <SV = 18> <Delay = 1.93>
ST_44 : Operation 1008 [2/2] (1.68ns)   --->   "%store_ln708 = store i32 %r_V_2, i6 %biases1_addr"   --->   Operation 1008 'store' 'store_ln708' <Predicate = (!icmp_ln342)> <Delay = 1.68> <CoreInst = "RAM">   --->   Core 82 'RAM' <Latency = 3> <II = 1> <Delay = 1.68> <Storage> <Opcode : 'load' 'store'> <Ports = 2> <Width = 32> <Depth = 64> <RAM>
ST_44 : Operation 1009 [1/1] (0.00ns)   --->   "%sext_ln1115_1 = sext i32 %r_V_2"   --->   Operation 1009 'sext' 'sext_ln1115_1' <Predicate = (!icmp_ln342)> <Delay = 0.00>
ST_44 : Operation 1010 [7/7] (1.93ns)   --->   "%r_V_7 = mul i48 %sext_ln1115_1, i48 %sext_ln1115_1"   --->   Operation 1010 'mul' 'r_V_7' <Predicate = (!icmp_ln342)> <Delay = 1.93> <CoreInst = "Mul_DSP">   --->   Core 5 'Mul_DSP' <Latency = 6> <II = 1> <Delay = 1.93> <FuncUnit> <Opcode : 'mul'> <InPorts = 2> <OutPorts = 1>

State 45 <SV = 19> <Delay = 1.93>
ST_45 : Operation 1011 [1/2] (1.68ns)   --->   "%store_ln708 = store i32 %r_V_2, i6 %biases1_addr"   --->   Operation 1011 'store' 'store_ln708' <Predicate = (!icmp_ln342)> <Delay = 1.68> <CoreInst = "RAM">   --->   Core 82 'RAM' <Latency = 3> <II = 1> <Delay = 1.68> <Storage> <Opcode : 'load' 'store'> <Ports = 2> <Width = 32> <Depth = 64> <RAM>
ST_45 : Operation 1012 [6/7] (1.93ns)   --->   "%r_V_7 = mul i48 %sext_ln1115_1, i48 %sext_ln1115_1"   --->   Operation 1012 'mul' 'r_V_7' <Predicate = (!icmp_ln342)> <Delay = 1.93> <CoreInst = "Mul_DSP">   --->   Core 5 'Mul_DSP' <Latency = 6> <II = 1> <Delay = 1.93> <FuncUnit> <Opcode : 'mul'> <InPorts = 2> <OutPorts = 1>

State 46 <SV = 20> <Delay = 1.93>
ST_46 : Operation 1013 [5/7] (1.93ns)   --->   "%r_V_7 = mul i48 %sext_ln1115_1, i48 %sext_ln1115_1"   --->   Operation 1013 'mul' 'r_V_7' <Predicate = (!icmp_ln342)> <Delay = 1.93> <CoreInst = "Mul_DSP">   --->   Core 5 'Mul_DSP' <Latency = 6> <II = 1> <Delay = 1.93> <FuncUnit> <Opcode : 'mul'> <InPorts = 2> <OutPorts = 1>

State 47 <SV = 21> <Delay = 1.93>
ST_47 : Operation 1014 [4/7] (1.93ns)   --->   "%r_V_7 = mul i48 %sext_ln1115_1, i48 %sext_ln1115_1"   --->   Operation 1014 'mul' 'r_V_7' <Predicate = (!icmp_ln342)> <Delay = 1.93> <CoreInst = "Mul_DSP">   --->   Core 5 'Mul_DSP' <Latency = 6> <II = 1> <Delay = 1.93> <FuncUnit> <Opcode : 'mul'> <InPorts = 2> <OutPorts = 1>

State 48 <SV = 22> <Delay = 1.93>
ST_48 : Operation 1015 [3/7] (1.93ns)   --->   "%r_V_7 = mul i48 %sext_ln1115_1, i48 %sext_ln1115_1"   --->   Operation 1015 'mul' 'r_V_7' <Predicate = (!icmp_ln342)> <Delay = 1.93> <CoreInst = "Mul_DSP">   --->   Core 5 'Mul_DSP' <Latency = 6> <II = 1> <Delay = 1.93> <FuncUnit> <Opcode : 'mul'> <InPorts = 2> <OutPorts = 1>

State 49 <SV = 23> <Delay = 1.93>
ST_49 : Operation 1016 [2/7] (1.93ns)   --->   "%r_V_7 = mul i48 %sext_ln1115_1, i48 %sext_ln1115_1"   --->   Operation 1016 'mul' 'r_V_7' <Predicate = (!icmp_ln342)> <Delay = 1.93> <CoreInst = "Mul_DSP">   --->   Core 5 'Mul_DSP' <Latency = 6> <II = 1> <Delay = 1.93> <FuncUnit> <Opcode : 'mul'> <InPorts = 2> <OutPorts = 1>

State 50 <SV = 24> <Delay = 1.93>
ST_50 : Operation 1017 [1/7] (1.93ns)   --->   "%r_V_7 = mul i48 %sext_ln1115_1, i48 %sext_ln1115_1"   --->   Operation 1017 'mul' 'r_V_7' <Predicate = (!icmp_ln342)> <Delay = 1.93> <CoreInst = "Mul_DSP">   --->   Core 5 'Mul_DSP' <Latency = 6> <II = 1> <Delay = 1.93> <FuncUnit> <Opcode : 'mul'> <InPorts = 2> <OutPorts = 1>

State 51 <SV = 25> <Delay = 2.44>
ST_51 : Operation 1018 [1/1] (0.00ns)   --->   "%lhs_3 = bitconcatenate i48 @_ssdm_op_BitConcatenate.i48.i32.i16, i32 %bias_norm_V_9, i16 0"   --->   Operation 1018 'bitconcatenate' 'lhs_3' <Predicate = (!icmp_ln342)> <Delay = 0.00>
ST_51 : Operation 1019 [2/2] (2.44ns)   --->   "%ret_V_3 = add i48 %lhs_3, i48 %r_V_7"   --->   Operation 1019 'add' 'ret_V_3' <Predicate = (!icmp_ln342)> <Delay = 2.44> <CoreInst = "Adder">   --->   Core 1 'Adder' <Latency = 1> <II = 1> <Delay = 1.86> <FuncUnit> <Opcode : 'add' 'sub'> <InPorts = 2> <OutPorts = 1>

State 52 <SV = 26> <Delay = 4.88>
ST_52 : Operation 1020 [1/1] (0.00ns)   --->   "%specloopname_ln332 = specloopname void @_ssdm_op_SpecLoopName, void @empty_23" [backprop.cpp:332]   --->   Operation 1020 'specloopname' 'specloopname_ln332' <Predicate = (!icmp_ln342)> <Delay = 0.00>
ST_52 : Operation 1021 [1/2] (2.44ns)   --->   "%ret_V_3 = add i48 %lhs_3, i48 %r_V_7"   --->   Operation 1021 'add' 'ret_V_3' <Predicate = (!icmp_ln342)> <Delay = 2.44> <CoreInst = "Adder">   --->   Core 1 'Adder' <Latency = 1> <II = 1> <Delay = 1.86> <FuncUnit> <Opcode : 'add' 'sub'> <InPorts = 2> <OutPorts = 1>
ST_52 : Operation 1022 [1/1] (0.00ns)   --->   "%bias_norm_V_2 = partselect i32 @_ssdm_op_PartSelect.i32.i48.i32.i32, i48 %ret_V_3, i32 16, i32 47"   --->   Operation 1022 'partselect' 'bias_norm_V_2' <Predicate = (!icmp_ln342)> <Delay = 0.00>
ST_52 : Operation 1023 [1/1] (0.00ns)   --->   "%br_ln0 = br void %_ZN13ap_fixed_baseILi65ELi33ELb1EL9ap_q_mode5EL9ap_o_mode3ELi0EEC2ILi32ELi16ELb1ELS0_5ELS1_3ELi0EEERKS_IXT_EXT0_EXT1_EXT2_EXT3_EXT4_EE.exit.i.i291"   --->   Operation 1023 'br' 'br_ln0' <Predicate = (!icmp_ln342)> <Delay = 0.00>

State 53 <SV = 6> <Delay = 1.58>
ST_53 : Operation 1024 [118/118] (1.46ns)   --->   "%norm_V_1 = call i24 @sqrt_fixed<32, 16>, i32 %norm_V_9" [backprop.cpp:347]   --->   Operation 1024 'call' 'norm_V_1' <Predicate = true> <Delay = 1.46> <CoreType = "Generic">   --->   Core 0 '' <Latency = 0> <II = 1> <Delay = 1.00> <Generic> <Opcode : >
ST_53 : Operation 1025 [118/118] (1.46ns)   --->   "%bias_norm_V = call i24 @sqrt_fixed<32, 16>, i32 %bias_norm_V_9" [backprop.cpp:348]   --->   Operation 1025 'call' 'bias_norm_V' <Predicate = true> <Delay = 1.46> <CoreType = "Generic">   --->   Core 0 '' <Latency = 0> <II = 1> <Delay = 1.00> <Generic> <Opcode : >
ST_53 : Operation 1026 [1/1] (1.58ns)   --->   "%store_ln0 = store i32 0, i32 %reuse_reg68"   --->   Operation 1026 'store' 'store_ln0' <Predicate = true> <Delay = 1.58>
ST_53 : Operation 1027 [1/1] (1.58ns)   --->   "%store_ln0 = store i64 18446744073709551615, i64 %reuse_addr_reg69"   --->   Operation 1027 'store' 'store_ln0' <Predicate = true> <Delay = 1.58>

State 54 <SV = 7> <Delay = 1.46>
ST_54 : Operation 1028 [117/118] (1.46ns)   --->   "%norm_V_1 = call i24 @sqrt_fixed<32, 16>, i32 %norm_V_9" [backprop.cpp:347]   --->   Operation 1028 'call' 'norm_V_1' <Predicate = true> <Delay = 1.46> <CoreType = "Generic">   --->   Core 0 '' <Latency = 0> <II = 1> <Delay = 1.00> <Generic> <Opcode : >
ST_54 : Operation 1029 [117/118] (1.46ns)   --->   "%bias_norm_V = call i24 @sqrt_fixed<32, 16>, i32 %bias_norm_V_9" [backprop.cpp:348]   --->   Operation 1029 'call' 'bias_norm_V' <Predicate = true> <Delay = 1.46> <CoreType = "Generic">   --->   Core 0 '' <Latency = 0> <II = 1> <Delay = 1.00> <Generic> <Opcode : >

State 55 <SV = 8> <Delay = 1.46>
ST_55 : Operation 1030 [116/118] (1.46ns)   --->   "%norm_V_1 = call i24 @sqrt_fixed<32, 16>, i32 %norm_V_9" [backprop.cpp:347]   --->   Operation 1030 'call' 'norm_V_1' <Predicate = true> <Delay = 1.46> <CoreType = "Generic">   --->   Core 0 '' <Latency = 0> <II = 1> <Delay = 1.00> <Generic> <Opcode : >
ST_55 : Operation 1031 [116/118] (1.46ns)   --->   "%bias_norm_V = call i24 @sqrt_fixed<32, 16>, i32 %bias_norm_V_9" [backprop.cpp:348]   --->   Operation 1031 'call' 'bias_norm_V' <Predicate = true> <Delay = 1.46> <CoreType = "Generic">   --->   Core 0 '' <Latency = 0> <II = 1> <Delay = 1.00> <Generic> <Opcode : >

State 56 <SV = 9> <Delay = 1.46>
ST_56 : Operation 1032 [115/118] (1.46ns)   --->   "%norm_V_1 = call i24 @sqrt_fixed<32, 16>, i32 %norm_V_9" [backprop.cpp:347]   --->   Operation 1032 'call' 'norm_V_1' <Predicate = true> <Delay = 1.46> <CoreType = "Generic">   --->   Core 0 '' <Latency = 0> <II = 1> <Delay = 1.00> <Generic> <Opcode : >
ST_56 : Operation 1033 [115/118] (1.46ns)   --->   "%bias_norm_V = call i24 @sqrt_fixed<32, 16>, i32 %bias_norm_V_9" [backprop.cpp:348]   --->   Operation 1033 'call' 'bias_norm_V' <Predicate = true> <Delay = 1.46> <CoreType = "Generic">   --->   Core 0 '' <Latency = 0> <II = 1> <Delay = 1.00> <Generic> <Opcode : >

State 57 <SV = 10> <Delay = 1.46>
ST_57 : Operation 1034 [114/118] (1.46ns)   --->   "%norm_V_1 = call i24 @sqrt_fixed<32, 16>, i32 %norm_V_9" [backprop.cpp:347]   --->   Operation 1034 'call' 'norm_V_1' <Predicate = true> <Delay = 1.46> <CoreType = "Generic">   --->   Core 0 '' <Latency = 0> <II = 1> <Delay = 1.00> <Generic> <Opcode : >
ST_57 : Operation 1035 [114/118] (1.46ns)   --->   "%bias_norm_V = call i24 @sqrt_fixed<32, 16>, i32 %bias_norm_V_9" [backprop.cpp:348]   --->   Operation 1035 'call' 'bias_norm_V' <Predicate = true> <Delay = 1.46> <CoreType = "Generic">   --->   Core 0 '' <Latency = 0> <II = 1> <Delay = 1.00> <Generic> <Opcode : >

State 58 <SV = 11> <Delay = 1.46>
ST_58 : Operation 1036 [113/118] (1.46ns)   --->   "%norm_V_1 = call i24 @sqrt_fixed<32, 16>, i32 %norm_V_9" [backprop.cpp:347]   --->   Operation 1036 'call' 'norm_V_1' <Predicate = true> <Delay = 1.46> <CoreType = "Generic">   --->   Core 0 '' <Latency = 0> <II = 1> <Delay = 1.00> <Generic> <Opcode : >
ST_58 : Operation 1037 [113/118] (1.46ns)   --->   "%bias_norm_V = call i24 @sqrt_fixed<32, 16>, i32 %bias_norm_V_9" [backprop.cpp:348]   --->   Operation 1037 'call' 'bias_norm_V' <Predicate = true> <Delay = 1.46> <CoreType = "Generic">   --->   Core 0 '' <Latency = 0> <II = 1> <Delay = 1.00> <Generic> <Opcode : >

State 59 <SV = 12> <Delay = 1.46>
ST_59 : Operation 1038 [112/118] (1.46ns)   --->   "%norm_V_1 = call i24 @sqrt_fixed<32, 16>, i32 %norm_V_9" [backprop.cpp:347]   --->   Operation 1038 'call' 'norm_V_1' <Predicate = true> <Delay = 1.46> <CoreType = "Generic">   --->   Core 0 '' <Latency = 0> <II = 1> <Delay = 1.00> <Generic> <Opcode : >
ST_59 : Operation 1039 [112/118] (1.46ns)   --->   "%bias_norm_V = call i24 @sqrt_fixed<32, 16>, i32 %bias_norm_V_9" [backprop.cpp:348]   --->   Operation 1039 'call' 'bias_norm_V' <Predicate = true> <Delay = 1.46> <CoreType = "Generic">   --->   Core 0 '' <Latency = 0> <II = 1> <Delay = 1.00> <Generic> <Opcode : >

State 60 <SV = 13> <Delay = 1.46>
ST_60 : Operation 1040 [111/118] (1.46ns)   --->   "%norm_V_1 = call i24 @sqrt_fixed<32, 16>, i32 %norm_V_9" [backprop.cpp:347]   --->   Operation 1040 'call' 'norm_V_1' <Predicate = true> <Delay = 1.46> <CoreType = "Generic">   --->   Core 0 '' <Latency = 0> <II = 1> <Delay = 1.00> <Generic> <Opcode : >
ST_60 : Operation 1041 [111/118] (1.46ns)   --->   "%bias_norm_V = call i24 @sqrt_fixed<32, 16>, i32 %bias_norm_V_9" [backprop.cpp:348]   --->   Operation 1041 'call' 'bias_norm_V' <Predicate = true> <Delay = 1.46> <CoreType = "Generic">   --->   Core 0 '' <Latency = 0> <II = 1> <Delay = 1.00> <Generic> <Opcode : >

State 61 <SV = 14> <Delay = 1.46>
ST_61 : Operation 1042 [110/118] (1.46ns)   --->   "%norm_V_1 = call i24 @sqrt_fixed<32, 16>, i32 %norm_V_9" [backprop.cpp:347]   --->   Operation 1042 'call' 'norm_V_1' <Predicate = true> <Delay = 1.46> <CoreType = "Generic">   --->   Core 0 '' <Latency = 0> <II = 1> <Delay = 1.00> <Generic> <Opcode : >
ST_61 : Operation 1043 [110/118] (1.46ns)   --->   "%bias_norm_V = call i24 @sqrt_fixed<32, 16>, i32 %bias_norm_V_9" [backprop.cpp:348]   --->   Operation 1043 'call' 'bias_norm_V' <Predicate = true> <Delay = 1.46> <CoreType = "Generic">   --->   Core 0 '' <Latency = 0> <II = 1> <Delay = 1.00> <Generic> <Opcode : >

State 62 <SV = 15> <Delay = 1.46>
ST_62 : Operation 1044 [109/118] (1.46ns)   --->   "%norm_V_1 = call i24 @sqrt_fixed<32, 16>, i32 %norm_V_9" [backprop.cpp:347]   --->   Operation 1044 'call' 'norm_V_1' <Predicate = true> <Delay = 1.46> <CoreType = "Generic">   --->   Core 0 '' <Latency = 0> <II = 1> <Delay = 1.00> <Generic> <Opcode : >
ST_62 : Operation 1045 [109/118] (1.46ns)   --->   "%bias_norm_V = call i24 @sqrt_fixed<32, 16>, i32 %bias_norm_V_9" [backprop.cpp:348]   --->   Operation 1045 'call' 'bias_norm_V' <Predicate = true> <Delay = 1.46> <CoreType = "Generic">   --->   Core 0 '' <Latency = 0> <II = 1> <Delay = 1.00> <Generic> <Opcode : >

State 63 <SV = 16> <Delay = 1.46>
ST_63 : Operation 1046 [108/118] (1.46ns)   --->   "%norm_V_1 = call i24 @sqrt_fixed<32, 16>, i32 %norm_V_9" [backprop.cpp:347]   --->   Operation 1046 'call' 'norm_V_1' <Predicate = true> <Delay = 1.46> <CoreType = "Generic">   --->   Core 0 '' <Latency = 0> <II = 1> <Delay = 1.00> <Generic> <Opcode : >
ST_63 : Operation 1047 [108/118] (1.46ns)   --->   "%bias_norm_V = call i24 @sqrt_fixed<32, 16>, i32 %bias_norm_V_9" [backprop.cpp:348]   --->   Operation 1047 'call' 'bias_norm_V' <Predicate = true> <Delay = 1.46> <CoreType = "Generic">   --->   Core 0 '' <Latency = 0> <II = 1> <Delay = 1.00> <Generic> <Opcode : >

State 64 <SV = 17> <Delay = 1.46>
ST_64 : Operation 1048 [107/118] (1.46ns)   --->   "%norm_V_1 = call i24 @sqrt_fixed<32, 16>, i32 %norm_V_9" [backprop.cpp:347]   --->   Operation 1048 'call' 'norm_V_1' <Predicate = true> <Delay = 1.46> <CoreType = "Generic">   --->   Core 0 '' <Latency = 0> <II = 1> <Delay = 1.00> <Generic> <Opcode : >
ST_64 : Operation 1049 [107/118] (1.46ns)   --->   "%bias_norm_V = call i24 @sqrt_fixed<32, 16>, i32 %bias_norm_V_9" [backprop.cpp:348]   --->   Operation 1049 'call' 'bias_norm_V' <Predicate = true> <Delay = 1.46> <CoreType = "Generic">   --->   Core 0 '' <Latency = 0> <II = 1> <Delay = 1.00> <Generic> <Opcode : >

State 65 <SV = 18> <Delay = 1.46>
ST_65 : Operation 1050 [106/118] (1.46ns)   --->   "%norm_V_1 = call i24 @sqrt_fixed<32, 16>, i32 %norm_V_9" [backprop.cpp:347]   --->   Operation 1050 'call' 'norm_V_1' <Predicate = true> <Delay = 1.46> <CoreType = "Generic">   --->   Core 0 '' <Latency = 0> <II = 1> <Delay = 1.00> <Generic> <Opcode : >
ST_65 : Operation 1051 [106/118] (1.46ns)   --->   "%bias_norm_V = call i24 @sqrt_fixed<32, 16>, i32 %bias_norm_V_9" [backprop.cpp:348]   --->   Operation 1051 'call' 'bias_norm_V' <Predicate = true> <Delay = 1.46> <CoreType = "Generic">   --->   Core 0 '' <Latency = 0> <II = 1> <Delay = 1.00> <Generic> <Opcode : >

State 66 <SV = 19> <Delay = 1.46>
ST_66 : Operation 1052 [105/118] (1.46ns)   --->   "%norm_V_1 = call i24 @sqrt_fixed<32, 16>, i32 %norm_V_9" [backprop.cpp:347]   --->   Operation 1052 'call' 'norm_V_1' <Predicate = true> <Delay = 1.46> <CoreType = "Generic">   --->   Core 0 '' <Latency = 0> <II = 1> <Delay = 1.00> <Generic> <Opcode : >
ST_66 : Operation 1053 [105/118] (1.46ns)   --->   "%bias_norm_V = call i24 @sqrt_fixed<32, 16>, i32 %bias_norm_V_9" [backprop.cpp:348]   --->   Operation 1053 'call' 'bias_norm_V' <Predicate = true> <Delay = 1.46> <CoreType = "Generic">   --->   Core 0 '' <Latency = 0> <II = 1> <Delay = 1.00> <Generic> <Opcode : >

State 67 <SV = 20> <Delay = 1.46>
ST_67 : Operation 1054 [104/118] (1.46ns)   --->   "%norm_V_1 = call i24 @sqrt_fixed<32, 16>, i32 %norm_V_9" [backprop.cpp:347]   --->   Operation 1054 'call' 'norm_V_1' <Predicate = true> <Delay = 1.46> <CoreType = "Generic">   --->   Core 0 '' <Latency = 0> <II = 1> <Delay = 1.00> <Generic> <Opcode : >
ST_67 : Operation 1055 [104/118] (1.46ns)   --->   "%bias_norm_V = call i24 @sqrt_fixed<32, 16>, i32 %bias_norm_V_9" [backprop.cpp:348]   --->   Operation 1055 'call' 'bias_norm_V' <Predicate = true> <Delay = 1.46> <CoreType = "Generic">   --->   Core 0 '' <Latency = 0> <II = 1> <Delay = 1.00> <Generic> <Opcode : >

State 68 <SV = 21> <Delay = 1.46>
ST_68 : Operation 1056 [103/118] (1.46ns)   --->   "%norm_V_1 = call i24 @sqrt_fixed<32, 16>, i32 %norm_V_9" [backprop.cpp:347]   --->   Operation 1056 'call' 'norm_V_1' <Predicate = true> <Delay = 1.46> <CoreType = "Generic">   --->   Core 0 '' <Latency = 0> <II = 1> <Delay = 1.00> <Generic> <Opcode : >
ST_68 : Operation 1057 [103/118] (1.46ns)   --->   "%bias_norm_V = call i24 @sqrt_fixed<32, 16>, i32 %bias_norm_V_9" [backprop.cpp:348]   --->   Operation 1057 'call' 'bias_norm_V' <Predicate = true> <Delay = 1.46> <CoreType = "Generic">   --->   Core 0 '' <Latency = 0> <II = 1> <Delay = 1.00> <Generic> <Opcode : >

State 69 <SV = 22> <Delay = 1.46>
ST_69 : Operation 1058 [102/118] (1.46ns)   --->   "%norm_V_1 = call i24 @sqrt_fixed<32, 16>, i32 %norm_V_9" [backprop.cpp:347]   --->   Operation 1058 'call' 'norm_V_1' <Predicate = true> <Delay = 1.46> <CoreType = "Generic">   --->   Core 0 '' <Latency = 0> <II = 1> <Delay = 1.00> <Generic> <Opcode : >
ST_69 : Operation 1059 [102/118] (1.46ns)   --->   "%bias_norm_V = call i24 @sqrt_fixed<32, 16>, i32 %bias_norm_V_9" [backprop.cpp:348]   --->   Operation 1059 'call' 'bias_norm_V' <Predicate = true> <Delay = 1.46> <CoreType = "Generic">   --->   Core 0 '' <Latency = 0> <II = 1> <Delay = 1.00> <Generic> <Opcode : >

State 70 <SV = 23> <Delay = 1.46>
ST_70 : Operation 1060 [101/118] (1.46ns)   --->   "%norm_V_1 = call i24 @sqrt_fixed<32, 16>, i32 %norm_V_9" [backprop.cpp:347]   --->   Operation 1060 'call' 'norm_V_1' <Predicate = true> <Delay = 1.46> <CoreType = "Generic">   --->   Core 0 '' <Latency = 0> <II = 1> <Delay = 1.00> <Generic> <Opcode : >
ST_70 : Operation 1061 [101/118] (1.46ns)   --->   "%bias_norm_V = call i24 @sqrt_fixed<32, 16>, i32 %bias_norm_V_9" [backprop.cpp:348]   --->   Operation 1061 'call' 'bias_norm_V' <Predicate = true> <Delay = 1.46> <CoreType = "Generic">   --->   Core 0 '' <Latency = 0> <II = 1> <Delay = 1.00> <Generic> <Opcode : >

State 71 <SV = 24> <Delay = 1.46>
ST_71 : Operation 1062 [100/118] (1.46ns)   --->   "%norm_V_1 = call i24 @sqrt_fixed<32, 16>, i32 %norm_V_9" [backprop.cpp:347]   --->   Operation 1062 'call' 'norm_V_1' <Predicate = true> <Delay = 1.46> <CoreType = "Generic">   --->   Core 0 '' <Latency = 0> <II = 1> <Delay = 1.00> <Generic> <Opcode : >
ST_71 : Operation 1063 [100/118] (1.46ns)   --->   "%bias_norm_V = call i24 @sqrt_fixed<32, 16>, i32 %bias_norm_V_9" [backprop.cpp:348]   --->   Operation 1063 'call' 'bias_norm_V' <Predicate = true> <Delay = 1.46> <CoreType = "Generic">   --->   Core 0 '' <Latency = 0> <II = 1> <Delay = 1.00> <Generic> <Opcode : >

State 72 <SV = 25> <Delay = 1.46>
ST_72 : Operation 1064 [99/118] (1.46ns)   --->   "%norm_V_1 = call i24 @sqrt_fixed<32, 16>, i32 %norm_V_9" [backprop.cpp:347]   --->   Operation 1064 'call' 'norm_V_1' <Predicate = true> <Delay = 1.46> <CoreType = "Generic">   --->   Core 0 '' <Latency = 0> <II = 1> <Delay = 1.00> <Generic> <Opcode : >
ST_72 : Operation 1065 [99/118] (1.46ns)   --->   "%bias_norm_V = call i24 @sqrt_fixed<32, 16>, i32 %bias_norm_V_9" [backprop.cpp:348]   --->   Operation 1065 'call' 'bias_norm_V' <Predicate = true> <Delay = 1.46> <CoreType = "Generic">   --->   Core 0 '' <Latency = 0> <II = 1> <Delay = 1.00> <Generic> <Opcode : >

State 73 <SV = 26> <Delay = 1.46>
ST_73 : Operation 1066 [98/118] (1.46ns)   --->   "%norm_V_1 = call i24 @sqrt_fixed<32, 16>, i32 %norm_V_9" [backprop.cpp:347]   --->   Operation 1066 'call' 'norm_V_1' <Predicate = true> <Delay = 1.46> <CoreType = "Generic">   --->   Core 0 '' <Latency = 0> <II = 1> <Delay = 1.00> <Generic> <Opcode : >
ST_73 : Operation 1067 [98/118] (1.46ns)   --->   "%bias_norm_V = call i24 @sqrt_fixed<32, 16>, i32 %bias_norm_V_9" [backprop.cpp:348]   --->   Operation 1067 'call' 'bias_norm_V' <Predicate = true> <Delay = 1.46> <CoreType = "Generic">   --->   Core 0 '' <Latency = 0> <II = 1> <Delay = 1.00> <Generic> <Opcode : >

State 74 <SV = 27> <Delay = 1.46>
ST_74 : Operation 1068 [97/118] (1.46ns)   --->   "%norm_V_1 = call i24 @sqrt_fixed<32, 16>, i32 %norm_V_9" [backprop.cpp:347]   --->   Operation 1068 'call' 'norm_V_1' <Predicate = true> <Delay = 1.46> <CoreType = "Generic">   --->   Core 0 '' <Latency = 0> <II = 1> <Delay = 1.00> <Generic> <Opcode : >
ST_74 : Operation 1069 [97/118] (1.46ns)   --->   "%bias_norm_V = call i24 @sqrt_fixed<32, 16>, i32 %bias_norm_V_9" [backprop.cpp:348]   --->   Operation 1069 'call' 'bias_norm_V' <Predicate = true> <Delay = 1.46> <CoreType = "Generic">   --->   Core 0 '' <Latency = 0> <II = 1> <Delay = 1.00> <Generic> <Opcode : >

State 75 <SV = 28> <Delay = 1.46>
ST_75 : Operation 1070 [96/118] (1.46ns)   --->   "%norm_V_1 = call i24 @sqrt_fixed<32, 16>, i32 %norm_V_9" [backprop.cpp:347]   --->   Operation 1070 'call' 'norm_V_1' <Predicate = true> <Delay = 1.46> <CoreType = "Generic">   --->   Core 0 '' <Latency = 0> <II = 1> <Delay = 1.00> <Generic> <Opcode : >
ST_75 : Operation 1071 [96/118] (1.46ns)   --->   "%bias_norm_V = call i24 @sqrt_fixed<32, 16>, i32 %bias_norm_V_9" [backprop.cpp:348]   --->   Operation 1071 'call' 'bias_norm_V' <Predicate = true> <Delay = 1.46> <CoreType = "Generic">   --->   Core 0 '' <Latency = 0> <II = 1> <Delay = 1.00> <Generic> <Opcode : >

State 76 <SV = 29> <Delay = 1.46>
ST_76 : Operation 1072 [95/118] (1.46ns)   --->   "%norm_V_1 = call i24 @sqrt_fixed<32, 16>, i32 %norm_V_9" [backprop.cpp:347]   --->   Operation 1072 'call' 'norm_V_1' <Predicate = true> <Delay = 1.46> <CoreType = "Generic">   --->   Core 0 '' <Latency = 0> <II = 1> <Delay = 1.00> <Generic> <Opcode : >
ST_76 : Operation 1073 [95/118] (1.46ns)   --->   "%bias_norm_V = call i24 @sqrt_fixed<32, 16>, i32 %bias_norm_V_9" [backprop.cpp:348]   --->   Operation 1073 'call' 'bias_norm_V' <Predicate = true> <Delay = 1.46> <CoreType = "Generic">   --->   Core 0 '' <Latency = 0> <II = 1> <Delay = 1.00> <Generic> <Opcode : >

State 77 <SV = 30> <Delay = 1.46>
ST_77 : Operation 1074 [94/118] (1.46ns)   --->   "%norm_V_1 = call i24 @sqrt_fixed<32, 16>, i32 %norm_V_9" [backprop.cpp:347]   --->   Operation 1074 'call' 'norm_V_1' <Predicate = true> <Delay = 1.46> <CoreType = "Generic">   --->   Core 0 '' <Latency = 0> <II = 1> <Delay = 1.00> <Generic> <Opcode : >
ST_77 : Operation 1075 [94/118] (1.46ns)   --->   "%bias_norm_V = call i24 @sqrt_fixed<32, 16>, i32 %bias_norm_V_9" [backprop.cpp:348]   --->   Operation 1075 'call' 'bias_norm_V' <Predicate = true> <Delay = 1.46> <CoreType = "Generic">   --->   Core 0 '' <Latency = 0> <II = 1> <Delay = 1.00> <Generic> <Opcode : >

State 78 <SV = 31> <Delay = 1.46>
ST_78 : Operation 1076 [93/118] (1.46ns)   --->   "%norm_V_1 = call i24 @sqrt_fixed<32, 16>, i32 %norm_V_9" [backprop.cpp:347]   --->   Operation 1076 'call' 'norm_V_1' <Predicate = true> <Delay = 1.46> <CoreType = "Generic">   --->   Core 0 '' <Latency = 0> <II = 1> <Delay = 1.00> <Generic> <Opcode : >
ST_78 : Operation 1077 [93/118] (1.46ns)   --->   "%bias_norm_V = call i24 @sqrt_fixed<32, 16>, i32 %bias_norm_V_9" [backprop.cpp:348]   --->   Operation 1077 'call' 'bias_norm_V' <Predicate = true> <Delay = 1.46> <CoreType = "Generic">   --->   Core 0 '' <Latency = 0> <II = 1> <Delay = 1.00> <Generic> <Opcode : >

State 79 <SV = 32> <Delay = 1.46>
ST_79 : Operation 1078 [92/118] (1.46ns)   --->   "%norm_V_1 = call i24 @sqrt_fixed<32, 16>, i32 %norm_V_9" [backprop.cpp:347]   --->   Operation 1078 'call' 'norm_V_1' <Predicate = true> <Delay = 1.46> <CoreType = "Generic">   --->   Core 0 '' <Latency = 0> <II = 1> <Delay = 1.00> <Generic> <Opcode : >
ST_79 : Operation 1079 [92/118] (1.46ns)   --->   "%bias_norm_V = call i24 @sqrt_fixed<32, 16>, i32 %bias_norm_V_9" [backprop.cpp:348]   --->   Operation 1079 'call' 'bias_norm_V' <Predicate = true> <Delay = 1.46> <CoreType = "Generic">   --->   Core 0 '' <Latency = 0> <II = 1> <Delay = 1.00> <Generic> <Opcode : >

State 80 <SV = 33> <Delay = 1.46>
ST_80 : Operation 1080 [91/118] (1.46ns)   --->   "%norm_V_1 = call i24 @sqrt_fixed<32, 16>, i32 %norm_V_9" [backprop.cpp:347]   --->   Operation 1080 'call' 'norm_V_1' <Predicate = true> <Delay = 1.46> <CoreType = "Generic">   --->   Core 0 '' <Latency = 0> <II = 1> <Delay = 1.00> <Generic> <Opcode : >
ST_80 : Operation 1081 [91/118] (1.46ns)   --->   "%bias_norm_V = call i24 @sqrt_fixed<32, 16>, i32 %bias_norm_V_9" [backprop.cpp:348]   --->   Operation 1081 'call' 'bias_norm_V' <Predicate = true> <Delay = 1.46> <CoreType = "Generic">   --->   Core 0 '' <Latency = 0> <II = 1> <Delay = 1.00> <Generic> <Opcode : >

State 81 <SV = 34> <Delay = 1.46>
ST_81 : Operation 1082 [90/118] (1.46ns)   --->   "%norm_V_1 = call i24 @sqrt_fixed<32, 16>, i32 %norm_V_9" [backprop.cpp:347]   --->   Operation 1082 'call' 'norm_V_1' <Predicate = true> <Delay = 1.46> <CoreType = "Generic">   --->   Core 0 '' <Latency = 0> <II = 1> <Delay = 1.00> <Generic> <Opcode : >
ST_81 : Operation 1083 [90/118] (1.46ns)   --->   "%bias_norm_V = call i24 @sqrt_fixed<32, 16>, i32 %bias_norm_V_9" [backprop.cpp:348]   --->   Operation 1083 'call' 'bias_norm_V' <Predicate = true> <Delay = 1.46> <CoreType = "Generic">   --->   Core 0 '' <Latency = 0> <II = 1> <Delay = 1.00> <Generic> <Opcode : >

State 82 <SV = 35> <Delay = 1.46>
ST_82 : Operation 1084 [89/118] (1.46ns)   --->   "%norm_V_1 = call i24 @sqrt_fixed<32, 16>, i32 %norm_V_9" [backprop.cpp:347]   --->   Operation 1084 'call' 'norm_V_1' <Predicate = true> <Delay = 1.46> <CoreType = "Generic">   --->   Core 0 '' <Latency = 0> <II = 1> <Delay = 1.00> <Generic> <Opcode : >
ST_82 : Operation 1085 [89/118] (1.46ns)   --->   "%bias_norm_V = call i24 @sqrt_fixed<32, 16>, i32 %bias_norm_V_9" [backprop.cpp:348]   --->   Operation 1085 'call' 'bias_norm_V' <Predicate = true> <Delay = 1.46> <CoreType = "Generic">   --->   Core 0 '' <Latency = 0> <II = 1> <Delay = 1.00> <Generic> <Opcode : >

State 83 <SV = 36> <Delay = 1.46>
ST_83 : Operation 1086 [88/118] (1.46ns)   --->   "%norm_V_1 = call i24 @sqrt_fixed<32, 16>, i32 %norm_V_9" [backprop.cpp:347]   --->   Operation 1086 'call' 'norm_V_1' <Predicate = true> <Delay = 1.46> <CoreType = "Generic">   --->   Core 0 '' <Latency = 0> <II = 1> <Delay = 1.00> <Generic> <Opcode : >
ST_83 : Operation 1087 [88/118] (1.46ns)   --->   "%bias_norm_V = call i24 @sqrt_fixed<32, 16>, i32 %bias_norm_V_9" [backprop.cpp:348]   --->   Operation 1087 'call' 'bias_norm_V' <Predicate = true> <Delay = 1.46> <CoreType = "Generic">   --->   Core 0 '' <Latency = 0> <II = 1> <Delay = 1.00> <Generic> <Opcode : >

State 84 <SV = 37> <Delay = 1.46>
ST_84 : Operation 1088 [87/118] (1.46ns)   --->   "%norm_V_1 = call i24 @sqrt_fixed<32, 16>, i32 %norm_V_9" [backprop.cpp:347]   --->   Operation 1088 'call' 'norm_V_1' <Predicate = true> <Delay = 1.46> <CoreType = "Generic">   --->   Core 0 '' <Latency = 0> <II = 1> <Delay = 1.00> <Generic> <Opcode : >
ST_84 : Operation 1089 [87/118] (1.46ns)   --->   "%bias_norm_V = call i24 @sqrt_fixed<32, 16>, i32 %bias_norm_V_9" [backprop.cpp:348]   --->   Operation 1089 'call' 'bias_norm_V' <Predicate = true> <Delay = 1.46> <CoreType = "Generic">   --->   Core 0 '' <Latency = 0> <II = 1> <Delay = 1.00> <Generic> <Opcode : >

State 85 <SV = 38> <Delay = 1.46>
ST_85 : Operation 1090 [86/118] (1.46ns)   --->   "%norm_V_1 = call i24 @sqrt_fixed<32, 16>, i32 %norm_V_9" [backprop.cpp:347]   --->   Operation 1090 'call' 'norm_V_1' <Predicate = true> <Delay = 1.46> <CoreType = "Generic">   --->   Core 0 '' <Latency = 0> <II = 1> <Delay = 1.00> <Generic> <Opcode : >
ST_85 : Operation 1091 [86/118] (1.46ns)   --->   "%bias_norm_V = call i24 @sqrt_fixed<32, 16>, i32 %bias_norm_V_9" [backprop.cpp:348]   --->   Operation 1091 'call' 'bias_norm_V' <Predicate = true> <Delay = 1.46> <CoreType = "Generic">   --->   Core 0 '' <Latency = 0> <II = 1> <Delay = 1.00> <Generic> <Opcode : >

State 86 <SV = 39> <Delay = 1.46>
ST_86 : Operation 1092 [85/118] (1.46ns)   --->   "%norm_V_1 = call i24 @sqrt_fixed<32, 16>, i32 %norm_V_9" [backprop.cpp:347]   --->   Operation 1092 'call' 'norm_V_1' <Predicate = true> <Delay = 1.46> <CoreType = "Generic">   --->   Core 0 '' <Latency = 0> <II = 1> <Delay = 1.00> <Generic> <Opcode : >
ST_86 : Operation 1093 [85/118] (1.46ns)   --->   "%bias_norm_V = call i24 @sqrt_fixed<32, 16>, i32 %bias_norm_V_9" [backprop.cpp:348]   --->   Operation 1093 'call' 'bias_norm_V' <Predicate = true> <Delay = 1.46> <CoreType = "Generic">   --->   Core 0 '' <Latency = 0> <II = 1> <Delay = 1.00> <Generic> <Opcode : >

State 87 <SV = 40> <Delay = 1.46>
ST_87 : Operation 1094 [84/118] (1.46ns)   --->   "%norm_V_1 = call i24 @sqrt_fixed<32, 16>, i32 %norm_V_9" [backprop.cpp:347]   --->   Operation 1094 'call' 'norm_V_1' <Predicate = true> <Delay = 1.46> <CoreType = "Generic">   --->   Core 0 '' <Latency = 0> <II = 1> <Delay = 1.00> <Generic> <Opcode : >
ST_87 : Operation 1095 [84/118] (1.46ns)   --->   "%bias_norm_V = call i24 @sqrt_fixed<32, 16>, i32 %bias_norm_V_9" [backprop.cpp:348]   --->   Operation 1095 'call' 'bias_norm_V' <Predicate = true> <Delay = 1.46> <CoreType = "Generic">   --->   Core 0 '' <Latency = 0> <II = 1> <Delay = 1.00> <Generic> <Opcode : >

State 88 <SV = 41> <Delay = 1.46>
ST_88 : Operation 1096 [83/118] (1.46ns)   --->   "%norm_V_1 = call i24 @sqrt_fixed<32, 16>, i32 %norm_V_9" [backprop.cpp:347]   --->   Operation 1096 'call' 'norm_V_1' <Predicate = true> <Delay = 1.46> <CoreType = "Generic">   --->   Core 0 '' <Latency = 0> <II = 1> <Delay = 1.00> <Generic> <Opcode : >
ST_88 : Operation 1097 [83/118] (1.46ns)   --->   "%bias_norm_V = call i24 @sqrt_fixed<32, 16>, i32 %bias_norm_V_9" [backprop.cpp:348]   --->   Operation 1097 'call' 'bias_norm_V' <Predicate = true> <Delay = 1.46> <CoreType = "Generic">   --->   Core 0 '' <Latency = 0> <II = 1> <Delay = 1.00> <Generic> <Opcode : >

State 89 <SV = 42> <Delay = 1.46>
ST_89 : Operation 1098 [82/118] (1.46ns)   --->   "%norm_V_1 = call i24 @sqrt_fixed<32, 16>, i32 %norm_V_9" [backprop.cpp:347]   --->   Operation 1098 'call' 'norm_V_1' <Predicate = true> <Delay = 1.46> <CoreType = "Generic">   --->   Core 0 '' <Latency = 0> <II = 1> <Delay = 1.00> <Generic> <Opcode : >
ST_89 : Operation 1099 [82/118] (1.46ns)   --->   "%bias_norm_V = call i24 @sqrt_fixed<32, 16>, i32 %bias_norm_V_9" [backprop.cpp:348]   --->   Operation 1099 'call' 'bias_norm_V' <Predicate = true> <Delay = 1.46> <CoreType = "Generic">   --->   Core 0 '' <Latency = 0> <II = 1> <Delay = 1.00> <Generic> <Opcode : >

State 90 <SV = 43> <Delay = 1.46>
ST_90 : Operation 1100 [81/118] (1.46ns)   --->   "%norm_V_1 = call i24 @sqrt_fixed<32, 16>, i32 %norm_V_9" [backprop.cpp:347]   --->   Operation 1100 'call' 'norm_V_1' <Predicate = true> <Delay = 1.46> <CoreType = "Generic">   --->   Core 0 '' <Latency = 0> <II = 1> <Delay = 1.00> <Generic> <Opcode : >
ST_90 : Operation 1101 [81/118] (1.46ns)   --->   "%bias_norm_V = call i24 @sqrt_fixed<32, 16>, i32 %bias_norm_V_9" [backprop.cpp:348]   --->   Operation 1101 'call' 'bias_norm_V' <Predicate = true> <Delay = 1.46> <CoreType = "Generic">   --->   Core 0 '' <Latency = 0> <II = 1> <Delay = 1.00> <Generic> <Opcode : >

State 91 <SV = 44> <Delay = 1.46>
ST_91 : Operation 1102 [80/118] (1.46ns)   --->   "%norm_V_1 = call i24 @sqrt_fixed<32, 16>, i32 %norm_V_9" [backprop.cpp:347]   --->   Operation 1102 'call' 'norm_V_1' <Predicate = true> <Delay = 1.46> <CoreType = "Generic">   --->   Core 0 '' <Latency = 0> <II = 1> <Delay = 1.00> <Generic> <Opcode : >
ST_91 : Operation 1103 [80/118] (1.46ns)   --->   "%bias_norm_V = call i24 @sqrt_fixed<32, 16>, i32 %bias_norm_V_9" [backprop.cpp:348]   --->   Operation 1103 'call' 'bias_norm_V' <Predicate = true> <Delay = 1.46> <CoreType = "Generic">   --->   Core 0 '' <Latency = 0> <II = 1> <Delay = 1.00> <Generic> <Opcode : >

State 92 <SV = 45> <Delay = 1.46>
ST_92 : Operation 1104 [79/118] (1.46ns)   --->   "%norm_V_1 = call i24 @sqrt_fixed<32, 16>, i32 %norm_V_9" [backprop.cpp:347]   --->   Operation 1104 'call' 'norm_V_1' <Predicate = true> <Delay = 1.46> <CoreType = "Generic">   --->   Core 0 '' <Latency = 0> <II = 1> <Delay = 1.00> <Generic> <Opcode : >
ST_92 : Operation 1105 [79/118] (1.46ns)   --->   "%bias_norm_V = call i24 @sqrt_fixed<32, 16>, i32 %bias_norm_V_9" [backprop.cpp:348]   --->   Operation 1105 'call' 'bias_norm_V' <Predicate = true> <Delay = 1.46> <CoreType = "Generic">   --->   Core 0 '' <Latency = 0> <II = 1> <Delay = 1.00> <Generic> <Opcode : >

State 93 <SV = 46> <Delay = 1.46>
ST_93 : Operation 1106 [78/118] (1.46ns)   --->   "%norm_V_1 = call i24 @sqrt_fixed<32, 16>, i32 %norm_V_9" [backprop.cpp:347]   --->   Operation 1106 'call' 'norm_V_1' <Predicate = true> <Delay = 1.46> <CoreType = "Generic">   --->   Core 0 '' <Latency = 0> <II = 1> <Delay = 1.00> <Generic> <Opcode : >
ST_93 : Operation 1107 [78/118] (1.46ns)   --->   "%bias_norm_V = call i24 @sqrt_fixed<32, 16>, i32 %bias_norm_V_9" [backprop.cpp:348]   --->   Operation 1107 'call' 'bias_norm_V' <Predicate = true> <Delay = 1.46> <CoreType = "Generic">   --->   Core 0 '' <Latency = 0> <II = 1> <Delay = 1.00> <Generic> <Opcode : >

State 94 <SV = 47> <Delay = 1.46>
ST_94 : Operation 1108 [77/118] (1.46ns)   --->   "%norm_V_1 = call i24 @sqrt_fixed<32, 16>, i32 %norm_V_9" [backprop.cpp:347]   --->   Operation 1108 'call' 'norm_V_1' <Predicate = true> <Delay = 1.46> <CoreType = "Generic">   --->   Core 0 '' <Latency = 0> <II = 1> <Delay = 1.00> <Generic> <Opcode : >
ST_94 : Operation 1109 [77/118] (1.46ns)   --->   "%bias_norm_V = call i24 @sqrt_fixed<32, 16>, i32 %bias_norm_V_9" [backprop.cpp:348]   --->   Operation 1109 'call' 'bias_norm_V' <Predicate = true> <Delay = 1.46> <CoreType = "Generic">   --->   Core 0 '' <Latency = 0> <II = 1> <Delay = 1.00> <Generic> <Opcode : >

State 95 <SV = 48> <Delay = 1.46>
ST_95 : Operation 1110 [76/118] (1.46ns)   --->   "%norm_V_1 = call i24 @sqrt_fixed<32, 16>, i32 %norm_V_9" [backprop.cpp:347]   --->   Operation 1110 'call' 'norm_V_1' <Predicate = true> <Delay = 1.46> <CoreType = "Generic">   --->   Core 0 '' <Latency = 0> <II = 1> <Delay = 1.00> <Generic> <Opcode : >
ST_95 : Operation 1111 [76/118] (1.46ns)   --->   "%bias_norm_V = call i24 @sqrt_fixed<32, 16>, i32 %bias_norm_V_9" [backprop.cpp:348]   --->   Operation 1111 'call' 'bias_norm_V' <Predicate = true> <Delay = 1.46> <CoreType = "Generic">   --->   Core 0 '' <Latency = 0> <II = 1> <Delay = 1.00> <Generic> <Opcode : >

State 96 <SV = 49> <Delay = 1.46>
ST_96 : Operation 1112 [75/118] (1.46ns)   --->   "%norm_V_1 = call i24 @sqrt_fixed<32, 16>, i32 %norm_V_9" [backprop.cpp:347]   --->   Operation 1112 'call' 'norm_V_1' <Predicate = true> <Delay = 1.46> <CoreType = "Generic">   --->   Core 0 '' <Latency = 0> <II = 1> <Delay = 1.00> <Generic> <Opcode : >
ST_96 : Operation 1113 [75/118] (1.46ns)   --->   "%bias_norm_V = call i24 @sqrt_fixed<32, 16>, i32 %bias_norm_V_9" [backprop.cpp:348]   --->   Operation 1113 'call' 'bias_norm_V' <Predicate = true> <Delay = 1.46> <CoreType = "Generic">   --->   Core 0 '' <Latency = 0> <II = 1> <Delay = 1.00> <Generic> <Opcode : >

State 97 <SV = 50> <Delay = 1.46>
ST_97 : Operation 1114 [74/118] (1.46ns)   --->   "%norm_V_1 = call i24 @sqrt_fixed<32, 16>, i32 %norm_V_9" [backprop.cpp:347]   --->   Operation 1114 'call' 'norm_V_1' <Predicate = true> <Delay = 1.46> <CoreType = "Generic">   --->   Core 0 '' <Latency = 0> <II = 1> <Delay = 1.00> <Generic> <Opcode : >
ST_97 : Operation 1115 [74/118] (1.46ns)   --->   "%bias_norm_V = call i24 @sqrt_fixed<32, 16>, i32 %bias_norm_V_9" [backprop.cpp:348]   --->   Operation 1115 'call' 'bias_norm_V' <Predicate = true> <Delay = 1.46> <CoreType = "Generic">   --->   Core 0 '' <Latency = 0> <II = 1> <Delay = 1.00> <Generic> <Opcode : >

State 98 <SV = 51> <Delay = 1.46>
ST_98 : Operation 1116 [73/118] (1.46ns)   --->   "%norm_V_1 = call i24 @sqrt_fixed<32, 16>, i32 %norm_V_9" [backprop.cpp:347]   --->   Operation 1116 'call' 'norm_V_1' <Predicate = true> <Delay = 1.46> <CoreType = "Generic">   --->   Core 0 '' <Latency = 0> <II = 1> <Delay = 1.00> <Generic> <Opcode : >
ST_98 : Operation 1117 [73/118] (1.46ns)   --->   "%bias_norm_V = call i24 @sqrt_fixed<32, 16>, i32 %bias_norm_V_9" [backprop.cpp:348]   --->   Operation 1117 'call' 'bias_norm_V' <Predicate = true> <Delay = 1.46> <CoreType = "Generic">   --->   Core 0 '' <Latency = 0> <II = 1> <Delay = 1.00> <Generic> <Opcode : >

State 99 <SV = 52> <Delay = 1.46>
ST_99 : Operation 1118 [72/118] (1.46ns)   --->   "%norm_V_1 = call i24 @sqrt_fixed<32, 16>, i32 %norm_V_9" [backprop.cpp:347]   --->   Operation 1118 'call' 'norm_V_1' <Predicate = true> <Delay = 1.46> <CoreType = "Generic">   --->   Core 0 '' <Latency = 0> <II = 1> <Delay = 1.00> <Generic> <Opcode : >
ST_99 : Operation 1119 [72/118] (1.46ns)   --->   "%bias_norm_V = call i24 @sqrt_fixed<32, 16>, i32 %bias_norm_V_9" [backprop.cpp:348]   --->   Operation 1119 'call' 'bias_norm_V' <Predicate = true> <Delay = 1.46> <CoreType = "Generic">   --->   Core 0 '' <Latency = 0> <II = 1> <Delay = 1.00> <Generic> <Opcode : >

State 100 <SV = 53> <Delay = 1.46>
ST_100 : Operation 1120 [71/118] (1.46ns)   --->   "%norm_V_1 = call i24 @sqrt_fixed<32, 16>, i32 %norm_V_9" [backprop.cpp:347]   --->   Operation 1120 'call' 'norm_V_1' <Predicate = true> <Delay = 1.46> <CoreType = "Generic">   --->   Core 0 '' <Latency = 0> <II = 1> <Delay = 1.00> <Generic> <Opcode : >
ST_100 : Operation 1121 [71/118] (1.46ns)   --->   "%bias_norm_V = call i24 @sqrt_fixed<32, 16>, i32 %bias_norm_V_9" [backprop.cpp:348]   --->   Operation 1121 'call' 'bias_norm_V' <Predicate = true> <Delay = 1.46> <CoreType = "Generic">   --->   Core 0 '' <Latency = 0> <II = 1> <Delay = 1.00> <Generic> <Opcode : >

State 101 <SV = 54> <Delay = 1.46>
ST_101 : Operation 1122 [70/118] (1.46ns)   --->   "%norm_V_1 = call i24 @sqrt_fixed<32, 16>, i32 %norm_V_9" [backprop.cpp:347]   --->   Operation 1122 'call' 'norm_V_1' <Predicate = true> <Delay = 1.46> <CoreType = "Generic">   --->   Core 0 '' <Latency = 0> <II = 1> <Delay = 1.00> <Generic> <Opcode : >
ST_101 : Operation 1123 [70/118] (1.46ns)   --->   "%bias_norm_V = call i24 @sqrt_fixed<32, 16>, i32 %bias_norm_V_9" [backprop.cpp:348]   --->   Operation 1123 'call' 'bias_norm_V' <Predicate = true> <Delay = 1.46> <CoreType = "Generic">   --->   Core 0 '' <Latency = 0> <II = 1> <Delay = 1.00> <Generic> <Opcode : >

State 102 <SV = 55> <Delay = 1.46>
ST_102 : Operation 1124 [69/118] (1.46ns)   --->   "%norm_V_1 = call i24 @sqrt_fixed<32, 16>, i32 %norm_V_9" [backprop.cpp:347]   --->   Operation 1124 'call' 'norm_V_1' <Predicate = true> <Delay = 1.46> <CoreType = "Generic">   --->   Core 0 '' <Latency = 0> <II = 1> <Delay = 1.00> <Generic> <Opcode : >
ST_102 : Operation 1125 [69/118] (1.46ns)   --->   "%bias_norm_V = call i24 @sqrt_fixed<32, 16>, i32 %bias_norm_V_9" [backprop.cpp:348]   --->   Operation 1125 'call' 'bias_norm_V' <Predicate = true> <Delay = 1.46> <CoreType = "Generic">   --->   Core 0 '' <Latency = 0> <II = 1> <Delay = 1.00> <Generic> <Opcode : >

State 103 <SV = 56> <Delay = 1.46>
ST_103 : Operation 1126 [68/118] (1.46ns)   --->   "%norm_V_1 = call i24 @sqrt_fixed<32, 16>, i32 %norm_V_9" [backprop.cpp:347]   --->   Operation 1126 'call' 'norm_V_1' <Predicate = true> <Delay = 1.46> <CoreType = "Generic">   --->   Core 0 '' <Latency = 0> <II = 1> <Delay = 1.00> <Generic> <Opcode : >
ST_103 : Operation 1127 [68/118] (1.46ns)   --->   "%bias_norm_V = call i24 @sqrt_fixed<32, 16>, i32 %bias_norm_V_9" [backprop.cpp:348]   --->   Operation 1127 'call' 'bias_norm_V' <Predicate = true> <Delay = 1.46> <CoreType = "Generic">   --->   Core 0 '' <Latency = 0> <II = 1> <Delay = 1.00> <Generic> <Opcode : >

State 104 <SV = 57> <Delay = 1.46>
ST_104 : Operation 1128 [67/118] (1.46ns)   --->   "%norm_V_1 = call i24 @sqrt_fixed<32, 16>, i32 %norm_V_9" [backprop.cpp:347]   --->   Operation 1128 'call' 'norm_V_1' <Predicate = true> <Delay = 1.46> <CoreType = "Generic">   --->   Core 0 '' <Latency = 0> <II = 1> <Delay = 1.00> <Generic> <Opcode : >
ST_104 : Operation 1129 [67/118] (1.46ns)   --->   "%bias_norm_V = call i24 @sqrt_fixed<32, 16>, i32 %bias_norm_V_9" [backprop.cpp:348]   --->   Operation 1129 'call' 'bias_norm_V' <Predicate = true> <Delay = 1.46> <CoreType = "Generic">   --->   Core 0 '' <Latency = 0> <II = 1> <Delay = 1.00> <Generic> <Opcode : >

State 105 <SV = 58> <Delay = 1.46>
ST_105 : Operation 1130 [66/118] (1.46ns)   --->   "%norm_V_1 = call i24 @sqrt_fixed<32, 16>, i32 %norm_V_9" [backprop.cpp:347]   --->   Operation 1130 'call' 'norm_V_1' <Predicate = true> <Delay = 1.46> <CoreType = "Generic">   --->   Core 0 '' <Latency = 0> <II = 1> <Delay = 1.00> <Generic> <Opcode : >
ST_105 : Operation 1131 [66/118] (1.46ns)   --->   "%bias_norm_V = call i24 @sqrt_fixed<32, 16>, i32 %bias_norm_V_9" [backprop.cpp:348]   --->   Operation 1131 'call' 'bias_norm_V' <Predicate = true> <Delay = 1.46> <CoreType = "Generic">   --->   Core 0 '' <Latency = 0> <II = 1> <Delay = 1.00> <Generic> <Opcode : >

State 106 <SV = 59> <Delay = 1.46>
ST_106 : Operation 1132 [65/118] (1.46ns)   --->   "%norm_V_1 = call i24 @sqrt_fixed<32, 16>, i32 %norm_V_9" [backprop.cpp:347]   --->   Operation 1132 'call' 'norm_V_1' <Predicate = true> <Delay = 1.46> <CoreType = "Generic">   --->   Core 0 '' <Latency = 0> <II = 1> <Delay = 1.00> <Generic> <Opcode : >
ST_106 : Operation 1133 [65/118] (1.46ns)   --->   "%bias_norm_V = call i24 @sqrt_fixed<32, 16>, i32 %bias_norm_V_9" [backprop.cpp:348]   --->   Operation 1133 'call' 'bias_norm_V' <Predicate = true> <Delay = 1.46> <CoreType = "Generic">   --->   Core 0 '' <Latency = 0> <II = 1> <Delay = 1.00> <Generic> <Opcode : >

State 107 <SV = 60> <Delay = 1.46>
ST_107 : Operation 1134 [64/118] (1.46ns)   --->   "%norm_V_1 = call i24 @sqrt_fixed<32, 16>, i32 %norm_V_9" [backprop.cpp:347]   --->   Operation 1134 'call' 'norm_V_1' <Predicate = true> <Delay = 1.46> <CoreType = "Generic">   --->   Core 0 '' <Latency = 0> <II = 1> <Delay = 1.00> <Generic> <Opcode : >
ST_107 : Operation 1135 [64/118] (1.46ns)   --->   "%bias_norm_V = call i24 @sqrt_fixed<32, 16>, i32 %bias_norm_V_9" [backprop.cpp:348]   --->   Operation 1135 'call' 'bias_norm_V' <Predicate = true> <Delay = 1.46> <CoreType = "Generic">   --->   Core 0 '' <Latency = 0> <II = 1> <Delay = 1.00> <Generic> <Opcode : >

State 108 <SV = 61> <Delay = 1.46>
ST_108 : Operation 1136 [63/118] (1.46ns)   --->   "%norm_V_1 = call i24 @sqrt_fixed<32, 16>, i32 %norm_V_9" [backprop.cpp:347]   --->   Operation 1136 'call' 'norm_V_1' <Predicate = true> <Delay = 1.46> <CoreType = "Generic">   --->   Core 0 '' <Latency = 0> <II = 1> <Delay = 1.00> <Generic> <Opcode : >
ST_108 : Operation 1137 [63/118] (1.46ns)   --->   "%bias_norm_V = call i24 @sqrt_fixed<32, 16>, i32 %bias_norm_V_9" [backprop.cpp:348]   --->   Operation 1137 'call' 'bias_norm_V' <Predicate = true> <Delay = 1.46> <CoreType = "Generic">   --->   Core 0 '' <Latency = 0> <II = 1> <Delay = 1.00> <Generic> <Opcode : >

State 109 <SV = 62> <Delay = 1.46>
ST_109 : Operation 1138 [62/118] (1.46ns)   --->   "%norm_V_1 = call i24 @sqrt_fixed<32, 16>, i32 %norm_V_9" [backprop.cpp:347]   --->   Operation 1138 'call' 'norm_V_1' <Predicate = true> <Delay = 1.46> <CoreType = "Generic">   --->   Core 0 '' <Latency = 0> <II = 1> <Delay = 1.00> <Generic> <Opcode : >
ST_109 : Operation 1139 [62/118] (1.46ns)   --->   "%bias_norm_V = call i24 @sqrt_fixed<32, 16>, i32 %bias_norm_V_9" [backprop.cpp:348]   --->   Operation 1139 'call' 'bias_norm_V' <Predicate = true> <Delay = 1.46> <CoreType = "Generic">   --->   Core 0 '' <Latency = 0> <II = 1> <Delay = 1.00> <Generic> <Opcode : >

State 110 <SV = 63> <Delay = 1.46>
ST_110 : Operation 1140 [61/118] (1.46ns)   --->   "%norm_V_1 = call i24 @sqrt_fixed<32, 16>, i32 %norm_V_9" [backprop.cpp:347]   --->   Operation 1140 'call' 'norm_V_1' <Predicate = true> <Delay = 1.46> <CoreType = "Generic">   --->   Core 0 '' <Latency = 0> <II = 1> <Delay = 1.00> <Generic> <Opcode : >
ST_110 : Operation 1141 [61/118] (1.46ns)   --->   "%bias_norm_V = call i24 @sqrt_fixed<32, 16>, i32 %bias_norm_V_9" [backprop.cpp:348]   --->   Operation 1141 'call' 'bias_norm_V' <Predicate = true> <Delay = 1.46> <CoreType = "Generic">   --->   Core 0 '' <Latency = 0> <II = 1> <Delay = 1.00> <Generic> <Opcode : >

State 111 <SV = 64> <Delay = 1.46>
ST_111 : Operation 1142 [60/118] (1.46ns)   --->   "%norm_V_1 = call i24 @sqrt_fixed<32, 16>, i32 %norm_V_9" [backprop.cpp:347]   --->   Operation 1142 'call' 'norm_V_1' <Predicate = true> <Delay = 1.46> <CoreType = "Generic">   --->   Core 0 '' <Latency = 0> <II = 1> <Delay = 1.00> <Generic> <Opcode : >
ST_111 : Operation 1143 [60/118] (1.46ns)   --->   "%bias_norm_V = call i24 @sqrt_fixed<32, 16>, i32 %bias_norm_V_9" [backprop.cpp:348]   --->   Operation 1143 'call' 'bias_norm_V' <Predicate = true> <Delay = 1.46> <CoreType = "Generic">   --->   Core 0 '' <Latency = 0> <II = 1> <Delay = 1.00> <Generic> <Opcode : >

State 112 <SV = 65> <Delay = 1.46>
ST_112 : Operation 1144 [59/118] (1.46ns)   --->   "%norm_V_1 = call i24 @sqrt_fixed<32, 16>, i32 %norm_V_9" [backprop.cpp:347]   --->   Operation 1144 'call' 'norm_V_1' <Predicate = true> <Delay = 1.46> <CoreType = "Generic">   --->   Core 0 '' <Latency = 0> <II = 1> <Delay = 1.00> <Generic> <Opcode : >
ST_112 : Operation 1145 [59/118] (1.46ns)   --->   "%bias_norm_V = call i24 @sqrt_fixed<32, 16>, i32 %bias_norm_V_9" [backprop.cpp:348]   --->   Operation 1145 'call' 'bias_norm_V' <Predicate = true> <Delay = 1.46> <CoreType = "Generic">   --->   Core 0 '' <Latency = 0> <II = 1> <Delay = 1.00> <Generic> <Opcode : >

State 113 <SV = 66> <Delay = 1.46>
ST_113 : Operation 1146 [58/118] (1.46ns)   --->   "%norm_V_1 = call i24 @sqrt_fixed<32, 16>, i32 %norm_V_9" [backprop.cpp:347]   --->   Operation 1146 'call' 'norm_V_1' <Predicate = true> <Delay = 1.46> <CoreType = "Generic">   --->   Core 0 '' <Latency = 0> <II = 1> <Delay = 1.00> <Generic> <Opcode : >
ST_113 : Operation 1147 [58/118] (1.46ns)   --->   "%bias_norm_V = call i24 @sqrt_fixed<32, 16>, i32 %bias_norm_V_9" [backprop.cpp:348]   --->   Operation 1147 'call' 'bias_norm_V' <Predicate = true> <Delay = 1.46> <CoreType = "Generic">   --->   Core 0 '' <Latency = 0> <II = 1> <Delay = 1.00> <Generic> <Opcode : >

State 114 <SV = 67> <Delay = 1.46>
ST_114 : Operation 1148 [57/118] (1.46ns)   --->   "%norm_V_1 = call i24 @sqrt_fixed<32, 16>, i32 %norm_V_9" [backprop.cpp:347]   --->   Operation 1148 'call' 'norm_V_1' <Predicate = true> <Delay = 1.46> <CoreType = "Generic">   --->   Core 0 '' <Latency = 0> <II = 1> <Delay = 1.00> <Generic> <Opcode : >
ST_114 : Operation 1149 [57/118] (1.46ns)   --->   "%bias_norm_V = call i24 @sqrt_fixed<32, 16>, i32 %bias_norm_V_9" [backprop.cpp:348]   --->   Operation 1149 'call' 'bias_norm_V' <Predicate = true> <Delay = 1.46> <CoreType = "Generic">   --->   Core 0 '' <Latency = 0> <II = 1> <Delay = 1.00> <Generic> <Opcode : >

State 115 <SV = 68> <Delay = 1.46>
ST_115 : Operation 1150 [56/118] (1.46ns)   --->   "%norm_V_1 = call i24 @sqrt_fixed<32, 16>, i32 %norm_V_9" [backprop.cpp:347]   --->   Operation 1150 'call' 'norm_V_1' <Predicate = true> <Delay = 1.46> <CoreType = "Generic">   --->   Core 0 '' <Latency = 0> <II = 1> <Delay = 1.00> <Generic> <Opcode : >
ST_115 : Operation 1151 [56/118] (1.46ns)   --->   "%bias_norm_V = call i24 @sqrt_fixed<32, 16>, i32 %bias_norm_V_9" [backprop.cpp:348]   --->   Operation 1151 'call' 'bias_norm_V' <Predicate = true> <Delay = 1.46> <CoreType = "Generic">   --->   Core 0 '' <Latency = 0> <II = 1> <Delay = 1.00> <Generic> <Opcode : >

State 116 <SV = 69> <Delay = 1.46>
ST_116 : Operation 1152 [55/118] (1.46ns)   --->   "%norm_V_1 = call i24 @sqrt_fixed<32, 16>, i32 %norm_V_9" [backprop.cpp:347]   --->   Operation 1152 'call' 'norm_V_1' <Predicate = true> <Delay = 1.46> <CoreType = "Generic">   --->   Core 0 '' <Latency = 0> <II = 1> <Delay = 1.00> <Generic> <Opcode : >
ST_116 : Operation 1153 [55/118] (1.46ns)   --->   "%bias_norm_V = call i24 @sqrt_fixed<32, 16>, i32 %bias_norm_V_9" [backprop.cpp:348]   --->   Operation 1153 'call' 'bias_norm_V' <Predicate = true> <Delay = 1.46> <CoreType = "Generic">   --->   Core 0 '' <Latency = 0> <II = 1> <Delay = 1.00> <Generic> <Opcode : >

State 117 <SV = 70> <Delay = 1.46>
ST_117 : Operation 1154 [54/118] (1.46ns)   --->   "%norm_V_1 = call i24 @sqrt_fixed<32, 16>, i32 %norm_V_9" [backprop.cpp:347]   --->   Operation 1154 'call' 'norm_V_1' <Predicate = true> <Delay = 1.46> <CoreType = "Generic">   --->   Core 0 '' <Latency = 0> <II = 1> <Delay = 1.00> <Generic> <Opcode : >
ST_117 : Operation 1155 [54/118] (1.46ns)   --->   "%bias_norm_V = call i24 @sqrt_fixed<32, 16>, i32 %bias_norm_V_9" [backprop.cpp:348]   --->   Operation 1155 'call' 'bias_norm_V' <Predicate = true> <Delay = 1.46> <CoreType = "Generic">   --->   Core 0 '' <Latency = 0> <II = 1> <Delay = 1.00> <Generic> <Opcode : >

State 118 <SV = 71> <Delay = 1.46>
ST_118 : Operation 1156 [53/118] (1.46ns)   --->   "%norm_V_1 = call i24 @sqrt_fixed<32, 16>, i32 %norm_V_9" [backprop.cpp:347]   --->   Operation 1156 'call' 'norm_V_1' <Predicate = true> <Delay = 1.46> <CoreType = "Generic">   --->   Core 0 '' <Latency = 0> <II = 1> <Delay = 1.00> <Generic> <Opcode : >
ST_118 : Operation 1157 [53/118] (1.46ns)   --->   "%bias_norm_V = call i24 @sqrt_fixed<32, 16>, i32 %bias_norm_V_9" [backprop.cpp:348]   --->   Operation 1157 'call' 'bias_norm_V' <Predicate = true> <Delay = 1.46> <CoreType = "Generic">   --->   Core 0 '' <Latency = 0> <II = 1> <Delay = 1.00> <Generic> <Opcode : >

State 119 <SV = 72> <Delay = 1.46>
ST_119 : Operation 1158 [52/118] (1.46ns)   --->   "%norm_V_1 = call i24 @sqrt_fixed<32, 16>, i32 %norm_V_9" [backprop.cpp:347]   --->   Operation 1158 'call' 'norm_V_1' <Predicate = true> <Delay = 1.46> <CoreType = "Generic">   --->   Core 0 '' <Latency = 0> <II = 1> <Delay = 1.00> <Generic> <Opcode : >
ST_119 : Operation 1159 [52/118] (1.46ns)   --->   "%bias_norm_V = call i24 @sqrt_fixed<32, 16>, i32 %bias_norm_V_9" [backprop.cpp:348]   --->   Operation 1159 'call' 'bias_norm_V' <Predicate = true> <Delay = 1.46> <CoreType = "Generic">   --->   Core 0 '' <Latency = 0> <II = 1> <Delay = 1.00> <Generic> <Opcode : >

State 120 <SV = 73> <Delay = 1.46>
ST_120 : Operation 1160 [51/118] (1.46ns)   --->   "%norm_V_1 = call i24 @sqrt_fixed<32, 16>, i32 %norm_V_9" [backprop.cpp:347]   --->   Operation 1160 'call' 'norm_V_1' <Predicate = true> <Delay = 1.46> <CoreType = "Generic">   --->   Core 0 '' <Latency = 0> <II = 1> <Delay = 1.00> <Generic> <Opcode : >
ST_120 : Operation 1161 [51/118] (1.46ns)   --->   "%bias_norm_V = call i24 @sqrt_fixed<32, 16>, i32 %bias_norm_V_9" [backprop.cpp:348]   --->   Operation 1161 'call' 'bias_norm_V' <Predicate = true> <Delay = 1.46> <CoreType = "Generic">   --->   Core 0 '' <Latency = 0> <II = 1> <Delay = 1.00> <Generic> <Opcode : >

State 121 <SV = 74> <Delay = 1.46>
ST_121 : Operation 1162 [50/118] (1.46ns)   --->   "%norm_V_1 = call i24 @sqrt_fixed<32, 16>, i32 %norm_V_9" [backprop.cpp:347]   --->   Operation 1162 'call' 'norm_V_1' <Predicate = true> <Delay = 1.46> <CoreType = "Generic">   --->   Core 0 '' <Latency = 0> <II = 1> <Delay = 1.00> <Generic> <Opcode : >
ST_121 : Operation 1163 [50/118] (1.46ns)   --->   "%bias_norm_V = call i24 @sqrt_fixed<32, 16>, i32 %bias_norm_V_9" [backprop.cpp:348]   --->   Operation 1163 'call' 'bias_norm_V' <Predicate = true> <Delay = 1.46> <CoreType = "Generic">   --->   Core 0 '' <Latency = 0> <II = 1> <Delay = 1.00> <Generic> <Opcode : >

State 122 <SV = 75> <Delay = 1.46>
ST_122 : Operation 1164 [49/118] (1.46ns)   --->   "%norm_V_1 = call i24 @sqrt_fixed<32, 16>, i32 %norm_V_9" [backprop.cpp:347]   --->   Operation 1164 'call' 'norm_V_1' <Predicate = true> <Delay = 1.46> <CoreType = "Generic">   --->   Core 0 '' <Latency = 0> <II = 1> <Delay = 1.00> <Generic> <Opcode : >
ST_122 : Operation 1165 [49/118] (1.46ns)   --->   "%bias_norm_V = call i24 @sqrt_fixed<32, 16>, i32 %bias_norm_V_9" [backprop.cpp:348]   --->   Operation 1165 'call' 'bias_norm_V' <Predicate = true> <Delay = 1.46> <CoreType = "Generic">   --->   Core 0 '' <Latency = 0> <II = 1> <Delay = 1.00> <Generic> <Opcode : >

State 123 <SV = 76> <Delay = 1.46>
ST_123 : Operation 1166 [48/118] (1.46ns)   --->   "%norm_V_1 = call i24 @sqrt_fixed<32, 16>, i32 %norm_V_9" [backprop.cpp:347]   --->   Operation 1166 'call' 'norm_V_1' <Predicate = true> <Delay = 1.46> <CoreType = "Generic">   --->   Core 0 '' <Latency = 0> <II = 1> <Delay = 1.00> <Generic> <Opcode : >
ST_123 : Operation 1167 [48/118] (1.46ns)   --->   "%bias_norm_V = call i24 @sqrt_fixed<32, 16>, i32 %bias_norm_V_9" [backprop.cpp:348]   --->   Operation 1167 'call' 'bias_norm_V' <Predicate = true> <Delay = 1.46> <CoreType = "Generic">   --->   Core 0 '' <Latency = 0> <II = 1> <Delay = 1.00> <Generic> <Opcode : >

State 124 <SV = 77> <Delay = 1.46>
ST_124 : Operation 1168 [47/118] (1.46ns)   --->   "%norm_V_1 = call i24 @sqrt_fixed<32, 16>, i32 %norm_V_9" [backprop.cpp:347]   --->   Operation 1168 'call' 'norm_V_1' <Predicate = true> <Delay = 1.46> <CoreType = "Generic">   --->   Core 0 '' <Latency = 0> <II = 1> <Delay = 1.00> <Generic> <Opcode : >
ST_124 : Operation 1169 [47/118] (1.46ns)   --->   "%bias_norm_V = call i24 @sqrt_fixed<32, 16>, i32 %bias_norm_V_9" [backprop.cpp:348]   --->   Operation 1169 'call' 'bias_norm_V' <Predicate = true> <Delay = 1.46> <CoreType = "Generic">   --->   Core 0 '' <Latency = 0> <II = 1> <Delay = 1.00> <Generic> <Opcode : >

State 125 <SV = 78> <Delay = 1.46>
ST_125 : Operation 1170 [46/118] (1.46ns)   --->   "%norm_V_1 = call i24 @sqrt_fixed<32, 16>, i32 %norm_V_9" [backprop.cpp:347]   --->   Operation 1170 'call' 'norm_V_1' <Predicate = true> <Delay = 1.46> <CoreType = "Generic">   --->   Core 0 '' <Latency = 0> <II = 1> <Delay = 1.00> <Generic> <Opcode : >
ST_125 : Operation 1171 [46/118] (1.46ns)   --->   "%bias_norm_V = call i24 @sqrt_fixed<32, 16>, i32 %bias_norm_V_9" [backprop.cpp:348]   --->   Operation 1171 'call' 'bias_norm_V' <Predicate = true> <Delay = 1.46> <CoreType = "Generic">   --->   Core 0 '' <Latency = 0> <II = 1> <Delay = 1.00> <Generic> <Opcode : >

State 126 <SV = 79> <Delay = 1.46>
ST_126 : Operation 1172 [45/118] (1.46ns)   --->   "%norm_V_1 = call i24 @sqrt_fixed<32, 16>, i32 %norm_V_9" [backprop.cpp:347]   --->   Operation 1172 'call' 'norm_V_1' <Predicate = true> <Delay = 1.46> <CoreType = "Generic">   --->   Core 0 '' <Latency = 0> <II = 1> <Delay = 1.00> <Generic> <Opcode : >
ST_126 : Operation 1173 [45/118] (1.46ns)   --->   "%bias_norm_V = call i24 @sqrt_fixed<32, 16>, i32 %bias_norm_V_9" [backprop.cpp:348]   --->   Operation 1173 'call' 'bias_norm_V' <Predicate = true> <Delay = 1.46> <CoreType = "Generic">   --->   Core 0 '' <Latency = 0> <II = 1> <Delay = 1.00> <Generic> <Opcode : >

State 127 <SV = 80> <Delay = 1.46>
ST_127 : Operation 1174 [44/118] (1.46ns)   --->   "%norm_V_1 = call i24 @sqrt_fixed<32, 16>, i32 %norm_V_9" [backprop.cpp:347]   --->   Operation 1174 'call' 'norm_V_1' <Predicate = true> <Delay = 1.46> <CoreType = "Generic">   --->   Core 0 '' <Latency = 0> <II = 1> <Delay = 1.00> <Generic> <Opcode : >
ST_127 : Operation 1175 [44/118] (1.46ns)   --->   "%bias_norm_V = call i24 @sqrt_fixed<32, 16>, i32 %bias_norm_V_9" [backprop.cpp:348]   --->   Operation 1175 'call' 'bias_norm_V' <Predicate = true> <Delay = 1.46> <CoreType = "Generic">   --->   Core 0 '' <Latency = 0> <II = 1> <Delay = 1.00> <Generic> <Opcode : >

State 128 <SV = 81> <Delay = 1.46>
ST_128 : Operation 1176 [43/118] (1.46ns)   --->   "%norm_V_1 = call i24 @sqrt_fixed<32, 16>, i32 %norm_V_9" [backprop.cpp:347]   --->   Operation 1176 'call' 'norm_V_1' <Predicate = true> <Delay = 1.46> <CoreType = "Generic">   --->   Core 0 '' <Latency = 0> <II = 1> <Delay = 1.00> <Generic> <Opcode : >
ST_128 : Operation 1177 [43/118] (1.46ns)   --->   "%bias_norm_V = call i24 @sqrt_fixed<32, 16>, i32 %bias_norm_V_9" [backprop.cpp:348]   --->   Operation 1177 'call' 'bias_norm_V' <Predicate = true> <Delay = 1.46> <CoreType = "Generic">   --->   Core 0 '' <Latency = 0> <II = 1> <Delay = 1.00> <Generic> <Opcode : >

State 129 <SV = 82> <Delay = 1.46>
ST_129 : Operation 1178 [42/118] (1.46ns)   --->   "%norm_V_1 = call i24 @sqrt_fixed<32, 16>, i32 %norm_V_9" [backprop.cpp:347]   --->   Operation 1178 'call' 'norm_V_1' <Predicate = true> <Delay = 1.46> <CoreType = "Generic">   --->   Core 0 '' <Latency = 0> <II = 1> <Delay = 1.00> <Generic> <Opcode : >
ST_129 : Operation 1179 [42/118] (1.46ns)   --->   "%bias_norm_V = call i24 @sqrt_fixed<32, 16>, i32 %bias_norm_V_9" [backprop.cpp:348]   --->   Operation 1179 'call' 'bias_norm_V' <Predicate = true> <Delay = 1.46> <CoreType = "Generic">   --->   Core 0 '' <Latency = 0> <II = 1> <Delay = 1.00> <Generic> <Opcode : >

State 130 <SV = 83> <Delay = 1.46>
ST_130 : Operation 1180 [41/118] (1.46ns)   --->   "%norm_V_1 = call i24 @sqrt_fixed<32, 16>, i32 %norm_V_9" [backprop.cpp:347]   --->   Operation 1180 'call' 'norm_V_1' <Predicate = true> <Delay = 1.46> <CoreType = "Generic">   --->   Core 0 '' <Latency = 0> <II = 1> <Delay = 1.00> <Generic> <Opcode : >
ST_130 : Operation 1181 [41/118] (1.46ns)   --->   "%bias_norm_V = call i24 @sqrt_fixed<32, 16>, i32 %bias_norm_V_9" [backprop.cpp:348]   --->   Operation 1181 'call' 'bias_norm_V' <Predicate = true> <Delay = 1.46> <CoreType = "Generic">   --->   Core 0 '' <Latency = 0> <II = 1> <Delay = 1.00> <Generic> <Opcode : >

State 131 <SV = 84> <Delay = 1.46>
ST_131 : Operation 1182 [40/118] (1.46ns)   --->   "%norm_V_1 = call i24 @sqrt_fixed<32, 16>, i32 %norm_V_9" [backprop.cpp:347]   --->   Operation 1182 'call' 'norm_V_1' <Predicate = true> <Delay = 1.46> <CoreType = "Generic">   --->   Core 0 '' <Latency = 0> <II = 1> <Delay = 1.00> <Generic> <Opcode : >
ST_131 : Operation 1183 [40/118] (1.46ns)   --->   "%bias_norm_V = call i24 @sqrt_fixed<32, 16>, i32 %bias_norm_V_9" [backprop.cpp:348]   --->   Operation 1183 'call' 'bias_norm_V' <Predicate = true> <Delay = 1.46> <CoreType = "Generic">   --->   Core 0 '' <Latency = 0> <II = 1> <Delay = 1.00> <Generic> <Opcode : >

State 132 <SV = 85> <Delay = 1.46>
ST_132 : Operation 1184 [39/118] (1.46ns)   --->   "%norm_V_1 = call i24 @sqrt_fixed<32, 16>, i32 %norm_V_9" [backprop.cpp:347]   --->   Operation 1184 'call' 'norm_V_1' <Predicate = true> <Delay = 1.46> <CoreType = "Generic">   --->   Core 0 '' <Latency = 0> <II = 1> <Delay = 1.00> <Generic> <Opcode : >
ST_132 : Operation 1185 [39/118] (1.46ns)   --->   "%bias_norm_V = call i24 @sqrt_fixed<32, 16>, i32 %bias_norm_V_9" [backprop.cpp:348]   --->   Operation 1185 'call' 'bias_norm_V' <Predicate = true> <Delay = 1.46> <CoreType = "Generic">   --->   Core 0 '' <Latency = 0> <II = 1> <Delay = 1.00> <Generic> <Opcode : >

State 133 <SV = 86> <Delay = 1.46>
ST_133 : Operation 1186 [38/118] (1.46ns)   --->   "%norm_V_1 = call i24 @sqrt_fixed<32, 16>, i32 %norm_V_9" [backprop.cpp:347]   --->   Operation 1186 'call' 'norm_V_1' <Predicate = true> <Delay = 1.46> <CoreType = "Generic">   --->   Core 0 '' <Latency = 0> <II = 1> <Delay = 1.00> <Generic> <Opcode : >
ST_133 : Operation 1187 [38/118] (1.46ns)   --->   "%bias_norm_V = call i24 @sqrt_fixed<32, 16>, i32 %bias_norm_V_9" [backprop.cpp:348]   --->   Operation 1187 'call' 'bias_norm_V' <Predicate = true> <Delay = 1.46> <CoreType = "Generic">   --->   Core 0 '' <Latency = 0> <II = 1> <Delay = 1.00> <Generic> <Opcode : >

State 134 <SV = 87> <Delay = 1.46>
ST_134 : Operation 1188 [37/118] (1.46ns)   --->   "%norm_V_1 = call i24 @sqrt_fixed<32, 16>, i32 %norm_V_9" [backprop.cpp:347]   --->   Operation 1188 'call' 'norm_V_1' <Predicate = true> <Delay = 1.46> <CoreType = "Generic">   --->   Core 0 '' <Latency = 0> <II = 1> <Delay = 1.00> <Generic> <Opcode : >
ST_134 : Operation 1189 [37/118] (1.46ns)   --->   "%bias_norm_V = call i24 @sqrt_fixed<32, 16>, i32 %bias_norm_V_9" [backprop.cpp:348]   --->   Operation 1189 'call' 'bias_norm_V' <Predicate = true> <Delay = 1.46> <CoreType = "Generic">   --->   Core 0 '' <Latency = 0> <II = 1> <Delay = 1.00> <Generic> <Opcode : >

State 135 <SV = 88> <Delay = 1.46>
ST_135 : Operation 1190 [36/118] (1.46ns)   --->   "%norm_V_1 = call i24 @sqrt_fixed<32, 16>, i32 %norm_V_9" [backprop.cpp:347]   --->   Operation 1190 'call' 'norm_V_1' <Predicate = true> <Delay = 1.46> <CoreType = "Generic">   --->   Core 0 '' <Latency = 0> <II = 1> <Delay = 1.00> <Generic> <Opcode : >
ST_135 : Operation 1191 [36/118] (1.46ns)   --->   "%bias_norm_V = call i24 @sqrt_fixed<32, 16>, i32 %bias_norm_V_9" [backprop.cpp:348]   --->   Operation 1191 'call' 'bias_norm_V' <Predicate = true> <Delay = 1.46> <CoreType = "Generic">   --->   Core 0 '' <Latency = 0> <II = 1> <Delay = 1.00> <Generic> <Opcode : >

State 136 <SV = 89> <Delay = 1.46>
ST_136 : Operation 1192 [35/118] (1.46ns)   --->   "%norm_V_1 = call i24 @sqrt_fixed<32, 16>, i32 %norm_V_9" [backprop.cpp:347]   --->   Operation 1192 'call' 'norm_V_1' <Predicate = true> <Delay = 1.46> <CoreType = "Generic">   --->   Core 0 '' <Latency = 0> <II = 1> <Delay = 1.00> <Generic> <Opcode : >
ST_136 : Operation 1193 [35/118] (1.46ns)   --->   "%bias_norm_V = call i24 @sqrt_fixed<32, 16>, i32 %bias_norm_V_9" [backprop.cpp:348]   --->   Operation 1193 'call' 'bias_norm_V' <Predicate = true> <Delay = 1.46> <CoreType = "Generic">   --->   Core 0 '' <Latency = 0> <II = 1> <Delay = 1.00> <Generic> <Opcode : >

State 137 <SV = 90> <Delay = 1.46>
ST_137 : Operation 1194 [34/118] (1.46ns)   --->   "%norm_V_1 = call i24 @sqrt_fixed<32, 16>, i32 %norm_V_9" [backprop.cpp:347]   --->   Operation 1194 'call' 'norm_V_1' <Predicate = true> <Delay = 1.46> <CoreType = "Generic">   --->   Core 0 '' <Latency = 0> <II = 1> <Delay = 1.00> <Generic> <Opcode : >
ST_137 : Operation 1195 [34/118] (1.46ns)   --->   "%bias_norm_V = call i24 @sqrt_fixed<32, 16>, i32 %bias_norm_V_9" [backprop.cpp:348]   --->   Operation 1195 'call' 'bias_norm_V' <Predicate = true> <Delay = 1.46> <CoreType = "Generic">   --->   Core 0 '' <Latency = 0> <II = 1> <Delay = 1.00> <Generic> <Opcode : >

State 138 <SV = 91> <Delay = 1.46>
ST_138 : Operation 1196 [33/118] (1.46ns)   --->   "%norm_V_1 = call i24 @sqrt_fixed<32, 16>, i32 %norm_V_9" [backprop.cpp:347]   --->   Operation 1196 'call' 'norm_V_1' <Predicate = true> <Delay = 1.46> <CoreType = "Generic">   --->   Core 0 '' <Latency = 0> <II = 1> <Delay = 1.00> <Generic> <Opcode : >
ST_138 : Operation 1197 [33/118] (1.46ns)   --->   "%bias_norm_V = call i24 @sqrt_fixed<32, 16>, i32 %bias_norm_V_9" [backprop.cpp:348]   --->   Operation 1197 'call' 'bias_norm_V' <Predicate = true> <Delay = 1.46> <CoreType = "Generic">   --->   Core 0 '' <Latency = 0> <II = 1> <Delay = 1.00> <Generic> <Opcode : >

State 139 <SV = 92> <Delay = 1.46>
ST_139 : Operation 1198 [32/118] (1.46ns)   --->   "%norm_V_1 = call i24 @sqrt_fixed<32, 16>, i32 %norm_V_9" [backprop.cpp:347]   --->   Operation 1198 'call' 'norm_V_1' <Predicate = true> <Delay = 1.46> <CoreType = "Generic">   --->   Core 0 '' <Latency = 0> <II = 1> <Delay = 1.00> <Generic> <Opcode : >
ST_139 : Operation 1199 [32/118] (1.46ns)   --->   "%bias_norm_V = call i24 @sqrt_fixed<32, 16>, i32 %bias_norm_V_9" [backprop.cpp:348]   --->   Operation 1199 'call' 'bias_norm_V' <Predicate = true> <Delay = 1.46> <CoreType = "Generic">   --->   Core 0 '' <Latency = 0> <II = 1> <Delay = 1.00> <Generic> <Opcode : >

State 140 <SV = 93> <Delay = 1.46>
ST_140 : Operation 1200 [31/118] (1.46ns)   --->   "%norm_V_1 = call i24 @sqrt_fixed<32, 16>, i32 %norm_V_9" [backprop.cpp:347]   --->   Operation 1200 'call' 'norm_V_1' <Predicate = true> <Delay = 1.46> <CoreType = "Generic">   --->   Core 0 '' <Latency = 0> <II = 1> <Delay = 1.00> <Generic> <Opcode : >
ST_140 : Operation 1201 [31/118] (1.46ns)   --->   "%bias_norm_V = call i24 @sqrt_fixed<32, 16>, i32 %bias_norm_V_9" [backprop.cpp:348]   --->   Operation 1201 'call' 'bias_norm_V' <Predicate = true> <Delay = 1.46> <CoreType = "Generic">   --->   Core 0 '' <Latency = 0> <II = 1> <Delay = 1.00> <Generic> <Opcode : >

State 141 <SV = 94> <Delay = 1.46>
ST_141 : Operation 1202 [30/118] (1.46ns)   --->   "%norm_V_1 = call i24 @sqrt_fixed<32, 16>, i32 %norm_V_9" [backprop.cpp:347]   --->   Operation 1202 'call' 'norm_V_1' <Predicate = true> <Delay = 1.46> <CoreType = "Generic">   --->   Core 0 '' <Latency = 0> <II = 1> <Delay = 1.00> <Generic> <Opcode : >
ST_141 : Operation 1203 [30/118] (1.46ns)   --->   "%bias_norm_V = call i24 @sqrt_fixed<32, 16>, i32 %bias_norm_V_9" [backprop.cpp:348]   --->   Operation 1203 'call' 'bias_norm_V' <Predicate = true> <Delay = 1.46> <CoreType = "Generic">   --->   Core 0 '' <Latency = 0> <II = 1> <Delay = 1.00> <Generic> <Opcode : >

State 142 <SV = 95> <Delay = 1.46>
ST_142 : Operation 1204 [29/118] (1.46ns)   --->   "%norm_V_1 = call i24 @sqrt_fixed<32, 16>, i32 %norm_V_9" [backprop.cpp:347]   --->   Operation 1204 'call' 'norm_V_1' <Predicate = true> <Delay = 1.46> <CoreType = "Generic">   --->   Core 0 '' <Latency = 0> <II = 1> <Delay = 1.00> <Generic> <Opcode : >
ST_142 : Operation 1205 [29/118] (1.46ns)   --->   "%bias_norm_V = call i24 @sqrt_fixed<32, 16>, i32 %bias_norm_V_9" [backprop.cpp:348]   --->   Operation 1205 'call' 'bias_norm_V' <Predicate = true> <Delay = 1.46> <CoreType = "Generic">   --->   Core 0 '' <Latency = 0> <II = 1> <Delay = 1.00> <Generic> <Opcode : >

State 143 <SV = 96> <Delay = 1.46>
ST_143 : Operation 1206 [28/118] (1.46ns)   --->   "%norm_V_1 = call i24 @sqrt_fixed<32, 16>, i32 %norm_V_9" [backprop.cpp:347]   --->   Operation 1206 'call' 'norm_V_1' <Predicate = true> <Delay = 1.46> <CoreType = "Generic">   --->   Core 0 '' <Latency = 0> <II = 1> <Delay = 1.00> <Generic> <Opcode : >
ST_143 : Operation 1207 [28/118] (1.46ns)   --->   "%bias_norm_V = call i24 @sqrt_fixed<32, 16>, i32 %bias_norm_V_9" [backprop.cpp:348]   --->   Operation 1207 'call' 'bias_norm_V' <Predicate = true> <Delay = 1.46> <CoreType = "Generic">   --->   Core 0 '' <Latency = 0> <II = 1> <Delay = 1.00> <Generic> <Opcode : >

State 144 <SV = 97> <Delay = 1.46>
ST_144 : Operation 1208 [27/118] (1.46ns)   --->   "%norm_V_1 = call i24 @sqrt_fixed<32, 16>, i32 %norm_V_9" [backprop.cpp:347]   --->   Operation 1208 'call' 'norm_V_1' <Predicate = true> <Delay = 1.46> <CoreType = "Generic">   --->   Core 0 '' <Latency = 0> <II = 1> <Delay = 1.00> <Generic> <Opcode : >
ST_144 : Operation 1209 [27/118] (1.46ns)   --->   "%bias_norm_V = call i24 @sqrt_fixed<32, 16>, i32 %bias_norm_V_9" [backprop.cpp:348]   --->   Operation 1209 'call' 'bias_norm_V' <Predicate = true> <Delay = 1.46> <CoreType = "Generic">   --->   Core 0 '' <Latency = 0> <II = 1> <Delay = 1.00> <Generic> <Opcode : >

State 145 <SV = 98> <Delay = 1.46>
ST_145 : Operation 1210 [26/118] (1.46ns)   --->   "%norm_V_1 = call i24 @sqrt_fixed<32, 16>, i32 %norm_V_9" [backprop.cpp:347]   --->   Operation 1210 'call' 'norm_V_1' <Predicate = true> <Delay = 1.46> <CoreType = "Generic">   --->   Core 0 '' <Latency = 0> <II = 1> <Delay = 1.00> <Generic> <Opcode : >
ST_145 : Operation 1211 [26/118] (1.46ns)   --->   "%bias_norm_V = call i24 @sqrt_fixed<32, 16>, i32 %bias_norm_V_9" [backprop.cpp:348]   --->   Operation 1211 'call' 'bias_norm_V' <Predicate = true> <Delay = 1.46> <CoreType = "Generic">   --->   Core 0 '' <Latency = 0> <II = 1> <Delay = 1.00> <Generic> <Opcode : >

State 146 <SV = 99> <Delay = 1.46>
ST_146 : Operation 1212 [25/118] (1.46ns)   --->   "%norm_V_1 = call i24 @sqrt_fixed<32, 16>, i32 %norm_V_9" [backprop.cpp:347]   --->   Operation 1212 'call' 'norm_V_1' <Predicate = true> <Delay = 1.46> <CoreType = "Generic">   --->   Core 0 '' <Latency = 0> <II = 1> <Delay = 1.00> <Generic> <Opcode : >
ST_146 : Operation 1213 [25/118] (1.46ns)   --->   "%bias_norm_V = call i24 @sqrt_fixed<32, 16>, i32 %bias_norm_V_9" [backprop.cpp:348]   --->   Operation 1213 'call' 'bias_norm_V' <Predicate = true> <Delay = 1.46> <CoreType = "Generic">   --->   Core 0 '' <Latency = 0> <II = 1> <Delay = 1.00> <Generic> <Opcode : >

State 147 <SV = 100> <Delay = 1.46>
ST_147 : Operation 1214 [24/118] (1.46ns)   --->   "%norm_V_1 = call i24 @sqrt_fixed<32, 16>, i32 %norm_V_9" [backprop.cpp:347]   --->   Operation 1214 'call' 'norm_V_1' <Predicate = true> <Delay = 1.46> <CoreType = "Generic">   --->   Core 0 '' <Latency = 0> <II = 1> <Delay = 1.00> <Generic> <Opcode : >
ST_147 : Operation 1215 [24/118] (1.46ns)   --->   "%bias_norm_V = call i24 @sqrt_fixed<32, 16>, i32 %bias_norm_V_9" [backprop.cpp:348]   --->   Operation 1215 'call' 'bias_norm_V' <Predicate = true> <Delay = 1.46> <CoreType = "Generic">   --->   Core 0 '' <Latency = 0> <II = 1> <Delay = 1.00> <Generic> <Opcode : >

State 148 <SV = 101> <Delay = 1.46>
ST_148 : Operation 1216 [23/118] (1.46ns)   --->   "%norm_V_1 = call i24 @sqrt_fixed<32, 16>, i32 %norm_V_9" [backprop.cpp:347]   --->   Operation 1216 'call' 'norm_V_1' <Predicate = true> <Delay = 1.46> <CoreType = "Generic">   --->   Core 0 '' <Latency = 0> <II = 1> <Delay = 1.00> <Generic> <Opcode : >
ST_148 : Operation 1217 [23/118] (1.46ns)   --->   "%bias_norm_V = call i24 @sqrt_fixed<32, 16>, i32 %bias_norm_V_9" [backprop.cpp:348]   --->   Operation 1217 'call' 'bias_norm_V' <Predicate = true> <Delay = 1.46> <CoreType = "Generic">   --->   Core 0 '' <Latency = 0> <II = 1> <Delay = 1.00> <Generic> <Opcode : >

State 149 <SV = 102> <Delay = 1.46>
ST_149 : Operation 1218 [22/118] (1.46ns)   --->   "%norm_V_1 = call i24 @sqrt_fixed<32, 16>, i32 %norm_V_9" [backprop.cpp:347]   --->   Operation 1218 'call' 'norm_V_1' <Predicate = true> <Delay = 1.46> <CoreType = "Generic">   --->   Core 0 '' <Latency = 0> <II = 1> <Delay = 1.00> <Generic> <Opcode : >
ST_149 : Operation 1219 [22/118] (1.46ns)   --->   "%bias_norm_V = call i24 @sqrt_fixed<32, 16>, i32 %bias_norm_V_9" [backprop.cpp:348]   --->   Operation 1219 'call' 'bias_norm_V' <Predicate = true> <Delay = 1.46> <CoreType = "Generic">   --->   Core 0 '' <Latency = 0> <II = 1> <Delay = 1.00> <Generic> <Opcode : >

State 150 <SV = 103> <Delay = 1.46>
ST_150 : Operation 1220 [21/118] (1.46ns)   --->   "%norm_V_1 = call i24 @sqrt_fixed<32, 16>, i32 %norm_V_9" [backprop.cpp:347]   --->   Operation 1220 'call' 'norm_V_1' <Predicate = true> <Delay = 1.46> <CoreType = "Generic">   --->   Core 0 '' <Latency = 0> <II = 1> <Delay = 1.00> <Generic> <Opcode : >
ST_150 : Operation 1221 [21/118] (1.46ns)   --->   "%bias_norm_V = call i24 @sqrt_fixed<32, 16>, i32 %bias_norm_V_9" [backprop.cpp:348]   --->   Operation 1221 'call' 'bias_norm_V' <Predicate = true> <Delay = 1.46> <CoreType = "Generic">   --->   Core 0 '' <Latency = 0> <II = 1> <Delay = 1.00> <Generic> <Opcode : >

State 151 <SV = 104> <Delay = 1.46>
ST_151 : Operation 1222 [20/118] (1.46ns)   --->   "%norm_V_1 = call i24 @sqrt_fixed<32, 16>, i32 %norm_V_9" [backprop.cpp:347]   --->   Operation 1222 'call' 'norm_V_1' <Predicate = true> <Delay = 1.46> <CoreType = "Generic">   --->   Core 0 '' <Latency = 0> <II = 1> <Delay = 1.00> <Generic> <Opcode : >
ST_151 : Operation 1223 [20/118] (1.46ns)   --->   "%bias_norm_V = call i24 @sqrt_fixed<32, 16>, i32 %bias_norm_V_9" [backprop.cpp:348]   --->   Operation 1223 'call' 'bias_norm_V' <Predicate = true> <Delay = 1.46> <CoreType = "Generic">   --->   Core 0 '' <Latency = 0> <II = 1> <Delay = 1.00> <Generic> <Opcode : >

State 152 <SV = 105> <Delay = 1.46>
ST_152 : Operation 1224 [19/118] (1.46ns)   --->   "%norm_V_1 = call i24 @sqrt_fixed<32, 16>, i32 %norm_V_9" [backprop.cpp:347]   --->   Operation 1224 'call' 'norm_V_1' <Predicate = true> <Delay = 1.46> <CoreType = "Generic">   --->   Core 0 '' <Latency = 0> <II = 1> <Delay = 1.00> <Generic> <Opcode : >
ST_152 : Operation 1225 [19/118] (1.46ns)   --->   "%bias_norm_V = call i24 @sqrt_fixed<32, 16>, i32 %bias_norm_V_9" [backprop.cpp:348]   --->   Operation 1225 'call' 'bias_norm_V' <Predicate = true> <Delay = 1.46> <CoreType = "Generic">   --->   Core 0 '' <Latency = 0> <II = 1> <Delay = 1.00> <Generic> <Opcode : >

State 153 <SV = 106> <Delay = 1.46>
ST_153 : Operation 1226 [18/118] (1.46ns)   --->   "%norm_V_1 = call i24 @sqrt_fixed<32, 16>, i32 %norm_V_9" [backprop.cpp:347]   --->   Operation 1226 'call' 'norm_V_1' <Predicate = true> <Delay = 1.46> <CoreType = "Generic">   --->   Core 0 '' <Latency = 0> <II = 1> <Delay = 1.00> <Generic> <Opcode : >
ST_153 : Operation 1227 [18/118] (1.46ns)   --->   "%bias_norm_V = call i24 @sqrt_fixed<32, 16>, i32 %bias_norm_V_9" [backprop.cpp:348]   --->   Operation 1227 'call' 'bias_norm_V' <Predicate = true> <Delay = 1.46> <CoreType = "Generic">   --->   Core 0 '' <Latency = 0> <II = 1> <Delay = 1.00> <Generic> <Opcode : >

State 154 <SV = 107> <Delay = 1.46>
ST_154 : Operation 1228 [17/118] (1.46ns)   --->   "%norm_V_1 = call i24 @sqrt_fixed<32, 16>, i32 %norm_V_9" [backprop.cpp:347]   --->   Operation 1228 'call' 'norm_V_1' <Predicate = true> <Delay = 1.46> <CoreType = "Generic">   --->   Core 0 '' <Latency = 0> <II = 1> <Delay = 1.00> <Generic> <Opcode : >
ST_154 : Operation 1229 [17/118] (1.46ns)   --->   "%bias_norm_V = call i24 @sqrt_fixed<32, 16>, i32 %bias_norm_V_9" [backprop.cpp:348]   --->   Operation 1229 'call' 'bias_norm_V' <Predicate = true> <Delay = 1.46> <CoreType = "Generic">   --->   Core 0 '' <Latency = 0> <II = 1> <Delay = 1.00> <Generic> <Opcode : >

State 155 <SV = 108> <Delay = 1.46>
ST_155 : Operation 1230 [16/118] (1.46ns)   --->   "%norm_V_1 = call i24 @sqrt_fixed<32, 16>, i32 %norm_V_9" [backprop.cpp:347]   --->   Operation 1230 'call' 'norm_V_1' <Predicate = true> <Delay = 1.46> <CoreType = "Generic">   --->   Core 0 '' <Latency = 0> <II = 1> <Delay = 1.00> <Generic> <Opcode : >
ST_155 : Operation 1231 [16/118] (1.46ns)   --->   "%bias_norm_V = call i24 @sqrt_fixed<32, 16>, i32 %bias_norm_V_9" [backprop.cpp:348]   --->   Operation 1231 'call' 'bias_norm_V' <Predicate = true> <Delay = 1.46> <CoreType = "Generic">   --->   Core 0 '' <Latency = 0> <II = 1> <Delay = 1.00> <Generic> <Opcode : >

State 156 <SV = 109> <Delay = 1.46>
ST_156 : Operation 1232 [15/118] (1.46ns)   --->   "%norm_V_1 = call i24 @sqrt_fixed<32, 16>, i32 %norm_V_9" [backprop.cpp:347]   --->   Operation 1232 'call' 'norm_V_1' <Predicate = true> <Delay = 1.46> <CoreType = "Generic">   --->   Core 0 '' <Latency = 0> <II = 1> <Delay = 1.00> <Generic> <Opcode : >
ST_156 : Operation 1233 [15/118] (1.46ns)   --->   "%bias_norm_V = call i24 @sqrt_fixed<32, 16>, i32 %bias_norm_V_9" [backprop.cpp:348]   --->   Operation 1233 'call' 'bias_norm_V' <Predicate = true> <Delay = 1.46> <CoreType = "Generic">   --->   Core 0 '' <Latency = 0> <II = 1> <Delay = 1.00> <Generic> <Opcode : >

State 157 <SV = 110> <Delay = 1.46>
ST_157 : Operation 1234 [14/118] (1.46ns)   --->   "%norm_V_1 = call i24 @sqrt_fixed<32, 16>, i32 %norm_V_9" [backprop.cpp:347]   --->   Operation 1234 'call' 'norm_V_1' <Predicate = true> <Delay = 1.46> <CoreType = "Generic">   --->   Core 0 '' <Latency = 0> <II = 1> <Delay = 1.00> <Generic> <Opcode : >
ST_157 : Operation 1235 [14/118] (1.46ns)   --->   "%bias_norm_V = call i24 @sqrt_fixed<32, 16>, i32 %bias_norm_V_9" [backprop.cpp:348]   --->   Operation 1235 'call' 'bias_norm_V' <Predicate = true> <Delay = 1.46> <CoreType = "Generic">   --->   Core 0 '' <Latency = 0> <II = 1> <Delay = 1.00> <Generic> <Opcode : >

State 158 <SV = 111> <Delay = 1.46>
ST_158 : Operation 1236 [13/118] (1.46ns)   --->   "%norm_V_1 = call i24 @sqrt_fixed<32, 16>, i32 %norm_V_9" [backprop.cpp:347]   --->   Operation 1236 'call' 'norm_V_1' <Predicate = true> <Delay = 1.46> <CoreType = "Generic">   --->   Core 0 '' <Latency = 0> <II = 1> <Delay = 1.00> <Generic> <Opcode : >
ST_158 : Operation 1237 [13/118] (1.46ns)   --->   "%bias_norm_V = call i24 @sqrt_fixed<32, 16>, i32 %bias_norm_V_9" [backprop.cpp:348]   --->   Operation 1237 'call' 'bias_norm_V' <Predicate = true> <Delay = 1.46> <CoreType = "Generic">   --->   Core 0 '' <Latency = 0> <II = 1> <Delay = 1.00> <Generic> <Opcode : >

State 159 <SV = 112> <Delay = 1.46>
ST_159 : Operation 1238 [12/118] (1.46ns)   --->   "%norm_V_1 = call i24 @sqrt_fixed<32, 16>, i32 %norm_V_9" [backprop.cpp:347]   --->   Operation 1238 'call' 'norm_V_1' <Predicate = true> <Delay = 1.46> <CoreType = "Generic">   --->   Core 0 '' <Latency = 0> <II = 1> <Delay = 1.00> <Generic> <Opcode : >
ST_159 : Operation 1239 [12/118] (1.46ns)   --->   "%bias_norm_V = call i24 @sqrt_fixed<32, 16>, i32 %bias_norm_V_9" [backprop.cpp:348]   --->   Operation 1239 'call' 'bias_norm_V' <Predicate = true> <Delay = 1.46> <CoreType = "Generic">   --->   Core 0 '' <Latency = 0> <II = 1> <Delay = 1.00> <Generic> <Opcode : >

State 160 <SV = 113> <Delay = 1.46>
ST_160 : Operation 1240 [11/118] (1.46ns)   --->   "%norm_V_1 = call i24 @sqrt_fixed<32, 16>, i32 %norm_V_9" [backprop.cpp:347]   --->   Operation 1240 'call' 'norm_V_1' <Predicate = true> <Delay = 1.46> <CoreType = "Generic">   --->   Core 0 '' <Latency = 0> <II = 1> <Delay = 1.00> <Generic> <Opcode : >
ST_160 : Operation 1241 [11/118] (1.46ns)   --->   "%bias_norm_V = call i24 @sqrt_fixed<32, 16>, i32 %bias_norm_V_9" [backprop.cpp:348]   --->   Operation 1241 'call' 'bias_norm_V' <Predicate = true> <Delay = 1.46> <CoreType = "Generic">   --->   Core 0 '' <Latency = 0> <II = 1> <Delay = 1.00> <Generic> <Opcode : >

State 161 <SV = 114> <Delay = 1.46>
ST_161 : Operation 1242 [10/118] (1.46ns)   --->   "%norm_V_1 = call i24 @sqrt_fixed<32, 16>, i32 %norm_V_9" [backprop.cpp:347]   --->   Operation 1242 'call' 'norm_V_1' <Predicate = true> <Delay = 1.46> <CoreType = "Generic">   --->   Core 0 '' <Latency = 0> <II = 1> <Delay = 1.00> <Generic> <Opcode : >
ST_161 : Operation 1243 [10/118] (1.46ns)   --->   "%bias_norm_V = call i24 @sqrt_fixed<32, 16>, i32 %bias_norm_V_9" [backprop.cpp:348]   --->   Operation 1243 'call' 'bias_norm_V' <Predicate = true> <Delay = 1.46> <CoreType = "Generic">   --->   Core 0 '' <Latency = 0> <II = 1> <Delay = 1.00> <Generic> <Opcode : >

State 162 <SV = 115> <Delay = 1.46>
ST_162 : Operation 1244 [9/118] (1.46ns)   --->   "%norm_V_1 = call i24 @sqrt_fixed<32, 16>, i32 %norm_V_9" [backprop.cpp:347]   --->   Operation 1244 'call' 'norm_V_1' <Predicate = true> <Delay = 1.46> <CoreType = "Generic">   --->   Core 0 '' <Latency = 0> <II = 1> <Delay = 1.00> <Generic> <Opcode : >
ST_162 : Operation 1245 [9/118] (1.46ns)   --->   "%bias_norm_V = call i24 @sqrt_fixed<32, 16>, i32 %bias_norm_V_9" [backprop.cpp:348]   --->   Operation 1245 'call' 'bias_norm_V' <Predicate = true> <Delay = 1.46> <CoreType = "Generic">   --->   Core 0 '' <Latency = 0> <II = 1> <Delay = 1.00> <Generic> <Opcode : >

State 163 <SV = 116> <Delay = 1.46>
ST_163 : Operation 1246 [8/118] (1.46ns)   --->   "%norm_V_1 = call i24 @sqrt_fixed<32, 16>, i32 %norm_V_9" [backprop.cpp:347]   --->   Operation 1246 'call' 'norm_V_1' <Predicate = true> <Delay = 1.46> <CoreType = "Generic">   --->   Core 0 '' <Latency = 0> <II = 1> <Delay = 1.00> <Generic> <Opcode : >
ST_163 : Operation 1247 [8/118] (1.46ns)   --->   "%bias_norm_V = call i24 @sqrt_fixed<32, 16>, i32 %bias_norm_V_9" [backprop.cpp:348]   --->   Operation 1247 'call' 'bias_norm_V' <Predicate = true> <Delay = 1.46> <CoreType = "Generic">   --->   Core 0 '' <Latency = 0> <II = 1> <Delay = 1.00> <Generic> <Opcode : >

State 164 <SV = 117> <Delay = 1.46>
ST_164 : Operation 1248 [7/118] (1.46ns)   --->   "%norm_V_1 = call i24 @sqrt_fixed<32, 16>, i32 %norm_V_9" [backprop.cpp:347]   --->   Operation 1248 'call' 'norm_V_1' <Predicate = true> <Delay = 1.46> <CoreType = "Generic">   --->   Core 0 '' <Latency = 0> <II = 1> <Delay = 1.00> <Generic> <Opcode : >
ST_164 : Operation 1249 [7/118] (1.46ns)   --->   "%bias_norm_V = call i24 @sqrt_fixed<32, 16>, i32 %bias_norm_V_9" [backprop.cpp:348]   --->   Operation 1249 'call' 'bias_norm_V' <Predicate = true> <Delay = 1.46> <CoreType = "Generic">   --->   Core 0 '' <Latency = 0> <II = 1> <Delay = 1.00> <Generic> <Opcode : >

State 165 <SV = 118> <Delay = 1.46>
ST_165 : Operation 1250 [6/118] (1.46ns)   --->   "%norm_V_1 = call i24 @sqrt_fixed<32, 16>, i32 %norm_V_9" [backprop.cpp:347]   --->   Operation 1250 'call' 'norm_V_1' <Predicate = true> <Delay = 1.46> <CoreType = "Generic">   --->   Core 0 '' <Latency = 0> <II = 1> <Delay = 1.00> <Generic> <Opcode : >
ST_165 : Operation 1251 [6/118] (1.46ns)   --->   "%bias_norm_V = call i24 @sqrt_fixed<32, 16>, i32 %bias_norm_V_9" [backprop.cpp:348]   --->   Operation 1251 'call' 'bias_norm_V' <Predicate = true> <Delay = 1.46> <CoreType = "Generic">   --->   Core 0 '' <Latency = 0> <II = 1> <Delay = 1.00> <Generic> <Opcode : >

State 166 <SV = 119> <Delay = 1.46>
ST_166 : Operation 1252 [5/118] (1.46ns)   --->   "%norm_V_1 = call i24 @sqrt_fixed<32, 16>, i32 %norm_V_9" [backprop.cpp:347]   --->   Operation 1252 'call' 'norm_V_1' <Predicate = true> <Delay = 1.46> <CoreType = "Generic">   --->   Core 0 '' <Latency = 0> <II = 1> <Delay = 1.00> <Generic> <Opcode : >
ST_166 : Operation 1253 [5/118] (1.46ns)   --->   "%bias_norm_V = call i24 @sqrt_fixed<32, 16>, i32 %bias_norm_V_9" [backprop.cpp:348]   --->   Operation 1253 'call' 'bias_norm_V' <Predicate = true> <Delay = 1.46> <CoreType = "Generic">   --->   Core 0 '' <Latency = 0> <II = 1> <Delay = 1.00> <Generic> <Opcode : >

State 167 <SV = 120> <Delay = 1.46>
ST_167 : Operation 1254 [4/118] (1.46ns)   --->   "%norm_V_1 = call i24 @sqrt_fixed<32, 16>, i32 %norm_V_9" [backprop.cpp:347]   --->   Operation 1254 'call' 'norm_V_1' <Predicate = true> <Delay = 1.46> <CoreType = "Generic">   --->   Core 0 '' <Latency = 0> <II = 1> <Delay = 1.00> <Generic> <Opcode : >
ST_167 : Operation 1255 [4/118] (1.46ns)   --->   "%bias_norm_V = call i24 @sqrt_fixed<32, 16>, i32 %bias_norm_V_9" [backprop.cpp:348]   --->   Operation 1255 'call' 'bias_norm_V' <Predicate = true> <Delay = 1.46> <CoreType = "Generic">   --->   Core 0 '' <Latency = 0> <II = 1> <Delay = 1.00> <Generic> <Opcode : >

State 168 <SV = 121> <Delay = 1.46>
ST_168 : Operation 1256 [3/118] (1.46ns)   --->   "%norm_V_1 = call i24 @sqrt_fixed<32, 16>, i32 %norm_V_9" [backprop.cpp:347]   --->   Operation 1256 'call' 'norm_V_1' <Predicate = true> <Delay = 1.46> <CoreType = "Generic">   --->   Core 0 '' <Latency = 0> <II = 1> <Delay = 1.00> <Generic> <Opcode : >
ST_168 : Operation 1257 [3/118] (1.46ns)   --->   "%bias_norm_V = call i24 @sqrt_fixed<32, 16>, i32 %bias_norm_V_9" [backprop.cpp:348]   --->   Operation 1257 'call' 'bias_norm_V' <Predicate = true> <Delay = 1.46> <CoreType = "Generic">   --->   Core 0 '' <Latency = 0> <II = 1> <Delay = 1.00> <Generic> <Opcode : >

State 169 <SV = 122> <Delay = 1.46>
ST_169 : Operation 1258 [2/118] (1.46ns)   --->   "%norm_V_1 = call i24 @sqrt_fixed<32, 16>, i32 %norm_V_9" [backprop.cpp:347]   --->   Operation 1258 'call' 'norm_V_1' <Predicate = true> <Delay = 1.46> <CoreType = "Generic">   --->   Core 0 '' <Latency = 0> <II = 1> <Delay = 1.00> <Generic> <Opcode : >
ST_169 : Operation 1259 [2/118] (1.46ns)   --->   "%bias_norm_V = call i24 @sqrt_fixed<32, 16>, i32 %bias_norm_V_9" [backprop.cpp:348]   --->   Operation 1259 'call' 'bias_norm_V' <Predicate = true> <Delay = 1.46> <CoreType = "Generic">   --->   Core 0 '' <Latency = 0> <II = 1> <Delay = 1.00> <Generic> <Opcode : >

State 170 <SV = 123> <Delay = 1.46>
ST_170 : Operation 1260 [1/118] (1.24ns)   --->   "%norm_V_1 = call i24 @sqrt_fixed<32, 16>, i32 %norm_V_9" [backprop.cpp:347]   --->   Operation 1260 'call' 'norm_V_1' <Predicate = true> <Delay = 1.24> <CoreType = "Generic">   --->   Core 0 '' <Latency = 0> <II = 1> <Delay = 1.00> <Generic> <Opcode : >
ST_170 : Operation 1261 [1/118] (1.24ns)   --->   "%bias_norm_V = call i24 @sqrt_fixed<32, 16>, i32 %bias_norm_V_9" [backprop.cpp:348]   --->   Operation 1261 'call' 'bias_norm_V' <Predicate = true> <Delay = 1.24> <CoreType = "Generic">   --->   Core 0 '' <Latency = 0> <II = 1> <Delay = 1.00> <Generic> <Opcode : >
ST_170 : Operation 1262 [1/1] (0.00ns)   --->   "%conv_i429_cast = zext i24 %norm_V_1" [backprop.cpp:347]   --->   Operation 1262 'zext' 'conv_i429_cast' <Predicate = true> <Delay = 0.00>
ST_170 : Operation 1263 [1/1] (1.46ns)   --->   "%br_ln350 = br void %_ZNK13ap_fixed_baseILi32ELi16ELb1EL9ap_q_mode5EL9ap_o_mode3ELi0EEdvILi32ELi16ELb1ELS0_5ELS1_3ELi0EEENS2_5RTypeIXT_EXT0_EXT1_EE3divERKS_IXT_EXT0_EXT1_EXT2_EXT3_EXT4_EE.exit433" [backprop.cpp:350]   --->   Operation 1263 'br' 'br_ln350' <Predicate = true> <Delay = 1.46>

State 171 <SV = 124> <Delay = 1.96>
ST_171 : Operation 1264 [1/1] (0.00ns)   --->   "%indvar_flatten6 = phi i10 0, void, i10 %add_ln350, void %.split24" [backprop.cpp:350]   --->   Operation 1264 'phi' 'indvar_flatten6' <Predicate = true> <Delay = 0.00>
ST_171 : Operation 1265 [1/1] (0.00ns)   --->   "%i_2 = phi i4 0, void, i4 %select_ln350, void %.split24" [backprop.cpp:350]   --->   Operation 1265 'phi' 'i_2' <Predicate = true> <Delay = 0.00>
ST_171 : Operation 1266 [2/2] (1.96ns)   --->   "%add_ln350 = add i10 %indvar_flatten6, i10 1" [backprop.cpp:350]   --->   Operation 1266 'add' 'add_ln350' <Predicate = true> <Delay = 1.96> <CoreInst = "Adder">   --->   Core 1 'Adder' <Latency = 1> <II = 1> <Delay = 1.86> <FuncUnit> <Opcode : 'add' 'sub'> <InPorts = 2> <OutPorts = 1>
ST_171 : Operation 1267 [1/1] (1.77ns)   --->   "%icmp_ln350 = icmp_eq  i10 %indvar_flatten6, i10 832" [backprop.cpp:350]   --->   Operation 1267 'icmp' 'icmp_ln350' <Predicate = true> <Delay = 1.77> <CoreInst = "Cmp">   --->   Core 9 'Cmp' <Latency = 0> <II = 1> <Delay = 0.95> <FuncUnit> <Opcode : 'icmp'> <InPorts = 2> <OutPorts = 1>
ST_171 : Operation 1268 [1/1] (0.00ns)   --->   "%br_ln350 = br i1 %icmp_ln350, void %.split24, void" [backprop.cpp:350]   --->   Operation 1268 'br' 'br_ln350' <Predicate = true> <Delay = 0.00>
ST_171 : Operation 1269 [2/2] (1.88ns)   --->   "%add_ln350_1 = add i4 %i_2, i4 1" [backprop.cpp:350]   --->   Operation 1269 'add' 'add_ln350_1' <Predicate = (!icmp_ln350)> <Delay = 1.88> <CoreInst = "Adder">   --->   Core 1 'Adder' <Latency = 1> <II = 1> <Delay = 1.86> <FuncUnit> <Opcode : 'add' 'sub'> <InPorts = 2> <OutPorts = 1>

State 172 <SV = 125> <Delay = 1.96>
ST_172 : Operation 1270 [1/1] (0.00ns)   --->   "%j_1 = phi i7 0, void, i7 %add_ln351, void %.split24" [backprop.cpp:351]   --->   Operation 1270 'phi' 'j_1' <Predicate = true> <Delay = 0.00>
ST_172 : Operation 1271 [1/2] (1.96ns)   --->   "%add_ln350 = add i10 %indvar_flatten6, i10 1" [backprop.cpp:350]   --->   Operation 1271 'add' 'add_ln350' <Predicate = true> <Delay = 1.96> <CoreInst = "Adder">   --->   Core 1 'Adder' <Latency = 1> <II = 1> <Delay = 1.86> <FuncUnit> <Opcode : 'add' 'sub'> <InPorts = 2> <OutPorts = 1>
ST_172 : Operation 1272 [1/1] (0.00ns)   --->   "%specpipeline_ln0 = specpipeline void @_ssdm_op_SpecPipeline, i32 4294967295, i32 0, i32 1, i32 0, void @p_str"   --->   Operation 1272 'specpipeline' 'specpipeline_ln0' <Predicate = true> <Delay = 0.00>
ST_172 : Operation 1273 [1/1] (1.48ns)   --->   "%icmp_ln351 = icmp_eq  i7 %j_1, i7 64" [backprop.cpp:351]   --->   Operation 1273 'icmp' 'icmp_ln351' <Predicate = (!icmp_ln350)> <Delay = 1.48> <CoreInst = "Cmp">   --->   Core 9 'Cmp' <Latency = 0> <II = 1> <Delay = 0.95> <FuncUnit> <Opcode : 'icmp'> <InPorts = 2> <OutPorts = 1>
ST_172 : Operation 1274 [1/2] (1.88ns)   --->   "%add_ln350_1 = add i4 %i_2, i4 1" [backprop.cpp:350]   --->   Operation 1274 'add' 'add_ln350_1' <Predicate = (!icmp_ln350)> <Delay = 1.88> <CoreInst = "Adder">   --->   Core 1 'Adder' <Latency = 1> <II = 1> <Delay = 1.86> <FuncUnit> <Opcode : 'add' 'sub'> <InPorts = 2> <OutPorts = 1>

State 173 <SV = 126> <Delay = 1.02>
ST_173 : Operation 1275 [1/1] (0.99ns)   --->   "%select_ln331 = select i1 %icmp_ln351, i7 0, i7 %j_1" [backprop.cpp:331]   --->   Operation 1275 'select' 'select_ln331' <Predicate = (!icmp_ln350)> <Delay = 0.99> <CoreInst = "Sel">   --->   Core 73 'Sel' <Latency = 0> <II = 1> <Delay = 0.99> <FuncUnit> <Opcode : 'select'> <InPorts = 3> <OutPorts = 1>
ST_173 : Operation 1276 [1/1] (1.02ns)   --->   "%select_ln350 = select i1 %icmp_ln351, i4 %add_ln350_1, i4 %i_2" [backprop.cpp:350]   --->   Operation 1276 'select' 'select_ln350' <Predicate = (!icmp_ln350)> <Delay = 1.02> <CoreInst = "Sel">   --->   Core 73 'Sel' <Latency = 0> <II = 1> <Delay = 0.99> <FuncUnit> <Opcode : 'select'> <InPorts = 3> <OutPorts = 1>
ST_173 : Operation 1277 [1/1] (0.00ns)   --->   "%trunc_ln352 = trunc i7 %select_ln331" [backprop.cpp:352]   --->   Operation 1277 'trunc' 'trunc_ln352' <Predicate = (!icmp_ln350)> <Delay = 0.00>

State 174 <SV = 127> <Delay = 2.77>
ST_174 : Operation 1278 [1/1] (0.00ns)   --->   "%add_ln727_1 = bitconcatenate i10 @_ssdm_op_BitConcatenate.i10.i4.i6, i4 %select_ln350, i6 %trunc_ln352"   --->   Operation 1278 'bitconcatenate' 'add_ln727_1' <Predicate = (!icmp_ln350)> <Delay = 0.00>
ST_174 : Operation 1279 [1/1] (0.00ns)   --->   "%zext_ln727_2 = zext i10 %add_ln727_1"   --->   Operation 1279 'zext' 'zext_ln727_2' <Predicate = (!icmp_ln350)> <Delay = 0.00>
ST_174 : Operation 1280 [1/1] (0.00ns)   --->   "%weights1_addr_1 = getelementptr i32 %weights1, i64 0, i64 %zext_ln727_2"   --->   Operation 1280 'getelementptr' 'weights1_addr_1' <Predicate = (!icmp_ln350)> <Delay = 0.00>
ST_174 : Operation 1281 [1/1] (0.00ns)   --->   "%reuse_addr_reg69_load = load i64 %reuse_addr_reg69"   --->   Operation 1281 'load' 'reuse_addr_reg69_load' <Predicate = (!icmp_ln350)> <Delay = 0.00>
ST_174 : Operation 1282 [4/4] (1.68ns)   --->   "%weights1_load = load i10 %weights1_addr_1"   --->   Operation 1282 'load' 'weights1_load' <Predicate = (!icmp_ln350)> <Delay = 1.68> <CoreInst = "RAM">   --->   Core 82 'RAM' <Latency = 3> <II = 1> <Delay = 1.68> <Storage> <Opcode : 'load' 'store'> <Ports = 2> <Width = 32> <Depth = 832> <RAM>
ST_174 : Operation 1283 [1/1] (2.77ns)   --->   "%addr_cmp72 = icmp_eq  i64 %reuse_addr_reg69_load, i64 %zext_ln727_2"   --->   Operation 1283 'icmp' 'addr_cmp72' <Predicate = (!icmp_ln350)> <Delay = 2.77> <CoreInst = "Cmp">   --->   Core 9 'Cmp' <Latency = 0> <II = 1> <Delay = 0.95> <FuncUnit> <Opcode : 'icmp'> <InPorts = 2> <OutPorts = 1>
ST_174 : Operation 1284 [1/1] (1.58ns)   --->   "%store_ln727 = store i64 %zext_ln727_2, i64 %reuse_addr_reg69"   --->   Operation 1284 'store' 'store_ln727' <Predicate = (!icmp_ln350)> <Delay = 1.58>

State 175 <SV = 128> <Delay = 1.68>
ST_175 : Operation 1285 [3/4] (1.68ns)   --->   "%weights1_load = load i10 %weights1_addr_1"   --->   Operation 1285 'load' 'weights1_load' <Predicate = (!icmp_ln350)> <Delay = 1.68> <CoreInst = "RAM">   --->   Core 82 'RAM' <Latency = 3> <II = 1> <Delay = 1.68> <Storage> <Opcode : 'load' 'store'> <Ports = 2> <Width = 32> <Depth = 832> <RAM>

State 176 <SV = 129> <Delay = 1.68>
ST_176 : Operation 1286 [2/4] (1.68ns)   --->   "%weights1_load = load i10 %weights1_addr_1"   --->   Operation 1286 'load' 'weights1_load' <Predicate = (!icmp_ln350)> <Delay = 1.68> <CoreInst = "RAM">   --->   Core 82 'RAM' <Latency = 3> <II = 1> <Delay = 1.68> <Storage> <Opcode : 'load' 'store'> <Ports = 2> <Width = 32> <Depth = 832> <RAM>

State 177 <SV = 130> <Delay = 1.68>
ST_177 : Operation 1287 [1/4] (1.68ns)   --->   "%weights1_load = load i10 %weights1_addr_1"   --->   Operation 1287 'load' 'weights1_load' <Predicate = (!icmp_ln350)> <Delay = 1.68> <CoreInst = "RAM">   --->   Core 82 'RAM' <Latency = 3> <II = 1> <Delay = 1.68> <Storage> <Opcode : 'load' 'store'> <Ports = 2> <Width = 32> <Depth = 832> <RAM>

State 178 <SV = 131> <Delay = 0.69>
ST_178 : Operation 1288 [1/1] (0.00ns)   --->   "%reuse_reg68_load = load i32 %reuse_reg68"   --->   Operation 1288 'load' 'reuse_reg68_load' <Predicate = (!icmp_ln350 & addr_cmp72)> <Delay = 0.00>
ST_178 : Operation 1289 [1/1] (0.69ns)   --->   "%reuse_select73 = select i1 %addr_cmp72, i32 %reuse_reg68_load, i32 %weights1_load"   --->   Operation 1289 'select' 'reuse_select73' <Predicate = (!icmp_ln350)> <Delay = 0.69> <CoreInst = "Sel">   --->   Core 73 'Sel' <Latency = 0> <II = 1> <Delay = 0.99> <FuncUnit> <Opcode : 'select'> <InPorts = 3> <OutPorts = 1>

State 179 <SV = 132> <Delay = 4.75>
ST_179 : Operation 1290 [1/1] (0.00ns)   --->   "%t_1 = bitconcatenate i48 @_ssdm_op_BitConcatenate.i48.i32.i16, i32 %reuse_select73, i16 0"   --->   Operation 1290 'bitconcatenate' 't_1' <Predicate = (!icmp_ln350)> <Delay = 0.00>
ST_179 : Operation 1291 [52/52] (4.75ns)   --->   "%sdiv_ln1148_1 = sdiv i48 %t_1, i48 %conv_i429_cast"   --->   Operation 1291 'sdiv' 'sdiv_ln1148_1' <Predicate = (!icmp_ln350)> <Delay = 4.75> <CoreInst = "Divider">   --->   Core 6 'Divider' <Latency = 51> <II = 1> <Delay = 4.75> <FuncUnit> <Opcode : 'sdiv' 'srem' 'udiv' 'urem'> <InPorts = 2> <OutPorts = 1>

State 180 <SV = 133> <Delay = 4.75>
ST_180 : Operation 1292 [51/52] (4.75ns)   --->   "%sdiv_ln1148_1 = sdiv i48 %t_1, i48 %conv_i429_cast"   --->   Operation 1292 'sdiv' 'sdiv_ln1148_1' <Predicate = (!icmp_ln350)> <Delay = 4.75> <CoreInst = "Divider">   --->   Core 6 'Divider' <Latency = 51> <II = 1> <Delay = 4.75> <FuncUnit> <Opcode : 'sdiv' 'srem' 'udiv' 'urem'> <InPorts = 2> <OutPorts = 1>

State 181 <SV = 134> <Delay = 4.75>
ST_181 : Operation 1293 [50/52] (4.75ns)   --->   "%sdiv_ln1148_1 = sdiv i48 %t_1, i48 %conv_i429_cast"   --->   Operation 1293 'sdiv' 'sdiv_ln1148_1' <Predicate = (!icmp_ln350)> <Delay = 4.75> <CoreInst = "Divider">   --->   Core 6 'Divider' <Latency = 51> <II = 1> <Delay = 4.75> <FuncUnit> <Opcode : 'sdiv' 'srem' 'udiv' 'urem'> <InPorts = 2> <OutPorts = 1>

State 182 <SV = 135> <Delay = 4.75>
ST_182 : Operation 1294 [49/52] (4.75ns)   --->   "%sdiv_ln1148_1 = sdiv i48 %t_1, i48 %conv_i429_cast"   --->   Operation 1294 'sdiv' 'sdiv_ln1148_1' <Predicate = (!icmp_ln350)> <Delay = 4.75> <CoreInst = "Divider">   --->   Core 6 'Divider' <Latency = 51> <II = 1> <Delay = 4.75> <FuncUnit> <Opcode : 'sdiv' 'srem' 'udiv' 'urem'> <InPorts = 2> <OutPorts = 1>

State 183 <SV = 136> <Delay = 4.75>
ST_183 : Operation 1295 [48/52] (4.75ns)   --->   "%sdiv_ln1148_1 = sdiv i48 %t_1, i48 %conv_i429_cast"   --->   Operation 1295 'sdiv' 'sdiv_ln1148_1' <Predicate = (!icmp_ln350)> <Delay = 4.75> <CoreInst = "Divider">   --->   Core 6 'Divider' <Latency = 51> <II = 1> <Delay = 4.75> <FuncUnit> <Opcode : 'sdiv' 'srem' 'udiv' 'urem'> <InPorts = 2> <OutPorts = 1>

State 184 <SV = 137> <Delay = 4.75>
ST_184 : Operation 1296 [47/52] (4.75ns)   --->   "%sdiv_ln1148_1 = sdiv i48 %t_1, i48 %conv_i429_cast"   --->   Operation 1296 'sdiv' 'sdiv_ln1148_1' <Predicate = (!icmp_ln350)> <Delay = 4.75> <CoreInst = "Divider">   --->   Core 6 'Divider' <Latency = 51> <II = 1> <Delay = 4.75> <FuncUnit> <Opcode : 'sdiv' 'srem' 'udiv' 'urem'> <InPorts = 2> <OutPorts = 1>

State 185 <SV = 138> <Delay = 4.75>
ST_185 : Operation 1297 [46/52] (4.75ns)   --->   "%sdiv_ln1148_1 = sdiv i48 %t_1, i48 %conv_i429_cast"   --->   Operation 1297 'sdiv' 'sdiv_ln1148_1' <Predicate = (!icmp_ln350)> <Delay = 4.75> <CoreInst = "Divider">   --->   Core 6 'Divider' <Latency = 51> <II = 1> <Delay = 4.75> <FuncUnit> <Opcode : 'sdiv' 'srem' 'udiv' 'urem'> <InPorts = 2> <OutPorts = 1>

State 186 <SV = 139> <Delay = 4.75>
ST_186 : Operation 1298 [45/52] (4.75ns)   --->   "%sdiv_ln1148_1 = sdiv i48 %t_1, i48 %conv_i429_cast"   --->   Operation 1298 'sdiv' 'sdiv_ln1148_1' <Predicate = (!icmp_ln350)> <Delay = 4.75> <CoreInst = "Divider">   --->   Core 6 'Divider' <Latency = 51> <II = 1> <Delay = 4.75> <FuncUnit> <Opcode : 'sdiv' 'srem' 'udiv' 'urem'> <InPorts = 2> <OutPorts = 1>

State 187 <SV = 140> <Delay = 4.75>
ST_187 : Operation 1299 [44/52] (4.75ns)   --->   "%sdiv_ln1148_1 = sdiv i48 %t_1, i48 %conv_i429_cast"   --->   Operation 1299 'sdiv' 'sdiv_ln1148_1' <Predicate = (!icmp_ln350)> <Delay = 4.75> <CoreInst = "Divider">   --->   Core 6 'Divider' <Latency = 51> <II = 1> <Delay = 4.75> <FuncUnit> <Opcode : 'sdiv' 'srem' 'udiv' 'urem'> <InPorts = 2> <OutPorts = 1>

State 188 <SV = 141> <Delay = 4.75>
ST_188 : Operation 1300 [43/52] (4.75ns)   --->   "%sdiv_ln1148_1 = sdiv i48 %t_1, i48 %conv_i429_cast"   --->   Operation 1300 'sdiv' 'sdiv_ln1148_1' <Predicate = (!icmp_ln350)> <Delay = 4.75> <CoreInst = "Divider">   --->   Core 6 'Divider' <Latency = 51> <II = 1> <Delay = 4.75> <FuncUnit> <Opcode : 'sdiv' 'srem' 'udiv' 'urem'> <InPorts = 2> <OutPorts = 1>

State 189 <SV = 142> <Delay = 4.75>
ST_189 : Operation 1301 [42/52] (4.75ns)   --->   "%sdiv_ln1148_1 = sdiv i48 %t_1, i48 %conv_i429_cast"   --->   Operation 1301 'sdiv' 'sdiv_ln1148_1' <Predicate = (!icmp_ln350)> <Delay = 4.75> <CoreInst = "Divider">   --->   Core 6 'Divider' <Latency = 51> <II = 1> <Delay = 4.75> <FuncUnit> <Opcode : 'sdiv' 'srem' 'udiv' 'urem'> <InPorts = 2> <OutPorts = 1>

State 190 <SV = 143> <Delay = 4.75>
ST_190 : Operation 1302 [41/52] (4.75ns)   --->   "%sdiv_ln1148_1 = sdiv i48 %t_1, i48 %conv_i429_cast"   --->   Operation 1302 'sdiv' 'sdiv_ln1148_1' <Predicate = (!icmp_ln350)> <Delay = 4.75> <CoreInst = "Divider">   --->   Core 6 'Divider' <Latency = 51> <II = 1> <Delay = 4.75> <FuncUnit> <Opcode : 'sdiv' 'srem' 'udiv' 'urem'> <InPorts = 2> <OutPorts = 1>

State 191 <SV = 144> <Delay = 4.75>
ST_191 : Operation 1303 [40/52] (4.75ns)   --->   "%sdiv_ln1148_1 = sdiv i48 %t_1, i48 %conv_i429_cast"   --->   Operation 1303 'sdiv' 'sdiv_ln1148_1' <Predicate = (!icmp_ln350)> <Delay = 4.75> <CoreInst = "Divider">   --->   Core 6 'Divider' <Latency = 51> <II = 1> <Delay = 4.75> <FuncUnit> <Opcode : 'sdiv' 'srem' 'udiv' 'urem'> <InPorts = 2> <OutPorts = 1>

State 192 <SV = 145> <Delay = 4.75>
ST_192 : Operation 1304 [39/52] (4.75ns)   --->   "%sdiv_ln1148_1 = sdiv i48 %t_1, i48 %conv_i429_cast"   --->   Operation 1304 'sdiv' 'sdiv_ln1148_1' <Predicate = (!icmp_ln350)> <Delay = 4.75> <CoreInst = "Divider">   --->   Core 6 'Divider' <Latency = 51> <II = 1> <Delay = 4.75> <FuncUnit> <Opcode : 'sdiv' 'srem' 'udiv' 'urem'> <InPorts = 2> <OutPorts = 1>

State 193 <SV = 146> <Delay = 4.75>
ST_193 : Operation 1305 [38/52] (4.75ns)   --->   "%sdiv_ln1148_1 = sdiv i48 %t_1, i48 %conv_i429_cast"   --->   Operation 1305 'sdiv' 'sdiv_ln1148_1' <Predicate = (!icmp_ln350)> <Delay = 4.75> <CoreInst = "Divider">   --->   Core 6 'Divider' <Latency = 51> <II = 1> <Delay = 4.75> <FuncUnit> <Opcode : 'sdiv' 'srem' 'udiv' 'urem'> <InPorts = 2> <OutPorts = 1>

State 194 <SV = 147> <Delay = 4.75>
ST_194 : Operation 1306 [37/52] (4.75ns)   --->   "%sdiv_ln1148_1 = sdiv i48 %t_1, i48 %conv_i429_cast"   --->   Operation 1306 'sdiv' 'sdiv_ln1148_1' <Predicate = (!icmp_ln350)> <Delay = 4.75> <CoreInst = "Divider">   --->   Core 6 'Divider' <Latency = 51> <II = 1> <Delay = 4.75> <FuncUnit> <Opcode : 'sdiv' 'srem' 'udiv' 'urem'> <InPorts = 2> <OutPorts = 1>

State 195 <SV = 148> <Delay = 4.75>
ST_195 : Operation 1307 [36/52] (4.75ns)   --->   "%sdiv_ln1148_1 = sdiv i48 %t_1, i48 %conv_i429_cast"   --->   Operation 1307 'sdiv' 'sdiv_ln1148_1' <Predicate = (!icmp_ln350)> <Delay = 4.75> <CoreInst = "Divider">   --->   Core 6 'Divider' <Latency = 51> <II = 1> <Delay = 4.75> <FuncUnit> <Opcode : 'sdiv' 'srem' 'udiv' 'urem'> <InPorts = 2> <OutPorts = 1>

State 196 <SV = 149> <Delay = 4.75>
ST_196 : Operation 1308 [35/52] (4.75ns)   --->   "%sdiv_ln1148_1 = sdiv i48 %t_1, i48 %conv_i429_cast"   --->   Operation 1308 'sdiv' 'sdiv_ln1148_1' <Predicate = (!icmp_ln350)> <Delay = 4.75> <CoreInst = "Divider">   --->   Core 6 'Divider' <Latency = 51> <II = 1> <Delay = 4.75> <FuncUnit> <Opcode : 'sdiv' 'srem' 'udiv' 'urem'> <InPorts = 2> <OutPorts = 1>

State 197 <SV = 150> <Delay = 4.75>
ST_197 : Operation 1309 [34/52] (4.75ns)   --->   "%sdiv_ln1148_1 = sdiv i48 %t_1, i48 %conv_i429_cast"   --->   Operation 1309 'sdiv' 'sdiv_ln1148_1' <Predicate = (!icmp_ln350)> <Delay = 4.75> <CoreInst = "Divider">   --->   Core 6 'Divider' <Latency = 51> <II = 1> <Delay = 4.75> <FuncUnit> <Opcode : 'sdiv' 'srem' 'udiv' 'urem'> <InPorts = 2> <OutPorts = 1>

State 198 <SV = 151> <Delay = 4.75>
ST_198 : Operation 1310 [33/52] (4.75ns)   --->   "%sdiv_ln1148_1 = sdiv i48 %t_1, i48 %conv_i429_cast"   --->   Operation 1310 'sdiv' 'sdiv_ln1148_1' <Predicate = (!icmp_ln350)> <Delay = 4.75> <CoreInst = "Divider">   --->   Core 6 'Divider' <Latency = 51> <II = 1> <Delay = 4.75> <FuncUnit> <Opcode : 'sdiv' 'srem' 'udiv' 'urem'> <InPorts = 2> <OutPorts = 1>

State 199 <SV = 152> <Delay = 4.75>
ST_199 : Operation 1311 [32/52] (4.75ns)   --->   "%sdiv_ln1148_1 = sdiv i48 %t_1, i48 %conv_i429_cast"   --->   Operation 1311 'sdiv' 'sdiv_ln1148_1' <Predicate = (!icmp_ln350)> <Delay = 4.75> <CoreInst = "Divider">   --->   Core 6 'Divider' <Latency = 51> <II = 1> <Delay = 4.75> <FuncUnit> <Opcode : 'sdiv' 'srem' 'udiv' 'urem'> <InPorts = 2> <OutPorts = 1>

State 200 <SV = 153> <Delay = 4.75>
ST_200 : Operation 1312 [31/52] (4.75ns)   --->   "%sdiv_ln1148_1 = sdiv i48 %t_1, i48 %conv_i429_cast"   --->   Operation 1312 'sdiv' 'sdiv_ln1148_1' <Predicate = (!icmp_ln350)> <Delay = 4.75> <CoreInst = "Divider">   --->   Core 6 'Divider' <Latency = 51> <II = 1> <Delay = 4.75> <FuncUnit> <Opcode : 'sdiv' 'srem' 'udiv' 'urem'> <InPorts = 2> <OutPorts = 1>

State 201 <SV = 154> <Delay = 4.75>
ST_201 : Operation 1313 [30/52] (4.75ns)   --->   "%sdiv_ln1148_1 = sdiv i48 %t_1, i48 %conv_i429_cast"   --->   Operation 1313 'sdiv' 'sdiv_ln1148_1' <Predicate = (!icmp_ln350)> <Delay = 4.75> <CoreInst = "Divider">   --->   Core 6 'Divider' <Latency = 51> <II = 1> <Delay = 4.75> <FuncUnit> <Opcode : 'sdiv' 'srem' 'udiv' 'urem'> <InPorts = 2> <OutPorts = 1>

State 202 <SV = 155> <Delay = 4.75>
ST_202 : Operation 1314 [29/52] (4.75ns)   --->   "%sdiv_ln1148_1 = sdiv i48 %t_1, i48 %conv_i429_cast"   --->   Operation 1314 'sdiv' 'sdiv_ln1148_1' <Predicate = (!icmp_ln350)> <Delay = 4.75> <CoreInst = "Divider">   --->   Core 6 'Divider' <Latency = 51> <II = 1> <Delay = 4.75> <FuncUnit> <Opcode : 'sdiv' 'srem' 'udiv' 'urem'> <InPorts = 2> <OutPorts = 1>

State 203 <SV = 156> <Delay = 4.75>
ST_203 : Operation 1315 [28/52] (4.75ns)   --->   "%sdiv_ln1148_1 = sdiv i48 %t_1, i48 %conv_i429_cast"   --->   Operation 1315 'sdiv' 'sdiv_ln1148_1' <Predicate = (!icmp_ln350)> <Delay = 4.75> <CoreInst = "Divider">   --->   Core 6 'Divider' <Latency = 51> <II = 1> <Delay = 4.75> <FuncUnit> <Opcode : 'sdiv' 'srem' 'udiv' 'urem'> <InPorts = 2> <OutPorts = 1>

State 204 <SV = 157> <Delay = 4.75>
ST_204 : Operation 1316 [27/52] (4.75ns)   --->   "%sdiv_ln1148_1 = sdiv i48 %t_1, i48 %conv_i429_cast"   --->   Operation 1316 'sdiv' 'sdiv_ln1148_1' <Predicate = (!icmp_ln350)> <Delay = 4.75> <CoreInst = "Divider">   --->   Core 6 'Divider' <Latency = 51> <II = 1> <Delay = 4.75> <FuncUnit> <Opcode : 'sdiv' 'srem' 'udiv' 'urem'> <InPorts = 2> <OutPorts = 1>

State 205 <SV = 158> <Delay = 4.75>
ST_205 : Operation 1317 [26/52] (4.75ns)   --->   "%sdiv_ln1148_1 = sdiv i48 %t_1, i48 %conv_i429_cast"   --->   Operation 1317 'sdiv' 'sdiv_ln1148_1' <Predicate = (!icmp_ln350)> <Delay = 4.75> <CoreInst = "Divider">   --->   Core 6 'Divider' <Latency = 51> <II = 1> <Delay = 4.75> <FuncUnit> <Opcode : 'sdiv' 'srem' 'udiv' 'urem'> <InPorts = 2> <OutPorts = 1>

State 206 <SV = 159> <Delay = 4.75>
ST_206 : Operation 1318 [25/52] (4.75ns)   --->   "%sdiv_ln1148_1 = sdiv i48 %t_1, i48 %conv_i429_cast"   --->   Operation 1318 'sdiv' 'sdiv_ln1148_1' <Predicate = (!icmp_ln350)> <Delay = 4.75> <CoreInst = "Divider">   --->   Core 6 'Divider' <Latency = 51> <II = 1> <Delay = 4.75> <FuncUnit> <Opcode : 'sdiv' 'srem' 'udiv' 'urem'> <InPorts = 2> <OutPorts = 1>

State 207 <SV = 160> <Delay = 4.75>
ST_207 : Operation 1319 [24/52] (4.75ns)   --->   "%sdiv_ln1148_1 = sdiv i48 %t_1, i48 %conv_i429_cast"   --->   Operation 1319 'sdiv' 'sdiv_ln1148_1' <Predicate = (!icmp_ln350)> <Delay = 4.75> <CoreInst = "Divider">   --->   Core 6 'Divider' <Latency = 51> <II = 1> <Delay = 4.75> <FuncUnit> <Opcode : 'sdiv' 'srem' 'udiv' 'urem'> <InPorts = 2> <OutPorts = 1>

State 208 <SV = 161> <Delay = 4.75>
ST_208 : Operation 1320 [23/52] (4.75ns)   --->   "%sdiv_ln1148_1 = sdiv i48 %t_1, i48 %conv_i429_cast"   --->   Operation 1320 'sdiv' 'sdiv_ln1148_1' <Predicate = (!icmp_ln350)> <Delay = 4.75> <CoreInst = "Divider">   --->   Core 6 'Divider' <Latency = 51> <II = 1> <Delay = 4.75> <FuncUnit> <Opcode : 'sdiv' 'srem' 'udiv' 'urem'> <InPorts = 2> <OutPorts = 1>

State 209 <SV = 162> <Delay = 4.75>
ST_209 : Operation 1321 [22/52] (4.75ns)   --->   "%sdiv_ln1148_1 = sdiv i48 %t_1, i48 %conv_i429_cast"   --->   Operation 1321 'sdiv' 'sdiv_ln1148_1' <Predicate = (!icmp_ln350)> <Delay = 4.75> <CoreInst = "Divider">   --->   Core 6 'Divider' <Latency = 51> <II = 1> <Delay = 4.75> <FuncUnit> <Opcode : 'sdiv' 'srem' 'udiv' 'urem'> <InPorts = 2> <OutPorts = 1>

State 210 <SV = 163> <Delay = 4.75>
ST_210 : Operation 1322 [21/52] (4.75ns)   --->   "%sdiv_ln1148_1 = sdiv i48 %t_1, i48 %conv_i429_cast"   --->   Operation 1322 'sdiv' 'sdiv_ln1148_1' <Predicate = (!icmp_ln350)> <Delay = 4.75> <CoreInst = "Divider">   --->   Core 6 'Divider' <Latency = 51> <II = 1> <Delay = 4.75> <FuncUnit> <Opcode : 'sdiv' 'srem' 'udiv' 'urem'> <InPorts = 2> <OutPorts = 1>

State 211 <SV = 164> <Delay = 4.75>
ST_211 : Operation 1323 [20/52] (4.75ns)   --->   "%sdiv_ln1148_1 = sdiv i48 %t_1, i48 %conv_i429_cast"   --->   Operation 1323 'sdiv' 'sdiv_ln1148_1' <Predicate = (!icmp_ln350)> <Delay = 4.75> <CoreInst = "Divider">   --->   Core 6 'Divider' <Latency = 51> <II = 1> <Delay = 4.75> <FuncUnit> <Opcode : 'sdiv' 'srem' 'udiv' 'urem'> <InPorts = 2> <OutPorts = 1>

State 212 <SV = 165> <Delay = 4.75>
ST_212 : Operation 1324 [19/52] (4.75ns)   --->   "%sdiv_ln1148_1 = sdiv i48 %t_1, i48 %conv_i429_cast"   --->   Operation 1324 'sdiv' 'sdiv_ln1148_1' <Predicate = (!icmp_ln350)> <Delay = 4.75> <CoreInst = "Divider">   --->   Core 6 'Divider' <Latency = 51> <II = 1> <Delay = 4.75> <FuncUnit> <Opcode : 'sdiv' 'srem' 'udiv' 'urem'> <InPorts = 2> <OutPorts = 1>

State 213 <SV = 166> <Delay = 4.75>
ST_213 : Operation 1325 [18/52] (4.75ns)   --->   "%sdiv_ln1148_1 = sdiv i48 %t_1, i48 %conv_i429_cast"   --->   Operation 1325 'sdiv' 'sdiv_ln1148_1' <Predicate = (!icmp_ln350)> <Delay = 4.75> <CoreInst = "Divider">   --->   Core 6 'Divider' <Latency = 51> <II = 1> <Delay = 4.75> <FuncUnit> <Opcode : 'sdiv' 'srem' 'udiv' 'urem'> <InPorts = 2> <OutPorts = 1>

State 214 <SV = 167> <Delay = 4.75>
ST_214 : Operation 1326 [17/52] (4.75ns)   --->   "%sdiv_ln1148_1 = sdiv i48 %t_1, i48 %conv_i429_cast"   --->   Operation 1326 'sdiv' 'sdiv_ln1148_1' <Predicate = (!icmp_ln350)> <Delay = 4.75> <CoreInst = "Divider">   --->   Core 6 'Divider' <Latency = 51> <II = 1> <Delay = 4.75> <FuncUnit> <Opcode : 'sdiv' 'srem' 'udiv' 'urem'> <InPorts = 2> <OutPorts = 1>

State 215 <SV = 168> <Delay = 4.75>
ST_215 : Operation 1327 [16/52] (4.75ns)   --->   "%sdiv_ln1148_1 = sdiv i48 %t_1, i48 %conv_i429_cast"   --->   Operation 1327 'sdiv' 'sdiv_ln1148_1' <Predicate = (!icmp_ln350)> <Delay = 4.75> <CoreInst = "Divider">   --->   Core 6 'Divider' <Latency = 51> <II = 1> <Delay = 4.75> <FuncUnit> <Opcode : 'sdiv' 'srem' 'udiv' 'urem'> <InPorts = 2> <OutPorts = 1>

State 216 <SV = 169> <Delay = 4.75>
ST_216 : Operation 1328 [15/52] (4.75ns)   --->   "%sdiv_ln1148_1 = sdiv i48 %t_1, i48 %conv_i429_cast"   --->   Operation 1328 'sdiv' 'sdiv_ln1148_1' <Predicate = (!icmp_ln350)> <Delay = 4.75> <CoreInst = "Divider">   --->   Core 6 'Divider' <Latency = 51> <II = 1> <Delay = 4.75> <FuncUnit> <Opcode : 'sdiv' 'srem' 'udiv' 'urem'> <InPorts = 2> <OutPorts = 1>

State 217 <SV = 170> <Delay = 4.75>
ST_217 : Operation 1329 [14/52] (4.75ns)   --->   "%sdiv_ln1148_1 = sdiv i48 %t_1, i48 %conv_i429_cast"   --->   Operation 1329 'sdiv' 'sdiv_ln1148_1' <Predicate = (!icmp_ln350)> <Delay = 4.75> <CoreInst = "Divider">   --->   Core 6 'Divider' <Latency = 51> <II = 1> <Delay = 4.75> <FuncUnit> <Opcode : 'sdiv' 'srem' 'udiv' 'urem'> <InPorts = 2> <OutPorts = 1>

State 218 <SV = 171> <Delay = 4.75>
ST_218 : Operation 1330 [13/52] (4.75ns)   --->   "%sdiv_ln1148_1 = sdiv i48 %t_1, i48 %conv_i429_cast"   --->   Operation 1330 'sdiv' 'sdiv_ln1148_1' <Predicate = (!icmp_ln350)> <Delay = 4.75> <CoreInst = "Divider">   --->   Core 6 'Divider' <Latency = 51> <II = 1> <Delay = 4.75> <FuncUnit> <Opcode : 'sdiv' 'srem' 'udiv' 'urem'> <InPorts = 2> <OutPorts = 1>

State 219 <SV = 172> <Delay = 4.75>
ST_219 : Operation 1331 [12/52] (4.75ns)   --->   "%sdiv_ln1148_1 = sdiv i48 %t_1, i48 %conv_i429_cast"   --->   Operation 1331 'sdiv' 'sdiv_ln1148_1' <Predicate = (!icmp_ln350)> <Delay = 4.75> <CoreInst = "Divider">   --->   Core 6 'Divider' <Latency = 51> <II = 1> <Delay = 4.75> <FuncUnit> <Opcode : 'sdiv' 'srem' 'udiv' 'urem'> <InPorts = 2> <OutPorts = 1>

State 220 <SV = 173> <Delay = 4.75>
ST_220 : Operation 1332 [11/52] (4.75ns)   --->   "%sdiv_ln1148_1 = sdiv i48 %t_1, i48 %conv_i429_cast"   --->   Operation 1332 'sdiv' 'sdiv_ln1148_1' <Predicate = (!icmp_ln350)> <Delay = 4.75> <CoreInst = "Divider">   --->   Core 6 'Divider' <Latency = 51> <II = 1> <Delay = 4.75> <FuncUnit> <Opcode : 'sdiv' 'srem' 'udiv' 'urem'> <InPorts = 2> <OutPorts = 1>

State 221 <SV = 174> <Delay = 4.75>
ST_221 : Operation 1333 [10/52] (4.75ns)   --->   "%sdiv_ln1148_1 = sdiv i48 %t_1, i48 %conv_i429_cast"   --->   Operation 1333 'sdiv' 'sdiv_ln1148_1' <Predicate = (!icmp_ln350)> <Delay = 4.75> <CoreInst = "Divider">   --->   Core 6 'Divider' <Latency = 51> <II = 1> <Delay = 4.75> <FuncUnit> <Opcode : 'sdiv' 'srem' 'udiv' 'urem'> <InPorts = 2> <OutPorts = 1>

State 222 <SV = 175> <Delay = 4.75>
ST_222 : Operation 1334 [9/52] (4.75ns)   --->   "%sdiv_ln1148_1 = sdiv i48 %t_1, i48 %conv_i429_cast"   --->   Operation 1334 'sdiv' 'sdiv_ln1148_1' <Predicate = (!icmp_ln350)> <Delay = 4.75> <CoreInst = "Divider">   --->   Core 6 'Divider' <Latency = 51> <II = 1> <Delay = 4.75> <FuncUnit> <Opcode : 'sdiv' 'srem' 'udiv' 'urem'> <InPorts = 2> <OutPorts = 1>

State 223 <SV = 176> <Delay = 4.75>
ST_223 : Operation 1335 [8/52] (4.75ns)   --->   "%sdiv_ln1148_1 = sdiv i48 %t_1, i48 %conv_i429_cast"   --->   Operation 1335 'sdiv' 'sdiv_ln1148_1' <Predicate = (!icmp_ln350)> <Delay = 4.75> <CoreInst = "Divider">   --->   Core 6 'Divider' <Latency = 51> <II = 1> <Delay = 4.75> <FuncUnit> <Opcode : 'sdiv' 'srem' 'udiv' 'urem'> <InPorts = 2> <OutPorts = 1>
ST_223 : Operation 1336 [2/2] (1.92ns)   --->   "%add_ln351 = add i7 %select_ln331, i7 1" [backprop.cpp:351]   --->   Operation 1336 'add' 'add_ln351' <Predicate = (!icmp_ln350)> <Delay = 1.92> <CoreInst = "Adder">   --->   Core 1 'Adder' <Latency = 1> <II = 1> <Delay = 1.86> <FuncUnit> <Opcode : 'add' 'sub'> <InPorts = 2> <OutPorts = 1>

State 224 <SV = 177> <Delay = 4.75>
ST_224 : Operation 1337 [7/52] (4.75ns)   --->   "%sdiv_ln1148_1 = sdiv i48 %t_1, i48 %conv_i429_cast"   --->   Operation 1337 'sdiv' 'sdiv_ln1148_1' <Predicate = (!icmp_ln350)> <Delay = 4.75> <CoreInst = "Divider">   --->   Core 6 'Divider' <Latency = 51> <II = 1> <Delay = 4.75> <FuncUnit> <Opcode : 'sdiv' 'srem' 'udiv' 'urem'> <InPorts = 2> <OutPorts = 1>
ST_224 : Operation 1338 [1/2] (1.92ns)   --->   "%add_ln351 = add i7 %select_ln331, i7 1" [backprop.cpp:351]   --->   Operation 1338 'add' 'add_ln351' <Predicate = (!icmp_ln350)> <Delay = 1.92> <CoreInst = "Adder">   --->   Core 1 'Adder' <Latency = 1> <II = 1> <Delay = 1.86> <FuncUnit> <Opcode : 'add' 'sub'> <InPorts = 2> <OutPorts = 1>

State 225 <SV = 178> <Delay = 4.75>
ST_225 : Operation 1339 [6/52] (4.75ns)   --->   "%sdiv_ln1148_1 = sdiv i48 %t_1, i48 %conv_i429_cast"   --->   Operation 1339 'sdiv' 'sdiv_ln1148_1' <Predicate = (!icmp_ln350)> <Delay = 4.75> <CoreInst = "Divider">   --->   Core 6 'Divider' <Latency = 51> <II = 1> <Delay = 4.75> <FuncUnit> <Opcode : 'sdiv' 'srem' 'udiv' 'urem'> <InPorts = 2> <OutPorts = 1>

State 226 <SV = 179> <Delay = 4.75>
ST_226 : Operation 1340 [5/52] (4.75ns)   --->   "%sdiv_ln1148_1 = sdiv i48 %t_1, i48 %conv_i429_cast"   --->   Operation 1340 'sdiv' 'sdiv_ln1148_1' <Predicate = (!icmp_ln350)> <Delay = 4.75> <CoreInst = "Divider">   --->   Core 6 'Divider' <Latency = 51> <II = 1> <Delay = 4.75> <FuncUnit> <Opcode : 'sdiv' 'srem' 'udiv' 'urem'> <InPorts = 2> <OutPorts = 1>

State 227 <SV = 180> <Delay = 4.75>
ST_227 : Operation 1341 [4/52] (4.75ns)   --->   "%sdiv_ln1148_1 = sdiv i48 %t_1, i48 %conv_i429_cast"   --->   Operation 1341 'sdiv' 'sdiv_ln1148_1' <Predicate = (!icmp_ln350)> <Delay = 4.75> <CoreInst = "Divider">   --->   Core 6 'Divider' <Latency = 51> <II = 1> <Delay = 4.75> <FuncUnit> <Opcode : 'sdiv' 'srem' 'udiv' 'urem'> <InPorts = 2> <OutPorts = 1>

State 228 <SV = 181> <Delay = 4.75>
ST_228 : Operation 1342 [3/52] (4.75ns)   --->   "%sdiv_ln1148_1 = sdiv i48 %t_1, i48 %conv_i429_cast"   --->   Operation 1342 'sdiv' 'sdiv_ln1148_1' <Predicate = (!icmp_ln350)> <Delay = 4.75> <CoreInst = "Divider">   --->   Core 6 'Divider' <Latency = 51> <II = 1> <Delay = 4.75> <FuncUnit> <Opcode : 'sdiv' 'srem' 'udiv' 'urem'> <InPorts = 2> <OutPorts = 1>

State 229 <SV = 182> <Delay = 4.75>
ST_229 : Operation 1343 [2/52] (4.75ns)   --->   "%sdiv_ln1148_1 = sdiv i48 %t_1, i48 %conv_i429_cast"   --->   Operation 1343 'sdiv' 'sdiv_ln1148_1' <Predicate = (!icmp_ln350)> <Delay = 4.75> <CoreInst = "Divider">   --->   Core 6 'Divider' <Latency = 51> <II = 1> <Delay = 4.75> <FuncUnit> <Opcode : 'sdiv' 'srem' 'udiv' 'urem'> <InPorts = 2> <OutPorts = 1>

State 230 <SV = 183> <Delay = 4.75>
ST_230 : Operation 1344 [1/52] (4.75ns)   --->   "%sdiv_ln1148_1 = sdiv i48 %t_1, i48 %conv_i429_cast"   --->   Operation 1344 'sdiv' 'sdiv_ln1148_1' <Predicate = (!icmp_ln350)> <Delay = 4.75> <CoreInst = "Divider">   --->   Core 6 'Divider' <Latency = 51> <II = 1> <Delay = 4.75> <FuncUnit> <Opcode : 'sdiv' 'srem' 'udiv' 'urem'> <InPorts = 2> <OutPorts = 1>

State 231 <SV = 184> <Delay = 1.68>
ST_231 : Operation 1345 [1/1] (0.00ns)   --->   "%trunc_ln703 = trunc i32 %sdiv_ln1148_1"   --->   Operation 1345 'trunc' 'trunc_ln703' <Predicate = (!icmp_ln350)> <Delay = 0.00>
ST_231 : Operation 1346 [2/2] (1.68ns)   --->   "%store_ln352 = store i32 %trunc_ln703, i10 %weights1_addr_1" [backprop.cpp:352]   --->   Operation 1346 'store' 'store_ln352' <Predicate = (!icmp_ln350)> <Delay = 1.68> <CoreInst = "RAM">   --->   Core 82 'RAM' <Latency = 3> <II = 1> <Delay = 1.68> <Storage> <Opcode : 'load' 'store'> <Ports = 2> <Width = 32> <Depth = 832> <RAM>
ST_231 : Operation 1347 [1/1] (1.58ns)   --->   "%store_ln703 = store i32 %trunc_ln703, i32 %reuse_reg68"   --->   Operation 1347 'store' 'store_ln703' <Predicate = (!icmp_ln350)> <Delay = 1.58>

State 232 <SV = 185> <Delay = 1.68>
ST_232 : Operation 1348 [1/1] (0.00ns)   --->   "%specloopname_ln0 = specloopname void @_ssdm_op_SpecLoopName, void @VITIS_LOOP_350_4_VITIS_LOOP_351_5_str"   --->   Operation 1348 'specloopname' 'specloopname_ln0' <Predicate = (!icmp_ln350)> <Delay = 0.00>
ST_232 : Operation 1349 [1/1] (0.00ns)   --->   "%empty_83 = speclooptripcount i32 @_ssdm_op_SpecLoopTripCount, i64 832, i64 832, i64 832"   --->   Operation 1349 'speclooptripcount' 'empty_83' <Predicate = (!icmp_ln350)> <Delay = 0.00>
ST_232 : Operation 1350 [1/1] (0.00ns)   --->   "%specpipeline_ln0 = specpipeline void @_ssdm_op_SpecPipeline, i32 4294967295, i32 0, i32 1, i32 0, void @p_str"   --->   Operation 1350 'specpipeline' 'specpipeline_ln0' <Predicate = (!icmp_ln350)> <Delay = 0.00>
ST_232 : Operation 1351 [1/1] (0.00ns)   --->   "%specloopname_ln331 = specloopname void @_ssdm_op_SpecLoopName, void @empty_22" [backprop.cpp:331]   --->   Operation 1351 'specloopname' 'specloopname_ln331' <Predicate = (!icmp_ln350)> <Delay = 0.00>
ST_232 : Operation 1352 [1/2] (1.68ns)   --->   "%store_ln352 = store i32 %trunc_ln703, i10 %weights1_addr_1" [backprop.cpp:352]   --->   Operation 1352 'store' 'store_ln352' <Predicate = (!icmp_ln350)> <Delay = 1.68> <CoreInst = "RAM">   --->   Core 82 'RAM' <Latency = 3> <II = 1> <Delay = 1.68> <Storage> <Opcode : 'load' 'store'> <Ports = 2> <Width = 32> <Depth = 832> <RAM>
ST_232 : Operation 1353 [1/1] (0.00ns)   --->   "%br_ln0 = br void %_ZNK13ap_fixed_baseILi32ELi16ELb1EL9ap_q_mode5EL9ap_o_mode3ELi0EEdvILi32ELi16ELb1ELS0_5ELS1_3ELi0EEENS2_5RTypeIXT_EXT0_EXT1_EE3divERKS_IXT_EXT0_EXT1_EXT2_EXT3_EXT4_EE.exit433"   --->   Operation 1353 'br' 'br_ln0' <Predicate = (!icmp_ln350)> <Delay = 0.00>

State 233 <SV = 126> <Delay = 1.46>
ST_233 : Operation 1354 [1/1] (0.00ns)   --->   "%conv_i641_cast = zext i24 %bias_norm_V" [backprop.cpp:348]   --->   Operation 1354 'zext' 'conv_i641_cast' <Predicate = true> <Delay = 0.00>
ST_233 : Operation 1355 [1/1] (1.46ns)   --->   "%br_ln355 = br void %_ZNK13ap_fixed_baseILi32ELi16ELb1EL9ap_q_mode5EL9ap_o_mode3ELi0EEdvILi32ELi16ELb1ELS0_5ELS1_3ELi0EEENS2_5RTypeIXT_EXT0_EXT1_EE3divERKS_IXT_EXT0_EXT1_EXT2_EXT3_EXT4_EE.exit645" [backprop.cpp:355]   --->   Operation 1355 'br' 'br_ln355' <Predicate = true> <Delay = 1.46>

State 234 <SV = 127> <Delay = 1.92>
ST_234 : Operation 1356 [1/1] (0.00ns)   --->   "%i_3 = phi i7 0, void, i7 %add_ln355, void %_ZNK13ap_fixed_baseILi32ELi16ELb1EL9ap_q_mode5EL9ap_o_mode3ELi0EEdvILi32ELi16ELb1ELS0_5ELS1_3ELi0EEENS2_5RTypeIXT_EXT0_EXT1_EE3divERKS_IXT_EXT0_EXT1_EXT2_EXT3_EXT4_EE.exit645.split" [backprop.cpp:355]   --->   Operation 1356 'phi' 'i_3' <Predicate = true> <Delay = 0.00>
ST_234 : Operation 1357 [2/2] (1.92ns)   --->   "%add_ln355 = add i7 %i_3, i7 1" [backprop.cpp:355]   --->   Operation 1357 'add' 'add_ln355' <Predicate = true> <Delay = 1.92> <CoreInst = "Adder">   --->   Core 1 'Adder' <Latency = 1> <II = 1> <Delay = 1.86> <FuncUnit> <Opcode : 'add' 'sub'> <InPorts = 2> <OutPorts = 1>
ST_234 : Operation 1358 [1/1] (1.48ns)   --->   "%icmp_ln355 = icmp_eq  i7 %i_3, i7 64" [backprop.cpp:355]   --->   Operation 1358 'icmp' 'icmp_ln355' <Predicate = true> <Delay = 1.48> <CoreInst = "Cmp">   --->   Core 9 'Cmp' <Latency = 0> <II = 1> <Delay = 0.95> <FuncUnit> <Opcode : 'icmp'> <InPorts = 2> <OutPorts = 1>
ST_234 : Operation 1359 [1/1] (0.00ns)   --->   "%br_ln355 = br i1 %icmp_ln355, void %_ZNK13ap_fixed_baseILi32ELi16ELb1EL9ap_q_mode5EL9ap_o_mode3ELi0EEdvILi32ELi16ELb1ELS0_5ELS1_3ELi0EEENS2_5RTypeIXT_EXT0_EXT1_EE3divERKS_IXT_EXT0_EXT1_EXT2_EXT3_EXT4_EE.exit645.split, void %_ZN13ap_fixed_baseILi65ELi33ELb1EL9ap_q_mode5EL9ap_o_mode3ELi0EEC2ILi32ELi16ELb1ELS0_5ELS1_3ELi0EEERKS_IXT_EXT0_EXT1_EXT2_EXT3_EXT4_EE.exit.i.i597.preheader" [backprop.cpp:355]   --->   Operation 1359 'br' 'br_ln355' <Predicate = true> <Delay = 0.00>

State 235 <SV = 128> <Delay = 3.84>
ST_235 : Operation 1360 [1/2] (1.92ns)   --->   "%add_ln355 = add i7 %i_3, i7 1" [backprop.cpp:355]   --->   Operation 1360 'add' 'add_ln355' <Predicate = true> <Delay = 1.92> <CoreInst = "Adder">   --->   Core 1 'Adder' <Latency = 1> <II = 1> <Delay = 1.86> <FuncUnit> <Opcode : 'add' 'sub'> <InPorts = 2> <OutPorts = 1>
ST_235 : Operation 1361 [1/1] (0.00ns)   --->   "%specpipeline_ln0 = specpipeline void @_ssdm_op_SpecPipeline, i32 4294967295, i32 0, i32 1, i32 0, void @p_str"   --->   Operation 1361 'specpipeline' 'specpipeline_ln0' <Predicate = true> <Delay = 0.00>
ST_235 : Operation 1362 [1/1] (0.00ns)   --->   "%empty_84 = speclooptripcount i32 @_ssdm_op_SpecLoopTripCount, i64 64, i64 64, i64 64"   --->   Operation 1362 'speclooptripcount' 'empty_84' <Predicate = true> <Delay = 0.00>
ST_235 : Operation 1363 [1/1] (0.00ns)   --->   "%trunc_ln727_1 = trunc i7 %i_3"   --->   Operation 1363 'trunc' 'trunc_ln727_1' <Predicate = (!icmp_ln355)> <Delay = 0.00>
ST_235 : Operation 1364 [1/1] (0.00ns)   --->   "%zext_ln727_3 = zext i6 %trunc_ln727_1"   --->   Operation 1364 'zext' 'zext_ln727_3' <Predicate = (!icmp_ln355)> <Delay = 0.00>
ST_235 : Operation 1365 [1/1] (0.00ns)   --->   "%biases1_addr_1 = getelementptr i32 %biases1, i64 0, i64 %zext_ln727_3"   --->   Operation 1365 'getelementptr' 'biases1_addr_1' <Predicate = (!icmp_ln355)> <Delay = 0.00>
ST_235 : Operation 1366 [4/4] (1.68ns)   --->   "%biases1_load = load i6 %biases1_addr_1"   --->   Operation 1366 'load' 'biases1_load' <Predicate = (!icmp_ln355)> <Delay = 1.68> <CoreInst = "RAM">   --->   Core 82 'RAM' <Latency = 3> <II = 1> <Delay = 1.68> <Storage> <Opcode : 'load' 'store'> <Ports = 2> <Width = 32> <Depth = 64> <RAM>

State 236 <SV = 129> <Delay = 1.68>
ST_236 : Operation 1367 [3/4] (1.68ns)   --->   "%biases1_load = load i6 %biases1_addr_1"   --->   Operation 1367 'load' 'biases1_load' <Predicate = (!icmp_ln355)> <Delay = 1.68> <CoreInst = "RAM">   --->   Core 82 'RAM' <Latency = 3> <II = 1> <Delay = 1.68> <Storage> <Opcode : 'load' 'store'> <Ports = 2> <Width = 32> <Depth = 64> <RAM>

State 237 <SV = 130> <Delay = 1.68>
ST_237 : Operation 1368 [2/4] (1.68ns)   --->   "%biases1_load = load i6 %biases1_addr_1"   --->   Operation 1368 'load' 'biases1_load' <Predicate = (!icmp_ln355)> <Delay = 1.68> <CoreInst = "RAM">   --->   Core 82 'RAM' <Latency = 3> <II = 1> <Delay = 1.68> <Storage> <Opcode : 'load' 'store'> <Ports = 2> <Width = 32> <Depth = 64> <RAM>

State 238 <SV = 131> <Delay = 1.68>
ST_238 : Operation 1369 [1/4] (1.68ns)   --->   "%biases1_load = load i6 %biases1_addr_1"   --->   Operation 1369 'load' 'biases1_load' <Predicate = (!icmp_ln355)> <Delay = 1.68> <CoreInst = "RAM">   --->   Core 82 'RAM' <Latency = 3> <II = 1> <Delay = 1.68> <Storage> <Opcode : 'load' 'store'> <Ports = 2> <Width = 32> <Depth = 64> <RAM>

State 239 <SV = 132> <Delay = 4.75>
ST_239 : Operation 1370 [1/1] (0.00ns)   --->   "%t = bitconcatenate i48 @_ssdm_op_BitConcatenate.i48.i32.i16, i32 %biases1_load, i16 0"   --->   Operation 1370 'bitconcatenate' 't' <Predicate = (!icmp_ln355)> <Delay = 0.00>
ST_239 : Operation 1371 [52/52] (4.75ns)   --->   "%sdiv_ln1148 = sdiv i48 %t, i48 %conv_i641_cast"   --->   Operation 1371 'sdiv' 'sdiv_ln1148' <Predicate = (!icmp_ln355)> <Delay = 4.75> <CoreInst = "Divider">   --->   Core 6 'Divider' <Latency = 51> <II = 1> <Delay = 4.75> <FuncUnit> <Opcode : 'sdiv' 'srem' 'udiv' 'urem'> <InPorts = 2> <OutPorts = 1>

State 240 <SV = 133> <Delay = 4.75>
ST_240 : Operation 1372 [51/52] (4.75ns)   --->   "%sdiv_ln1148 = sdiv i48 %t, i48 %conv_i641_cast"   --->   Operation 1372 'sdiv' 'sdiv_ln1148' <Predicate = (!icmp_ln355)> <Delay = 4.75> <CoreInst = "Divider">   --->   Core 6 'Divider' <Latency = 51> <II = 1> <Delay = 4.75> <FuncUnit> <Opcode : 'sdiv' 'srem' 'udiv' 'urem'> <InPorts = 2> <OutPorts = 1>

State 241 <SV = 134> <Delay = 4.75>
ST_241 : Operation 1373 [50/52] (4.75ns)   --->   "%sdiv_ln1148 = sdiv i48 %t, i48 %conv_i641_cast"   --->   Operation 1373 'sdiv' 'sdiv_ln1148' <Predicate = (!icmp_ln355)> <Delay = 4.75> <CoreInst = "Divider">   --->   Core 6 'Divider' <Latency = 51> <II = 1> <Delay = 4.75> <FuncUnit> <Opcode : 'sdiv' 'srem' 'udiv' 'urem'> <InPorts = 2> <OutPorts = 1>

State 242 <SV = 135> <Delay = 4.75>
ST_242 : Operation 1374 [49/52] (4.75ns)   --->   "%sdiv_ln1148 = sdiv i48 %t, i48 %conv_i641_cast"   --->   Operation 1374 'sdiv' 'sdiv_ln1148' <Predicate = (!icmp_ln355)> <Delay = 4.75> <CoreInst = "Divider">   --->   Core 6 'Divider' <Latency = 51> <II = 1> <Delay = 4.75> <FuncUnit> <Opcode : 'sdiv' 'srem' 'udiv' 'urem'> <InPorts = 2> <OutPorts = 1>

State 243 <SV = 136> <Delay = 4.75>
ST_243 : Operation 1375 [48/52] (4.75ns)   --->   "%sdiv_ln1148 = sdiv i48 %t, i48 %conv_i641_cast"   --->   Operation 1375 'sdiv' 'sdiv_ln1148' <Predicate = (!icmp_ln355)> <Delay = 4.75> <CoreInst = "Divider">   --->   Core 6 'Divider' <Latency = 51> <II = 1> <Delay = 4.75> <FuncUnit> <Opcode : 'sdiv' 'srem' 'udiv' 'urem'> <InPorts = 2> <OutPorts = 1>

State 244 <SV = 137> <Delay = 4.75>
ST_244 : Operation 1376 [47/52] (4.75ns)   --->   "%sdiv_ln1148 = sdiv i48 %t, i48 %conv_i641_cast"   --->   Operation 1376 'sdiv' 'sdiv_ln1148' <Predicate = (!icmp_ln355)> <Delay = 4.75> <CoreInst = "Divider">   --->   Core 6 'Divider' <Latency = 51> <II = 1> <Delay = 4.75> <FuncUnit> <Opcode : 'sdiv' 'srem' 'udiv' 'urem'> <InPorts = 2> <OutPorts = 1>

State 245 <SV = 138> <Delay = 4.75>
ST_245 : Operation 1377 [46/52] (4.75ns)   --->   "%sdiv_ln1148 = sdiv i48 %t, i48 %conv_i641_cast"   --->   Operation 1377 'sdiv' 'sdiv_ln1148' <Predicate = (!icmp_ln355)> <Delay = 4.75> <CoreInst = "Divider">   --->   Core 6 'Divider' <Latency = 51> <II = 1> <Delay = 4.75> <FuncUnit> <Opcode : 'sdiv' 'srem' 'udiv' 'urem'> <InPorts = 2> <OutPorts = 1>

State 246 <SV = 139> <Delay = 4.75>
ST_246 : Operation 1378 [45/52] (4.75ns)   --->   "%sdiv_ln1148 = sdiv i48 %t, i48 %conv_i641_cast"   --->   Operation 1378 'sdiv' 'sdiv_ln1148' <Predicate = (!icmp_ln355)> <Delay = 4.75> <CoreInst = "Divider">   --->   Core 6 'Divider' <Latency = 51> <II = 1> <Delay = 4.75> <FuncUnit> <Opcode : 'sdiv' 'srem' 'udiv' 'urem'> <InPorts = 2> <OutPorts = 1>

State 247 <SV = 140> <Delay = 4.75>
ST_247 : Operation 1379 [44/52] (4.75ns)   --->   "%sdiv_ln1148 = sdiv i48 %t, i48 %conv_i641_cast"   --->   Operation 1379 'sdiv' 'sdiv_ln1148' <Predicate = (!icmp_ln355)> <Delay = 4.75> <CoreInst = "Divider">   --->   Core 6 'Divider' <Latency = 51> <II = 1> <Delay = 4.75> <FuncUnit> <Opcode : 'sdiv' 'srem' 'udiv' 'urem'> <InPorts = 2> <OutPorts = 1>

State 248 <SV = 141> <Delay = 4.75>
ST_248 : Operation 1380 [43/52] (4.75ns)   --->   "%sdiv_ln1148 = sdiv i48 %t, i48 %conv_i641_cast"   --->   Operation 1380 'sdiv' 'sdiv_ln1148' <Predicate = (!icmp_ln355)> <Delay = 4.75> <CoreInst = "Divider">   --->   Core 6 'Divider' <Latency = 51> <II = 1> <Delay = 4.75> <FuncUnit> <Opcode : 'sdiv' 'srem' 'udiv' 'urem'> <InPorts = 2> <OutPorts = 1>

State 249 <SV = 142> <Delay = 4.75>
ST_249 : Operation 1381 [42/52] (4.75ns)   --->   "%sdiv_ln1148 = sdiv i48 %t, i48 %conv_i641_cast"   --->   Operation 1381 'sdiv' 'sdiv_ln1148' <Predicate = (!icmp_ln355)> <Delay = 4.75> <CoreInst = "Divider">   --->   Core 6 'Divider' <Latency = 51> <II = 1> <Delay = 4.75> <FuncUnit> <Opcode : 'sdiv' 'srem' 'udiv' 'urem'> <InPorts = 2> <OutPorts = 1>

State 250 <SV = 143> <Delay = 4.75>
ST_250 : Operation 1382 [41/52] (4.75ns)   --->   "%sdiv_ln1148 = sdiv i48 %t, i48 %conv_i641_cast"   --->   Operation 1382 'sdiv' 'sdiv_ln1148' <Predicate = (!icmp_ln355)> <Delay = 4.75> <CoreInst = "Divider">   --->   Core 6 'Divider' <Latency = 51> <II = 1> <Delay = 4.75> <FuncUnit> <Opcode : 'sdiv' 'srem' 'udiv' 'urem'> <InPorts = 2> <OutPorts = 1>

State 251 <SV = 144> <Delay = 4.75>
ST_251 : Operation 1383 [40/52] (4.75ns)   --->   "%sdiv_ln1148 = sdiv i48 %t, i48 %conv_i641_cast"   --->   Operation 1383 'sdiv' 'sdiv_ln1148' <Predicate = (!icmp_ln355)> <Delay = 4.75> <CoreInst = "Divider">   --->   Core 6 'Divider' <Latency = 51> <II = 1> <Delay = 4.75> <FuncUnit> <Opcode : 'sdiv' 'srem' 'udiv' 'urem'> <InPorts = 2> <OutPorts = 1>

State 252 <SV = 145> <Delay = 4.75>
ST_252 : Operation 1384 [39/52] (4.75ns)   --->   "%sdiv_ln1148 = sdiv i48 %t, i48 %conv_i641_cast"   --->   Operation 1384 'sdiv' 'sdiv_ln1148' <Predicate = (!icmp_ln355)> <Delay = 4.75> <CoreInst = "Divider">   --->   Core 6 'Divider' <Latency = 51> <II = 1> <Delay = 4.75> <FuncUnit> <Opcode : 'sdiv' 'srem' 'udiv' 'urem'> <InPorts = 2> <OutPorts = 1>

State 253 <SV = 146> <Delay = 4.75>
ST_253 : Operation 1385 [38/52] (4.75ns)   --->   "%sdiv_ln1148 = sdiv i48 %t, i48 %conv_i641_cast"   --->   Operation 1385 'sdiv' 'sdiv_ln1148' <Predicate = (!icmp_ln355)> <Delay = 4.75> <CoreInst = "Divider">   --->   Core 6 'Divider' <Latency = 51> <II = 1> <Delay = 4.75> <FuncUnit> <Opcode : 'sdiv' 'srem' 'udiv' 'urem'> <InPorts = 2> <OutPorts = 1>

State 254 <SV = 147> <Delay = 4.75>
ST_254 : Operation 1386 [37/52] (4.75ns)   --->   "%sdiv_ln1148 = sdiv i48 %t, i48 %conv_i641_cast"   --->   Operation 1386 'sdiv' 'sdiv_ln1148' <Predicate = (!icmp_ln355)> <Delay = 4.75> <CoreInst = "Divider">   --->   Core 6 'Divider' <Latency = 51> <II = 1> <Delay = 4.75> <FuncUnit> <Opcode : 'sdiv' 'srem' 'udiv' 'urem'> <InPorts = 2> <OutPorts = 1>

State 255 <SV = 148> <Delay = 4.75>
ST_255 : Operation 1387 [36/52] (4.75ns)   --->   "%sdiv_ln1148 = sdiv i48 %t, i48 %conv_i641_cast"   --->   Operation 1387 'sdiv' 'sdiv_ln1148' <Predicate = (!icmp_ln355)> <Delay = 4.75> <CoreInst = "Divider">   --->   Core 6 'Divider' <Latency = 51> <II = 1> <Delay = 4.75> <FuncUnit> <Opcode : 'sdiv' 'srem' 'udiv' 'urem'> <InPorts = 2> <OutPorts = 1>

State 256 <SV = 149> <Delay = 4.75>
ST_256 : Operation 1388 [35/52] (4.75ns)   --->   "%sdiv_ln1148 = sdiv i48 %t, i48 %conv_i641_cast"   --->   Operation 1388 'sdiv' 'sdiv_ln1148' <Predicate = (!icmp_ln355)> <Delay = 4.75> <CoreInst = "Divider">   --->   Core 6 'Divider' <Latency = 51> <II = 1> <Delay = 4.75> <FuncUnit> <Opcode : 'sdiv' 'srem' 'udiv' 'urem'> <InPorts = 2> <OutPorts = 1>

State 257 <SV = 150> <Delay = 4.75>
ST_257 : Operation 1389 [34/52] (4.75ns)   --->   "%sdiv_ln1148 = sdiv i48 %t, i48 %conv_i641_cast"   --->   Operation 1389 'sdiv' 'sdiv_ln1148' <Predicate = (!icmp_ln355)> <Delay = 4.75> <CoreInst = "Divider">   --->   Core 6 'Divider' <Latency = 51> <II = 1> <Delay = 4.75> <FuncUnit> <Opcode : 'sdiv' 'srem' 'udiv' 'urem'> <InPorts = 2> <OutPorts = 1>

State 258 <SV = 151> <Delay = 4.75>
ST_258 : Operation 1390 [33/52] (4.75ns)   --->   "%sdiv_ln1148 = sdiv i48 %t, i48 %conv_i641_cast"   --->   Operation 1390 'sdiv' 'sdiv_ln1148' <Predicate = (!icmp_ln355)> <Delay = 4.75> <CoreInst = "Divider">   --->   Core 6 'Divider' <Latency = 51> <II = 1> <Delay = 4.75> <FuncUnit> <Opcode : 'sdiv' 'srem' 'udiv' 'urem'> <InPorts = 2> <OutPorts = 1>

State 259 <SV = 152> <Delay = 4.75>
ST_259 : Operation 1391 [32/52] (4.75ns)   --->   "%sdiv_ln1148 = sdiv i48 %t, i48 %conv_i641_cast"   --->   Operation 1391 'sdiv' 'sdiv_ln1148' <Predicate = (!icmp_ln355)> <Delay = 4.75> <CoreInst = "Divider">   --->   Core 6 'Divider' <Latency = 51> <II = 1> <Delay = 4.75> <FuncUnit> <Opcode : 'sdiv' 'srem' 'udiv' 'urem'> <InPorts = 2> <OutPorts = 1>

State 260 <SV = 153> <Delay = 4.75>
ST_260 : Operation 1392 [31/52] (4.75ns)   --->   "%sdiv_ln1148 = sdiv i48 %t, i48 %conv_i641_cast"   --->   Operation 1392 'sdiv' 'sdiv_ln1148' <Predicate = (!icmp_ln355)> <Delay = 4.75> <CoreInst = "Divider">   --->   Core 6 'Divider' <Latency = 51> <II = 1> <Delay = 4.75> <FuncUnit> <Opcode : 'sdiv' 'srem' 'udiv' 'urem'> <InPorts = 2> <OutPorts = 1>

State 261 <SV = 154> <Delay = 4.75>
ST_261 : Operation 1393 [30/52] (4.75ns)   --->   "%sdiv_ln1148 = sdiv i48 %t, i48 %conv_i641_cast"   --->   Operation 1393 'sdiv' 'sdiv_ln1148' <Predicate = (!icmp_ln355)> <Delay = 4.75> <CoreInst = "Divider">   --->   Core 6 'Divider' <Latency = 51> <II = 1> <Delay = 4.75> <FuncUnit> <Opcode : 'sdiv' 'srem' 'udiv' 'urem'> <InPorts = 2> <OutPorts = 1>

State 262 <SV = 155> <Delay = 4.75>
ST_262 : Operation 1394 [29/52] (4.75ns)   --->   "%sdiv_ln1148 = sdiv i48 %t, i48 %conv_i641_cast"   --->   Operation 1394 'sdiv' 'sdiv_ln1148' <Predicate = (!icmp_ln355)> <Delay = 4.75> <CoreInst = "Divider">   --->   Core 6 'Divider' <Latency = 51> <II = 1> <Delay = 4.75> <FuncUnit> <Opcode : 'sdiv' 'srem' 'udiv' 'urem'> <InPorts = 2> <OutPorts = 1>

State 263 <SV = 156> <Delay = 4.75>
ST_263 : Operation 1395 [28/52] (4.75ns)   --->   "%sdiv_ln1148 = sdiv i48 %t, i48 %conv_i641_cast"   --->   Operation 1395 'sdiv' 'sdiv_ln1148' <Predicate = (!icmp_ln355)> <Delay = 4.75> <CoreInst = "Divider">   --->   Core 6 'Divider' <Latency = 51> <II = 1> <Delay = 4.75> <FuncUnit> <Opcode : 'sdiv' 'srem' 'udiv' 'urem'> <InPorts = 2> <OutPorts = 1>

State 264 <SV = 157> <Delay = 4.75>
ST_264 : Operation 1396 [27/52] (4.75ns)   --->   "%sdiv_ln1148 = sdiv i48 %t, i48 %conv_i641_cast"   --->   Operation 1396 'sdiv' 'sdiv_ln1148' <Predicate = (!icmp_ln355)> <Delay = 4.75> <CoreInst = "Divider">   --->   Core 6 'Divider' <Latency = 51> <II = 1> <Delay = 4.75> <FuncUnit> <Opcode : 'sdiv' 'srem' 'udiv' 'urem'> <InPorts = 2> <OutPorts = 1>

State 265 <SV = 158> <Delay = 4.75>
ST_265 : Operation 1397 [26/52] (4.75ns)   --->   "%sdiv_ln1148 = sdiv i48 %t, i48 %conv_i641_cast"   --->   Operation 1397 'sdiv' 'sdiv_ln1148' <Predicate = (!icmp_ln355)> <Delay = 4.75> <CoreInst = "Divider">   --->   Core 6 'Divider' <Latency = 51> <II = 1> <Delay = 4.75> <FuncUnit> <Opcode : 'sdiv' 'srem' 'udiv' 'urem'> <InPorts = 2> <OutPorts = 1>

State 266 <SV = 159> <Delay = 4.75>
ST_266 : Operation 1398 [25/52] (4.75ns)   --->   "%sdiv_ln1148 = sdiv i48 %t, i48 %conv_i641_cast"   --->   Operation 1398 'sdiv' 'sdiv_ln1148' <Predicate = (!icmp_ln355)> <Delay = 4.75> <CoreInst = "Divider">   --->   Core 6 'Divider' <Latency = 51> <II = 1> <Delay = 4.75> <FuncUnit> <Opcode : 'sdiv' 'srem' 'udiv' 'urem'> <InPorts = 2> <OutPorts = 1>

State 267 <SV = 160> <Delay = 4.75>
ST_267 : Operation 1399 [24/52] (4.75ns)   --->   "%sdiv_ln1148 = sdiv i48 %t, i48 %conv_i641_cast"   --->   Operation 1399 'sdiv' 'sdiv_ln1148' <Predicate = (!icmp_ln355)> <Delay = 4.75> <CoreInst = "Divider">   --->   Core 6 'Divider' <Latency = 51> <II = 1> <Delay = 4.75> <FuncUnit> <Opcode : 'sdiv' 'srem' 'udiv' 'urem'> <InPorts = 2> <OutPorts = 1>

State 268 <SV = 161> <Delay = 4.75>
ST_268 : Operation 1400 [23/52] (4.75ns)   --->   "%sdiv_ln1148 = sdiv i48 %t, i48 %conv_i641_cast"   --->   Operation 1400 'sdiv' 'sdiv_ln1148' <Predicate = (!icmp_ln355)> <Delay = 4.75> <CoreInst = "Divider">   --->   Core 6 'Divider' <Latency = 51> <II = 1> <Delay = 4.75> <FuncUnit> <Opcode : 'sdiv' 'srem' 'udiv' 'urem'> <InPorts = 2> <OutPorts = 1>

State 269 <SV = 162> <Delay = 4.75>
ST_269 : Operation 1401 [22/52] (4.75ns)   --->   "%sdiv_ln1148 = sdiv i48 %t, i48 %conv_i641_cast"   --->   Operation 1401 'sdiv' 'sdiv_ln1148' <Predicate = (!icmp_ln355)> <Delay = 4.75> <CoreInst = "Divider">   --->   Core 6 'Divider' <Latency = 51> <II = 1> <Delay = 4.75> <FuncUnit> <Opcode : 'sdiv' 'srem' 'udiv' 'urem'> <InPorts = 2> <OutPorts = 1>

State 270 <SV = 163> <Delay = 4.75>
ST_270 : Operation 1402 [21/52] (4.75ns)   --->   "%sdiv_ln1148 = sdiv i48 %t, i48 %conv_i641_cast"   --->   Operation 1402 'sdiv' 'sdiv_ln1148' <Predicate = (!icmp_ln355)> <Delay = 4.75> <CoreInst = "Divider">   --->   Core 6 'Divider' <Latency = 51> <II = 1> <Delay = 4.75> <FuncUnit> <Opcode : 'sdiv' 'srem' 'udiv' 'urem'> <InPorts = 2> <OutPorts = 1>

State 271 <SV = 164> <Delay = 4.75>
ST_271 : Operation 1403 [20/52] (4.75ns)   --->   "%sdiv_ln1148 = sdiv i48 %t, i48 %conv_i641_cast"   --->   Operation 1403 'sdiv' 'sdiv_ln1148' <Predicate = (!icmp_ln355)> <Delay = 4.75> <CoreInst = "Divider">   --->   Core 6 'Divider' <Latency = 51> <II = 1> <Delay = 4.75> <FuncUnit> <Opcode : 'sdiv' 'srem' 'udiv' 'urem'> <InPorts = 2> <OutPorts = 1>

State 272 <SV = 165> <Delay = 4.75>
ST_272 : Operation 1404 [19/52] (4.75ns)   --->   "%sdiv_ln1148 = sdiv i48 %t, i48 %conv_i641_cast"   --->   Operation 1404 'sdiv' 'sdiv_ln1148' <Predicate = (!icmp_ln355)> <Delay = 4.75> <CoreInst = "Divider">   --->   Core 6 'Divider' <Latency = 51> <II = 1> <Delay = 4.75> <FuncUnit> <Opcode : 'sdiv' 'srem' 'udiv' 'urem'> <InPorts = 2> <OutPorts = 1>

State 273 <SV = 166> <Delay = 4.75>
ST_273 : Operation 1405 [18/52] (4.75ns)   --->   "%sdiv_ln1148 = sdiv i48 %t, i48 %conv_i641_cast"   --->   Operation 1405 'sdiv' 'sdiv_ln1148' <Predicate = (!icmp_ln355)> <Delay = 4.75> <CoreInst = "Divider">   --->   Core 6 'Divider' <Latency = 51> <II = 1> <Delay = 4.75> <FuncUnit> <Opcode : 'sdiv' 'srem' 'udiv' 'urem'> <InPorts = 2> <OutPorts = 1>

State 274 <SV = 167> <Delay = 4.75>
ST_274 : Operation 1406 [17/52] (4.75ns)   --->   "%sdiv_ln1148 = sdiv i48 %t, i48 %conv_i641_cast"   --->   Operation 1406 'sdiv' 'sdiv_ln1148' <Predicate = (!icmp_ln355)> <Delay = 4.75> <CoreInst = "Divider">   --->   Core 6 'Divider' <Latency = 51> <II = 1> <Delay = 4.75> <FuncUnit> <Opcode : 'sdiv' 'srem' 'udiv' 'urem'> <InPorts = 2> <OutPorts = 1>

State 275 <SV = 168> <Delay = 4.75>
ST_275 : Operation 1407 [16/52] (4.75ns)   --->   "%sdiv_ln1148 = sdiv i48 %t, i48 %conv_i641_cast"   --->   Operation 1407 'sdiv' 'sdiv_ln1148' <Predicate = (!icmp_ln355)> <Delay = 4.75> <CoreInst = "Divider">   --->   Core 6 'Divider' <Latency = 51> <II = 1> <Delay = 4.75> <FuncUnit> <Opcode : 'sdiv' 'srem' 'udiv' 'urem'> <InPorts = 2> <OutPorts = 1>

State 276 <SV = 169> <Delay = 4.75>
ST_276 : Operation 1408 [15/52] (4.75ns)   --->   "%sdiv_ln1148 = sdiv i48 %t, i48 %conv_i641_cast"   --->   Operation 1408 'sdiv' 'sdiv_ln1148' <Predicate = (!icmp_ln355)> <Delay = 4.75> <CoreInst = "Divider">   --->   Core 6 'Divider' <Latency = 51> <II = 1> <Delay = 4.75> <FuncUnit> <Opcode : 'sdiv' 'srem' 'udiv' 'urem'> <InPorts = 2> <OutPorts = 1>

State 277 <SV = 170> <Delay = 4.75>
ST_277 : Operation 1409 [14/52] (4.75ns)   --->   "%sdiv_ln1148 = sdiv i48 %t, i48 %conv_i641_cast"   --->   Operation 1409 'sdiv' 'sdiv_ln1148' <Predicate = (!icmp_ln355)> <Delay = 4.75> <CoreInst = "Divider">   --->   Core 6 'Divider' <Latency = 51> <II = 1> <Delay = 4.75> <FuncUnit> <Opcode : 'sdiv' 'srem' 'udiv' 'urem'> <InPorts = 2> <OutPorts = 1>

State 278 <SV = 171> <Delay = 4.75>
ST_278 : Operation 1410 [13/52] (4.75ns)   --->   "%sdiv_ln1148 = sdiv i48 %t, i48 %conv_i641_cast"   --->   Operation 1410 'sdiv' 'sdiv_ln1148' <Predicate = (!icmp_ln355)> <Delay = 4.75> <CoreInst = "Divider">   --->   Core 6 'Divider' <Latency = 51> <II = 1> <Delay = 4.75> <FuncUnit> <Opcode : 'sdiv' 'srem' 'udiv' 'urem'> <InPorts = 2> <OutPorts = 1>

State 279 <SV = 172> <Delay = 4.75>
ST_279 : Operation 1411 [12/52] (4.75ns)   --->   "%sdiv_ln1148 = sdiv i48 %t, i48 %conv_i641_cast"   --->   Operation 1411 'sdiv' 'sdiv_ln1148' <Predicate = (!icmp_ln355)> <Delay = 4.75> <CoreInst = "Divider">   --->   Core 6 'Divider' <Latency = 51> <II = 1> <Delay = 4.75> <FuncUnit> <Opcode : 'sdiv' 'srem' 'udiv' 'urem'> <InPorts = 2> <OutPorts = 1>

State 280 <SV = 173> <Delay = 4.75>
ST_280 : Operation 1412 [11/52] (4.75ns)   --->   "%sdiv_ln1148 = sdiv i48 %t, i48 %conv_i641_cast"   --->   Operation 1412 'sdiv' 'sdiv_ln1148' <Predicate = (!icmp_ln355)> <Delay = 4.75> <CoreInst = "Divider">   --->   Core 6 'Divider' <Latency = 51> <II = 1> <Delay = 4.75> <FuncUnit> <Opcode : 'sdiv' 'srem' 'udiv' 'urem'> <InPorts = 2> <OutPorts = 1>

State 281 <SV = 174> <Delay = 4.75>
ST_281 : Operation 1413 [10/52] (4.75ns)   --->   "%sdiv_ln1148 = sdiv i48 %t, i48 %conv_i641_cast"   --->   Operation 1413 'sdiv' 'sdiv_ln1148' <Predicate = (!icmp_ln355)> <Delay = 4.75> <CoreInst = "Divider">   --->   Core 6 'Divider' <Latency = 51> <II = 1> <Delay = 4.75> <FuncUnit> <Opcode : 'sdiv' 'srem' 'udiv' 'urem'> <InPorts = 2> <OutPorts = 1>

State 282 <SV = 175> <Delay = 4.75>
ST_282 : Operation 1414 [9/52] (4.75ns)   --->   "%sdiv_ln1148 = sdiv i48 %t, i48 %conv_i641_cast"   --->   Operation 1414 'sdiv' 'sdiv_ln1148' <Predicate = (!icmp_ln355)> <Delay = 4.75> <CoreInst = "Divider">   --->   Core 6 'Divider' <Latency = 51> <II = 1> <Delay = 4.75> <FuncUnit> <Opcode : 'sdiv' 'srem' 'udiv' 'urem'> <InPorts = 2> <OutPorts = 1>

State 283 <SV = 176> <Delay = 4.75>
ST_283 : Operation 1415 [8/52] (4.75ns)   --->   "%sdiv_ln1148 = sdiv i48 %t, i48 %conv_i641_cast"   --->   Operation 1415 'sdiv' 'sdiv_ln1148' <Predicate = (!icmp_ln355)> <Delay = 4.75> <CoreInst = "Divider">   --->   Core 6 'Divider' <Latency = 51> <II = 1> <Delay = 4.75> <FuncUnit> <Opcode : 'sdiv' 'srem' 'udiv' 'urem'> <InPorts = 2> <OutPorts = 1>

State 284 <SV = 177> <Delay = 4.75>
ST_284 : Operation 1416 [7/52] (4.75ns)   --->   "%sdiv_ln1148 = sdiv i48 %t, i48 %conv_i641_cast"   --->   Operation 1416 'sdiv' 'sdiv_ln1148' <Predicate = (!icmp_ln355)> <Delay = 4.75> <CoreInst = "Divider">   --->   Core 6 'Divider' <Latency = 51> <II = 1> <Delay = 4.75> <FuncUnit> <Opcode : 'sdiv' 'srem' 'udiv' 'urem'> <InPorts = 2> <OutPorts = 1>

State 285 <SV = 178> <Delay = 4.75>
ST_285 : Operation 1417 [6/52] (4.75ns)   --->   "%sdiv_ln1148 = sdiv i48 %t, i48 %conv_i641_cast"   --->   Operation 1417 'sdiv' 'sdiv_ln1148' <Predicate = (!icmp_ln355)> <Delay = 4.75> <CoreInst = "Divider">   --->   Core 6 'Divider' <Latency = 51> <II = 1> <Delay = 4.75> <FuncUnit> <Opcode : 'sdiv' 'srem' 'udiv' 'urem'> <InPorts = 2> <OutPorts = 1>

State 286 <SV = 179> <Delay = 4.75>
ST_286 : Operation 1418 [5/52] (4.75ns)   --->   "%sdiv_ln1148 = sdiv i48 %t, i48 %conv_i641_cast"   --->   Operation 1418 'sdiv' 'sdiv_ln1148' <Predicate = (!icmp_ln355)> <Delay = 4.75> <CoreInst = "Divider">   --->   Core 6 'Divider' <Latency = 51> <II = 1> <Delay = 4.75> <FuncUnit> <Opcode : 'sdiv' 'srem' 'udiv' 'urem'> <InPorts = 2> <OutPorts = 1>

State 287 <SV = 180> <Delay = 4.75>
ST_287 : Operation 1419 [4/52] (4.75ns)   --->   "%sdiv_ln1148 = sdiv i48 %t, i48 %conv_i641_cast"   --->   Operation 1419 'sdiv' 'sdiv_ln1148' <Predicate = (!icmp_ln355)> <Delay = 4.75> <CoreInst = "Divider">   --->   Core 6 'Divider' <Latency = 51> <II = 1> <Delay = 4.75> <FuncUnit> <Opcode : 'sdiv' 'srem' 'udiv' 'urem'> <InPorts = 2> <OutPorts = 1>

State 288 <SV = 181> <Delay = 4.75>
ST_288 : Operation 1420 [3/52] (4.75ns)   --->   "%sdiv_ln1148 = sdiv i48 %t, i48 %conv_i641_cast"   --->   Operation 1420 'sdiv' 'sdiv_ln1148' <Predicate = (!icmp_ln355)> <Delay = 4.75> <CoreInst = "Divider">   --->   Core 6 'Divider' <Latency = 51> <II = 1> <Delay = 4.75> <FuncUnit> <Opcode : 'sdiv' 'srem' 'udiv' 'urem'> <InPorts = 2> <OutPorts = 1>

State 289 <SV = 182> <Delay = 4.75>
ST_289 : Operation 1421 [2/52] (4.75ns)   --->   "%sdiv_ln1148 = sdiv i48 %t, i48 %conv_i641_cast"   --->   Operation 1421 'sdiv' 'sdiv_ln1148' <Predicate = (!icmp_ln355)> <Delay = 4.75> <CoreInst = "Divider">   --->   Core 6 'Divider' <Latency = 51> <II = 1> <Delay = 4.75> <FuncUnit> <Opcode : 'sdiv' 'srem' 'udiv' 'urem'> <InPorts = 2> <OutPorts = 1>

State 290 <SV = 183> <Delay = 4.75>
ST_290 : Operation 1422 [1/52] (4.75ns)   --->   "%sdiv_ln1148 = sdiv i48 %t, i48 %conv_i641_cast"   --->   Operation 1422 'sdiv' 'sdiv_ln1148' <Predicate = (!icmp_ln355)> <Delay = 4.75> <CoreInst = "Divider">   --->   Core 6 'Divider' <Latency = 51> <II = 1> <Delay = 4.75> <FuncUnit> <Opcode : 'sdiv' 'srem' 'udiv' 'urem'> <InPorts = 2> <OutPorts = 1>

State 291 <SV = 184> <Delay = 1.68>
ST_291 : Operation 1423 [1/1] (0.00ns)   --->   "%trunc_ln703_1 = trunc i32 %sdiv_ln1148"   --->   Operation 1423 'trunc' 'trunc_ln703_1' <Predicate = (!icmp_ln355)> <Delay = 0.00>
ST_291 : Operation 1424 [2/2] (1.68ns)   --->   "%store_ln356 = store i32 %trunc_ln703_1, i6 %biases1_addr_1" [backprop.cpp:356]   --->   Operation 1424 'store' 'store_ln356' <Predicate = (!icmp_ln355)> <Delay = 1.68> <CoreInst = "RAM">   --->   Core 82 'RAM' <Latency = 3> <II = 1> <Delay = 1.68> <Storage> <Opcode : 'load' 'store'> <Ports = 2> <Width = 32> <Depth = 64> <RAM>

State 292 <SV = 185> <Delay = 1.68>
ST_292 : Operation 1425 [1/1] (0.00ns)   --->   "%specloopname_ln331 = specloopname void @_ssdm_op_SpecLoopName, void @empty_21" [backprop.cpp:331]   --->   Operation 1425 'specloopname' 'specloopname_ln331' <Predicate = (!icmp_ln355)> <Delay = 0.00>
ST_292 : Operation 1426 [1/2] (1.68ns)   --->   "%store_ln356 = store i32 %trunc_ln703_1, i6 %biases1_addr_1" [backprop.cpp:356]   --->   Operation 1426 'store' 'store_ln356' <Predicate = (!icmp_ln355)> <Delay = 1.68> <CoreInst = "RAM">   --->   Core 82 'RAM' <Latency = 3> <II = 1> <Delay = 1.68> <Storage> <Opcode : 'load' 'store'> <Ports = 2> <Width = 32> <Depth = 64> <RAM>
ST_292 : Operation 1427 [1/1] (0.00ns)   --->   "%br_ln0 = br void %_ZNK13ap_fixed_baseILi32ELi16ELb1EL9ap_q_mode5EL9ap_o_mode3ELi0EEdvILi32ELi16ELb1ELS0_5ELS1_3ELi0EEENS2_5RTypeIXT_EXT0_EXT1_EE3divERKS_IXT_EXT0_EXT1_EXT2_EXT3_EXT4_EE.exit645"   --->   Operation 1427 'br' 'br_ln0' <Predicate = (!icmp_ln355)> <Delay = 0.00>

State 293 <SV = 129> <Delay = 1.58>
ST_293 : Operation 1428 [1/1] (1.58ns)   --->   "%store_ln0 = store i32 0, i32 %reuse_reg74"   --->   Operation 1428 'store' 'store_ln0' <Predicate = true> <Delay = 1.58>
ST_293 : Operation 1429 [1/1] (1.58ns)   --->   "%store_ln0 = store i64 18446744073709551615, i64 %reuse_addr_reg75"   --->   Operation 1429 'store' 'store_ln0' <Predicate = true> <Delay = 1.58>
ST_293 : Operation 1430 [1/1] (1.46ns)   --->   "%br_ln331 = br void %_ZN13ap_fixed_baseILi65ELi33ELb1EL9ap_q_mode5EL9ap_o_mode3ELi0EEC2ILi32ELi16ELb1ELS0_5ELS1_3ELi0EEERKS_IXT_EXT0_EXT1_EXT2_EXT3_EXT4_EE.exit.i.i597" [backprop.cpp:331]   --->   Operation 1430 'br' 'br_ln331' <Predicate = true> <Delay = 1.46>

State 294 <SV = 130> <Delay = 2.09>
ST_294 : Operation 1431 [1/1] (0.00ns)   --->   "%indvar_flatten13 = phi i13 %add_ln362, void %.preheader138, i13 0, void %_ZN13ap_fixed_baseILi65ELi33ELb1EL9ap_q_mode5EL9ap_o_mode3ELi0EEC2ILi32ELi16ELb1ELS0_5ELS1_3ELi0EEERKS_IXT_EXT0_EXT1_EXT2_EXT3_EXT4_EE.exit.i.i597.preheader" [backprop.cpp:362]   --->   Operation 1431 'phi' 'indvar_flatten13' <Predicate = true> <Delay = 0.00>
ST_294 : Operation 1432 [1/1] (0.00ns)   --->   "%i_4 = phi i7 %select_ln362_1, void %.preheader138, i7 0, void %_ZN13ap_fixed_baseILi65ELi33ELb1EL9ap_q_mode5EL9ap_o_mode3ELi0EEC2ILi32ELi16ELb1ELS0_5ELS1_3ELi0EEERKS_IXT_EXT0_EXT1_EXT2_EXT3_EXT4_EE.exit.i.i597.preheader" [backprop.cpp:362]   --->   Operation 1432 'phi' 'i_4' <Predicate = true> <Delay = 0.00>
ST_294 : Operation 1433 [2/2] (1.99ns)   --->   "%add_ln362 = add i13 %indvar_flatten13, i13 1" [backprop.cpp:362]   --->   Operation 1433 'add' 'add_ln362' <Predicate = true> <Delay = 1.99> <CoreInst = "Adder">   --->   Core 1 'Adder' <Latency = 1> <II = 1> <Delay = 1.86> <FuncUnit> <Opcode : 'add' 'sub'> <InPorts = 2> <OutPorts = 1>
ST_294 : Operation 1434 [1/1] (2.09ns)   --->   "%icmp_ln362 = icmp_eq  i13 %indvar_flatten13, i13 4096" [backprop.cpp:362]   --->   Operation 1434 'icmp' 'icmp_ln362' <Predicate = true> <Delay = 2.09> <CoreInst = "Cmp">   --->   Core 9 'Cmp' <Latency = 0> <II = 1> <Delay = 0.95> <FuncUnit> <Opcode : 'icmp'> <InPorts = 2> <OutPorts = 1>
ST_294 : Operation 1435 [1/1] (0.00ns)   --->   "%br_ln362 = br i1 %icmp_ln362, void %.preheader138, void %_ZN13ap_fixed_baseILi65ELi33ELb1EL9ap_q_mode5EL9ap_o_mode3ELi0EEC2ILi32ELi16ELb1ELS0_5ELS1_3ELi0EEERKS_IXT_EXT0_EXT1_EXT2_EXT3_EXT4_EE.exit.i.i496.preheader" [backprop.cpp:362]   --->   Operation 1435 'br' 'br_ln362' <Predicate = true> <Delay = 0.00>
ST_294 : Operation 1436 [2/2] (1.92ns)   --->   "%add_ln362_1 = add i7 %i_4, i7 1" [backprop.cpp:362]   --->   Operation 1436 'add' 'add_ln362_1' <Predicate = (!icmp_ln362)> <Delay = 1.92> <CoreInst = "Adder">   --->   Core 1 'Adder' <Latency = 1> <II = 1> <Delay = 1.86> <FuncUnit> <Opcode : 'add' 'sub'> <InPorts = 2> <OutPorts = 1>

State 295 <SV = 131> <Delay = 1.99>
ST_295 : Operation 1437 [1/1] (0.00ns)   --->   "%j_2 = phi i7 %add_ln363, void %.preheader138, i7 0, void %_ZN13ap_fixed_baseILi65ELi33ELb1EL9ap_q_mode5EL9ap_o_mode3ELi0EEC2ILi32ELi16ELb1ELS0_5ELS1_3ELi0EEERKS_IXT_EXT0_EXT1_EXT2_EXT3_EXT4_EE.exit.i.i597.preheader" [backprop.cpp:363]   --->   Operation 1437 'phi' 'j_2' <Predicate = true> <Delay = 0.00>
ST_295 : Operation 1438 [1/1] (0.00ns)   --->   "%norm_V_10 = phi i32 %norm_V_3, void %.preheader138, i32 0, void %_ZN13ap_fixed_baseILi65ELi33ELb1EL9ap_q_mode5EL9ap_o_mode3ELi0EEC2ILi32ELi16ELb1ELS0_5ELS1_3ELi0EEERKS_IXT_EXT0_EXT1_EXT2_EXT3_EXT4_EE.exit.i.i597.preheader"   --->   Operation 1438 'phi' 'norm_V_10' <Predicate = true> <Delay = 0.00>
ST_295 : Operation 1439 [1/2] (1.99ns)   --->   "%add_ln362 = add i13 %indvar_flatten13, i13 1" [backprop.cpp:362]   --->   Operation 1439 'add' 'add_ln362' <Predicate = true> <Delay = 1.99> <CoreInst = "Adder">   --->   Core 1 'Adder' <Latency = 1> <II = 1> <Delay = 1.86> <FuncUnit> <Opcode : 'add' 'sub'> <InPorts = 2> <OutPorts = 1>
ST_295 : Operation 1440 [1/1] (0.00ns)   --->   "%specpipeline_ln0 = specpipeline void @_ssdm_op_SpecPipeline, i32 4294967295, i32 0, i32 1, i32 0, void @p_str"   --->   Operation 1440 'specpipeline' 'specpipeline_ln0' <Predicate = true> <Delay = 0.00>
ST_295 : Operation 1441 [1/1] (1.48ns)   --->   "%icmp_ln363 = icmp_eq  i7 %j_2, i7 64" [backprop.cpp:363]   --->   Operation 1441 'icmp' 'icmp_ln363' <Predicate = (!icmp_ln362)> <Delay = 1.48> <CoreInst = "Cmp">   --->   Core 9 'Cmp' <Latency = 0> <II = 1> <Delay = 0.95> <FuncUnit> <Opcode : 'icmp'> <InPorts = 2> <OutPorts = 1>
ST_295 : Operation 1442 [1/2] (1.92ns)   --->   "%add_ln362_1 = add i7 %i_4, i7 1" [backprop.cpp:362]   --->   Operation 1442 'add' 'add_ln362_1' <Predicate = (!icmp_ln362)> <Delay = 1.92> <CoreInst = "Adder">   --->   Core 1 'Adder' <Latency = 1> <II = 1> <Delay = 1.86> <FuncUnit> <Opcode : 'add' 'sub'> <InPorts = 2> <OutPorts = 1>

State 296 <SV = 132> <Delay = 0.99>
ST_296 : Operation 1443 [1/1] (0.99ns)   --->   "%select_ln362 = select i1 %icmp_ln363, i7 0, i7 %j_2" [backprop.cpp:362]   --->   Operation 1443 'select' 'select_ln362' <Predicate = (!icmp_ln362)> <Delay = 0.99> <CoreInst = "Sel">   --->   Core 73 'Sel' <Latency = 0> <II = 1> <Delay = 0.99> <FuncUnit> <Opcode : 'select'> <InPorts = 3> <OutPorts = 1>
ST_296 : Operation 1444 [1/1] (0.99ns)   --->   "%select_ln362_1 = select i1 %icmp_ln363, i7 %add_ln362_1, i7 %i_4" [backprop.cpp:362]   --->   Operation 1444 'select' 'select_ln362_1' <Predicate = (!icmp_ln362)> <Delay = 0.99> <CoreInst = "Sel">   --->   Core 73 'Sel' <Latency = 0> <II = 1> <Delay = 0.99> <FuncUnit> <Opcode : 'select'> <InPorts = 3> <OutPorts = 1>
ST_296 : Operation 1445 [1/1] (0.00ns)   --->   "%trunc_ln362 = trunc i7 %select_ln362_1" [backprop.cpp:362]   --->   Operation 1445 'trunc' 'trunc_ln362' <Predicate = (!icmp_ln362)> <Delay = 0.00>
ST_296 : Operation 1446 [1/1] (0.00ns)   --->   "%trunc_ln364 = trunc i7 %select_ln362" [backprop.cpp:364]   --->   Operation 1446 'trunc' 'trunc_ln364' <Predicate = (!icmp_ln362)> <Delay = 0.00>

State 297 <SV = 133> <Delay = 1.98>
ST_297 : Operation 1447 [1/1] (0.00ns)   --->   "%shl_ln364_mid2 = bitconcatenate i12 @_ssdm_op_BitConcatenate.i12.i6.i6, i6 %trunc_ln362, i6 0" [backprop.cpp:362]   --->   Operation 1447 'bitconcatenate' 'shl_ln364_mid2' <Predicate = (!icmp_ln362)> <Delay = 0.00>
ST_297 : Operation 1448 [1/1] (0.00ns)   --->   "%j_2_cast = zext i7 %select_ln362" [backprop.cpp:362]   --->   Operation 1448 'zext' 'j_2_cast' <Predicate = (!icmp_ln362)> <Delay = 0.00>
ST_297 : Operation 1449 [2/2] (1.98ns)   --->   "%add_ln364 = add i12 %j_2_cast, i12 %shl_ln364_mid2" [backprop.cpp:364]   --->   Operation 1449 'add' 'add_ln364' <Predicate = (!icmp_ln362)> <Delay = 1.98> <CoreInst = "Adder">   --->   Core 1 'Adder' <Latency = 1> <II = 1> <Delay = 1.86> <FuncUnit> <Opcode : 'add' 'sub'> <InPorts = 2> <OutPorts = 1>
ST_297 : Operation 1450 [2/2] (1.92ns)   --->   "%add_ln363 = add i7 %select_ln362, i7 1" [backprop.cpp:363]   --->   Operation 1450 'add' 'add_ln363' <Predicate = (!icmp_ln362)> <Delay = 1.92> <CoreInst = "Adder">   --->   Core 1 'Adder' <Latency = 1> <II = 1> <Delay = 1.86> <FuncUnit> <Opcode : 'add' 'sub'> <InPorts = 2> <OutPorts = 1>

State 298 <SV = 134> <Delay = 1.98>
ST_298 : Operation 1451 [1/2] (1.98ns)   --->   "%add_ln364 = add i12 %j_2_cast, i12 %shl_ln364_mid2" [backprop.cpp:364]   --->   Operation 1451 'add' 'add_ln364' <Predicate = (!icmp_ln362)> <Delay = 1.98> <CoreInst = "Adder">   --->   Core 1 'Adder' <Latency = 1> <II = 1> <Delay = 1.86> <FuncUnit> <Opcode : 'add' 'sub'> <InPorts = 2> <OutPorts = 1>
ST_298 : Operation 1452 [1/2] (1.92ns)   --->   "%add_ln363 = add i7 %select_ln362, i7 1" [backprop.cpp:363]   --->   Operation 1452 'add' 'add_ln363' <Predicate = (!icmp_ln362)> <Delay = 1.92> <CoreInst = "Adder">   --->   Core 1 'Adder' <Latency = 1> <II = 1> <Delay = 1.86> <FuncUnit> <Opcode : 'add' 'sub'> <InPorts = 2> <OutPorts = 1>

State 299 <SV = 135> <Delay = 1.68>
ST_299 : Operation 1453 [1/1] (0.00ns)   --->   "%zext_ln1116_1 = zext i12 %add_ln364"   --->   Operation 1453 'zext' 'zext_ln1116_1' <Predicate = (!icmp_ln362)> <Delay = 0.00>
ST_299 : Operation 1454 [1/1] (0.00ns)   --->   "%d_weights2_addr = getelementptr i32 %d_weights2, i64 0, i64 %zext_ln1116_1"   --->   Operation 1454 'getelementptr' 'd_weights2_addr' <Predicate = (!icmp_ln362)> <Delay = 0.00>
ST_299 : Operation 1455 [4/4] (1.68ns)   --->   "%r_V_8 = load i12 %d_weights2_addr"   --->   Operation 1455 'load' 'r_V_8' <Predicate = (!icmp_ln362)> <Delay = 1.68> <CoreInst = "RAM">   --->   Core 82 'RAM' <Latency = 3> <II = 1> <Delay = 1.68> <Storage> <Opcode : 'load' 'store'> <Ports = 2> <Width = 32> <Depth = 4096> <RAM>

State 300 <SV = 136> <Delay = 1.68>
ST_300 : Operation 1456 [3/4] (1.68ns)   --->   "%r_V_8 = load i12 %d_weights2_addr"   --->   Operation 1456 'load' 'r_V_8' <Predicate = (!icmp_ln362)> <Delay = 1.68> <CoreInst = "RAM">   --->   Core 82 'RAM' <Latency = 3> <II = 1> <Delay = 1.68> <Storage> <Opcode : 'load' 'store'> <Ports = 2> <Width = 32> <Depth = 4096> <RAM>

State 301 <SV = 137> <Delay = 1.68>
ST_301 : Operation 1457 [2/4] (1.68ns)   --->   "%r_V_8 = load i12 %d_weights2_addr"   --->   Operation 1457 'load' 'r_V_8' <Predicate = (!icmp_ln362)> <Delay = 1.68> <CoreInst = "RAM">   --->   Core 82 'RAM' <Latency = 3> <II = 1> <Delay = 1.68> <Storage> <Opcode : 'load' 'store'> <Ports = 2> <Width = 32> <Depth = 4096> <RAM>

State 302 <SV = 138> <Delay = 1.68>
ST_302 : Operation 1458 [1/4] (1.68ns)   --->   "%r_V_8 = load i12 %d_weights2_addr"   --->   Operation 1458 'load' 'r_V_8' <Predicate = (!icmp_ln362)> <Delay = 1.68> <CoreInst = "RAM">   --->   Core 82 'RAM' <Latency = 3> <II = 1> <Delay = 1.68> <Storage> <Opcode : 'load' 'store'> <Ports = 2> <Width = 32> <Depth = 4096> <RAM>

State 303 <SV = 139> <Delay = 1.93>
ST_303 : Operation 1459 [1/1] (0.00ns)   --->   "%sext_ln1115_6 = sext i32 %r_V_8"   --->   Operation 1459 'sext' 'sext_ln1115_6' <Predicate = (!icmp_ln362)> <Delay = 0.00>
ST_303 : Operation 1460 [7/7] (1.93ns)   --->   "%r_V_9 = mul i43 %sext_ln1115_6, i43 655"   --->   Operation 1460 'mul' 'r_V_9' <Predicate = (!icmp_ln362)> <Delay = 1.93> <CoreInst = "Mul_DSP">   --->   Core 5 'Mul_DSP' <Latency = 6> <II = 1> <Delay = 1.93> <FuncUnit> <Opcode : 'mul'> <InPorts = 2> <OutPorts = 1>

State 304 <SV = 140> <Delay = 1.93>
ST_304 : Operation 1461 [6/7] (1.93ns)   --->   "%r_V_9 = mul i43 %sext_ln1115_6, i43 655"   --->   Operation 1461 'mul' 'r_V_9' <Predicate = (!icmp_ln362)> <Delay = 1.93> <CoreInst = "Mul_DSP">   --->   Core 5 'Mul_DSP' <Latency = 6> <II = 1> <Delay = 1.93> <FuncUnit> <Opcode : 'mul'> <InPorts = 2> <OutPorts = 1>

State 305 <SV = 141> <Delay = 2.77>
ST_305 : Operation 1462 [5/7] (1.93ns)   --->   "%r_V_9 = mul i43 %sext_ln1115_6, i43 655"   --->   Operation 1462 'mul' 'r_V_9' <Predicate = (!icmp_ln362)> <Delay = 1.93> <CoreInst = "Mul_DSP">   --->   Core 5 'Mul_DSP' <Latency = 6> <II = 1> <Delay = 1.93> <FuncUnit> <Opcode : 'mul'> <InPorts = 2> <OutPorts = 1>
ST_305 : Operation 1463 [1/1] (0.00ns)   --->   "%add_ln727_2 = bitconcatenate i12 @_ssdm_op_BitConcatenate.i12.i6.i6, i6 %trunc_ln362, i6 %trunc_ln364"   --->   Operation 1463 'bitconcatenate' 'add_ln727_2' <Predicate = (!icmp_ln362)> <Delay = 0.00>
ST_305 : Operation 1464 [1/1] (0.00ns)   --->   "%zext_ln727_4 = zext i12 %add_ln727_2"   --->   Operation 1464 'zext' 'zext_ln727_4' <Predicate = (!icmp_ln362)> <Delay = 0.00>
ST_305 : Operation 1465 [1/1] (0.00ns)   --->   "%weights2_addr = getelementptr i32 %weights2, i64 0, i64 %zext_ln727_4"   --->   Operation 1465 'getelementptr' 'weights2_addr' <Predicate = (!icmp_ln362)> <Delay = 0.00>
ST_305 : Operation 1466 [1/1] (0.00ns)   --->   "%reuse_addr_reg75_load = load i64 %reuse_addr_reg75"   --->   Operation 1466 'load' 'reuse_addr_reg75_load' <Predicate = (!icmp_ln362)> <Delay = 0.00>
ST_305 : Operation 1467 [4/4] (1.68ns)   --->   "%weights2_load_1 = load i12 %weights2_addr"   --->   Operation 1467 'load' 'weights2_load_1' <Predicate = (!icmp_ln362)> <Delay = 1.68> <CoreInst = "RAM">   --->   Core 82 'RAM' <Latency = 3> <II = 1> <Delay = 1.68> <Storage> <Opcode : 'load' 'store'> <Ports = 2> <Width = 32> <Depth = 4096> <RAM>
ST_305 : Operation 1468 [1/1] (2.77ns)   --->   "%addr_cmp78 = icmp_eq  i64 %reuse_addr_reg75_load, i64 %zext_ln727_4"   --->   Operation 1468 'icmp' 'addr_cmp78' <Predicate = (!icmp_ln362)> <Delay = 2.77> <CoreInst = "Cmp">   --->   Core 9 'Cmp' <Latency = 0> <II = 1> <Delay = 0.95> <FuncUnit> <Opcode : 'icmp'> <InPorts = 2> <OutPorts = 1>
ST_305 : Operation 1469 [1/1] (1.58ns)   --->   "%store_ln727 = store i64 %zext_ln727_4, i64 %reuse_addr_reg75"   --->   Operation 1469 'store' 'store_ln727' <Predicate = (!icmp_ln362)> <Delay = 1.58>

State 306 <SV = 142> <Delay = 1.93>
ST_306 : Operation 1470 [4/7] (1.93ns)   --->   "%r_V_9 = mul i43 %sext_ln1115_6, i43 655"   --->   Operation 1470 'mul' 'r_V_9' <Predicate = (!icmp_ln362)> <Delay = 1.93> <CoreInst = "Mul_DSP">   --->   Core 5 'Mul_DSP' <Latency = 6> <II = 1> <Delay = 1.93> <FuncUnit> <Opcode : 'mul'> <InPorts = 2> <OutPorts = 1>
ST_306 : Operation 1471 [3/4] (1.68ns)   --->   "%weights2_load_1 = load i12 %weights2_addr"   --->   Operation 1471 'load' 'weights2_load_1' <Predicate = (!icmp_ln362)> <Delay = 1.68> <CoreInst = "RAM">   --->   Core 82 'RAM' <Latency = 3> <II = 1> <Delay = 1.68> <Storage> <Opcode : 'load' 'store'> <Ports = 2> <Width = 32> <Depth = 4096> <RAM>

State 307 <SV = 143> <Delay = 1.93>
ST_307 : Operation 1472 [3/7] (1.93ns)   --->   "%r_V_9 = mul i43 %sext_ln1115_6, i43 655"   --->   Operation 1472 'mul' 'r_V_9' <Predicate = (!icmp_ln362)> <Delay = 1.93> <CoreInst = "Mul_DSP">   --->   Core 5 'Mul_DSP' <Latency = 6> <II = 1> <Delay = 1.93> <FuncUnit> <Opcode : 'mul'> <InPorts = 2> <OutPorts = 1>
ST_307 : Operation 1473 [2/4] (1.68ns)   --->   "%weights2_load_1 = load i12 %weights2_addr"   --->   Operation 1473 'load' 'weights2_load_1' <Predicate = (!icmp_ln362)> <Delay = 1.68> <CoreInst = "RAM">   --->   Core 82 'RAM' <Latency = 3> <II = 1> <Delay = 1.68> <Storage> <Opcode : 'load' 'store'> <Ports = 2> <Width = 32> <Depth = 4096> <RAM>

State 308 <SV = 144> <Delay = 1.93>
ST_308 : Operation 1474 [2/7] (1.93ns)   --->   "%r_V_9 = mul i43 %sext_ln1115_6, i43 655"   --->   Operation 1474 'mul' 'r_V_9' <Predicate = (!icmp_ln362)> <Delay = 1.93> <CoreInst = "Mul_DSP">   --->   Core 5 'Mul_DSP' <Latency = 6> <II = 1> <Delay = 1.93> <FuncUnit> <Opcode : 'mul'> <InPorts = 2> <OutPorts = 1>
ST_308 : Operation 1475 [1/4] (1.68ns)   --->   "%weights2_load_1 = load i12 %weights2_addr"   --->   Operation 1475 'load' 'weights2_load_1' <Predicate = (!icmp_ln362)> <Delay = 1.68> <CoreInst = "RAM">   --->   Core 82 'RAM' <Latency = 3> <II = 1> <Delay = 1.68> <Storage> <Opcode : 'load' 'store'> <Ports = 2> <Width = 32> <Depth = 4096> <RAM>

State 309 <SV = 145> <Delay = 1.93>
ST_309 : Operation 1476 [1/7] (1.93ns)   --->   "%r_V_9 = mul i43 %sext_ln1115_6, i43 655"   --->   Operation 1476 'mul' 'r_V_9' <Predicate = (!icmp_ln362)> <Delay = 1.93> <CoreInst = "Mul_DSP">   --->   Core 5 'Mul_DSP' <Latency = 6> <II = 1> <Delay = 1.93> <FuncUnit> <Opcode : 'mul'> <InPorts = 2> <OutPorts = 1>
ST_309 : Operation 1477 [1/1] (0.00ns)   --->   "%reuse_reg74_load = load i32 %reuse_reg74"   --->   Operation 1477 'load' 'reuse_reg74_load' <Predicate = (!icmp_ln362 & addr_cmp78)> <Delay = 0.00>
ST_309 : Operation 1478 [1/1] (0.69ns)   --->   "%lhs_8 = select i1 %addr_cmp78, i32 %reuse_reg74_load, i32 %weights2_load_1"   --->   Operation 1478 'select' 'lhs_8' <Predicate = (!icmp_ln362)> <Delay = 0.69> <CoreInst = "Sel">   --->   Core 73 'Sel' <Latency = 0> <II = 1> <Delay = 0.99> <FuncUnit> <Opcode : 'select'> <InPorts = 3> <OutPorts = 1>

State 310 <SV = 146> <Delay = 2.44>
ST_310 : Operation 1479 [1/1] (0.00ns)   --->   "%lhs_10 = bitconcatenate i48 @_ssdm_op_BitConcatenate.i48.i32.i16, i32 %lhs_8, i16 0"   --->   Operation 1479 'bitconcatenate' 'lhs_10' <Predicate = (!icmp_ln362)> <Delay = 0.00>
ST_310 : Operation 1480 [1/1] (0.00ns)   --->   "%sext_ln703_3 = sext i43 %r_V_9"   --->   Operation 1480 'sext' 'sext_ln703_3' <Predicate = (!icmp_ln362)> <Delay = 0.00>
ST_310 : Operation 1481 [2/2] (2.44ns)   --->   "%ret_V_4 = sub i48 %lhs_10, i48 %sext_ln703_3"   --->   Operation 1481 'sub' 'ret_V_4' <Predicate = (!icmp_ln362)> <Delay = 2.44> <CoreInst = "Adder">   --->   Core 1 'Adder' <Latency = 1> <II = 1> <Delay = 1.86> <FuncUnit> <Opcode : 'add' 'sub'> <InPorts = 2> <OutPorts = 1>

State 311 <SV = 147> <Delay = 2.44>
ST_311 : Operation 1482 [1/2] (2.44ns)   --->   "%ret_V_4 = sub i48 %lhs_10, i48 %sext_ln703_3"   --->   Operation 1482 'sub' 'ret_V_4' <Predicate = (!icmp_ln362)> <Delay = 2.44> <CoreInst = "Adder">   --->   Core 1 'Adder' <Latency = 1> <II = 1> <Delay = 1.86> <FuncUnit> <Opcode : 'add' 'sub'> <InPorts = 2> <OutPorts = 1>
ST_311 : Operation 1483 [1/1] (0.00ns)   --->   "%r_V_10 = partselect i32 @_ssdm_op_PartSelect.i32.i48.i32.i32, i48 %ret_V_4, i32 16, i32 47"   --->   Operation 1483 'partselect' 'r_V_10' <Predicate = (!icmp_ln362)> <Delay = 0.00>

State 312 <SV = 148> <Delay = 1.93>
ST_312 : Operation 1484 [2/2] (1.68ns)   --->   "%store_ln708 = store i32 %r_V_10, i12 %weights2_addr"   --->   Operation 1484 'store' 'store_ln708' <Predicate = (!icmp_ln362)> <Delay = 1.68> <CoreInst = "RAM">   --->   Core 82 'RAM' <Latency = 3> <II = 1> <Delay = 1.68> <Storage> <Opcode : 'load' 'store'> <Ports = 2> <Width = 32> <Depth = 4096> <RAM>
ST_312 : Operation 1485 [1/1] (1.58ns)   --->   "%store_ln708 = store i32 %r_V_10, i32 %reuse_reg74"   --->   Operation 1485 'store' 'store_ln708' <Predicate = (!icmp_ln362)> <Delay = 1.58>
ST_312 : Operation 1486 [1/1] (0.00ns)   --->   "%sext_ln1115_7 = sext i32 %r_V_10"   --->   Operation 1486 'sext' 'sext_ln1115_7' <Predicate = (!icmp_ln362)> <Delay = 0.00>
ST_312 : Operation 1487 [7/7] (1.93ns)   --->   "%r_V_11 = mul i48 %sext_ln1115_7, i48 %sext_ln1115_7"   --->   Operation 1487 'mul' 'r_V_11' <Predicate = (!icmp_ln362)> <Delay = 1.93> <CoreInst = "Mul_DSP">   --->   Core 5 'Mul_DSP' <Latency = 6> <II = 1> <Delay = 1.93> <FuncUnit> <Opcode : 'mul'> <InPorts = 2> <OutPorts = 1>

State 313 <SV = 149> <Delay = 1.93>
ST_313 : Operation 1488 [1/2] (1.68ns)   --->   "%store_ln708 = store i32 %r_V_10, i12 %weights2_addr"   --->   Operation 1488 'store' 'store_ln708' <Predicate = (!icmp_ln362)> <Delay = 1.68> <CoreInst = "RAM">   --->   Core 82 'RAM' <Latency = 3> <II = 1> <Delay = 1.68> <Storage> <Opcode : 'load' 'store'> <Ports = 2> <Width = 32> <Depth = 4096> <RAM>
ST_313 : Operation 1489 [6/7] (1.93ns)   --->   "%r_V_11 = mul i48 %sext_ln1115_7, i48 %sext_ln1115_7"   --->   Operation 1489 'mul' 'r_V_11' <Predicate = (!icmp_ln362)> <Delay = 1.93> <CoreInst = "Mul_DSP">   --->   Core 5 'Mul_DSP' <Latency = 6> <II = 1> <Delay = 1.93> <FuncUnit> <Opcode : 'mul'> <InPorts = 2> <OutPorts = 1>

State 314 <SV = 150> <Delay = 1.93>
ST_314 : Operation 1490 [5/7] (1.93ns)   --->   "%r_V_11 = mul i48 %sext_ln1115_7, i48 %sext_ln1115_7"   --->   Operation 1490 'mul' 'r_V_11' <Predicate = (!icmp_ln362)> <Delay = 1.93> <CoreInst = "Mul_DSP">   --->   Core 5 'Mul_DSP' <Latency = 6> <II = 1> <Delay = 1.93> <FuncUnit> <Opcode : 'mul'> <InPorts = 2> <OutPorts = 1>

State 315 <SV = 151> <Delay = 1.93>
ST_315 : Operation 1491 [4/7] (1.93ns)   --->   "%r_V_11 = mul i48 %sext_ln1115_7, i48 %sext_ln1115_7"   --->   Operation 1491 'mul' 'r_V_11' <Predicate = (!icmp_ln362)> <Delay = 1.93> <CoreInst = "Mul_DSP">   --->   Core 5 'Mul_DSP' <Latency = 6> <II = 1> <Delay = 1.93> <FuncUnit> <Opcode : 'mul'> <InPorts = 2> <OutPorts = 1>

State 316 <SV = 152> <Delay = 1.93>
ST_316 : Operation 1492 [3/7] (1.93ns)   --->   "%r_V_11 = mul i48 %sext_ln1115_7, i48 %sext_ln1115_7"   --->   Operation 1492 'mul' 'r_V_11' <Predicate = (!icmp_ln362)> <Delay = 1.93> <CoreInst = "Mul_DSP">   --->   Core 5 'Mul_DSP' <Latency = 6> <II = 1> <Delay = 1.93> <FuncUnit> <Opcode : 'mul'> <InPorts = 2> <OutPorts = 1>

State 317 <SV = 153> <Delay = 1.93>
ST_317 : Operation 1493 [2/7] (1.93ns)   --->   "%r_V_11 = mul i48 %sext_ln1115_7, i48 %sext_ln1115_7"   --->   Operation 1493 'mul' 'r_V_11' <Predicate = (!icmp_ln362)> <Delay = 1.93> <CoreInst = "Mul_DSP">   --->   Core 5 'Mul_DSP' <Latency = 6> <II = 1> <Delay = 1.93> <FuncUnit> <Opcode : 'mul'> <InPorts = 2> <OutPorts = 1>
ST_317 : Operation 1494 [1/1] (0.00ns)   --->   "%lhs_12 = bitconcatenate i48 @_ssdm_op_BitConcatenate.i48.i32.i16, i32 %norm_V_10, i16 0"   --->   Operation 1494 'bitconcatenate' 'lhs_12' <Predicate = (!icmp_ln362)> <Delay = 0.00>

State 318 <SV = 154> <Delay = 1.93>
ST_318 : Operation 1495 [1/7] (1.93ns)   --->   "%r_V_11 = mul i48 %sext_ln1115_7, i48 %sext_ln1115_7"   --->   Operation 1495 'mul' 'r_V_11' <Predicate = (!icmp_ln362)> <Delay = 1.93> <CoreInst = "Mul_DSP">   --->   Core 5 'Mul_DSP' <Latency = 6> <II = 1> <Delay = 1.93> <FuncUnit> <Opcode : 'mul'> <InPorts = 2> <OutPorts = 1>

State 319 <SV = 155> <Delay = 2.44>
ST_319 : Operation 1496 [2/2] (2.44ns)   --->   "%ret_V_5 = add i48 %lhs_12, i48 %r_V_11"   --->   Operation 1496 'add' 'ret_V_5' <Predicate = (!icmp_ln362)> <Delay = 2.44> <CoreInst = "Adder">   --->   Core 1 'Adder' <Latency = 1> <II = 1> <Delay = 1.86> <FuncUnit> <Opcode : 'add' 'sub'> <InPorts = 2> <OutPorts = 1>

State 320 <SV = 156> <Delay = 2.44>
ST_320 : Operation 1497 [1/1] (0.00ns)   --->   "%specloopname_ln0 = specloopname void @_ssdm_op_SpecLoopName, void @VITIS_LOOP_362_7_VITIS_LOOP_363_8_str"   --->   Operation 1497 'specloopname' 'specloopname_ln0' <Predicate = (!icmp_ln362)> <Delay = 0.00>
ST_320 : Operation 1498 [1/1] (0.00ns)   --->   "%empty_85 = speclooptripcount i32 @_ssdm_op_SpecLoopTripCount, i64 4096, i64 4096, i64 4096"   --->   Operation 1498 'speclooptripcount' 'empty_85' <Predicate = (!icmp_ln362)> <Delay = 0.00>
ST_320 : Operation 1499 [1/1] (0.00ns)   --->   "%specpipeline_ln0 = specpipeline void @_ssdm_op_SpecPipeline, i32 4294967295, i32 0, i32 1, i32 0, void @p_str"   --->   Operation 1499 'specpipeline' 'specpipeline_ln0' <Predicate = (!icmp_ln362)> <Delay = 0.00>
ST_320 : Operation 1500 [1/1] (0.00ns)   --->   "%specloopname_ln332 = specloopname void @_ssdm_op_SpecLoopName, void @empty_20" [backprop.cpp:332]   --->   Operation 1500 'specloopname' 'specloopname_ln332' <Predicate = (!icmp_ln362)> <Delay = 0.00>
ST_320 : Operation 1501 [1/2] (2.44ns)   --->   "%ret_V_5 = add i48 %lhs_12, i48 %r_V_11"   --->   Operation 1501 'add' 'ret_V_5' <Predicate = (!icmp_ln362)> <Delay = 2.44> <CoreInst = "Adder">   --->   Core 1 'Adder' <Latency = 1> <II = 1> <Delay = 1.86> <FuncUnit> <Opcode : 'add' 'sub'> <InPorts = 2> <OutPorts = 1>
ST_320 : Operation 1502 [1/1] (0.00ns)   --->   "%norm_V_3 = partselect i32 @_ssdm_op_PartSelect.i32.i48.i32.i32, i48 %ret_V_5, i32 16, i32 47"   --->   Operation 1502 'partselect' 'norm_V_3' <Predicate = (!icmp_ln362)> <Delay = 0.00>
ST_320 : Operation 1503 [1/1] (0.00ns)   --->   "%br_ln0 = br void %_ZN13ap_fixed_baseILi65ELi33ELb1EL9ap_q_mode5EL9ap_o_mode3ELi0EEC2ILi32ELi16ELb1ELS0_5ELS1_3ELi0EEERKS_IXT_EXT0_EXT1_EXT2_EXT3_EXT4_EE.exit.i.i597"   --->   Operation 1503 'br' 'br_ln0' <Predicate = (!icmp_ln362)> <Delay = 0.00>

State 321 <SV = 132> <Delay = 1.46>
ST_321 : Operation 1504 [1/1] (1.46ns)   --->   "%br_ln0 = br void %_ZN13ap_fixed_baseILi65ELi33ELb1EL9ap_q_mode5EL9ap_o_mode3ELi0EEC2ILi32ELi16ELb1ELS0_5ELS1_3ELi0EEERKS_IXT_EXT0_EXT1_EXT2_EXT3_EXT4_EE.exit.i.i496"   --->   Operation 1504 'br' 'br_ln0' <Predicate = true> <Delay = 1.46>

State 322 <SV = 133> <Delay = 1.92>
ST_322 : Operation 1505 [1/1] (0.00ns)   --->   "%i_5 = phi i7 %add_ln368, void %_ZN13ap_fixed_baseILi65ELi33ELb1EL9ap_q_mode5EL9ap_o_mode3ELi0EEC2ILi32ELi16ELb1ELS0_5ELS1_3ELi0EEERKS_IXT_EXT0_EXT1_EXT2_EXT3_EXT4_EE.exit.i.i496.split, i7 0, void %_ZN13ap_fixed_baseILi65ELi33ELb1EL9ap_q_mode5EL9ap_o_mode3ELi0EEC2ILi32ELi16ELb1ELS0_5ELS1_3ELi0EEERKS_IXT_EXT0_EXT1_EXT2_EXT3_EXT4_EE.exit.i.i496.preheader" [backprop.cpp:368]   --->   Operation 1505 'phi' 'i_5' <Predicate = true> <Delay = 0.00>
ST_322 : Operation 1506 [2/2] (1.92ns)   --->   "%add_ln368 = add i7 %i_5, i7 1" [backprop.cpp:368]   --->   Operation 1506 'add' 'add_ln368' <Predicate = true> <Delay = 1.92> <CoreInst = "Adder">   --->   Core 1 'Adder' <Latency = 1> <II = 1> <Delay = 1.86> <FuncUnit> <Opcode : 'add' 'sub'> <InPorts = 2> <OutPorts = 1>
ST_322 : Operation 1507 [1/1] (1.48ns)   --->   "%icmp_ln368 = icmp_eq  i7 %i_5, i7 64" [backprop.cpp:368]   --->   Operation 1507 'icmp' 'icmp_ln368' <Predicate = true> <Delay = 1.48> <CoreInst = "Cmp">   --->   Core 9 'Cmp' <Latency = 0> <II = 1> <Delay = 0.95> <FuncUnit> <Opcode : 'icmp'> <InPorts = 2> <OutPorts = 1>
ST_322 : Operation 1508 [1/1] (0.00ns)   --->   "%br_ln368 = br i1 %icmp_ln368, void %_ZN13ap_fixed_baseILi65ELi33ELb1EL9ap_q_mode5EL9ap_o_mode3ELi0EEC2ILi32ELi16ELb1ELS0_5ELS1_3ELi0EEERKS_IXT_EXT0_EXT1_EXT2_EXT3_EXT4_EE.exit.i.i496.split, void" [backprop.cpp:368]   --->   Operation 1508 'br' 'br_ln368' <Predicate = true> <Delay = 0.00>

State 323 <SV = 134> <Delay = 3.84>
ST_323 : Operation 1509 [1/1] (0.00ns)   --->   "%bias_norm_V_10 = phi i32 %bias_norm_V_5, void %_ZN13ap_fixed_baseILi65ELi33ELb1EL9ap_q_mode5EL9ap_o_mode3ELi0EEC2ILi32ELi16ELb1ELS0_5ELS1_3ELi0EEERKS_IXT_EXT0_EXT1_EXT2_EXT3_EXT4_EE.exit.i.i496.split, i32 0, void %_ZN13ap_fixed_baseILi65ELi33ELb1EL9ap_q_mode5EL9ap_o_mode3ELi0EEC2ILi32ELi16ELb1ELS0_5ELS1_3ELi0EEERKS_IXT_EXT0_EXT1_EXT2_EXT3_EXT4_EE.exit.i.i496.preheader"   --->   Operation 1509 'phi' 'bias_norm_V_10' <Predicate = true> <Delay = 0.00>
ST_323 : Operation 1510 [1/2] (1.92ns)   --->   "%add_ln368 = add i7 %i_5, i7 1" [backprop.cpp:368]   --->   Operation 1510 'add' 'add_ln368' <Predicate = true> <Delay = 1.92> <CoreInst = "Adder">   --->   Core 1 'Adder' <Latency = 1> <II = 1> <Delay = 1.86> <FuncUnit> <Opcode : 'add' 'sub'> <InPorts = 2> <OutPorts = 1>
ST_323 : Operation 1511 [1/1] (0.00ns)   --->   "%specpipeline_ln0 = specpipeline void @_ssdm_op_SpecPipeline, i32 4294967295, i32 0, i32 1, i32 0, void @p_str"   --->   Operation 1511 'specpipeline' 'specpipeline_ln0' <Predicate = true> <Delay = 0.00>
ST_323 : Operation 1512 [1/1] (0.00ns)   --->   "%empty_86 = speclooptripcount i32 @_ssdm_op_SpecLoopTripCount, i64 64, i64 64, i64 64"   --->   Operation 1512 'speclooptripcount' 'empty_86' <Predicate = true> <Delay = 0.00>
ST_323 : Operation 1513 [1/1] (0.00ns)   --->   "%i_5_cast = zext i7 %i_5" [backprop.cpp:368]   --->   Operation 1513 'zext' 'i_5_cast' <Predicate = (!icmp_ln368)> <Delay = 0.00>
ST_323 : Operation 1514 [1/1] (0.00ns)   --->   "%d_biases2_addr = getelementptr i32 %d_biases2, i64 0, i64 %i_5_cast"   --->   Operation 1514 'getelementptr' 'd_biases2_addr' <Predicate = (!icmp_ln368)> <Delay = 0.00>
ST_323 : Operation 1515 [4/4] (1.68ns)   --->   "%r_V_12 = load i6 %d_biases2_addr"   --->   Operation 1515 'load' 'r_V_12' <Predicate = (!icmp_ln368)> <Delay = 1.68> <CoreInst = "RAM">   --->   Core 82 'RAM' <Latency = 3> <II = 1> <Delay = 1.68> <Storage> <Opcode : 'load' 'store'> <Ports = 2> <Width = 32> <Depth = 64> <RAM>
ST_323 : Operation 1516 [1/1] (0.00ns)   --->   "%trunc_ln727_2 = trunc i7 %i_5"   --->   Operation 1516 'trunc' 'trunc_ln727_2' <Predicate = (!icmp_ln368)> <Delay = 0.00>

State 324 <SV = 135> <Delay = 1.68>
ST_324 : Operation 1517 [3/4] (1.68ns)   --->   "%r_V_12 = load i6 %d_biases2_addr"   --->   Operation 1517 'load' 'r_V_12' <Predicate = (!icmp_ln368)> <Delay = 1.68> <CoreInst = "RAM">   --->   Core 82 'RAM' <Latency = 3> <II = 1> <Delay = 1.68> <Storage> <Opcode : 'load' 'store'> <Ports = 2> <Width = 32> <Depth = 64> <RAM>

State 325 <SV = 136> <Delay = 1.68>
ST_325 : Operation 1518 [2/4] (1.68ns)   --->   "%r_V_12 = load i6 %d_biases2_addr"   --->   Operation 1518 'load' 'r_V_12' <Predicate = (!icmp_ln368)> <Delay = 1.68> <CoreInst = "RAM">   --->   Core 82 'RAM' <Latency = 3> <II = 1> <Delay = 1.68> <Storage> <Opcode : 'load' 'store'> <Ports = 2> <Width = 32> <Depth = 64> <RAM>

State 326 <SV = 137> <Delay = 1.68>
ST_326 : Operation 1519 [1/4] (1.68ns)   --->   "%r_V_12 = load i6 %d_biases2_addr"   --->   Operation 1519 'load' 'r_V_12' <Predicate = (!icmp_ln368)> <Delay = 1.68> <CoreInst = "RAM">   --->   Core 82 'RAM' <Latency = 3> <II = 1> <Delay = 1.68> <Storage> <Opcode : 'load' 'store'> <Ports = 2> <Width = 32> <Depth = 64> <RAM>

State 327 <SV = 138> <Delay = 1.93>
ST_327 : Operation 1520 [1/1] (0.00ns)   --->   "%sext_ln1115_4 = sext i32 %r_V_12"   --->   Operation 1520 'sext' 'sext_ln1115_4' <Predicate = (!icmp_ln368)> <Delay = 0.00>
ST_327 : Operation 1521 [7/7] (1.93ns)   --->   "%r_V_13 = mul i43 %sext_ln1115_4, i43 655"   --->   Operation 1521 'mul' 'r_V_13' <Predicate = (!icmp_ln368)> <Delay = 1.93> <CoreInst = "Mul_DSP">   --->   Core 5 'Mul_DSP' <Latency = 6> <II = 1> <Delay = 1.93> <FuncUnit> <Opcode : 'mul'> <InPorts = 2> <OutPorts = 1>

State 328 <SV = 139> <Delay = 1.93>
ST_328 : Operation 1522 [6/7] (1.93ns)   --->   "%r_V_13 = mul i43 %sext_ln1115_4, i43 655"   --->   Operation 1522 'mul' 'r_V_13' <Predicate = (!icmp_ln368)> <Delay = 1.93> <CoreInst = "Mul_DSP">   --->   Core 5 'Mul_DSP' <Latency = 6> <II = 1> <Delay = 1.93> <FuncUnit> <Opcode : 'mul'> <InPorts = 2> <OutPorts = 1>

State 329 <SV = 140> <Delay = 1.93>
ST_329 : Operation 1523 [5/7] (1.93ns)   --->   "%r_V_13 = mul i43 %sext_ln1115_4, i43 655"   --->   Operation 1523 'mul' 'r_V_13' <Predicate = (!icmp_ln368)> <Delay = 1.93> <CoreInst = "Mul_DSP">   --->   Core 5 'Mul_DSP' <Latency = 6> <II = 1> <Delay = 1.93> <FuncUnit> <Opcode : 'mul'> <InPorts = 2> <OutPorts = 1>

State 330 <SV = 141> <Delay = 1.93>
ST_330 : Operation 1524 [4/7] (1.93ns)   --->   "%r_V_13 = mul i43 %sext_ln1115_4, i43 655"   --->   Operation 1524 'mul' 'r_V_13' <Predicate = (!icmp_ln368)> <Delay = 1.93> <CoreInst = "Mul_DSP">   --->   Core 5 'Mul_DSP' <Latency = 6> <II = 1> <Delay = 1.93> <FuncUnit> <Opcode : 'mul'> <InPorts = 2> <OutPorts = 1>
ST_330 : Operation 1525 [1/1] (0.00ns)   --->   "%zext_ln727_5 = zext i6 %trunc_ln727_2"   --->   Operation 1525 'zext' 'zext_ln727_5' <Predicate = (!icmp_ln368)> <Delay = 0.00>
ST_330 : Operation 1526 [1/1] (0.00ns)   --->   "%biases2_addr = getelementptr i32 %biases2, i64 0, i64 %zext_ln727_5"   --->   Operation 1526 'getelementptr' 'biases2_addr' <Predicate = (!icmp_ln368)> <Delay = 0.00>
ST_330 : Operation 1527 [4/4] (1.68ns)   --->   "%lhs_13 = load i6 %biases2_addr"   --->   Operation 1527 'load' 'lhs_13' <Predicate = (!icmp_ln368)> <Delay = 1.68> <CoreInst = "RAM">   --->   Core 82 'RAM' <Latency = 3> <II = 1> <Delay = 1.68> <Storage> <Opcode : 'load' 'store'> <Ports = 2> <Width = 32> <Depth = 64> <RAM>

State 331 <SV = 142> <Delay = 1.93>
ST_331 : Operation 1528 [3/7] (1.93ns)   --->   "%r_V_13 = mul i43 %sext_ln1115_4, i43 655"   --->   Operation 1528 'mul' 'r_V_13' <Predicate = (!icmp_ln368)> <Delay = 1.93> <CoreInst = "Mul_DSP">   --->   Core 5 'Mul_DSP' <Latency = 6> <II = 1> <Delay = 1.93> <FuncUnit> <Opcode : 'mul'> <InPorts = 2> <OutPorts = 1>
ST_331 : Operation 1529 [3/4] (1.68ns)   --->   "%lhs_13 = load i6 %biases2_addr"   --->   Operation 1529 'load' 'lhs_13' <Predicate = (!icmp_ln368)> <Delay = 1.68> <CoreInst = "RAM">   --->   Core 82 'RAM' <Latency = 3> <II = 1> <Delay = 1.68> <Storage> <Opcode : 'load' 'store'> <Ports = 2> <Width = 32> <Depth = 64> <RAM>

State 332 <SV = 143> <Delay = 1.93>
ST_332 : Operation 1530 [2/7] (1.93ns)   --->   "%r_V_13 = mul i43 %sext_ln1115_4, i43 655"   --->   Operation 1530 'mul' 'r_V_13' <Predicate = (!icmp_ln368)> <Delay = 1.93> <CoreInst = "Mul_DSP">   --->   Core 5 'Mul_DSP' <Latency = 6> <II = 1> <Delay = 1.93> <FuncUnit> <Opcode : 'mul'> <InPorts = 2> <OutPorts = 1>
ST_332 : Operation 1531 [2/4] (1.68ns)   --->   "%lhs_13 = load i6 %biases2_addr"   --->   Operation 1531 'load' 'lhs_13' <Predicate = (!icmp_ln368)> <Delay = 1.68> <CoreInst = "RAM">   --->   Core 82 'RAM' <Latency = 3> <II = 1> <Delay = 1.68> <Storage> <Opcode : 'load' 'store'> <Ports = 2> <Width = 32> <Depth = 64> <RAM>

State 333 <SV = 144> <Delay = 1.93>
ST_333 : Operation 1532 [1/7] (1.93ns)   --->   "%r_V_13 = mul i43 %sext_ln1115_4, i43 655"   --->   Operation 1532 'mul' 'r_V_13' <Predicate = (!icmp_ln368)> <Delay = 1.93> <CoreInst = "Mul_DSP">   --->   Core 5 'Mul_DSP' <Latency = 6> <II = 1> <Delay = 1.93> <FuncUnit> <Opcode : 'mul'> <InPorts = 2> <OutPorts = 1>
ST_333 : Operation 1533 [1/4] (1.68ns)   --->   "%lhs_13 = load i6 %biases2_addr"   --->   Operation 1533 'load' 'lhs_13' <Predicate = (!icmp_ln368)> <Delay = 1.68> <CoreInst = "RAM">   --->   Core 82 'RAM' <Latency = 3> <II = 1> <Delay = 1.68> <Storage> <Opcode : 'load' 'store'> <Ports = 2> <Width = 32> <Depth = 64> <RAM>

State 334 <SV = 145> <Delay = 2.44>
ST_334 : Operation 1534 [1/1] (0.00ns)   --->   "%lhs_9 = bitconcatenate i48 @_ssdm_op_BitConcatenate.i48.i32.i16, i32 %lhs_13, i16 0"   --->   Operation 1534 'bitconcatenate' 'lhs_9' <Predicate = (!icmp_ln368)> <Delay = 0.00>
ST_334 : Operation 1535 [1/1] (0.00ns)   --->   "%sext_ln703_2 = sext i43 %r_V_13"   --->   Operation 1535 'sext' 'sext_ln703_2' <Predicate = (!icmp_ln368)> <Delay = 0.00>
ST_334 : Operation 1536 [2/2] (2.44ns)   --->   "%ret_V_6 = sub i48 %lhs_9, i48 %sext_ln703_2"   --->   Operation 1536 'sub' 'ret_V_6' <Predicate = (!icmp_ln368)> <Delay = 2.44> <CoreInst = "Adder">   --->   Core 1 'Adder' <Latency = 1> <II = 1> <Delay = 1.86> <FuncUnit> <Opcode : 'add' 'sub'> <InPorts = 2> <OutPorts = 1>

State 335 <SV = 146> <Delay = 2.44>
ST_335 : Operation 1537 [1/2] (2.44ns)   --->   "%ret_V_6 = sub i48 %lhs_9, i48 %sext_ln703_2"   --->   Operation 1537 'sub' 'ret_V_6' <Predicate = (!icmp_ln368)> <Delay = 2.44> <CoreInst = "Adder">   --->   Core 1 'Adder' <Latency = 1> <II = 1> <Delay = 1.86> <FuncUnit> <Opcode : 'add' 'sub'> <InPorts = 2> <OutPorts = 1>
ST_335 : Operation 1538 [1/1] (0.00ns)   --->   "%r_V_14 = partselect i32 @_ssdm_op_PartSelect.i32.i48.i32.i32, i48 %ret_V_6, i32 16, i32 47"   --->   Operation 1538 'partselect' 'r_V_14' <Predicate = (!icmp_ln368)> <Delay = 0.00>

State 336 <SV = 147> <Delay = 1.93>
ST_336 : Operation 1539 [2/2] (1.68ns)   --->   "%store_ln708 = store i32 %r_V_14, i6 %biases2_addr"   --->   Operation 1539 'store' 'store_ln708' <Predicate = (!icmp_ln368)> <Delay = 1.68> <CoreInst = "RAM">   --->   Core 82 'RAM' <Latency = 3> <II = 1> <Delay = 1.68> <Storage> <Opcode : 'load' 'store'> <Ports = 2> <Width = 32> <Depth = 64> <RAM>
ST_336 : Operation 1540 [1/1] (0.00ns)   --->   "%sext_ln1115_5 = sext i32 %r_V_14"   --->   Operation 1540 'sext' 'sext_ln1115_5' <Predicate = (!icmp_ln368)> <Delay = 0.00>
ST_336 : Operation 1541 [7/7] (1.93ns)   --->   "%r_V_15 = mul i48 %sext_ln1115_5, i48 %sext_ln1115_5"   --->   Operation 1541 'mul' 'r_V_15' <Predicate = (!icmp_ln368)> <Delay = 1.93> <CoreInst = "Mul_DSP">   --->   Core 5 'Mul_DSP' <Latency = 6> <II = 1> <Delay = 1.93> <FuncUnit> <Opcode : 'mul'> <InPorts = 2> <OutPorts = 1>

State 337 <SV = 148> <Delay = 1.93>
ST_337 : Operation 1542 [1/2] (1.68ns)   --->   "%store_ln708 = store i32 %r_V_14, i6 %biases2_addr"   --->   Operation 1542 'store' 'store_ln708' <Predicate = (!icmp_ln368)> <Delay = 1.68> <CoreInst = "RAM">   --->   Core 82 'RAM' <Latency = 3> <II = 1> <Delay = 1.68> <Storage> <Opcode : 'load' 'store'> <Ports = 2> <Width = 32> <Depth = 64> <RAM>
ST_337 : Operation 1543 [6/7] (1.93ns)   --->   "%r_V_15 = mul i48 %sext_ln1115_5, i48 %sext_ln1115_5"   --->   Operation 1543 'mul' 'r_V_15' <Predicate = (!icmp_ln368)> <Delay = 1.93> <CoreInst = "Mul_DSP">   --->   Core 5 'Mul_DSP' <Latency = 6> <II = 1> <Delay = 1.93> <FuncUnit> <Opcode : 'mul'> <InPorts = 2> <OutPorts = 1>

State 338 <SV = 149> <Delay = 1.93>
ST_338 : Operation 1544 [5/7] (1.93ns)   --->   "%r_V_15 = mul i48 %sext_ln1115_5, i48 %sext_ln1115_5"   --->   Operation 1544 'mul' 'r_V_15' <Predicate = (!icmp_ln368)> <Delay = 1.93> <CoreInst = "Mul_DSP">   --->   Core 5 'Mul_DSP' <Latency = 6> <II = 1> <Delay = 1.93> <FuncUnit> <Opcode : 'mul'> <InPorts = 2> <OutPorts = 1>

State 339 <SV = 150> <Delay = 1.93>
ST_339 : Operation 1545 [4/7] (1.93ns)   --->   "%r_V_15 = mul i48 %sext_ln1115_5, i48 %sext_ln1115_5"   --->   Operation 1545 'mul' 'r_V_15' <Predicate = (!icmp_ln368)> <Delay = 1.93> <CoreInst = "Mul_DSP">   --->   Core 5 'Mul_DSP' <Latency = 6> <II = 1> <Delay = 1.93> <FuncUnit> <Opcode : 'mul'> <InPorts = 2> <OutPorts = 1>

State 340 <SV = 151> <Delay = 1.93>
ST_340 : Operation 1546 [3/7] (1.93ns)   --->   "%r_V_15 = mul i48 %sext_ln1115_5, i48 %sext_ln1115_5"   --->   Operation 1546 'mul' 'r_V_15' <Predicate = (!icmp_ln368)> <Delay = 1.93> <CoreInst = "Mul_DSP">   --->   Core 5 'Mul_DSP' <Latency = 6> <II = 1> <Delay = 1.93> <FuncUnit> <Opcode : 'mul'> <InPorts = 2> <OutPorts = 1>

State 341 <SV = 152> <Delay = 1.93>
ST_341 : Operation 1547 [2/7] (1.93ns)   --->   "%r_V_15 = mul i48 %sext_ln1115_5, i48 %sext_ln1115_5"   --->   Operation 1547 'mul' 'r_V_15' <Predicate = (!icmp_ln368)> <Delay = 1.93> <CoreInst = "Mul_DSP">   --->   Core 5 'Mul_DSP' <Latency = 6> <II = 1> <Delay = 1.93> <FuncUnit> <Opcode : 'mul'> <InPorts = 2> <OutPorts = 1>

State 342 <SV = 153> <Delay = 1.93>
ST_342 : Operation 1548 [1/7] (1.93ns)   --->   "%r_V_15 = mul i48 %sext_ln1115_5, i48 %sext_ln1115_5"   --->   Operation 1548 'mul' 'r_V_15' <Predicate = (!icmp_ln368)> <Delay = 1.93> <CoreInst = "Mul_DSP">   --->   Core 5 'Mul_DSP' <Latency = 6> <II = 1> <Delay = 1.93> <FuncUnit> <Opcode : 'mul'> <InPorts = 2> <OutPorts = 1>

State 343 <SV = 154> <Delay = 2.44>
ST_343 : Operation 1549 [1/1] (0.00ns)   --->   "%lhs_15 = bitconcatenate i48 @_ssdm_op_BitConcatenate.i48.i32.i16, i32 %bias_norm_V_10, i16 0"   --->   Operation 1549 'bitconcatenate' 'lhs_15' <Predicate = (!icmp_ln368)> <Delay = 0.00>
ST_343 : Operation 1550 [2/2] (2.44ns)   --->   "%ret_V_7 = add i48 %lhs_15, i48 %r_V_15"   --->   Operation 1550 'add' 'ret_V_7' <Predicate = (!icmp_ln368)> <Delay = 2.44> <CoreInst = "Adder">   --->   Core 1 'Adder' <Latency = 1> <II = 1> <Delay = 1.86> <FuncUnit> <Opcode : 'add' 'sub'> <InPorts = 2> <OutPorts = 1>

State 344 <SV = 155> <Delay = 4.88>
ST_344 : Operation 1551 [1/1] (0.00ns)   --->   "%specloopname_ln332 = specloopname void @_ssdm_op_SpecLoopName, void @empty_9" [backprop.cpp:332]   --->   Operation 1551 'specloopname' 'specloopname_ln332' <Predicate = (!icmp_ln368)> <Delay = 0.00>
ST_344 : Operation 1552 [1/2] (2.44ns)   --->   "%ret_V_7 = add i48 %lhs_15, i48 %r_V_15"   --->   Operation 1552 'add' 'ret_V_7' <Predicate = (!icmp_ln368)> <Delay = 2.44> <CoreInst = "Adder">   --->   Core 1 'Adder' <Latency = 1> <II = 1> <Delay = 1.86> <FuncUnit> <Opcode : 'add' 'sub'> <InPorts = 2> <OutPorts = 1>
ST_344 : Operation 1553 [1/1] (0.00ns)   --->   "%bias_norm_V_5 = partselect i32 @_ssdm_op_PartSelect.i32.i48.i32.i32, i48 %ret_V_7, i32 16, i32 47"   --->   Operation 1553 'partselect' 'bias_norm_V_5' <Predicate = (!icmp_ln368)> <Delay = 0.00>
ST_344 : Operation 1554 [1/1] (0.00ns)   --->   "%br_ln0 = br void %_ZN13ap_fixed_baseILi65ELi33ELb1EL9ap_q_mode5EL9ap_o_mode3ELi0EEC2ILi32ELi16ELb1ELS0_5ELS1_3ELi0EEERKS_IXT_EXT0_EXT1_EXT2_EXT3_EXT4_EE.exit.i.i496"   --->   Operation 1554 'br' 'br_ln0' <Predicate = (!icmp_ln368)> <Delay = 0.00>

State 345 <SV = 135> <Delay = 1.58>
ST_345 : Operation 1555 [118/118] (1.46ns)   --->   "%norm_V_5 = call i24 @sqrt_fixed<32, 16>, i32 %norm_V_10" [backprop.cpp:373]   --->   Operation 1555 'call' 'norm_V_5' <Predicate = true> <Delay = 1.46> <CoreType = "Generic">   --->   Core 0 '' <Latency = 0> <II = 1> <Delay = 1.00> <Generic> <Opcode : >
ST_345 : Operation 1556 [118/118] (1.46ns)   --->   "%bias_norm_V_3 = call i24 @sqrt_fixed<32, 16>, i32 %bias_norm_V_10" [backprop.cpp:374]   --->   Operation 1556 'call' 'bias_norm_V_3' <Predicate = true> <Delay = 1.46> <CoreType = "Generic">   --->   Core 0 '' <Latency = 0> <II = 1> <Delay = 1.00> <Generic> <Opcode : >
ST_345 : Operation 1557 [1/1] (1.58ns)   --->   "%store_ln0 = store i32 0, i32 %reuse_reg80"   --->   Operation 1557 'store' 'store_ln0' <Predicate = true> <Delay = 1.58>
ST_345 : Operation 1558 [1/1] (1.58ns)   --->   "%store_ln0 = store i64 18446744073709551615, i64 %reuse_addr_reg81"   --->   Operation 1558 'store' 'store_ln0' <Predicate = true> <Delay = 1.58>

State 346 <SV = 136> <Delay = 1.46>
ST_346 : Operation 1559 [117/118] (1.46ns)   --->   "%norm_V_5 = call i24 @sqrt_fixed<32, 16>, i32 %norm_V_10" [backprop.cpp:373]   --->   Operation 1559 'call' 'norm_V_5' <Predicate = true> <Delay = 1.46> <CoreType = "Generic">   --->   Core 0 '' <Latency = 0> <II = 1> <Delay = 1.00> <Generic> <Opcode : >
ST_346 : Operation 1560 [117/118] (1.46ns)   --->   "%bias_norm_V_3 = call i24 @sqrt_fixed<32, 16>, i32 %bias_norm_V_10" [backprop.cpp:374]   --->   Operation 1560 'call' 'bias_norm_V_3' <Predicate = true> <Delay = 1.46> <CoreType = "Generic">   --->   Core 0 '' <Latency = 0> <II = 1> <Delay = 1.00> <Generic> <Opcode : >

State 347 <SV = 137> <Delay = 1.46>
ST_347 : Operation 1561 [116/118] (1.46ns)   --->   "%norm_V_5 = call i24 @sqrt_fixed<32, 16>, i32 %norm_V_10" [backprop.cpp:373]   --->   Operation 1561 'call' 'norm_V_5' <Predicate = true> <Delay = 1.46> <CoreType = "Generic">   --->   Core 0 '' <Latency = 0> <II = 1> <Delay = 1.00> <Generic> <Opcode : >
ST_347 : Operation 1562 [116/118] (1.46ns)   --->   "%bias_norm_V_3 = call i24 @sqrt_fixed<32, 16>, i32 %bias_norm_V_10" [backprop.cpp:374]   --->   Operation 1562 'call' 'bias_norm_V_3' <Predicate = true> <Delay = 1.46> <CoreType = "Generic">   --->   Core 0 '' <Latency = 0> <II = 1> <Delay = 1.00> <Generic> <Opcode : >

State 348 <SV = 138> <Delay = 1.46>
ST_348 : Operation 1563 [115/118] (1.46ns)   --->   "%norm_V_5 = call i24 @sqrt_fixed<32, 16>, i32 %norm_V_10" [backprop.cpp:373]   --->   Operation 1563 'call' 'norm_V_5' <Predicate = true> <Delay = 1.46> <CoreType = "Generic">   --->   Core 0 '' <Latency = 0> <II = 1> <Delay = 1.00> <Generic> <Opcode : >
ST_348 : Operation 1564 [115/118] (1.46ns)   --->   "%bias_norm_V_3 = call i24 @sqrt_fixed<32, 16>, i32 %bias_norm_V_10" [backprop.cpp:374]   --->   Operation 1564 'call' 'bias_norm_V_3' <Predicate = true> <Delay = 1.46> <CoreType = "Generic">   --->   Core 0 '' <Latency = 0> <II = 1> <Delay = 1.00> <Generic> <Opcode : >

State 349 <SV = 139> <Delay = 1.46>
ST_349 : Operation 1565 [114/118] (1.46ns)   --->   "%norm_V_5 = call i24 @sqrt_fixed<32, 16>, i32 %norm_V_10" [backprop.cpp:373]   --->   Operation 1565 'call' 'norm_V_5' <Predicate = true> <Delay = 1.46> <CoreType = "Generic">   --->   Core 0 '' <Latency = 0> <II = 1> <Delay = 1.00> <Generic> <Opcode : >
ST_349 : Operation 1566 [114/118] (1.46ns)   --->   "%bias_norm_V_3 = call i24 @sqrt_fixed<32, 16>, i32 %bias_norm_V_10" [backprop.cpp:374]   --->   Operation 1566 'call' 'bias_norm_V_3' <Predicate = true> <Delay = 1.46> <CoreType = "Generic">   --->   Core 0 '' <Latency = 0> <II = 1> <Delay = 1.00> <Generic> <Opcode : >

State 350 <SV = 140> <Delay = 1.46>
ST_350 : Operation 1567 [113/118] (1.46ns)   --->   "%norm_V_5 = call i24 @sqrt_fixed<32, 16>, i32 %norm_V_10" [backprop.cpp:373]   --->   Operation 1567 'call' 'norm_V_5' <Predicate = true> <Delay = 1.46> <CoreType = "Generic">   --->   Core 0 '' <Latency = 0> <II = 1> <Delay = 1.00> <Generic> <Opcode : >
ST_350 : Operation 1568 [113/118] (1.46ns)   --->   "%bias_norm_V_3 = call i24 @sqrt_fixed<32, 16>, i32 %bias_norm_V_10" [backprop.cpp:374]   --->   Operation 1568 'call' 'bias_norm_V_3' <Predicate = true> <Delay = 1.46> <CoreType = "Generic">   --->   Core 0 '' <Latency = 0> <II = 1> <Delay = 1.00> <Generic> <Opcode : >

State 351 <SV = 141> <Delay = 1.46>
ST_351 : Operation 1569 [112/118] (1.46ns)   --->   "%norm_V_5 = call i24 @sqrt_fixed<32, 16>, i32 %norm_V_10" [backprop.cpp:373]   --->   Operation 1569 'call' 'norm_V_5' <Predicate = true> <Delay = 1.46> <CoreType = "Generic">   --->   Core 0 '' <Latency = 0> <II = 1> <Delay = 1.00> <Generic> <Opcode : >
ST_351 : Operation 1570 [112/118] (1.46ns)   --->   "%bias_norm_V_3 = call i24 @sqrt_fixed<32, 16>, i32 %bias_norm_V_10" [backprop.cpp:374]   --->   Operation 1570 'call' 'bias_norm_V_3' <Predicate = true> <Delay = 1.46> <CoreType = "Generic">   --->   Core 0 '' <Latency = 0> <II = 1> <Delay = 1.00> <Generic> <Opcode : >

State 352 <SV = 142> <Delay = 1.46>
ST_352 : Operation 1571 [111/118] (1.46ns)   --->   "%norm_V_5 = call i24 @sqrt_fixed<32, 16>, i32 %norm_V_10" [backprop.cpp:373]   --->   Operation 1571 'call' 'norm_V_5' <Predicate = true> <Delay = 1.46> <CoreType = "Generic">   --->   Core 0 '' <Latency = 0> <II = 1> <Delay = 1.00> <Generic> <Opcode : >
ST_352 : Operation 1572 [111/118] (1.46ns)   --->   "%bias_norm_V_3 = call i24 @sqrt_fixed<32, 16>, i32 %bias_norm_V_10" [backprop.cpp:374]   --->   Operation 1572 'call' 'bias_norm_V_3' <Predicate = true> <Delay = 1.46> <CoreType = "Generic">   --->   Core 0 '' <Latency = 0> <II = 1> <Delay = 1.00> <Generic> <Opcode : >

State 353 <SV = 143> <Delay = 1.46>
ST_353 : Operation 1573 [110/118] (1.46ns)   --->   "%norm_V_5 = call i24 @sqrt_fixed<32, 16>, i32 %norm_V_10" [backprop.cpp:373]   --->   Operation 1573 'call' 'norm_V_5' <Predicate = true> <Delay = 1.46> <CoreType = "Generic">   --->   Core 0 '' <Latency = 0> <II = 1> <Delay = 1.00> <Generic> <Opcode : >
ST_353 : Operation 1574 [110/118] (1.46ns)   --->   "%bias_norm_V_3 = call i24 @sqrt_fixed<32, 16>, i32 %bias_norm_V_10" [backprop.cpp:374]   --->   Operation 1574 'call' 'bias_norm_V_3' <Predicate = true> <Delay = 1.46> <CoreType = "Generic">   --->   Core 0 '' <Latency = 0> <II = 1> <Delay = 1.00> <Generic> <Opcode : >

State 354 <SV = 144> <Delay = 1.46>
ST_354 : Operation 1575 [109/118] (1.46ns)   --->   "%norm_V_5 = call i24 @sqrt_fixed<32, 16>, i32 %norm_V_10" [backprop.cpp:373]   --->   Operation 1575 'call' 'norm_V_5' <Predicate = true> <Delay = 1.46> <CoreType = "Generic">   --->   Core 0 '' <Latency = 0> <II = 1> <Delay = 1.00> <Generic> <Opcode : >
ST_354 : Operation 1576 [109/118] (1.46ns)   --->   "%bias_norm_V_3 = call i24 @sqrt_fixed<32, 16>, i32 %bias_norm_V_10" [backprop.cpp:374]   --->   Operation 1576 'call' 'bias_norm_V_3' <Predicate = true> <Delay = 1.46> <CoreType = "Generic">   --->   Core 0 '' <Latency = 0> <II = 1> <Delay = 1.00> <Generic> <Opcode : >

State 355 <SV = 145> <Delay = 1.46>
ST_355 : Operation 1577 [108/118] (1.46ns)   --->   "%norm_V_5 = call i24 @sqrt_fixed<32, 16>, i32 %norm_V_10" [backprop.cpp:373]   --->   Operation 1577 'call' 'norm_V_5' <Predicate = true> <Delay = 1.46> <CoreType = "Generic">   --->   Core 0 '' <Latency = 0> <II = 1> <Delay = 1.00> <Generic> <Opcode : >
ST_355 : Operation 1578 [108/118] (1.46ns)   --->   "%bias_norm_V_3 = call i24 @sqrt_fixed<32, 16>, i32 %bias_norm_V_10" [backprop.cpp:374]   --->   Operation 1578 'call' 'bias_norm_V_3' <Predicate = true> <Delay = 1.46> <CoreType = "Generic">   --->   Core 0 '' <Latency = 0> <II = 1> <Delay = 1.00> <Generic> <Opcode : >

State 356 <SV = 146> <Delay = 1.46>
ST_356 : Operation 1579 [107/118] (1.46ns)   --->   "%norm_V_5 = call i24 @sqrt_fixed<32, 16>, i32 %norm_V_10" [backprop.cpp:373]   --->   Operation 1579 'call' 'norm_V_5' <Predicate = true> <Delay = 1.46> <CoreType = "Generic">   --->   Core 0 '' <Latency = 0> <II = 1> <Delay = 1.00> <Generic> <Opcode : >
ST_356 : Operation 1580 [107/118] (1.46ns)   --->   "%bias_norm_V_3 = call i24 @sqrt_fixed<32, 16>, i32 %bias_norm_V_10" [backprop.cpp:374]   --->   Operation 1580 'call' 'bias_norm_V_3' <Predicate = true> <Delay = 1.46> <CoreType = "Generic">   --->   Core 0 '' <Latency = 0> <II = 1> <Delay = 1.00> <Generic> <Opcode : >

State 357 <SV = 147> <Delay = 1.46>
ST_357 : Operation 1581 [106/118] (1.46ns)   --->   "%norm_V_5 = call i24 @sqrt_fixed<32, 16>, i32 %norm_V_10" [backprop.cpp:373]   --->   Operation 1581 'call' 'norm_V_5' <Predicate = true> <Delay = 1.46> <CoreType = "Generic">   --->   Core 0 '' <Latency = 0> <II = 1> <Delay = 1.00> <Generic> <Opcode : >
ST_357 : Operation 1582 [106/118] (1.46ns)   --->   "%bias_norm_V_3 = call i24 @sqrt_fixed<32, 16>, i32 %bias_norm_V_10" [backprop.cpp:374]   --->   Operation 1582 'call' 'bias_norm_V_3' <Predicate = true> <Delay = 1.46> <CoreType = "Generic">   --->   Core 0 '' <Latency = 0> <II = 1> <Delay = 1.00> <Generic> <Opcode : >

State 358 <SV = 148> <Delay = 1.46>
ST_358 : Operation 1583 [105/118] (1.46ns)   --->   "%norm_V_5 = call i24 @sqrt_fixed<32, 16>, i32 %norm_V_10" [backprop.cpp:373]   --->   Operation 1583 'call' 'norm_V_5' <Predicate = true> <Delay = 1.46> <CoreType = "Generic">   --->   Core 0 '' <Latency = 0> <II = 1> <Delay = 1.00> <Generic> <Opcode : >
ST_358 : Operation 1584 [105/118] (1.46ns)   --->   "%bias_norm_V_3 = call i24 @sqrt_fixed<32, 16>, i32 %bias_norm_V_10" [backprop.cpp:374]   --->   Operation 1584 'call' 'bias_norm_V_3' <Predicate = true> <Delay = 1.46> <CoreType = "Generic">   --->   Core 0 '' <Latency = 0> <II = 1> <Delay = 1.00> <Generic> <Opcode : >

State 359 <SV = 149> <Delay = 1.46>
ST_359 : Operation 1585 [104/118] (1.46ns)   --->   "%norm_V_5 = call i24 @sqrt_fixed<32, 16>, i32 %norm_V_10" [backprop.cpp:373]   --->   Operation 1585 'call' 'norm_V_5' <Predicate = true> <Delay = 1.46> <CoreType = "Generic">   --->   Core 0 '' <Latency = 0> <II = 1> <Delay = 1.00> <Generic> <Opcode : >
ST_359 : Operation 1586 [104/118] (1.46ns)   --->   "%bias_norm_V_3 = call i24 @sqrt_fixed<32, 16>, i32 %bias_norm_V_10" [backprop.cpp:374]   --->   Operation 1586 'call' 'bias_norm_V_3' <Predicate = true> <Delay = 1.46> <CoreType = "Generic">   --->   Core 0 '' <Latency = 0> <II = 1> <Delay = 1.00> <Generic> <Opcode : >

State 360 <SV = 150> <Delay = 1.46>
ST_360 : Operation 1587 [103/118] (1.46ns)   --->   "%norm_V_5 = call i24 @sqrt_fixed<32, 16>, i32 %norm_V_10" [backprop.cpp:373]   --->   Operation 1587 'call' 'norm_V_5' <Predicate = true> <Delay = 1.46> <CoreType = "Generic">   --->   Core 0 '' <Latency = 0> <II = 1> <Delay = 1.00> <Generic> <Opcode : >
ST_360 : Operation 1588 [103/118] (1.46ns)   --->   "%bias_norm_V_3 = call i24 @sqrt_fixed<32, 16>, i32 %bias_norm_V_10" [backprop.cpp:374]   --->   Operation 1588 'call' 'bias_norm_V_3' <Predicate = true> <Delay = 1.46> <CoreType = "Generic">   --->   Core 0 '' <Latency = 0> <II = 1> <Delay = 1.00> <Generic> <Opcode : >

State 361 <SV = 151> <Delay = 1.46>
ST_361 : Operation 1589 [102/118] (1.46ns)   --->   "%norm_V_5 = call i24 @sqrt_fixed<32, 16>, i32 %norm_V_10" [backprop.cpp:373]   --->   Operation 1589 'call' 'norm_V_5' <Predicate = true> <Delay = 1.46> <CoreType = "Generic">   --->   Core 0 '' <Latency = 0> <II = 1> <Delay = 1.00> <Generic> <Opcode : >
ST_361 : Operation 1590 [102/118] (1.46ns)   --->   "%bias_norm_V_3 = call i24 @sqrt_fixed<32, 16>, i32 %bias_norm_V_10" [backprop.cpp:374]   --->   Operation 1590 'call' 'bias_norm_V_3' <Predicate = true> <Delay = 1.46> <CoreType = "Generic">   --->   Core 0 '' <Latency = 0> <II = 1> <Delay = 1.00> <Generic> <Opcode : >

State 362 <SV = 152> <Delay = 1.46>
ST_362 : Operation 1591 [101/118] (1.46ns)   --->   "%norm_V_5 = call i24 @sqrt_fixed<32, 16>, i32 %norm_V_10" [backprop.cpp:373]   --->   Operation 1591 'call' 'norm_V_5' <Predicate = true> <Delay = 1.46> <CoreType = "Generic">   --->   Core 0 '' <Latency = 0> <II = 1> <Delay = 1.00> <Generic> <Opcode : >
ST_362 : Operation 1592 [101/118] (1.46ns)   --->   "%bias_norm_V_3 = call i24 @sqrt_fixed<32, 16>, i32 %bias_norm_V_10" [backprop.cpp:374]   --->   Operation 1592 'call' 'bias_norm_V_3' <Predicate = true> <Delay = 1.46> <CoreType = "Generic">   --->   Core 0 '' <Latency = 0> <II = 1> <Delay = 1.00> <Generic> <Opcode : >

State 363 <SV = 153> <Delay = 1.46>
ST_363 : Operation 1593 [100/118] (1.46ns)   --->   "%norm_V_5 = call i24 @sqrt_fixed<32, 16>, i32 %norm_V_10" [backprop.cpp:373]   --->   Operation 1593 'call' 'norm_V_5' <Predicate = true> <Delay = 1.46> <CoreType = "Generic">   --->   Core 0 '' <Latency = 0> <II = 1> <Delay = 1.00> <Generic> <Opcode : >
ST_363 : Operation 1594 [100/118] (1.46ns)   --->   "%bias_norm_V_3 = call i24 @sqrt_fixed<32, 16>, i32 %bias_norm_V_10" [backprop.cpp:374]   --->   Operation 1594 'call' 'bias_norm_V_3' <Predicate = true> <Delay = 1.46> <CoreType = "Generic">   --->   Core 0 '' <Latency = 0> <II = 1> <Delay = 1.00> <Generic> <Opcode : >

State 364 <SV = 154> <Delay = 1.46>
ST_364 : Operation 1595 [99/118] (1.46ns)   --->   "%norm_V_5 = call i24 @sqrt_fixed<32, 16>, i32 %norm_V_10" [backprop.cpp:373]   --->   Operation 1595 'call' 'norm_V_5' <Predicate = true> <Delay = 1.46> <CoreType = "Generic">   --->   Core 0 '' <Latency = 0> <II = 1> <Delay = 1.00> <Generic> <Opcode : >
ST_364 : Operation 1596 [99/118] (1.46ns)   --->   "%bias_norm_V_3 = call i24 @sqrt_fixed<32, 16>, i32 %bias_norm_V_10" [backprop.cpp:374]   --->   Operation 1596 'call' 'bias_norm_V_3' <Predicate = true> <Delay = 1.46> <CoreType = "Generic">   --->   Core 0 '' <Latency = 0> <II = 1> <Delay = 1.00> <Generic> <Opcode : >

State 365 <SV = 155> <Delay = 1.46>
ST_365 : Operation 1597 [98/118] (1.46ns)   --->   "%norm_V_5 = call i24 @sqrt_fixed<32, 16>, i32 %norm_V_10" [backprop.cpp:373]   --->   Operation 1597 'call' 'norm_V_5' <Predicate = true> <Delay = 1.46> <CoreType = "Generic">   --->   Core 0 '' <Latency = 0> <II = 1> <Delay = 1.00> <Generic> <Opcode : >
ST_365 : Operation 1598 [98/118] (1.46ns)   --->   "%bias_norm_V_3 = call i24 @sqrt_fixed<32, 16>, i32 %bias_norm_V_10" [backprop.cpp:374]   --->   Operation 1598 'call' 'bias_norm_V_3' <Predicate = true> <Delay = 1.46> <CoreType = "Generic">   --->   Core 0 '' <Latency = 0> <II = 1> <Delay = 1.00> <Generic> <Opcode : >

State 366 <SV = 156> <Delay = 1.46>
ST_366 : Operation 1599 [97/118] (1.46ns)   --->   "%norm_V_5 = call i24 @sqrt_fixed<32, 16>, i32 %norm_V_10" [backprop.cpp:373]   --->   Operation 1599 'call' 'norm_V_5' <Predicate = true> <Delay = 1.46> <CoreType = "Generic">   --->   Core 0 '' <Latency = 0> <II = 1> <Delay = 1.00> <Generic> <Opcode : >
ST_366 : Operation 1600 [97/118] (1.46ns)   --->   "%bias_norm_V_3 = call i24 @sqrt_fixed<32, 16>, i32 %bias_norm_V_10" [backprop.cpp:374]   --->   Operation 1600 'call' 'bias_norm_V_3' <Predicate = true> <Delay = 1.46> <CoreType = "Generic">   --->   Core 0 '' <Latency = 0> <II = 1> <Delay = 1.00> <Generic> <Opcode : >

State 367 <SV = 157> <Delay = 1.46>
ST_367 : Operation 1601 [96/118] (1.46ns)   --->   "%norm_V_5 = call i24 @sqrt_fixed<32, 16>, i32 %norm_V_10" [backprop.cpp:373]   --->   Operation 1601 'call' 'norm_V_5' <Predicate = true> <Delay = 1.46> <CoreType = "Generic">   --->   Core 0 '' <Latency = 0> <II = 1> <Delay = 1.00> <Generic> <Opcode : >
ST_367 : Operation 1602 [96/118] (1.46ns)   --->   "%bias_norm_V_3 = call i24 @sqrt_fixed<32, 16>, i32 %bias_norm_V_10" [backprop.cpp:374]   --->   Operation 1602 'call' 'bias_norm_V_3' <Predicate = true> <Delay = 1.46> <CoreType = "Generic">   --->   Core 0 '' <Latency = 0> <II = 1> <Delay = 1.00> <Generic> <Opcode : >

State 368 <SV = 158> <Delay = 1.46>
ST_368 : Operation 1603 [95/118] (1.46ns)   --->   "%norm_V_5 = call i24 @sqrt_fixed<32, 16>, i32 %norm_V_10" [backprop.cpp:373]   --->   Operation 1603 'call' 'norm_V_5' <Predicate = true> <Delay = 1.46> <CoreType = "Generic">   --->   Core 0 '' <Latency = 0> <II = 1> <Delay = 1.00> <Generic> <Opcode : >
ST_368 : Operation 1604 [95/118] (1.46ns)   --->   "%bias_norm_V_3 = call i24 @sqrt_fixed<32, 16>, i32 %bias_norm_V_10" [backprop.cpp:374]   --->   Operation 1604 'call' 'bias_norm_V_3' <Predicate = true> <Delay = 1.46> <CoreType = "Generic">   --->   Core 0 '' <Latency = 0> <II = 1> <Delay = 1.00> <Generic> <Opcode : >

State 369 <SV = 159> <Delay = 1.46>
ST_369 : Operation 1605 [94/118] (1.46ns)   --->   "%norm_V_5 = call i24 @sqrt_fixed<32, 16>, i32 %norm_V_10" [backprop.cpp:373]   --->   Operation 1605 'call' 'norm_V_5' <Predicate = true> <Delay = 1.46> <CoreType = "Generic">   --->   Core 0 '' <Latency = 0> <II = 1> <Delay = 1.00> <Generic> <Opcode : >
ST_369 : Operation 1606 [94/118] (1.46ns)   --->   "%bias_norm_V_3 = call i24 @sqrt_fixed<32, 16>, i32 %bias_norm_V_10" [backprop.cpp:374]   --->   Operation 1606 'call' 'bias_norm_V_3' <Predicate = true> <Delay = 1.46> <CoreType = "Generic">   --->   Core 0 '' <Latency = 0> <II = 1> <Delay = 1.00> <Generic> <Opcode : >

State 370 <SV = 160> <Delay = 1.46>
ST_370 : Operation 1607 [93/118] (1.46ns)   --->   "%norm_V_5 = call i24 @sqrt_fixed<32, 16>, i32 %norm_V_10" [backprop.cpp:373]   --->   Operation 1607 'call' 'norm_V_5' <Predicate = true> <Delay = 1.46> <CoreType = "Generic">   --->   Core 0 '' <Latency = 0> <II = 1> <Delay = 1.00> <Generic> <Opcode : >
ST_370 : Operation 1608 [93/118] (1.46ns)   --->   "%bias_norm_V_3 = call i24 @sqrt_fixed<32, 16>, i32 %bias_norm_V_10" [backprop.cpp:374]   --->   Operation 1608 'call' 'bias_norm_V_3' <Predicate = true> <Delay = 1.46> <CoreType = "Generic">   --->   Core 0 '' <Latency = 0> <II = 1> <Delay = 1.00> <Generic> <Opcode : >

State 371 <SV = 161> <Delay = 1.46>
ST_371 : Operation 1609 [92/118] (1.46ns)   --->   "%norm_V_5 = call i24 @sqrt_fixed<32, 16>, i32 %norm_V_10" [backprop.cpp:373]   --->   Operation 1609 'call' 'norm_V_5' <Predicate = true> <Delay = 1.46> <CoreType = "Generic">   --->   Core 0 '' <Latency = 0> <II = 1> <Delay = 1.00> <Generic> <Opcode : >
ST_371 : Operation 1610 [92/118] (1.46ns)   --->   "%bias_norm_V_3 = call i24 @sqrt_fixed<32, 16>, i32 %bias_norm_V_10" [backprop.cpp:374]   --->   Operation 1610 'call' 'bias_norm_V_3' <Predicate = true> <Delay = 1.46> <CoreType = "Generic">   --->   Core 0 '' <Latency = 0> <II = 1> <Delay = 1.00> <Generic> <Opcode : >

State 372 <SV = 162> <Delay = 1.46>
ST_372 : Operation 1611 [91/118] (1.46ns)   --->   "%norm_V_5 = call i24 @sqrt_fixed<32, 16>, i32 %norm_V_10" [backprop.cpp:373]   --->   Operation 1611 'call' 'norm_V_5' <Predicate = true> <Delay = 1.46> <CoreType = "Generic">   --->   Core 0 '' <Latency = 0> <II = 1> <Delay = 1.00> <Generic> <Opcode : >
ST_372 : Operation 1612 [91/118] (1.46ns)   --->   "%bias_norm_V_3 = call i24 @sqrt_fixed<32, 16>, i32 %bias_norm_V_10" [backprop.cpp:374]   --->   Operation 1612 'call' 'bias_norm_V_3' <Predicate = true> <Delay = 1.46> <CoreType = "Generic">   --->   Core 0 '' <Latency = 0> <II = 1> <Delay = 1.00> <Generic> <Opcode : >

State 373 <SV = 163> <Delay = 1.46>
ST_373 : Operation 1613 [90/118] (1.46ns)   --->   "%norm_V_5 = call i24 @sqrt_fixed<32, 16>, i32 %norm_V_10" [backprop.cpp:373]   --->   Operation 1613 'call' 'norm_V_5' <Predicate = true> <Delay = 1.46> <CoreType = "Generic">   --->   Core 0 '' <Latency = 0> <II = 1> <Delay = 1.00> <Generic> <Opcode : >
ST_373 : Operation 1614 [90/118] (1.46ns)   --->   "%bias_norm_V_3 = call i24 @sqrt_fixed<32, 16>, i32 %bias_norm_V_10" [backprop.cpp:374]   --->   Operation 1614 'call' 'bias_norm_V_3' <Predicate = true> <Delay = 1.46> <CoreType = "Generic">   --->   Core 0 '' <Latency = 0> <II = 1> <Delay = 1.00> <Generic> <Opcode : >

State 374 <SV = 164> <Delay = 1.46>
ST_374 : Operation 1615 [89/118] (1.46ns)   --->   "%norm_V_5 = call i24 @sqrt_fixed<32, 16>, i32 %norm_V_10" [backprop.cpp:373]   --->   Operation 1615 'call' 'norm_V_5' <Predicate = true> <Delay = 1.46> <CoreType = "Generic">   --->   Core 0 '' <Latency = 0> <II = 1> <Delay = 1.00> <Generic> <Opcode : >
ST_374 : Operation 1616 [89/118] (1.46ns)   --->   "%bias_norm_V_3 = call i24 @sqrt_fixed<32, 16>, i32 %bias_norm_V_10" [backprop.cpp:374]   --->   Operation 1616 'call' 'bias_norm_V_3' <Predicate = true> <Delay = 1.46> <CoreType = "Generic">   --->   Core 0 '' <Latency = 0> <II = 1> <Delay = 1.00> <Generic> <Opcode : >

State 375 <SV = 165> <Delay = 1.46>
ST_375 : Operation 1617 [88/118] (1.46ns)   --->   "%norm_V_5 = call i24 @sqrt_fixed<32, 16>, i32 %norm_V_10" [backprop.cpp:373]   --->   Operation 1617 'call' 'norm_V_5' <Predicate = true> <Delay = 1.46> <CoreType = "Generic">   --->   Core 0 '' <Latency = 0> <II = 1> <Delay = 1.00> <Generic> <Opcode : >
ST_375 : Operation 1618 [88/118] (1.46ns)   --->   "%bias_norm_V_3 = call i24 @sqrt_fixed<32, 16>, i32 %bias_norm_V_10" [backprop.cpp:374]   --->   Operation 1618 'call' 'bias_norm_V_3' <Predicate = true> <Delay = 1.46> <CoreType = "Generic">   --->   Core 0 '' <Latency = 0> <II = 1> <Delay = 1.00> <Generic> <Opcode : >

State 376 <SV = 166> <Delay = 1.46>
ST_376 : Operation 1619 [87/118] (1.46ns)   --->   "%norm_V_5 = call i24 @sqrt_fixed<32, 16>, i32 %norm_V_10" [backprop.cpp:373]   --->   Operation 1619 'call' 'norm_V_5' <Predicate = true> <Delay = 1.46> <CoreType = "Generic">   --->   Core 0 '' <Latency = 0> <II = 1> <Delay = 1.00> <Generic> <Opcode : >
ST_376 : Operation 1620 [87/118] (1.46ns)   --->   "%bias_norm_V_3 = call i24 @sqrt_fixed<32, 16>, i32 %bias_norm_V_10" [backprop.cpp:374]   --->   Operation 1620 'call' 'bias_norm_V_3' <Predicate = true> <Delay = 1.46> <CoreType = "Generic">   --->   Core 0 '' <Latency = 0> <II = 1> <Delay = 1.00> <Generic> <Opcode : >

State 377 <SV = 167> <Delay = 1.46>
ST_377 : Operation 1621 [86/118] (1.46ns)   --->   "%norm_V_5 = call i24 @sqrt_fixed<32, 16>, i32 %norm_V_10" [backprop.cpp:373]   --->   Operation 1621 'call' 'norm_V_5' <Predicate = true> <Delay = 1.46> <CoreType = "Generic">   --->   Core 0 '' <Latency = 0> <II = 1> <Delay = 1.00> <Generic> <Opcode : >
ST_377 : Operation 1622 [86/118] (1.46ns)   --->   "%bias_norm_V_3 = call i24 @sqrt_fixed<32, 16>, i32 %bias_norm_V_10" [backprop.cpp:374]   --->   Operation 1622 'call' 'bias_norm_V_3' <Predicate = true> <Delay = 1.46> <CoreType = "Generic">   --->   Core 0 '' <Latency = 0> <II = 1> <Delay = 1.00> <Generic> <Opcode : >

State 378 <SV = 168> <Delay = 1.46>
ST_378 : Operation 1623 [85/118] (1.46ns)   --->   "%norm_V_5 = call i24 @sqrt_fixed<32, 16>, i32 %norm_V_10" [backprop.cpp:373]   --->   Operation 1623 'call' 'norm_V_5' <Predicate = true> <Delay = 1.46> <CoreType = "Generic">   --->   Core 0 '' <Latency = 0> <II = 1> <Delay = 1.00> <Generic> <Opcode : >
ST_378 : Operation 1624 [85/118] (1.46ns)   --->   "%bias_norm_V_3 = call i24 @sqrt_fixed<32, 16>, i32 %bias_norm_V_10" [backprop.cpp:374]   --->   Operation 1624 'call' 'bias_norm_V_3' <Predicate = true> <Delay = 1.46> <CoreType = "Generic">   --->   Core 0 '' <Latency = 0> <II = 1> <Delay = 1.00> <Generic> <Opcode : >

State 379 <SV = 169> <Delay = 1.46>
ST_379 : Operation 1625 [84/118] (1.46ns)   --->   "%norm_V_5 = call i24 @sqrt_fixed<32, 16>, i32 %norm_V_10" [backprop.cpp:373]   --->   Operation 1625 'call' 'norm_V_5' <Predicate = true> <Delay = 1.46> <CoreType = "Generic">   --->   Core 0 '' <Latency = 0> <II = 1> <Delay = 1.00> <Generic> <Opcode : >
ST_379 : Operation 1626 [84/118] (1.46ns)   --->   "%bias_norm_V_3 = call i24 @sqrt_fixed<32, 16>, i32 %bias_norm_V_10" [backprop.cpp:374]   --->   Operation 1626 'call' 'bias_norm_V_3' <Predicate = true> <Delay = 1.46> <CoreType = "Generic">   --->   Core 0 '' <Latency = 0> <II = 1> <Delay = 1.00> <Generic> <Opcode : >

State 380 <SV = 170> <Delay = 1.46>
ST_380 : Operation 1627 [83/118] (1.46ns)   --->   "%norm_V_5 = call i24 @sqrt_fixed<32, 16>, i32 %norm_V_10" [backprop.cpp:373]   --->   Operation 1627 'call' 'norm_V_5' <Predicate = true> <Delay = 1.46> <CoreType = "Generic">   --->   Core 0 '' <Latency = 0> <II = 1> <Delay = 1.00> <Generic> <Opcode : >
ST_380 : Operation 1628 [83/118] (1.46ns)   --->   "%bias_norm_V_3 = call i24 @sqrt_fixed<32, 16>, i32 %bias_norm_V_10" [backprop.cpp:374]   --->   Operation 1628 'call' 'bias_norm_V_3' <Predicate = true> <Delay = 1.46> <CoreType = "Generic">   --->   Core 0 '' <Latency = 0> <II = 1> <Delay = 1.00> <Generic> <Opcode : >

State 381 <SV = 171> <Delay = 1.46>
ST_381 : Operation 1629 [82/118] (1.46ns)   --->   "%norm_V_5 = call i24 @sqrt_fixed<32, 16>, i32 %norm_V_10" [backprop.cpp:373]   --->   Operation 1629 'call' 'norm_V_5' <Predicate = true> <Delay = 1.46> <CoreType = "Generic">   --->   Core 0 '' <Latency = 0> <II = 1> <Delay = 1.00> <Generic> <Opcode : >
ST_381 : Operation 1630 [82/118] (1.46ns)   --->   "%bias_norm_V_3 = call i24 @sqrt_fixed<32, 16>, i32 %bias_norm_V_10" [backprop.cpp:374]   --->   Operation 1630 'call' 'bias_norm_V_3' <Predicate = true> <Delay = 1.46> <CoreType = "Generic">   --->   Core 0 '' <Latency = 0> <II = 1> <Delay = 1.00> <Generic> <Opcode : >

State 382 <SV = 172> <Delay = 1.46>
ST_382 : Operation 1631 [81/118] (1.46ns)   --->   "%norm_V_5 = call i24 @sqrt_fixed<32, 16>, i32 %norm_V_10" [backprop.cpp:373]   --->   Operation 1631 'call' 'norm_V_5' <Predicate = true> <Delay = 1.46> <CoreType = "Generic">   --->   Core 0 '' <Latency = 0> <II = 1> <Delay = 1.00> <Generic> <Opcode : >
ST_382 : Operation 1632 [81/118] (1.46ns)   --->   "%bias_norm_V_3 = call i24 @sqrt_fixed<32, 16>, i32 %bias_norm_V_10" [backprop.cpp:374]   --->   Operation 1632 'call' 'bias_norm_V_3' <Predicate = true> <Delay = 1.46> <CoreType = "Generic">   --->   Core 0 '' <Latency = 0> <II = 1> <Delay = 1.00> <Generic> <Opcode : >

State 383 <SV = 173> <Delay = 1.46>
ST_383 : Operation 1633 [80/118] (1.46ns)   --->   "%norm_V_5 = call i24 @sqrt_fixed<32, 16>, i32 %norm_V_10" [backprop.cpp:373]   --->   Operation 1633 'call' 'norm_V_5' <Predicate = true> <Delay = 1.46> <CoreType = "Generic">   --->   Core 0 '' <Latency = 0> <II = 1> <Delay = 1.00> <Generic> <Opcode : >
ST_383 : Operation 1634 [80/118] (1.46ns)   --->   "%bias_norm_V_3 = call i24 @sqrt_fixed<32, 16>, i32 %bias_norm_V_10" [backprop.cpp:374]   --->   Operation 1634 'call' 'bias_norm_V_3' <Predicate = true> <Delay = 1.46> <CoreType = "Generic">   --->   Core 0 '' <Latency = 0> <II = 1> <Delay = 1.00> <Generic> <Opcode : >

State 384 <SV = 174> <Delay = 1.46>
ST_384 : Operation 1635 [79/118] (1.46ns)   --->   "%norm_V_5 = call i24 @sqrt_fixed<32, 16>, i32 %norm_V_10" [backprop.cpp:373]   --->   Operation 1635 'call' 'norm_V_5' <Predicate = true> <Delay = 1.46> <CoreType = "Generic">   --->   Core 0 '' <Latency = 0> <II = 1> <Delay = 1.00> <Generic> <Opcode : >
ST_384 : Operation 1636 [79/118] (1.46ns)   --->   "%bias_norm_V_3 = call i24 @sqrt_fixed<32, 16>, i32 %bias_norm_V_10" [backprop.cpp:374]   --->   Operation 1636 'call' 'bias_norm_V_3' <Predicate = true> <Delay = 1.46> <CoreType = "Generic">   --->   Core 0 '' <Latency = 0> <II = 1> <Delay = 1.00> <Generic> <Opcode : >

State 385 <SV = 175> <Delay = 1.46>
ST_385 : Operation 1637 [78/118] (1.46ns)   --->   "%norm_V_5 = call i24 @sqrt_fixed<32, 16>, i32 %norm_V_10" [backprop.cpp:373]   --->   Operation 1637 'call' 'norm_V_5' <Predicate = true> <Delay = 1.46> <CoreType = "Generic">   --->   Core 0 '' <Latency = 0> <II = 1> <Delay = 1.00> <Generic> <Opcode : >
ST_385 : Operation 1638 [78/118] (1.46ns)   --->   "%bias_norm_V_3 = call i24 @sqrt_fixed<32, 16>, i32 %bias_norm_V_10" [backprop.cpp:374]   --->   Operation 1638 'call' 'bias_norm_V_3' <Predicate = true> <Delay = 1.46> <CoreType = "Generic">   --->   Core 0 '' <Latency = 0> <II = 1> <Delay = 1.00> <Generic> <Opcode : >

State 386 <SV = 176> <Delay = 1.46>
ST_386 : Operation 1639 [77/118] (1.46ns)   --->   "%norm_V_5 = call i24 @sqrt_fixed<32, 16>, i32 %norm_V_10" [backprop.cpp:373]   --->   Operation 1639 'call' 'norm_V_5' <Predicate = true> <Delay = 1.46> <CoreType = "Generic">   --->   Core 0 '' <Latency = 0> <II = 1> <Delay = 1.00> <Generic> <Opcode : >
ST_386 : Operation 1640 [77/118] (1.46ns)   --->   "%bias_norm_V_3 = call i24 @sqrt_fixed<32, 16>, i32 %bias_norm_V_10" [backprop.cpp:374]   --->   Operation 1640 'call' 'bias_norm_V_3' <Predicate = true> <Delay = 1.46> <CoreType = "Generic">   --->   Core 0 '' <Latency = 0> <II = 1> <Delay = 1.00> <Generic> <Opcode : >

State 387 <SV = 177> <Delay = 1.46>
ST_387 : Operation 1641 [76/118] (1.46ns)   --->   "%norm_V_5 = call i24 @sqrt_fixed<32, 16>, i32 %norm_V_10" [backprop.cpp:373]   --->   Operation 1641 'call' 'norm_V_5' <Predicate = true> <Delay = 1.46> <CoreType = "Generic">   --->   Core 0 '' <Latency = 0> <II = 1> <Delay = 1.00> <Generic> <Opcode : >
ST_387 : Operation 1642 [76/118] (1.46ns)   --->   "%bias_norm_V_3 = call i24 @sqrt_fixed<32, 16>, i32 %bias_norm_V_10" [backprop.cpp:374]   --->   Operation 1642 'call' 'bias_norm_V_3' <Predicate = true> <Delay = 1.46> <CoreType = "Generic">   --->   Core 0 '' <Latency = 0> <II = 1> <Delay = 1.00> <Generic> <Opcode : >

State 388 <SV = 178> <Delay = 1.46>
ST_388 : Operation 1643 [75/118] (1.46ns)   --->   "%norm_V_5 = call i24 @sqrt_fixed<32, 16>, i32 %norm_V_10" [backprop.cpp:373]   --->   Operation 1643 'call' 'norm_V_5' <Predicate = true> <Delay = 1.46> <CoreType = "Generic">   --->   Core 0 '' <Latency = 0> <II = 1> <Delay = 1.00> <Generic> <Opcode : >
ST_388 : Operation 1644 [75/118] (1.46ns)   --->   "%bias_norm_V_3 = call i24 @sqrt_fixed<32, 16>, i32 %bias_norm_V_10" [backprop.cpp:374]   --->   Operation 1644 'call' 'bias_norm_V_3' <Predicate = true> <Delay = 1.46> <CoreType = "Generic">   --->   Core 0 '' <Latency = 0> <II = 1> <Delay = 1.00> <Generic> <Opcode : >

State 389 <SV = 179> <Delay = 1.46>
ST_389 : Operation 1645 [74/118] (1.46ns)   --->   "%norm_V_5 = call i24 @sqrt_fixed<32, 16>, i32 %norm_V_10" [backprop.cpp:373]   --->   Operation 1645 'call' 'norm_V_5' <Predicate = true> <Delay = 1.46> <CoreType = "Generic">   --->   Core 0 '' <Latency = 0> <II = 1> <Delay = 1.00> <Generic> <Opcode : >
ST_389 : Operation 1646 [74/118] (1.46ns)   --->   "%bias_norm_V_3 = call i24 @sqrt_fixed<32, 16>, i32 %bias_norm_V_10" [backprop.cpp:374]   --->   Operation 1646 'call' 'bias_norm_V_3' <Predicate = true> <Delay = 1.46> <CoreType = "Generic">   --->   Core 0 '' <Latency = 0> <II = 1> <Delay = 1.00> <Generic> <Opcode : >

State 390 <SV = 180> <Delay = 1.46>
ST_390 : Operation 1647 [73/118] (1.46ns)   --->   "%norm_V_5 = call i24 @sqrt_fixed<32, 16>, i32 %norm_V_10" [backprop.cpp:373]   --->   Operation 1647 'call' 'norm_V_5' <Predicate = true> <Delay = 1.46> <CoreType = "Generic">   --->   Core 0 '' <Latency = 0> <II = 1> <Delay = 1.00> <Generic> <Opcode : >
ST_390 : Operation 1648 [73/118] (1.46ns)   --->   "%bias_norm_V_3 = call i24 @sqrt_fixed<32, 16>, i32 %bias_norm_V_10" [backprop.cpp:374]   --->   Operation 1648 'call' 'bias_norm_V_3' <Predicate = true> <Delay = 1.46> <CoreType = "Generic">   --->   Core 0 '' <Latency = 0> <II = 1> <Delay = 1.00> <Generic> <Opcode : >

State 391 <SV = 181> <Delay = 1.46>
ST_391 : Operation 1649 [72/118] (1.46ns)   --->   "%norm_V_5 = call i24 @sqrt_fixed<32, 16>, i32 %norm_V_10" [backprop.cpp:373]   --->   Operation 1649 'call' 'norm_V_5' <Predicate = true> <Delay = 1.46> <CoreType = "Generic">   --->   Core 0 '' <Latency = 0> <II = 1> <Delay = 1.00> <Generic> <Opcode : >
ST_391 : Operation 1650 [72/118] (1.46ns)   --->   "%bias_norm_V_3 = call i24 @sqrt_fixed<32, 16>, i32 %bias_norm_V_10" [backprop.cpp:374]   --->   Operation 1650 'call' 'bias_norm_V_3' <Predicate = true> <Delay = 1.46> <CoreType = "Generic">   --->   Core 0 '' <Latency = 0> <II = 1> <Delay = 1.00> <Generic> <Opcode : >

State 392 <SV = 182> <Delay = 1.46>
ST_392 : Operation 1651 [71/118] (1.46ns)   --->   "%norm_V_5 = call i24 @sqrt_fixed<32, 16>, i32 %norm_V_10" [backprop.cpp:373]   --->   Operation 1651 'call' 'norm_V_5' <Predicate = true> <Delay = 1.46> <CoreType = "Generic">   --->   Core 0 '' <Latency = 0> <II = 1> <Delay = 1.00> <Generic> <Opcode : >
ST_392 : Operation 1652 [71/118] (1.46ns)   --->   "%bias_norm_V_3 = call i24 @sqrt_fixed<32, 16>, i32 %bias_norm_V_10" [backprop.cpp:374]   --->   Operation 1652 'call' 'bias_norm_V_3' <Predicate = true> <Delay = 1.46> <CoreType = "Generic">   --->   Core 0 '' <Latency = 0> <II = 1> <Delay = 1.00> <Generic> <Opcode : >

State 393 <SV = 183> <Delay = 1.46>
ST_393 : Operation 1653 [70/118] (1.46ns)   --->   "%norm_V_5 = call i24 @sqrt_fixed<32, 16>, i32 %norm_V_10" [backprop.cpp:373]   --->   Operation 1653 'call' 'norm_V_5' <Predicate = true> <Delay = 1.46> <CoreType = "Generic">   --->   Core 0 '' <Latency = 0> <II = 1> <Delay = 1.00> <Generic> <Opcode : >
ST_393 : Operation 1654 [70/118] (1.46ns)   --->   "%bias_norm_V_3 = call i24 @sqrt_fixed<32, 16>, i32 %bias_norm_V_10" [backprop.cpp:374]   --->   Operation 1654 'call' 'bias_norm_V_3' <Predicate = true> <Delay = 1.46> <CoreType = "Generic">   --->   Core 0 '' <Latency = 0> <II = 1> <Delay = 1.00> <Generic> <Opcode : >

State 394 <SV = 184> <Delay = 1.46>
ST_394 : Operation 1655 [69/118] (1.46ns)   --->   "%norm_V_5 = call i24 @sqrt_fixed<32, 16>, i32 %norm_V_10" [backprop.cpp:373]   --->   Operation 1655 'call' 'norm_V_5' <Predicate = true> <Delay = 1.46> <CoreType = "Generic">   --->   Core 0 '' <Latency = 0> <II = 1> <Delay = 1.00> <Generic> <Opcode : >
ST_394 : Operation 1656 [69/118] (1.46ns)   --->   "%bias_norm_V_3 = call i24 @sqrt_fixed<32, 16>, i32 %bias_norm_V_10" [backprop.cpp:374]   --->   Operation 1656 'call' 'bias_norm_V_3' <Predicate = true> <Delay = 1.46> <CoreType = "Generic">   --->   Core 0 '' <Latency = 0> <II = 1> <Delay = 1.00> <Generic> <Opcode : >

State 395 <SV = 185> <Delay = 1.46>
ST_395 : Operation 1657 [68/118] (1.46ns)   --->   "%norm_V_5 = call i24 @sqrt_fixed<32, 16>, i32 %norm_V_10" [backprop.cpp:373]   --->   Operation 1657 'call' 'norm_V_5' <Predicate = true> <Delay = 1.46> <CoreType = "Generic">   --->   Core 0 '' <Latency = 0> <II = 1> <Delay = 1.00> <Generic> <Opcode : >
ST_395 : Operation 1658 [68/118] (1.46ns)   --->   "%bias_norm_V_3 = call i24 @sqrt_fixed<32, 16>, i32 %bias_norm_V_10" [backprop.cpp:374]   --->   Operation 1658 'call' 'bias_norm_V_3' <Predicate = true> <Delay = 1.46> <CoreType = "Generic">   --->   Core 0 '' <Latency = 0> <II = 1> <Delay = 1.00> <Generic> <Opcode : >

State 396 <SV = 186> <Delay = 1.46>
ST_396 : Operation 1659 [67/118] (1.46ns)   --->   "%norm_V_5 = call i24 @sqrt_fixed<32, 16>, i32 %norm_V_10" [backprop.cpp:373]   --->   Operation 1659 'call' 'norm_V_5' <Predicate = true> <Delay = 1.46> <CoreType = "Generic">   --->   Core 0 '' <Latency = 0> <II = 1> <Delay = 1.00> <Generic> <Opcode : >
ST_396 : Operation 1660 [67/118] (1.46ns)   --->   "%bias_norm_V_3 = call i24 @sqrt_fixed<32, 16>, i32 %bias_norm_V_10" [backprop.cpp:374]   --->   Operation 1660 'call' 'bias_norm_V_3' <Predicate = true> <Delay = 1.46> <CoreType = "Generic">   --->   Core 0 '' <Latency = 0> <II = 1> <Delay = 1.00> <Generic> <Opcode : >

State 397 <SV = 187> <Delay = 1.46>
ST_397 : Operation 1661 [66/118] (1.46ns)   --->   "%norm_V_5 = call i24 @sqrt_fixed<32, 16>, i32 %norm_V_10" [backprop.cpp:373]   --->   Operation 1661 'call' 'norm_V_5' <Predicate = true> <Delay = 1.46> <CoreType = "Generic">   --->   Core 0 '' <Latency = 0> <II = 1> <Delay = 1.00> <Generic> <Opcode : >
ST_397 : Operation 1662 [66/118] (1.46ns)   --->   "%bias_norm_V_3 = call i24 @sqrt_fixed<32, 16>, i32 %bias_norm_V_10" [backprop.cpp:374]   --->   Operation 1662 'call' 'bias_norm_V_3' <Predicate = true> <Delay = 1.46> <CoreType = "Generic">   --->   Core 0 '' <Latency = 0> <II = 1> <Delay = 1.00> <Generic> <Opcode : >

State 398 <SV = 188> <Delay = 1.46>
ST_398 : Operation 1663 [65/118] (1.46ns)   --->   "%norm_V_5 = call i24 @sqrt_fixed<32, 16>, i32 %norm_V_10" [backprop.cpp:373]   --->   Operation 1663 'call' 'norm_V_5' <Predicate = true> <Delay = 1.46> <CoreType = "Generic">   --->   Core 0 '' <Latency = 0> <II = 1> <Delay = 1.00> <Generic> <Opcode : >
ST_398 : Operation 1664 [65/118] (1.46ns)   --->   "%bias_norm_V_3 = call i24 @sqrt_fixed<32, 16>, i32 %bias_norm_V_10" [backprop.cpp:374]   --->   Operation 1664 'call' 'bias_norm_V_3' <Predicate = true> <Delay = 1.46> <CoreType = "Generic">   --->   Core 0 '' <Latency = 0> <II = 1> <Delay = 1.00> <Generic> <Opcode : >

State 399 <SV = 189> <Delay = 1.46>
ST_399 : Operation 1665 [64/118] (1.46ns)   --->   "%norm_V_5 = call i24 @sqrt_fixed<32, 16>, i32 %norm_V_10" [backprop.cpp:373]   --->   Operation 1665 'call' 'norm_V_5' <Predicate = true> <Delay = 1.46> <CoreType = "Generic">   --->   Core 0 '' <Latency = 0> <II = 1> <Delay = 1.00> <Generic> <Opcode : >
ST_399 : Operation 1666 [64/118] (1.46ns)   --->   "%bias_norm_V_3 = call i24 @sqrt_fixed<32, 16>, i32 %bias_norm_V_10" [backprop.cpp:374]   --->   Operation 1666 'call' 'bias_norm_V_3' <Predicate = true> <Delay = 1.46> <CoreType = "Generic">   --->   Core 0 '' <Latency = 0> <II = 1> <Delay = 1.00> <Generic> <Opcode : >

State 400 <SV = 190> <Delay = 1.46>
ST_400 : Operation 1667 [63/118] (1.46ns)   --->   "%norm_V_5 = call i24 @sqrt_fixed<32, 16>, i32 %norm_V_10" [backprop.cpp:373]   --->   Operation 1667 'call' 'norm_V_5' <Predicate = true> <Delay = 1.46> <CoreType = "Generic">   --->   Core 0 '' <Latency = 0> <II = 1> <Delay = 1.00> <Generic> <Opcode : >
ST_400 : Operation 1668 [63/118] (1.46ns)   --->   "%bias_norm_V_3 = call i24 @sqrt_fixed<32, 16>, i32 %bias_norm_V_10" [backprop.cpp:374]   --->   Operation 1668 'call' 'bias_norm_V_3' <Predicate = true> <Delay = 1.46> <CoreType = "Generic">   --->   Core 0 '' <Latency = 0> <II = 1> <Delay = 1.00> <Generic> <Opcode : >

State 401 <SV = 191> <Delay = 1.46>
ST_401 : Operation 1669 [62/118] (1.46ns)   --->   "%norm_V_5 = call i24 @sqrt_fixed<32, 16>, i32 %norm_V_10" [backprop.cpp:373]   --->   Operation 1669 'call' 'norm_V_5' <Predicate = true> <Delay = 1.46> <CoreType = "Generic">   --->   Core 0 '' <Latency = 0> <II = 1> <Delay = 1.00> <Generic> <Opcode : >
ST_401 : Operation 1670 [62/118] (1.46ns)   --->   "%bias_norm_V_3 = call i24 @sqrt_fixed<32, 16>, i32 %bias_norm_V_10" [backprop.cpp:374]   --->   Operation 1670 'call' 'bias_norm_V_3' <Predicate = true> <Delay = 1.46> <CoreType = "Generic">   --->   Core 0 '' <Latency = 0> <II = 1> <Delay = 1.00> <Generic> <Opcode : >

State 402 <SV = 192> <Delay = 1.46>
ST_402 : Operation 1671 [61/118] (1.46ns)   --->   "%norm_V_5 = call i24 @sqrt_fixed<32, 16>, i32 %norm_V_10" [backprop.cpp:373]   --->   Operation 1671 'call' 'norm_V_5' <Predicate = true> <Delay = 1.46> <CoreType = "Generic">   --->   Core 0 '' <Latency = 0> <II = 1> <Delay = 1.00> <Generic> <Opcode : >
ST_402 : Operation 1672 [61/118] (1.46ns)   --->   "%bias_norm_V_3 = call i24 @sqrt_fixed<32, 16>, i32 %bias_norm_V_10" [backprop.cpp:374]   --->   Operation 1672 'call' 'bias_norm_V_3' <Predicate = true> <Delay = 1.46> <CoreType = "Generic">   --->   Core 0 '' <Latency = 0> <II = 1> <Delay = 1.00> <Generic> <Opcode : >

State 403 <SV = 193> <Delay = 1.46>
ST_403 : Operation 1673 [60/118] (1.46ns)   --->   "%norm_V_5 = call i24 @sqrt_fixed<32, 16>, i32 %norm_V_10" [backprop.cpp:373]   --->   Operation 1673 'call' 'norm_V_5' <Predicate = true> <Delay = 1.46> <CoreType = "Generic">   --->   Core 0 '' <Latency = 0> <II = 1> <Delay = 1.00> <Generic> <Opcode : >
ST_403 : Operation 1674 [60/118] (1.46ns)   --->   "%bias_norm_V_3 = call i24 @sqrt_fixed<32, 16>, i32 %bias_norm_V_10" [backprop.cpp:374]   --->   Operation 1674 'call' 'bias_norm_V_3' <Predicate = true> <Delay = 1.46> <CoreType = "Generic">   --->   Core 0 '' <Latency = 0> <II = 1> <Delay = 1.00> <Generic> <Opcode : >

State 404 <SV = 194> <Delay = 1.46>
ST_404 : Operation 1675 [59/118] (1.46ns)   --->   "%norm_V_5 = call i24 @sqrt_fixed<32, 16>, i32 %norm_V_10" [backprop.cpp:373]   --->   Operation 1675 'call' 'norm_V_5' <Predicate = true> <Delay = 1.46> <CoreType = "Generic">   --->   Core 0 '' <Latency = 0> <II = 1> <Delay = 1.00> <Generic> <Opcode : >
ST_404 : Operation 1676 [59/118] (1.46ns)   --->   "%bias_norm_V_3 = call i24 @sqrt_fixed<32, 16>, i32 %bias_norm_V_10" [backprop.cpp:374]   --->   Operation 1676 'call' 'bias_norm_V_3' <Predicate = true> <Delay = 1.46> <CoreType = "Generic">   --->   Core 0 '' <Latency = 0> <II = 1> <Delay = 1.00> <Generic> <Opcode : >

State 405 <SV = 195> <Delay = 1.46>
ST_405 : Operation 1677 [58/118] (1.46ns)   --->   "%norm_V_5 = call i24 @sqrt_fixed<32, 16>, i32 %norm_V_10" [backprop.cpp:373]   --->   Operation 1677 'call' 'norm_V_5' <Predicate = true> <Delay = 1.46> <CoreType = "Generic">   --->   Core 0 '' <Latency = 0> <II = 1> <Delay = 1.00> <Generic> <Opcode : >
ST_405 : Operation 1678 [58/118] (1.46ns)   --->   "%bias_norm_V_3 = call i24 @sqrt_fixed<32, 16>, i32 %bias_norm_V_10" [backprop.cpp:374]   --->   Operation 1678 'call' 'bias_norm_V_3' <Predicate = true> <Delay = 1.46> <CoreType = "Generic">   --->   Core 0 '' <Latency = 0> <II = 1> <Delay = 1.00> <Generic> <Opcode : >

State 406 <SV = 196> <Delay = 1.46>
ST_406 : Operation 1679 [57/118] (1.46ns)   --->   "%norm_V_5 = call i24 @sqrt_fixed<32, 16>, i32 %norm_V_10" [backprop.cpp:373]   --->   Operation 1679 'call' 'norm_V_5' <Predicate = true> <Delay = 1.46> <CoreType = "Generic">   --->   Core 0 '' <Latency = 0> <II = 1> <Delay = 1.00> <Generic> <Opcode : >
ST_406 : Operation 1680 [57/118] (1.46ns)   --->   "%bias_norm_V_3 = call i24 @sqrt_fixed<32, 16>, i32 %bias_norm_V_10" [backprop.cpp:374]   --->   Operation 1680 'call' 'bias_norm_V_3' <Predicate = true> <Delay = 1.46> <CoreType = "Generic">   --->   Core 0 '' <Latency = 0> <II = 1> <Delay = 1.00> <Generic> <Opcode : >

State 407 <SV = 197> <Delay = 1.46>
ST_407 : Operation 1681 [56/118] (1.46ns)   --->   "%norm_V_5 = call i24 @sqrt_fixed<32, 16>, i32 %norm_V_10" [backprop.cpp:373]   --->   Operation 1681 'call' 'norm_V_5' <Predicate = true> <Delay = 1.46> <CoreType = "Generic">   --->   Core 0 '' <Latency = 0> <II = 1> <Delay = 1.00> <Generic> <Opcode : >
ST_407 : Operation 1682 [56/118] (1.46ns)   --->   "%bias_norm_V_3 = call i24 @sqrt_fixed<32, 16>, i32 %bias_norm_V_10" [backprop.cpp:374]   --->   Operation 1682 'call' 'bias_norm_V_3' <Predicate = true> <Delay = 1.46> <CoreType = "Generic">   --->   Core 0 '' <Latency = 0> <II = 1> <Delay = 1.00> <Generic> <Opcode : >

State 408 <SV = 198> <Delay = 1.46>
ST_408 : Operation 1683 [55/118] (1.46ns)   --->   "%norm_V_5 = call i24 @sqrt_fixed<32, 16>, i32 %norm_V_10" [backprop.cpp:373]   --->   Operation 1683 'call' 'norm_V_5' <Predicate = true> <Delay = 1.46> <CoreType = "Generic">   --->   Core 0 '' <Latency = 0> <II = 1> <Delay = 1.00> <Generic> <Opcode : >
ST_408 : Operation 1684 [55/118] (1.46ns)   --->   "%bias_norm_V_3 = call i24 @sqrt_fixed<32, 16>, i32 %bias_norm_V_10" [backprop.cpp:374]   --->   Operation 1684 'call' 'bias_norm_V_3' <Predicate = true> <Delay = 1.46> <CoreType = "Generic">   --->   Core 0 '' <Latency = 0> <II = 1> <Delay = 1.00> <Generic> <Opcode : >

State 409 <SV = 199> <Delay = 1.46>
ST_409 : Operation 1685 [54/118] (1.46ns)   --->   "%norm_V_5 = call i24 @sqrt_fixed<32, 16>, i32 %norm_V_10" [backprop.cpp:373]   --->   Operation 1685 'call' 'norm_V_5' <Predicate = true> <Delay = 1.46> <CoreType = "Generic">   --->   Core 0 '' <Latency = 0> <II = 1> <Delay = 1.00> <Generic> <Opcode : >
ST_409 : Operation 1686 [54/118] (1.46ns)   --->   "%bias_norm_V_3 = call i24 @sqrt_fixed<32, 16>, i32 %bias_norm_V_10" [backprop.cpp:374]   --->   Operation 1686 'call' 'bias_norm_V_3' <Predicate = true> <Delay = 1.46> <CoreType = "Generic">   --->   Core 0 '' <Latency = 0> <II = 1> <Delay = 1.00> <Generic> <Opcode : >

State 410 <SV = 200> <Delay = 1.46>
ST_410 : Operation 1687 [53/118] (1.46ns)   --->   "%norm_V_5 = call i24 @sqrt_fixed<32, 16>, i32 %norm_V_10" [backprop.cpp:373]   --->   Operation 1687 'call' 'norm_V_5' <Predicate = true> <Delay = 1.46> <CoreType = "Generic">   --->   Core 0 '' <Latency = 0> <II = 1> <Delay = 1.00> <Generic> <Opcode : >
ST_410 : Operation 1688 [53/118] (1.46ns)   --->   "%bias_norm_V_3 = call i24 @sqrt_fixed<32, 16>, i32 %bias_norm_V_10" [backprop.cpp:374]   --->   Operation 1688 'call' 'bias_norm_V_3' <Predicate = true> <Delay = 1.46> <CoreType = "Generic">   --->   Core 0 '' <Latency = 0> <II = 1> <Delay = 1.00> <Generic> <Opcode : >

State 411 <SV = 201> <Delay = 1.46>
ST_411 : Operation 1689 [52/118] (1.46ns)   --->   "%norm_V_5 = call i24 @sqrt_fixed<32, 16>, i32 %norm_V_10" [backprop.cpp:373]   --->   Operation 1689 'call' 'norm_V_5' <Predicate = true> <Delay = 1.46> <CoreType = "Generic">   --->   Core 0 '' <Latency = 0> <II = 1> <Delay = 1.00> <Generic> <Opcode : >
ST_411 : Operation 1690 [52/118] (1.46ns)   --->   "%bias_norm_V_3 = call i24 @sqrt_fixed<32, 16>, i32 %bias_norm_V_10" [backprop.cpp:374]   --->   Operation 1690 'call' 'bias_norm_V_3' <Predicate = true> <Delay = 1.46> <CoreType = "Generic">   --->   Core 0 '' <Latency = 0> <II = 1> <Delay = 1.00> <Generic> <Opcode : >

State 412 <SV = 202> <Delay = 1.46>
ST_412 : Operation 1691 [51/118] (1.46ns)   --->   "%norm_V_5 = call i24 @sqrt_fixed<32, 16>, i32 %norm_V_10" [backprop.cpp:373]   --->   Operation 1691 'call' 'norm_V_5' <Predicate = true> <Delay = 1.46> <CoreType = "Generic">   --->   Core 0 '' <Latency = 0> <II = 1> <Delay = 1.00> <Generic> <Opcode : >
ST_412 : Operation 1692 [51/118] (1.46ns)   --->   "%bias_norm_V_3 = call i24 @sqrt_fixed<32, 16>, i32 %bias_norm_V_10" [backprop.cpp:374]   --->   Operation 1692 'call' 'bias_norm_V_3' <Predicate = true> <Delay = 1.46> <CoreType = "Generic">   --->   Core 0 '' <Latency = 0> <II = 1> <Delay = 1.00> <Generic> <Opcode : >

State 413 <SV = 203> <Delay = 1.46>
ST_413 : Operation 1693 [50/118] (1.46ns)   --->   "%norm_V_5 = call i24 @sqrt_fixed<32, 16>, i32 %norm_V_10" [backprop.cpp:373]   --->   Operation 1693 'call' 'norm_V_5' <Predicate = true> <Delay = 1.46> <CoreType = "Generic">   --->   Core 0 '' <Latency = 0> <II = 1> <Delay = 1.00> <Generic> <Opcode : >
ST_413 : Operation 1694 [50/118] (1.46ns)   --->   "%bias_norm_V_3 = call i24 @sqrt_fixed<32, 16>, i32 %bias_norm_V_10" [backprop.cpp:374]   --->   Operation 1694 'call' 'bias_norm_V_3' <Predicate = true> <Delay = 1.46> <CoreType = "Generic">   --->   Core 0 '' <Latency = 0> <II = 1> <Delay = 1.00> <Generic> <Opcode : >

State 414 <SV = 204> <Delay = 1.46>
ST_414 : Operation 1695 [49/118] (1.46ns)   --->   "%norm_V_5 = call i24 @sqrt_fixed<32, 16>, i32 %norm_V_10" [backprop.cpp:373]   --->   Operation 1695 'call' 'norm_V_5' <Predicate = true> <Delay = 1.46> <CoreType = "Generic">   --->   Core 0 '' <Latency = 0> <II = 1> <Delay = 1.00> <Generic> <Opcode : >
ST_414 : Operation 1696 [49/118] (1.46ns)   --->   "%bias_norm_V_3 = call i24 @sqrt_fixed<32, 16>, i32 %bias_norm_V_10" [backprop.cpp:374]   --->   Operation 1696 'call' 'bias_norm_V_3' <Predicate = true> <Delay = 1.46> <CoreType = "Generic">   --->   Core 0 '' <Latency = 0> <II = 1> <Delay = 1.00> <Generic> <Opcode : >

State 415 <SV = 205> <Delay = 1.46>
ST_415 : Operation 1697 [48/118] (1.46ns)   --->   "%norm_V_5 = call i24 @sqrt_fixed<32, 16>, i32 %norm_V_10" [backprop.cpp:373]   --->   Operation 1697 'call' 'norm_V_5' <Predicate = true> <Delay = 1.46> <CoreType = "Generic">   --->   Core 0 '' <Latency = 0> <II = 1> <Delay = 1.00> <Generic> <Opcode : >
ST_415 : Operation 1698 [48/118] (1.46ns)   --->   "%bias_norm_V_3 = call i24 @sqrt_fixed<32, 16>, i32 %bias_norm_V_10" [backprop.cpp:374]   --->   Operation 1698 'call' 'bias_norm_V_3' <Predicate = true> <Delay = 1.46> <CoreType = "Generic">   --->   Core 0 '' <Latency = 0> <II = 1> <Delay = 1.00> <Generic> <Opcode : >

State 416 <SV = 206> <Delay = 1.46>
ST_416 : Operation 1699 [47/118] (1.46ns)   --->   "%norm_V_5 = call i24 @sqrt_fixed<32, 16>, i32 %norm_V_10" [backprop.cpp:373]   --->   Operation 1699 'call' 'norm_V_5' <Predicate = true> <Delay = 1.46> <CoreType = "Generic">   --->   Core 0 '' <Latency = 0> <II = 1> <Delay = 1.00> <Generic> <Opcode : >
ST_416 : Operation 1700 [47/118] (1.46ns)   --->   "%bias_norm_V_3 = call i24 @sqrt_fixed<32, 16>, i32 %bias_norm_V_10" [backprop.cpp:374]   --->   Operation 1700 'call' 'bias_norm_V_3' <Predicate = true> <Delay = 1.46> <CoreType = "Generic">   --->   Core 0 '' <Latency = 0> <II = 1> <Delay = 1.00> <Generic> <Opcode : >

State 417 <SV = 207> <Delay = 1.46>
ST_417 : Operation 1701 [46/118] (1.46ns)   --->   "%norm_V_5 = call i24 @sqrt_fixed<32, 16>, i32 %norm_V_10" [backprop.cpp:373]   --->   Operation 1701 'call' 'norm_V_5' <Predicate = true> <Delay = 1.46> <CoreType = "Generic">   --->   Core 0 '' <Latency = 0> <II = 1> <Delay = 1.00> <Generic> <Opcode : >
ST_417 : Operation 1702 [46/118] (1.46ns)   --->   "%bias_norm_V_3 = call i24 @sqrt_fixed<32, 16>, i32 %bias_norm_V_10" [backprop.cpp:374]   --->   Operation 1702 'call' 'bias_norm_V_3' <Predicate = true> <Delay = 1.46> <CoreType = "Generic">   --->   Core 0 '' <Latency = 0> <II = 1> <Delay = 1.00> <Generic> <Opcode : >

State 418 <SV = 208> <Delay = 1.46>
ST_418 : Operation 1703 [45/118] (1.46ns)   --->   "%norm_V_5 = call i24 @sqrt_fixed<32, 16>, i32 %norm_V_10" [backprop.cpp:373]   --->   Operation 1703 'call' 'norm_V_5' <Predicate = true> <Delay = 1.46> <CoreType = "Generic">   --->   Core 0 '' <Latency = 0> <II = 1> <Delay = 1.00> <Generic> <Opcode : >
ST_418 : Operation 1704 [45/118] (1.46ns)   --->   "%bias_norm_V_3 = call i24 @sqrt_fixed<32, 16>, i32 %bias_norm_V_10" [backprop.cpp:374]   --->   Operation 1704 'call' 'bias_norm_V_3' <Predicate = true> <Delay = 1.46> <CoreType = "Generic">   --->   Core 0 '' <Latency = 0> <II = 1> <Delay = 1.00> <Generic> <Opcode : >

State 419 <SV = 209> <Delay = 1.46>
ST_419 : Operation 1705 [44/118] (1.46ns)   --->   "%norm_V_5 = call i24 @sqrt_fixed<32, 16>, i32 %norm_V_10" [backprop.cpp:373]   --->   Operation 1705 'call' 'norm_V_5' <Predicate = true> <Delay = 1.46> <CoreType = "Generic">   --->   Core 0 '' <Latency = 0> <II = 1> <Delay = 1.00> <Generic> <Opcode : >
ST_419 : Operation 1706 [44/118] (1.46ns)   --->   "%bias_norm_V_3 = call i24 @sqrt_fixed<32, 16>, i32 %bias_norm_V_10" [backprop.cpp:374]   --->   Operation 1706 'call' 'bias_norm_V_3' <Predicate = true> <Delay = 1.46> <CoreType = "Generic">   --->   Core 0 '' <Latency = 0> <II = 1> <Delay = 1.00> <Generic> <Opcode : >

State 420 <SV = 210> <Delay = 1.46>
ST_420 : Operation 1707 [43/118] (1.46ns)   --->   "%norm_V_5 = call i24 @sqrt_fixed<32, 16>, i32 %norm_V_10" [backprop.cpp:373]   --->   Operation 1707 'call' 'norm_V_5' <Predicate = true> <Delay = 1.46> <CoreType = "Generic">   --->   Core 0 '' <Latency = 0> <II = 1> <Delay = 1.00> <Generic> <Opcode : >
ST_420 : Operation 1708 [43/118] (1.46ns)   --->   "%bias_norm_V_3 = call i24 @sqrt_fixed<32, 16>, i32 %bias_norm_V_10" [backprop.cpp:374]   --->   Operation 1708 'call' 'bias_norm_V_3' <Predicate = true> <Delay = 1.46> <CoreType = "Generic">   --->   Core 0 '' <Latency = 0> <II = 1> <Delay = 1.00> <Generic> <Opcode : >

State 421 <SV = 211> <Delay = 1.46>
ST_421 : Operation 1709 [42/118] (1.46ns)   --->   "%norm_V_5 = call i24 @sqrt_fixed<32, 16>, i32 %norm_V_10" [backprop.cpp:373]   --->   Operation 1709 'call' 'norm_V_5' <Predicate = true> <Delay = 1.46> <CoreType = "Generic">   --->   Core 0 '' <Latency = 0> <II = 1> <Delay = 1.00> <Generic> <Opcode : >
ST_421 : Operation 1710 [42/118] (1.46ns)   --->   "%bias_norm_V_3 = call i24 @sqrt_fixed<32, 16>, i32 %bias_norm_V_10" [backprop.cpp:374]   --->   Operation 1710 'call' 'bias_norm_V_3' <Predicate = true> <Delay = 1.46> <CoreType = "Generic">   --->   Core 0 '' <Latency = 0> <II = 1> <Delay = 1.00> <Generic> <Opcode : >

State 422 <SV = 212> <Delay = 1.46>
ST_422 : Operation 1711 [41/118] (1.46ns)   --->   "%norm_V_5 = call i24 @sqrt_fixed<32, 16>, i32 %norm_V_10" [backprop.cpp:373]   --->   Operation 1711 'call' 'norm_V_5' <Predicate = true> <Delay = 1.46> <CoreType = "Generic">   --->   Core 0 '' <Latency = 0> <II = 1> <Delay = 1.00> <Generic> <Opcode : >
ST_422 : Operation 1712 [41/118] (1.46ns)   --->   "%bias_norm_V_3 = call i24 @sqrt_fixed<32, 16>, i32 %bias_norm_V_10" [backprop.cpp:374]   --->   Operation 1712 'call' 'bias_norm_V_3' <Predicate = true> <Delay = 1.46> <CoreType = "Generic">   --->   Core 0 '' <Latency = 0> <II = 1> <Delay = 1.00> <Generic> <Opcode : >

State 423 <SV = 213> <Delay = 1.46>
ST_423 : Operation 1713 [40/118] (1.46ns)   --->   "%norm_V_5 = call i24 @sqrt_fixed<32, 16>, i32 %norm_V_10" [backprop.cpp:373]   --->   Operation 1713 'call' 'norm_V_5' <Predicate = true> <Delay = 1.46> <CoreType = "Generic">   --->   Core 0 '' <Latency = 0> <II = 1> <Delay = 1.00> <Generic> <Opcode : >
ST_423 : Operation 1714 [40/118] (1.46ns)   --->   "%bias_norm_V_3 = call i24 @sqrt_fixed<32, 16>, i32 %bias_norm_V_10" [backprop.cpp:374]   --->   Operation 1714 'call' 'bias_norm_V_3' <Predicate = true> <Delay = 1.46> <CoreType = "Generic">   --->   Core 0 '' <Latency = 0> <II = 1> <Delay = 1.00> <Generic> <Opcode : >

State 424 <SV = 214> <Delay = 1.46>
ST_424 : Operation 1715 [39/118] (1.46ns)   --->   "%norm_V_5 = call i24 @sqrt_fixed<32, 16>, i32 %norm_V_10" [backprop.cpp:373]   --->   Operation 1715 'call' 'norm_V_5' <Predicate = true> <Delay = 1.46> <CoreType = "Generic">   --->   Core 0 '' <Latency = 0> <II = 1> <Delay = 1.00> <Generic> <Opcode : >
ST_424 : Operation 1716 [39/118] (1.46ns)   --->   "%bias_norm_V_3 = call i24 @sqrt_fixed<32, 16>, i32 %bias_norm_V_10" [backprop.cpp:374]   --->   Operation 1716 'call' 'bias_norm_V_3' <Predicate = true> <Delay = 1.46> <CoreType = "Generic">   --->   Core 0 '' <Latency = 0> <II = 1> <Delay = 1.00> <Generic> <Opcode : >

State 425 <SV = 215> <Delay = 1.46>
ST_425 : Operation 1717 [38/118] (1.46ns)   --->   "%norm_V_5 = call i24 @sqrt_fixed<32, 16>, i32 %norm_V_10" [backprop.cpp:373]   --->   Operation 1717 'call' 'norm_V_5' <Predicate = true> <Delay = 1.46> <CoreType = "Generic">   --->   Core 0 '' <Latency = 0> <II = 1> <Delay = 1.00> <Generic> <Opcode : >
ST_425 : Operation 1718 [38/118] (1.46ns)   --->   "%bias_norm_V_3 = call i24 @sqrt_fixed<32, 16>, i32 %bias_norm_V_10" [backprop.cpp:374]   --->   Operation 1718 'call' 'bias_norm_V_3' <Predicate = true> <Delay = 1.46> <CoreType = "Generic">   --->   Core 0 '' <Latency = 0> <II = 1> <Delay = 1.00> <Generic> <Opcode : >

State 426 <SV = 216> <Delay = 1.46>
ST_426 : Operation 1719 [37/118] (1.46ns)   --->   "%norm_V_5 = call i24 @sqrt_fixed<32, 16>, i32 %norm_V_10" [backprop.cpp:373]   --->   Operation 1719 'call' 'norm_V_5' <Predicate = true> <Delay = 1.46> <CoreType = "Generic">   --->   Core 0 '' <Latency = 0> <II = 1> <Delay = 1.00> <Generic> <Opcode : >
ST_426 : Operation 1720 [37/118] (1.46ns)   --->   "%bias_norm_V_3 = call i24 @sqrt_fixed<32, 16>, i32 %bias_norm_V_10" [backprop.cpp:374]   --->   Operation 1720 'call' 'bias_norm_V_3' <Predicate = true> <Delay = 1.46> <CoreType = "Generic">   --->   Core 0 '' <Latency = 0> <II = 1> <Delay = 1.00> <Generic> <Opcode : >

State 427 <SV = 217> <Delay = 1.46>
ST_427 : Operation 1721 [36/118] (1.46ns)   --->   "%norm_V_5 = call i24 @sqrt_fixed<32, 16>, i32 %norm_V_10" [backprop.cpp:373]   --->   Operation 1721 'call' 'norm_V_5' <Predicate = true> <Delay = 1.46> <CoreType = "Generic">   --->   Core 0 '' <Latency = 0> <II = 1> <Delay = 1.00> <Generic> <Opcode : >
ST_427 : Operation 1722 [36/118] (1.46ns)   --->   "%bias_norm_V_3 = call i24 @sqrt_fixed<32, 16>, i32 %bias_norm_V_10" [backprop.cpp:374]   --->   Operation 1722 'call' 'bias_norm_V_3' <Predicate = true> <Delay = 1.46> <CoreType = "Generic">   --->   Core 0 '' <Latency = 0> <II = 1> <Delay = 1.00> <Generic> <Opcode : >

State 428 <SV = 218> <Delay = 1.46>
ST_428 : Operation 1723 [35/118] (1.46ns)   --->   "%norm_V_5 = call i24 @sqrt_fixed<32, 16>, i32 %norm_V_10" [backprop.cpp:373]   --->   Operation 1723 'call' 'norm_V_5' <Predicate = true> <Delay = 1.46> <CoreType = "Generic">   --->   Core 0 '' <Latency = 0> <II = 1> <Delay = 1.00> <Generic> <Opcode : >
ST_428 : Operation 1724 [35/118] (1.46ns)   --->   "%bias_norm_V_3 = call i24 @sqrt_fixed<32, 16>, i32 %bias_norm_V_10" [backprop.cpp:374]   --->   Operation 1724 'call' 'bias_norm_V_3' <Predicate = true> <Delay = 1.46> <CoreType = "Generic">   --->   Core 0 '' <Latency = 0> <II = 1> <Delay = 1.00> <Generic> <Opcode : >

State 429 <SV = 219> <Delay = 1.46>
ST_429 : Operation 1725 [34/118] (1.46ns)   --->   "%norm_V_5 = call i24 @sqrt_fixed<32, 16>, i32 %norm_V_10" [backprop.cpp:373]   --->   Operation 1725 'call' 'norm_V_5' <Predicate = true> <Delay = 1.46> <CoreType = "Generic">   --->   Core 0 '' <Latency = 0> <II = 1> <Delay = 1.00> <Generic> <Opcode : >
ST_429 : Operation 1726 [34/118] (1.46ns)   --->   "%bias_norm_V_3 = call i24 @sqrt_fixed<32, 16>, i32 %bias_norm_V_10" [backprop.cpp:374]   --->   Operation 1726 'call' 'bias_norm_V_3' <Predicate = true> <Delay = 1.46> <CoreType = "Generic">   --->   Core 0 '' <Latency = 0> <II = 1> <Delay = 1.00> <Generic> <Opcode : >

State 430 <SV = 220> <Delay = 1.46>
ST_430 : Operation 1727 [33/118] (1.46ns)   --->   "%norm_V_5 = call i24 @sqrt_fixed<32, 16>, i32 %norm_V_10" [backprop.cpp:373]   --->   Operation 1727 'call' 'norm_V_5' <Predicate = true> <Delay = 1.46> <CoreType = "Generic">   --->   Core 0 '' <Latency = 0> <II = 1> <Delay = 1.00> <Generic> <Opcode : >
ST_430 : Operation 1728 [33/118] (1.46ns)   --->   "%bias_norm_V_3 = call i24 @sqrt_fixed<32, 16>, i32 %bias_norm_V_10" [backprop.cpp:374]   --->   Operation 1728 'call' 'bias_norm_V_3' <Predicate = true> <Delay = 1.46> <CoreType = "Generic">   --->   Core 0 '' <Latency = 0> <II = 1> <Delay = 1.00> <Generic> <Opcode : >

State 431 <SV = 221> <Delay = 1.46>
ST_431 : Operation 1729 [32/118] (1.46ns)   --->   "%norm_V_5 = call i24 @sqrt_fixed<32, 16>, i32 %norm_V_10" [backprop.cpp:373]   --->   Operation 1729 'call' 'norm_V_5' <Predicate = true> <Delay = 1.46> <CoreType = "Generic">   --->   Core 0 '' <Latency = 0> <II = 1> <Delay = 1.00> <Generic> <Opcode : >
ST_431 : Operation 1730 [32/118] (1.46ns)   --->   "%bias_norm_V_3 = call i24 @sqrt_fixed<32, 16>, i32 %bias_norm_V_10" [backprop.cpp:374]   --->   Operation 1730 'call' 'bias_norm_V_3' <Predicate = true> <Delay = 1.46> <CoreType = "Generic">   --->   Core 0 '' <Latency = 0> <II = 1> <Delay = 1.00> <Generic> <Opcode : >

State 432 <SV = 222> <Delay = 1.46>
ST_432 : Operation 1731 [31/118] (1.46ns)   --->   "%norm_V_5 = call i24 @sqrt_fixed<32, 16>, i32 %norm_V_10" [backprop.cpp:373]   --->   Operation 1731 'call' 'norm_V_5' <Predicate = true> <Delay = 1.46> <CoreType = "Generic">   --->   Core 0 '' <Latency = 0> <II = 1> <Delay = 1.00> <Generic> <Opcode : >
ST_432 : Operation 1732 [31/118] (1.46ns)   --->   "%bias_norm_V_3 = call i24 @sqrt_fixed<32, 16>, i32 %bias_norm_V_10" [backprop.cpp:374]   --->   Operation 1732 'call' 'bias_norm_V_3' <Predicate = true> <Delay = 1.46> <CoreType = "Generic">   --->   Core 0 '' <Latency = 0> <II = 1> <Delay = 1.00> <Generic> <Opcode : >

State 433 <SV = 223> <Delay = 1.46>
ST_433 : Operation 1733 [30/118] (1.46ns)   --->   "%norm_V_5 = call i24 @sqrt_fixed<32, 16>, i32 %norm_V_10" [backprop.cpp:373]   --->   Operation 1733 'call' 'norm_V_5' <Predicate = true> <Delay = 1.46> <CoreType = "Generic">   --->   Core 0 '' <Latency = 0> <II = 1> <Delay = 1.00> <Generic> <Opcode : >
ST_433 : Operation 1734 [30/118] (1.46ns)   --->   "%bias_norm_V_3 = call i24 @sqrt_fixed<32, 16>, i32 %bias_norm_V_10" [backprop.cpp:374]   --->   Operation 1734 'call' 'bias_norm_V_3' <Predicate = true> <Delay = 1.46> <CoreType = "Generic">   --->   Core 0 '' <Latency = 0> <II = 1> <Delay = 1.00> <Generic> <Opcode : >

State 434 <SV = 224> <Delay = 1.46>
ST_434 : Operation 1735 [29/118] (1.46ns)   --->   "%norm_V_5 = call i24 @sqrt_fixed<32, 16>, i32 %norm_V_10" [backprop.cpp:373]   --->   Operation 1735 'call' 'norm_V_5' <Predicate = true> <Delay = 1.46> <CoreType = "Generic">   --->   Core 0 '' <Latency = 0> <II = 1> <Delay = 1.00> <Generic> <Opcode : >
ST_434 : Operation 1736 [29/118] (1.46ns)   --->   "%bias_norm_V_3 = call i24 @sqrt_fixed<32, 16>, i32 %bias_norm_V_10" [backprop.cpp:374]   --->   Operation 1736 'call' 'bias_norm_V_3' <Predicate = true> <Delay = 1.46> <CoreType = "Generic">   --->   Core 0 '' <Latency = 0> <II = 1> <Delay = 1.00> <Generic> <Opcode : >

State 435 <SV = 225> <Delay = 1.46>
ST_435 : Operation 1737 [28/118] (1.46ns)   --->   "%norm_V_5 = call i24 @sqrt_fixed<32, 16>, i32 %norm_V_10" [backprop.cpp:373]   --->   Operation 1737 'call' 'norm_V_5' <Predicate = true> <Delay = 1.46> <CoreType = "Generic">   --->   Core 0 '' <Latency = 0> <II = 1> <Delay = 1.00> <Generic> <Opcode : >
ST_435 : Operation 1738 [28/118] (1.46ns)   --->   "%bias_norm_V_3 = call i24 @sqrt_fixed<32, 16>, i32 %bias_norm_V_10" [backprop.cpp:374]   --->   Operation 1738 'call' 'bias_norm_V_3' <Predicate = true> <Delay = 1.46> <CoreType = "Generic">   --->   Core 0 '' <Latency = 0> <II = 1> <Delay = 1.00> <Generic> <Opcode : >

State 436 <SV = 226> <Delay = 1.46>
ST_436 : Operation 1739 [27/118] (1.46ns)   --->   "%norm_V_5 = call i24 @sqrt_fixed<32, 16>, i32 %norm_V_10" [backprop.cpp:373]   --->   Operation 1739 'call' 'norm_V_5' <Predicate = true> <Delay = 1.46> <CoreType = "Generic">   --->   Core 0 '' <Latency = 0> <II = 1> <Delay = 1.00> <Generic> <Opcode : >
ST_436 : Operation 1740 [27/118] (1.46ns)   --->   "%bias_norm_V_3 = call i24 @sqrt_fixed<32, 16>, i32 %bias_norm_V_10" [backprop.cpp:374]   --->   Operation 1740 'call' 'bias_norm_V_3' <Predicate = true> <Delay = 1.46> <CoreType = "Generic">   --->   Core 0 '' <Latency = 0> <II = 1> <Delay = 1.00> <Generic> <Opcode : >

State 437 <SV = 227> <Delay = 1.46>
ST_437 : Operation 1741 [26/118] (1.46ns)   --->   "%norm_V_5 = call i24 @sqrt_fixed<32, 16>, i32 %norm_V_10" [backprop.cpp:373]   --->   Operation 1741 'call' 'norm_V_5' <Predicate = true> <Delay = 1.46> <CoreType = "Generic">   --->   Core 0 '' <Latency = 0> <II = 1> <Delay = 1.00> <Generic> <Opcode : >
ST_437 : Operation 1742 [26/118] (1.46ns)   --->   "%bias_norm_V_3 = call i24 @sqrt_fixed<32, 16>, i32 %bias_norm_V_10" [backprop.cpp:374]   --->   Operation 1742 'call' 'bias_norm_V_3' <Predicate = true> <Delay = 1.46> <CoreType = "Generic">   --->   Core 0 '' <Latency = 0> <II = 1> <Delay = 1.00> <Generic> <Opcode : >

State 438 <SV = 228> <Delay = 1.46>
ST_438 : Operation 1743 [25/118] (1.46ns)   --->   "%norm_V_5 = call i24 @sqrt_fixed<32, 16>, i32 %norm_V_10" [backprop.cpp:373]   --->   Operation 1743 'call' 'norm_V_5' <Predicate = true> <Delay = 1.46> <CoreType = "Generic">   --->   Core 0 '' <Latency = 0> <II = 1> <Delay = 1.00> <Generic> <Opcode : >
ST_438 : Operation 1744 [25/118] (1.46ns)   --->   "%bias_norm_V_3 = call i24 @sqrt_fixed<32, 16>, i32 %bias_norm_V_10" [backprop.cpp:374]   --->   Operation 1744 'call' 'bias_norm_V_3' <Predicate = true> <Delay = 1.46> <CoreType = "Generic">   --->   Core 0 '' <Latency = 0> <II = 1> <Delay = 1.00> <Generic> <Opcode : >

State 439 <SV = 229> <Delay = 1.46>
ST_439 : Operation 1745 [24/118] (1.46ns)   --->   "%norm_V_5 = call i24 @sqrt_fixed<32, 16>, i32 %norm_V_10" [backprop.cpp:373]   --->   Operation 1745 'call' 'norm_V_5' <Predicate = true> <Delay = 1.46> <CoreType = "Generic">   --->   Core 0 '' <Latency = 0> <II = 1> <Delay = 1.00> <Generic> <Opcode : >
ST_439 : Operation 1746 [24/118] (1.46ns)   --->   "%bias_norm_V_3 = call i24 @sqrt_fixed<32, 16>, i32 %bias_norm_V_10" [backprop.cpp:374]   --->   Operation 1746 'call' 'bias_norm_V_3' <Predicate = true> <Delay = 1.46> <CoreType = "Generic">   --->   Core 0 '' <Latency = 0> <II = 1> <Delay = 1.00> <Generic> <Opcode : >

State 440 <SV = 230> <Delay = 1.46>
ST_440 : Operation 1747 [23/118] (1.46ns)   --->   "%norm_V_5 = call i24 @sqrt_fixed<32, 16>, i32 %norm_V_10" [backprop.cpp:373]   --->   Operation 1747 'call' 'norm_V_5' <Predicate = true> <Delay = 1.46> <CoreType = "Generic">   --->   Core 0 '' <Latency = 0> <II = 1> <Delay = 1.00> <Generic> <Opcode : >
ST_440 : Operation 1748 [23/118] (1.46ns)   --->   "%bias_norm_V_3 = call i24 @sqrt_fixed<32, 16>, i32 %bias_norm_V_10" [backprop.cpp:374]   --->   Operation 1748 'call' 'bias_norm_V_3' <Predicate = true> <Delay = 1.46> <CoreType = "Generic">   --->   Core 0 '' <Latency = 0> <II = 1> <Delay = 1.00> <Generic> <Opcode : >

State 441 <SV = 231> <Delay = 1.46>
ST_441 : Operation 1749 [22/118] (1.46ns)   --->   "%norm_V_5 = call i24 @sqrt_fixed<32, 16>, i32 %norm_V_10" [backprop.cpp:373]   --->   Operation 1749 'call' 'norm_V_5' <Predicate = true> <Delay = 1.46> <CoreType = "Generic">   --->   Core 0 '' <Latency = 0> <II = 1> <Delay = 1.00> <Generic> <Opcode : >
ST_441 : Operation 1750 [22/118] (1.46ns)   --->   "%bias_norm_V_3 = call i24 @sqrt_fixed<32, 16>, i32 %bias_norm_V_10" [backprop.cpp:374]   --->   Operation 1750 'call' 'bias_norm_V_3' <Predicate = true> <Delay = 1.46> <CoreType = "Generic">   --->   Core 0 '' <Latency = 0> <II = 1> <Delay = 1.00> <Generic> <Opcode : >

State 442 <SV = 232> <Delay = 1.46>
ST_442 : Operation 1751 [21/118] (1.46ns)   --->   "%norm_V_5 = call i24 @sqrt_fixed<32, 16>, i32 %norm_V_10" [backprop.cpp:373]   --->   Operation 1751 'call' 'norm_V_5' <Predicate = true> <Delay = 1.46> <CoreType = "Generic">   --->   Core 0 '' <Latency = 0> <II = 1> <Delay = 1.00> <Generic> <Opcode : >
ST_442 : Operation 1752 [21/118] (1.46ns)   --->   "%bias_norm_V_3 = call i24 @sqrt_fixed<32, 16>, i32 %bias_norm_V_10" [backprop.cpp:374]   --->   Operation 1752 'call' 'bias_norm_V_3' <Predicate = true> <Delay = 1.46> <CoreType = "Generic">   --->   Core 0 '' <Latency = 0> <II = 1> <Delay = 1.00> <Generic> <Opcode : >

State 443 <SV = 233> <Delay = 1.46>
ST_443 : Operation 1753 [20/118] (1.46ns)   --->   "%norm_V_5 = call i24 @sqrt_fixed<32, 16>, i32 %norm_V_10" [backprop.cpp:373]   --->   Operation 1753 'call' 'norm_V_5' <Predicate = true> <Delay = 1.46> <CoreType = "Generic">   --->   Core 0 '' <Latency = 0> <II = 1> <Delay = 1.00> <Generic> <Opcode : >
ST_443 : Operation 1754 [20/118] (1.46ns)   --->   "%bias_norm_V_3 = call i24 @sqrt_fixed<32, 16>, i32 %bias_norm_V_10" [backprop.cpp:374]   --->   Operation 1754 'call' 'bias_norm_V_3' <Predicate = true> <Delay = 1.46> <CoreType = "Generic">   --->   Core 0 '' <Latency = 0> <II = 1> <Delay = 1.00> <Generic> <Opcode : >

State 444 <SV = 234> <Delay = 1.46>
ST_444 : Operation 1755 [19/118] (1.46ns)   --->   "%norm_V_5 = call i24 @sqrt_fixed<32, 16>, i32 %norm_V_10" [backprop.cpp:373]   --->   Operation 1755 'call' 'norm_V_5' <Predicate = true> <Delay = 1.46> <CoreType = "Generic">   --->   Core 0 '' <Latency = 0> <II = 1> <Delay = 1.00> <Generic> <Opcode : >
ST_444 : Operation 1756 [19/118] (1.46ns)   --->   "%bias_norm_V_3 = call i24 @sqrt_fixed<32, 16>, i32 %bias_norm_V_10" [backprop.cpp:374]   --->   Operation 1756 'call' 'bias_norm_V_3' <Predicate = true> <Delay = 1.46> <CoreType = "Generic">   --->   Core 0 '' <Latency = 0> <II = 1> <Delay = 1.00> <Generic> <Opcode : >

State 445 <SV = 235> <Delay = 1.46>
ST_445 : Operation 1757 [18/118] (1.46ns)   --->   "%norm_V_5 = call i24 @sqrt_fixed<32, 16>, i32 %norm_V_10" [backprop.cpp:373]   --->   Operation 1757 'call' 'norm_V_5' <Predicate = true> <Delay = 1.46> <CoreType = "Generic">   --->   Core 0 '' <Latency = 0> <II = 1> <Delay = 1.00> <Generic> <Opcode : >
ST_445 : Operation 1758 [18/118] (1.46ns)   --->   "%bias_norm_V_3 = call i24 @sqrt_fixed<32, 16>, i32 %bias_norm_V_10" [backprop.cpp:374]   --->   Operation 1758 'call' 'bias_norm_V_3' <Predicate = true> <Delay = 1.46> <CoreType = "Generic">   --->   Core 0 '' <Latency = 0> <II = 1> <Delay = 1.00> <Generic> <Opcode : >

State 446 <SV = 236> <Delay = 1.46>
ST_446 : Operation 1759 [17/118] (1.46ns)   --->   "%norm_V_5 = call i24 @sqrt_fixed<32, 16>, i32 %norm_V_10" [backprop.cpp:373]   --->   Operation 1759 'call' 'norm_V_5' <Predicate = true> <Delay = 1.46> <CoreType = "Generic">   --->   Core 0 '' <Latency = 0> <II = 1> <Delay = 1.00> <Generic> <Opcode : >
ST_446 : Operation 1760 [17/118] (1.46ns)   --->   "%bias_norm_V_3 = call i24 @sqrt_fixed<32, 16>, i32 %bias_norm_V_10" [backprop.cpp:374]   --->   Operation 1760 'call' 'bias_norm_V_3' <Predicate = true> <Delay = 1.46> <CoreType = "Generic">   --->   Core 0 '' <Latency = 0> <II = 1> <Delay = 1.00> <Generic> <Opcode : >

State 447 <SV = 237> <Delay = 1.46>
ST_447 : Operation 1761 [16/118] (1.46ns)   --->   "%norm_V_5 = call i24 @sqrt_fixed<32, 16>, i32 %norm_V_10" [backprop.cpp:373]   --->   Operation 1761 'call' 'norm_V_5' <Predicate = true> <Delay = 1.46> <CoreType = "Generic">   --->   Core 0 '' <Latency = 0> <II = 1> <Delay = 1.00> <Generic> <Opcode : >
ST_447 : Operation 1762 [16/118] (1.46ns)   --->   "%bias_norm_V_3 = call i24 @sqrt_fixed<32, 16>, i32 %bias_norm_V_10" [backprop.cpp:374]   --->   Operation 1762 'call' 'bias_norm_V_3' <Predicate = true> <Delay = 1.46> <CoreType = "Generic">   --->   Core 0 '' <Latency = 0> <II = 1> <Delay = 1.00> <Generic> <Opcode : >

State 448 <SV = 238> <Delay = 1.46>
ST_448 : Operation 1763 [15/118] (1.46ns)   --->   "%norm_V_5 = call i24 @sqrt_fixed<32, 16>, i32 %norm_V_10" [backprop.cpp:373]   --->   Operation 1763 'call' 'norm_V_5' <Predicate = true> <Delay = 1.46> <CoreType = "Generic">   --->   Core 0 '' <Latency = 0> <II = 1> <Delay = 1.00> <Generic> <Opcode : >
ST_448 : Operation 1764 [15/118] (1.46ns)   --->   "%bias_norm_V_3 = call i24 @sqrt_fixed<32, 16>, i32 %bias_norm_V_10" [backprop.cpp:374]   --->   Operation 1764 'call' 'bias_norm_V_3' <Predicate = true> <Delay = 1.46> <CoreType = "Generic">   --->   Core 0 '' <Latency = 0> <II = 1> <Delay = 1.00> <Generic> <Opcode : >

State 449 <SV = 239> <Delay = 1.46>
ST_449 : Operation 1765 [14/118] (1.46ns)   --->   "%norm_V_5 = call i24 @sqrt_fixed<32, 16>, i32 %norm_V_10" [backprop.cpp:373]   --->   Operation 1765 'call' 'norm_V_5' <Predicate = true> <Delay = 1.46> <CoreType = "Generic">   --->   Core 0 '' <Latency = 0> <II = 1> <Delay = 1.00> <Generic> <Opcode : >
ST_449 : Operation 1766 [14/118] (1.46ns)   --->   "%bias_norm_V_3 = call i24 @sqrt_fixed<32, 16>, i32 %bias_norm_V_10" [backprop.cpp:374]   --->   Operation 1766 'call' 'bias_norm_V_3' <Predicate = true> <Delay = 1.46> <CoreType = "Generic">   --->   Core 0 '' <Latency = 0> <II = 1> <Delay = 1.00> <Generic> <Opcode : >

State 450 <SV = 240> <Delay = 1.46>
ST_450 : Operation 1767 [13/118] (1.46ns)   --->   "%norm_V_5 = call i24 @sqrt_fixed<32, 16>, i32 %norm_V_10" [backprop.cpp:373]   --->   Operation 1767 'call' 'norm_V_5' <Predicate = true> <Delay = 1.46> <CoreType = "Generic">   --->   Core 0 '' <Latency = 0> <II = 1> <Delay = 1.00> <Generic> <Opcode : >
ST_450 : Operation 1768 [13/118] (1.46ns)   --->   "%bias_norm_V_3 = call i24 @sqrt_fixed<32, 16>, i32 %bias_norm_V_10" [backprop.cpp:374]   --->   Operation 1768 'call' 'bias_norm_V_3' <Predicate = true> <Delay = 1.46> <CoreType = "Generic">   --->   Core 0 '' <Latency = 0> <II = 1> <Delay = 1.00> <Generic> <Opcode : >

State 451 <SV = 241> <Delay = 1.46>
ST_451 : Operation 1769 [12/118] (1.46ns)   --->   "%norm_V_5 = call i24 @sqrt_fixed<32, 16>, i32 %norm_V_10" [backprop.cpp:373]   --->   Operation 1769 'call' 'norm_V_5' <Predicate = true> <Delay = 1.46> <CoreType = "Generic">   --->   Core 0 '' <Latency = 0> <II = 1> <Delay = 1.00> <Generic> <Opcode : >
ST_451 : Operation 1770 [12/118] (1.46ns)   --->   "%bias_norm_V_3 = call i24 @sqrt_fixed<32, 16>, i32 %bias_norm_V_10" [backprop.cpp:374]   --->   Operation 1770 'call' 'bias_norm_V_3' <Predicate = true> <Delay = 1.46> <CoreType = "Generic">   --->   Core 0 '' <Latency = 0> <II = 1> <Delay = 1.00> <Generic> <Opcode : >

State 452 <SV = 242> <Delay = 1.46>
ST_452 : Operation 1771 [11/118] (1.46ns)   --->   "%norm_V_5 = call i24 @sqrt_fixed<32, 16>, i32 %norm_V_10" [backprop.cpp:373]   --->   Operation 1771 'call' 'norm_V_5' <Predicate = true> <Delay = 1.46> <CoreType = "Generic">   --->   Core 0 '' <Latency = 0> <II = 1> <Delay = 1.00> <Generic> <Opcode : >
ST_452 : Operation 1772 [11/118] (1.46ns)   --->   "%bias_norm_V_3 = call i24 @sqrt_fixed<32, 16>, i32 %bias_norm_V_10" [backprop.cpp:374]   --->   Operation 1772 'call' 'bias_norm_V_3' <Predicate = true> <Delay = 1.46> <CoreType = "Generic">   --->   Core 0 '' <Latency = 0> <II = 1> <Delay = 1.00> <Generic> <Opcode : >

State 453 <SV = 243> <Delay = 1.46>
ST_453 : Operation 1773 [10/118] (1.46ns)   --->   "%norm_V_5 = call i24 @sqrt_fixed<32, 16>, i32 %norm_V_10" [backprop.cpp:373]   --->   Operation 1773 'call' 'norm_V_5' <Predicate = true> <Delay = 1.46> <CoreType = "Generic">   --->   Core 0 '' <Latency = 0> <II = 1> <Delay = 1.00> <Generic> <Opcode : >
ST_453 : Operation 1774 [10/118] (1.46ns)   --->   "%bias_norm_V_3 = call i24 @sqrt_fixed<32, 16>, i32 %bias_norm_V_10" [backprop.cpp:374]   --->   Operation 1774 'call' 'bias_norm_V_3' <Predicate = true> <Delay = 1.46> <CoreType = "Generic">   --->   Core 0 '' <Latency = 0> <II = 1> <Delay = 1.00> <Generic> <Opcode : >

State 454 <SV = 244> <Delay = 1.46>
ST_454 : Operation 1775 [9/118] (1.46ns)   --->   "%norm_V_5 = call i24 @sqrt_fixed<32, 16>, i32 %norm_V_10" [backprop.cpp:373]   --->   Operation 1775 'call' 'norm_V_5' <Predicate = true> <Delay = 1.46> <CoreType = "Generic">   --->   Core 0 '' <Latency = 0> <II = 1> <Delay = 1.00> <Generic> <Opcode : >
ST_454 : Operation 1776 [9/118] (1.46ns)   --->   "%bias_norm_V_3 = call i24 @sqrt_fixed<32, 16>, i32 %bias_norm_V_10" [backprop.cpp:374]   --->   Operation 1776 'call' 'bias_norm_V_3' <Predicate = true> <Delay = 1.46> <CoreType = "Generic">   --->   Core 0 '' <Latency = 0> <II = 1> <Delay = 1.00> <Generic> <Opcode : >

State 455 <SV = 245> <Delay = 1.46>
ST_455 : Operation 1777 [8/118] (1.46ns)   --->   "%norm_V_5 = call i24 @sqrt_fixed<32, 16>, i32 %norm_V_10" [backprop.cpp:373]   --->   Operation 1777 'call' 'norm_V_5' <Predicate = true> <Delay = 1.46> <CoreType = "Generic">   --->   Core 0 '' <Latency = 0> <II = 1> <Delay = 1.00> <Generic> <Opcode : >
ST_455 : Operation 1778 [8/118] (1.46ns)   --->   "%bias_norm_V_3 = call i24 @sqrt_fixed<32, 16>, i32 %bias_norm_V_10" [backprop.cpp:374]   --->   Operation 1778 'call' 'bias_norm_V_3' <Predicate = true> <Delay = 1.46> <CoreType = "Generic">   --->   Core 0 '' <Latency = 0> <II = 1> <Delay = 1.00> <Generic> <Opcode : >

State 456 <SV = 246> <Delay = 1.46>
ST_456 : Operation 1779 [7/118] (1.46ns)   --->   "%norm_V_5 = call i24 @sqrt_fixed<32, 16>, i32 %norm_V_10" [backprop.cpp:373]   --->   Operation 1779 'call' 'norm_V_5' <Predicate = true> <Delay = 1.46> <CoreType = "Generic">   --->   Core 0 '' <Latency = 0> <II = 1> <Delay = 1.00> <Generic> <Opcode : >
ST_456 : Operation 1780 [7/118] (1.46ns)   --->   "%bias_norm_V_3 = call i24 @sqrt_fixed<32, 16>, i32 %bias_norm_V_10" [backprop.cpp:374]   --->   Operation 1780 'call' 'bias_norm_V_3' <Predicate = true> <Delay = 1.46> <CoreType = "Generic">   --->   Core 0 '' <Latency = 0> <II = 1> <Delay = 1.00> <Generic> <Opcode : >

State 457 <SV = 247> <Delay = 1.46>
ST_457 : Operation 1781 [6/118] (1.46ns)   --->   "%norm_V_5 = call i24 @sqrt_fixed<32, 16>, i32 %norm_V_10" [backprop.cpp:373]   --->   Operation 1781 'call' 'norm_V_5' <Predicate = true> <Delay = 1.46> <CoreType = "Generic">   --->   Core 0 '' <Latency = 0> <II = 1> <Delay = 1.00> <Generic> <Opcode : >
ST_457 : Operation 1782 [6/118] (1.46ns)   --->   "%bias_norm_V_3 = call i24 @sqrt_fixed<32, 16>, i32 %bias_norm_V_10" [backprop.cpp:374]   --->   Operation 1782 'call' 'bias_norm_V_3' <Predicate = true> <Delay = 1.46> <CoreType = "Generic">   --->   Core 0 '' <Latency = 0> <II = 1> <Delay = 1.00> <Generic> <Opcode : >

State 458 <SV = 248> <Delay = 1.46>
ST_458 : Operation 1783 [5/118] (1.46ns)   --->   "%norm_V_5 = call i24 @sqrt_fixed<32, 16>, i32 %norm_V_10" [backprop.cpp:373]   --->   Operation 1783 'call' 'norm_V_5' <Predicate = true> <Delay = 1.46> <CoreType = "Generic">   --->   Core 0 '' <Latency = 0> <II = 1> <Delay = 1.00> <Generic> <Opcode : >
ST_458 : Operation 1784 [5/118] (1.46ns)   --->   "%bias_norm_V_3 = call i24 @sqrt_fixed<32, 16>, i32 %bias_norm_V_10" [backprop.cpp:374]   --->   Operation 1784 'call' 'bias_norm_V_3' <Predicate = true> <Delay = 1.46> <CoreType = "Generic">   --->   Core 0 '' <Latency = 0> <II = 1> <Delay = 1.00> <Generic> <Opcode : >

State 459 <SV = 249> <Delay = 1.46>
ST_459 : Operation 1785 [4/118] (1.46ns)   --->   "%norm_V_5 = call i24 @sqrt_fixed<32, 16>, i32 %norm_V_10" [backprop.cpp:373]   --->   Operation 1785 'call' 'norm_V_5' <Predicate = true> <Delay = 1.46> <CoreType = "Generic">   --->   Core 0 '' <Latency = 0> <II = 1> <Delay = 1.00> <Generic> <Opcode : >
ST_459 : Operation 1786 [4/118] (1.46ns)   --->   "%bias_norm_V_3 = call i24 @sqrt_fixed<32, 16>, i32 %bias_norm_V_10" [backprop.cpp:374]   --->   Operation 1786 'call' 'bias_norm_V_3' <Predicate = true> <Delay = 1.46> <CoreType = "Generic">   --->   Core 0 '' <Latency = 0> <II = 1> <Delay = 1.00> <Generic> <Opcode : >

State 460 <SV = 250> <Delay = 1.46>
ST_460 : Operation 1787 [3/118] (1.46ns)   --->   "%norm_V_5 = call i24 @sqrt_fixed<32, 16>, i32 %norm_V_10" [backprop.cpp:373]   --->   Operation 1787 'call' 'norm_V_5' <Predicate = true> <Delay = 1.46> <CoreType = "Generic">   --->   Core 0 '' <Latency = 0> <II = 1> <Delay = 1.00> <Generic> <Opcode : >
ST_460 : Operation 1788 [3/118] (1.46ns)   --->   "%bias_norm_V_3 = call i24 @sqrt_fixed<32, 16>, i32 %bias_norm_V_10" [backprop.cpp:374]   --->   Operation 1788 'call' 'bias_norm_V_3' <Predicate = true> <Delay = 1.46> <CoreType = "Generic">   --->   Core 0 '' <Latency = 0> <II = 1> <Delay = 1.00> <Generic> <Opcode : >

State 461 <SV = 251> <Delay = 1.46>
ST_461 : Operation 1789 [2/118] (1.46ns)   --->   "%norm_V_5 = call i24 @sqrt_fixed<32, 16>, i32 %norm_V_10" [backprop.cpp:373]   --->   Operation 1789 'call' 'norm_V_5' <Predicate = true> <Delay = 1.46> <CoreType = "Generic">   --->   Core 0 '' <Latency = 0> <II = 1> <Delay = 1.00> <Generic> <Opcode : >
ST_461 : Operation 1790 [2/118] (1.46ns)   --->   "%bias_norm_V_3 = call i24 @sqrt_fixed<32, 16>, i32 %bias_norm_V_10" [backprop.cpp:374]   --->   Operation 1790 'call' 'bias_norm_V_3' <Predicate = true> <Delay = 1.46> <CoreType = "Generic">   --->   Core 0 '' <Latency = 0> <II = 1> <Delay = 1.00> <Generic> <Opcode : >

State 462 <SV = 252> <Delay = 1.46>
ST_462 : Operation 1791 [1/118] (1.24ns)   --->   "%norm_V_5 = call i24 @sqrt_fixed<32, 16>, i32 %norm_V_10" [backprop.cpp:373]   --->   Operation 1791 'call' 'norm_V_5' <Predicate = true> <Delay = 1.24> <CoreType = "Generic">   --->   Core 0 '' <Latency = 0> <II = 1> <Delay = 1.00> <Generic> <Opcode : >
ST_462 : Operation 1792 [1/118] (1.24ns)   --->   "%bias_norm_V_3 = call i24 @sqrt_fixed<32, 16>, i32 %bias_norm_V_10" [backprop.cpp:374]   --->   Operation 1792 'call' 'bias_norm_V_3' <Predicate = true> <Delay = 1.24> <CoreType = "Generic">   --->   Core 0 '' <Latency = 0> <II = 1> <Delay = 1.00> <Generic> <Opcode : >
ST_462 : Operation 1793 [1/1] (0.00ns)   --->   "%conv_i372_cast = zext i24 %norm_V_5" [backprop.cpp:373]   --->   Operation 1793 'zext' 'conv_i372_cast' <Predicate = true> <Delay = 0.00>
ST_462 : Operation 1794 [1/1] (1.46ns)   --->   "%br_ln376 = br void %_ZNK13ap_fixed_baseILi32ELi16ELb1EL9ap_q_mode5EL9ap_o_mode3ELi0EEdvILi32ELi16ELb1ELS0_5ELS1_3ELi0EEENS2_5RTypeIXT_EXT0_EXT1_EE3divERKS_IXT_EXT0_EXT1_EXT2_EXT3_EXT4_EE.exit376" [backprop.cpp:376]   --->   Operation 1794 'br' 'br_ln376' <Predicate = true> <Delay = 1.46>

State 463 <SV = 253> <Delay = 2.09>
ST_463 : Operation 1795 [1/1] (0.00ns)   --->   "%indvar_flatten20 = phi i13 0, void, i13 %add_ln376, void %.split16" [backprop.cpp:376]   --->   Operation 1795 'phi' 'indvar_flatten20' <Predicate = true> <Delay = 0.00>
ST_463 : Operation 1796 [1/1] (0.00ns)   --->   "%i_6 = phi i7 0, void, i7 %select_ln331_2, void %.split16" [backprop.cpp:331]   --->   Operation 1796 'phi' 'i_6' <Predicate = true> <Delay = 0.00>
ST_463 : Operation 1797 [2/2] (1.99ns)   --->   "%add_ln376 = add i13 %indvar_flatten20, i13 1" [backprop.cpp:376]   --->   Operation 1797 'add' 'add_ln376' <Predicate = true> <Delay = 1.99> <CoreInst = "Adder">   --->   Core 1 'Adder' <Latency = 1> <II = 1> <Delay = 1.86> <FuncUnit> <Opcode : 'add' 'sub'> <InPorts = 2> <OutPorts = 1>
ST_463 : Operation 1798 [1/1] (2.09ns)   --->   "%icmp_ln376 = icmp_eq  i13 %indvar_flatten20, i13 4096" [backprop.cpp:376]   --->   Operation 1798 'icmp' 'icmp_ln376' <Predicate = true> <Delay = 2.09> <CoreInst = "Cmp">   --->   Core 9 'Cmp' <Latency = 0> <II = 1> <Delay = 0.95> <FuncUnit> <Opcode : 'icmp'> <InPorts = 2> <OutPorts = 1>
ST_463 : Operation 1799 [1/1] (0.00ns)   --->   "%br_ln376 = br i1 %icmp_ln376, void %.split16, void" [backprop.cpp:376]   --->   Operation 1799 'br' 'br_ln376' <Predicate = true> <Delay = 0.00>
ST_463 : Operation 1800 [2/2] (1.92ns)   --->   "%add_ln376_1 = add i7 %i_6, i7 1" [backprop.cpp:376]   --->   Operation 1800 'add' 'add_ln376_1' <Predicate = (!icmp_ln376)> <Delay = 1.92> <CoreInst = "Adder">   --->   Core 1 'Adder' <Latency = 1> <II = 1> <Delay = 1.86> <FuncUnit> <Opcode : 'add' 'sub'> <InPorts = 2> <OutPorts = 1>

State 464 <SV = 254> <Delay = 1.99>
ST_464 : Operation 1801 [1/1] (0.00ns)   --->   "%j_3 = phi i7 0, void, i7 %add_ln377, void %.split16" [backprop.cpp:377]   --->   Operation 1801 'phi' 'j_3' <Predicate = true> <Delay = 0.00>
ST_464 : Operation 1802 [1/2] (1.99ns)   --->   "%add_ln376 = add i13 %indvar_flatten20, i13 1" [backprop.cpp:376]   --->   Operation 1802 'add' 'add_ln376' <Predicate = true> <Delay = 1.99> <CoreInst = "Adder">   --->   Core 1 'Adder' <Latency = 1> <II = 1> <Delay = 1.86> <FuncUnit> <Opcode : 'add' 'sub'> <InPorts = 2> <OutPorts = 1>
ST_464 : Operation 1803 [1/1] (0.00ns)   --->   "%specpipeline_ln0 = specpipeline void @_ssdm_op_SpecPipeline, i32 4294967295, i32 0, i32 1, i32 0, void @p_str"   --->   Operation 1803 'specpipeline' 'specpipeline_ln0' <Predicate = true> <Delay = 0.00>
ST_464 : Operation 1804 [1/1] (1.48ns)   --->   "%icmp_ln377 = icmp_eq  i7 %j_3, i7 64" [backprop.cpp:377]   --->   Operation 1804 'icmp' 'icmp_ln377' <Predicate = (!icmp_ln376)> <Delay = 1.48> <CoreInst = "Cmp">   --->   Core 9 'Cmp' <Latency = 0> <II = 1> <Delay = 0.95> <FuncUnit> <Opcode : 'icmp'> <InPorts = 2> <OutPorts = 1>
ST_464 : Operation 1805 [1/2] (1.92ns)   --->   "%add_ln376_1 = add i7 %i_6, i7 1" [backprop.cpp:376]   --->   Operation 1805 'add' 'add_ln376_1' <Predicate = (!icmp_ln376)> <Delay = 1.92> <CoreInst = "Adder">   --->   Core 1 'Adder' <Latency = 1> <II = 1> <Delay = 1.86> <FuncUnit> <Opcode : 'add' 'sub'> <InPorts = 2> <OutPorts = 1>

State 465 <SV = 255> <Delay = 0.99>
ST_465 : Operation 1806 [1/1] (0.99ns)   --->   "%select_ln331_1 = select i1 %icmp_ln377, i7 0, i7 %j_3" [backprop.cpp:331]   --->   Operation 1806 'select' 'select_ln331_1' <Predicate = (!icmp_ln376)> <Delay = 0.99> <CoreInst = "Sel">   --->   Core 73 'Sel' <Latency = 0> <II = 1> <Delay = 0.99> <FuncUnit> <Opcode : 'select'> <InPorts = 3> <OutPorts = 1>
ST_465 : Operation 1807 [1/1] (0.99ns)   --->   "%select_ln331_2 = select i1 %icmp_ln377, i7 %add_ln376_1, i7 %i_6" [backprop.cpp:331]   --->   Operation 1807 'select' 'select_ln331_2' <Predicate = (!icmp_ln376)> <Delay = 0.99> <CoreInst = "Sel">   --->   Core 73 'Sel' <Latency = 0> <II = 1> <Delay = 0.99> <FuncUnit> <Opcode : 'select'> <InPorts = 3> <OutPorts = 1>
ST_465 : Operation 1808 [1/1] (0.00ns)   --->   "%trunc_ln331 = trunc i7 %select_ln331_2" [backprop.cpp:331]   --->   Operation 1808 'trunc' 'trunc_ln331' <Predicate = (!icmp_ln376)> <Delay = 0.00>
ST_465 : Operation 1809 [1/1] (0.00ns)   --->   "%trunc_ln378 = trunc i7 %select_ln331_1" [backprop.cpp:378]   --->   Operation 1809 'trunc' 'trunc_ln378' <Predicate = (!icmp_ln376)> <Delay = 0.00>

State 466 <SV = 256> <Delay = 2.77>
ST_466 : Operation 1810 [1/1] (0.00ns)   --->   "%add_ln727_3 = bitconcatenate i12 @_ssdm_op_BitConcatenate.i12.i6.i6, i6 %trunc_ln331, i6 %trunc_ln378"   --->   Operation 1810 'bitconcatenate' 'add_ln727_3' <Predicate = (!icmp_ln376)> <Delay = 0.00>
ST_466 : Operation 1811 [1/1] (0.00ns)   --->   "%zext_ln727_6 = zext i12 %add_ln727_3"   --->   Operation 1811 'zext' 'zext_ln727_6' <Predicate = (!icmp_ln376)> <Delay = 0.00>
ST_466 : Operation 1812 [1/1] (0.00ns)   --->   "%weights2_addr_1 = getelementptr i32 %weights2, i64 0, i64 %zext_ln727_6"   --->   Operation 1812 'getelementptr' 'weights2_addr_1' <Predicate = (!icmp_ln376)> <Delay = 0.00>
ST_466 : Operation 1813 [1/1] (0.00ns)   --->   "%reuse_addr_reg81_load = load i64 %reuse_addr_reg81"   --->   Operation 1813 'load' 'reuse_addr_reg81_load' <Predicate = (!icmp_ln376)> <Delay = 0.00>
ST_466 : Operation 1814 [4/4] (1.68ns)   --->   "%weights2_load = load i12 %weights2_addr_1"   --->   Operation 1814 'load' 'weights2_load' <Predicate = (!icmp_ln376)> <Delay = 1.68> <CoreInst = "RAM">   --->   Core 82 'RAM' <Latency = 3> <II = 1> <Delay = 1.68> <Storage> <Opcode : 'load' 'store'> <Ports = 2> <Width = 32> <Depth = 4096> <RAM>
ST_466 : Operation 1815 [1/1] (2.77ns)   --->   "%addr_cmp84 = icmp_eq  i64 %reuse_addr_reg81_load, i64 %zext_ln727_6"   --->   Operation 1815 'icmp' 'addr_cmp84' <Predicate = (!icmp_ln376)> <Delay = 2.77> <CoreInst = "Cmp">   --->   Core 9 'Cmp' <Latency = 0> <II = 1> <Delay = 0.95> <FuncUnit> <Opcode : 'icmp'> <InPorts = 2> <OutPorts = 1>
ST_466 : Operation 1816 [1/1] (1.58ns)   --->   "%store_ln727 = store i64 %zext_ln727_6, i64 %reuse_addr_reg81"   --->   Operation 1816 'store' 'store_ln727' <Predicate = (!icmp_ln376)> <Delay = 1.58>

State 467 <SV = 257> <Delay = 1.68>
ST_467 : Operation 1817 [3/4] (1.68ns)   --->   "%weights2_load = load i12 %weights2_addr_1"   --->   Operation 1817 'load' 'weights2_load' <Predicate = (!icmp_ln376)> <Delay = 1.68> <CoreInst = "RAM">   --->   Core 82 'RAM' <Latency = 3> <II = 1> <Delay = 1.68> <Storage> <Opcode : 'load' 'store'> <Ports = 2> <Width = 32> <Depth = 4096> <RAM>

State 468 <SV = 258> <Delay = 1.68>
ST_468 : Operation 1818 [2/4] (1.68ns)   --->   "%weights2_load = load i12 %weights2_addr_1"   --->   Operation 1818 'load' 'weights2_load' <Predicate = (!icmp_ln376)> <Delay = 1.68> <CoreInst = "RAM">   --->   Core 82 'RAM' <Latency = 3> <II = 1> <Delay = 1.68> <Storage> <Opcode : 'load' 'store'> <Ports = 2> <Width = 32> <Depth = 4096> <RAM>

State 469 <SV = 259> <Delay = 1.68>
ST_469 : Operation 1819 [1/4] (1.68ns)   --->   "%weights2_load = load i12 %weights2_addr_1"   --->   Operation 1819 'load' 'weights2_load' <Predicate = (!icmp_ln376)> <Delay = 1.68> <CoreInst = "RAM">   --->   Core 82 'RAM' <Latency = 3> <II = 1> <Delay = 1.68> <Storage> <Opcode : 'load' 'store'> <Ports = 2> <Width = 32> <Depth = 4096> <RAM>

State 470 <SV = 260> <Delay = 0.69>
ST_470 : Operation 1820 [1/1] (0.00ns)   --->   "%reuse_reg80_load = load i32 %reuse_reg80"   --->   Operation 1820 'load' 'reuse_reg80_load' <Predicate = (!icmp_ln376 & addr_cmp84)> <Delay = 0.00>
ST_470 : Operation 1821 [1/1] (0.69ns)   --->   "%reuse_select85 = select i1 %addr_cmp84, i32 %reuse_reg80_load, i32 %weights2_load"   --->   Operation 1821 'select' 'reuse_select85' <Predicate = (!icmp_ln376)> <Delay = 0.69> <CoreInst = "Sel">   --->   Core 73 'Sel' <Latency = 0> <II = 1> <Delay = 0.99> <FuncUnit> <Opcode : 'select'> <InPorts = 3> <OutPorts = 1>

State 471 <SV = 261> <Delay = 4.75>
ST_471 : Operation 1822 [1/1] (0.00ns)   --->   "%t_3 = bitconcatenate i48 @_ssdm_op_BitConcatenate.i48.i32.i16, i32 %reuse_select85, i16 0"   --->   Operation 1822 'bitconcatenate' 't_3' <Predicate = (!icmp_ln376)> <Delay = 0.00>
ST_471 : Operation 1823 [52/52] (4.75ns)   --->   "%sdiv_ln1148_3 = sdiv i48 %t_3, i48 %conv_i372_cast"   --->   Operation 1823 'sdiv' 'sdiv_ln1148_3' <Predicate = (!icmp_ln376)> <Delay = 4.75> <CoreInst = "Divider">   --->   Core 6 'Divider' <Latency = 51> <II = 1> <Delay = 4.75> <FuncUnit> <Opcode : 'sdiv' 'srem' 'udiv' 'urem'> <InPorts = 2> <OutPorts = 1>

State 472 <SV = 262> <Delay = 4.75>
ST_472 : Operation 1824 [51/52] (4.75ns)   --->   "%sdiv_ln1148_3 = sdiv i48 %t_3, i48 %conv_i372_cast"   --->   Operation 1824 'sdiv' 'sdiv_ln1148_3' <Predicate = (!icmp_ln376)> <Delay = 4.75> <CoreInst = "Divider">   --->   Core 6 'Divider' <Latency = 51> <II = 1> <Delay = 4.75> <FuncUnit> <Opcode : 'sdiv' 'srem' 'udiv' 'urem'> <InPorts = 2> <OutPorts = 1>

State 473 <SV = 263> <Delay = 4.75>
ST_473 : Operation 1825 [50/52] (4.75ns)   --->   "%sdiv_ln1148_3 = sdiv i48 %t_3, i48 %conv_i372_cast"   --->   Operation 1825 'sdiv' 'sdiv_ln1148_3' <Predicate = (!icmp_ln376)> <Delay = 4.75> <CoreInst = "Divider">   --->   Core 6 'Divider' <Latency = 51> <II = 1> <Delay = 4.75> <FuncUnit> <Opcode : 'sdiv' 'srem' 'udiv' 'urem'> <InPorts = 2> <OutPorts = 1>

State 474 <SV = 264> <Delay = 4.75>
ST_474 : Operation 1826 [49/52] (4.75ns)   --->   "%sdiv_ln1148_3 = sdiv i48 %t_3, i48 %conv_i372_cast"   --->   Operation 1826 'sdiv' 'sdiv_ln1148_3' <Predicate = (!icmp_ln376)> <Delay = 4.75> <CoreInst = "Divider">   --->   Core 6 'Divider' <Latency = 51> <II = 1> <Delay = 4.75> <FuncUnit> <Opcode : 'sdiv' 'srem' 'udiv' 'urem'> <InPorts = 2> <OutPorts = 1>

State 475 <SV = 265> <Delay = 4.75>
ST_475 : Operation 1827 [48/52] (4.75ns)   --->   "%sdiv_ln1148_3 = sdiv i48 %t_3, i48 %conv_i372_cast"   --->   Operation 1827 'sdiv' 'sdiv_ln1148_3' <Predicate = (!icmp_ln376)> <Delay = 4.75> <CoreInst = "Divider">   --->   Core 6 'Divider' <Latency = 51> <II = 1> <Delay = 4.75> <FuncUnit> <Opcode : 'sdiv' 'srem' 'udiv' 'urem'> <InPorts = 2> <OutPorts = 1>

State 476 <SV = 266> <Delay = 4.75>
ST_476 : Operation 1828 [47/52] (4.75ns)   --->   "%sdiv_ln1148_3 = sdiv i48 %t_3, i48 %conv_i372_cast"   --->   Operation 1828 'sdiv' 'sdiv_ln1148_3' <Predicate = (!icmp_ln376)> <Delay = 4.75> <CoreInst = "Divider">   --->   Core 6 'Divider' <Latency = 51> <II = 1> <Delay = 4.75> <FuncUnit> <Opcode : 'sdiv' 'srem' 'udiv' 'urem'> <InPorts = 2> <OutPorts = 1>

State 477 <SV = 267> <Delay = 4.75>
ST_477 : Operation 1829 [46/52] (4.75ns)   --->   "%sdiv_ln1148_3 = sdiv i48 %t_3, i48 %conv_i372_cast"   --->   Operation 1829 'sdiv' 'sdiv_ln1148_3' <Predicate = (!icmp_ln376)> <Delay = 4.75> <CoreInst = "Divider">   --->   Core 6 'Divider' <Latency = 51> <II = 1> <Delay = 4.75> <FuncUnit> <Opcode : 'sdiv' 'srem' 'udiv' 'urem'> <InPorts = 2> <OutPorts = 1>

State 478 <SV = 268> <Delay = 4.75>
ST_478 : Operation 1830 [45/52] (4.75ns)   --->   "%sdiv_ln1148_3 = sdiv i48 %t_3, i48 %conv_i372_cast"   --->   Operation 1830 'sdiv' 'sdiv_ln1148_3' <Predicate = (!icmp_ln376)> <Delay = 4.75> <CoreInst = "Divider">   --->   Core 6 'Divider' <Latency = 51> <II = 1> <Delay = 4.75> <FuncUnit> <Opcode : 'sdiv' 'srem' 'udiv' 'urem'> <InPorts = 2> <OutPorts = 1>

State 479 <SV = 269> <Delay = 4.75>
ST_479 : Operation 1831 [44/52] (4.75ns)   --->   "%sdiv_ln1148_3 = sdiv i48 %t_3, i48 %conv_i372_cast"   --->   Operation 1831 'sdiv' 'sdiv_ln1148_3' <Predicate = (!icmp_ln376)> <Delay = 4.75> <CoreInst = "Divider">   --->   Core 6 'Divider' <Latency = 51> <II = 1> <Delay = 4.75> <FuncUnit> <Opcode : 'sdiv' 'srem' 'udiv' 'urem'> <InPorts = 2> <OutPorts = 1>

State 480 <SV = 270> <Delay = 4.75>
ST_480 : Operation 1832 [43/52] (4.75ns)   --->   "%sdiv_ln1148_3 = sdiv i48 %t_3, i48 %conv_i372_cast"   --->   Operation 1832 'sdiv' 'sdiv_ln1148_3' <Predicate = (!icmp_ln376)> <Delay = 4.75> <CoreInst = "Divider">   --->   Core 6 'Divider' <Latency = 51> <II = 1> <Delay = 4.75> <FuncUnit> <Opcode : 'sdiv' 'srem' 'udiv' 'urem'> <InPorts = 2> <OutPorts = 1>

State 481 <SV = 271> <Delay = 4.75>
ST_481 : Operation 1833 [42/52] (4.75ns)   --->   "%sdiv_ln1148_3 = sdiv i48 %t_3, i48 %conv_i372_cast"   --->   Operation 1833 'sdiv' 'sdiv_ln1148_3' <Predicate = (!icmp_ln376)> <Delay = 4.75> <CoreInst = "Divider">   --->   Core 6 'Divider' <Latency = 51> <II = 1> <Delay = 4.75> <FuncUnit> <Opcode : 'sdiv' 'srem' 'udiv' 'urem'> <InPorts = 2> <OutPorts = 1>

State 482 <SV = 272> <Delay = 4.75>
ST_482 : Operation 1834 [41/52] (4.75ns)   --->   "%sdiv_ln1148_3 = sdiv i48 %t_3, i48 %conv_i372_cast"   --->   Operation 1834 'sdiv' 'sdiv_ln1148_3' <Predicate = (!icmp_ln376)> <Delay = 4.75> <CoreInst = "Divider">   --->   Core 6 'Divider' <Latency = 51> <II = 1> <Delay = 4.75> <FuncUnit> <Opcode : 'sdiv' 'srem' 'udiv' 'urem'> <InPorts = 2> <OutPorts = 1>

State 483 <SV = 273> <Delay = 4.75>
ST_483 : Operation 1835 [40/52] (4.75ns)   --->   "%sdiv_ln1148_3 = sdiv i48 %t_3, i48 %conv_i372_cast"   --->   Operation 1835 'sdiv' 'sdiv_ln1148_3' <Predicate = (!icmp_ln376)> <Delay = 4.75> <CoreInst = "Divider">   --->   Core 6 'Divider' <Latency = 51> <II = 1> <Delay = 4.75> <FuncUnit> <Opcode : 'sdiv' 'srem' 'udiv' 'urem'> <InPorts = 2> <OutPorts = 1>

State 484 <SV = 274> <Delay = 4.75>
ST_484 : Operation 1836 [39/52] (4.75ns)   --->   "%sdiv_ln1148_3 = sdiv i48 %t_3, i48 %conv_i372_cast"   --->   Operation 1836 'sdiv' 'sdiv_ln1148_3' <Predicate = (!icmp_ln376)> <Delay = 4.75> <CoreInst = "Divider">   --->   Core 6 'Divider' <Latency = 51> <II = 1> <Delay = 4.75> <FuncUnit> <Opcode : 'sdiv' 'srem' 'udiv' 'urem'> <InPorts = 2> <OutPorts = 1>

State 485 <SV = 275> <Delay = 4.75>
ST_485 : Operation 1837 [38/52] (4.75ns)   --->   "%sdiv_ln1148_3 = sdiv i48 %t_3, i48 %conv_i372_cast"   --->   Operation 1837 'sdiv' 'sdiv_ln1148_3' <Predicate = (!icmp_ln376)> <Delay = 4.75> <CoreInst = "Divider">   --->   Core 6 'Divider' <Latency = 51> <II = 1> <Delay = 4.75> <FuncUnit> <Opcode : 'sdiv' 'srem' 'udiv' 'urem'> <InPorts = 2> <OutPorts = 1>

State 486 <SV = 276> <Delay = 4.75>
ST_486 : Operation 1838 [37/52] (4.75ns)   --->   "%sdiv_ln1148_3 = sdiv i48 %t_3, i48 %conv_i372_cast"   --->   Operation 1838 'sdiv' 'sdiv_ln1148_3' <Predicate = (!icmp_ln376)> <Delay = 4.75> <CoreInst = "Divider">   --->   Core 6 'Divider' <Latency = 51> <II = 1> <Delay = 4.75> <FuncUnit> <Opcode : 'sdiv' 'srem' 'udiv' 'urem'> <InPorts = 2> <OutPorts = 1>

State 487 <SV = 277> <Delay = 4.75>
ST_487 : Operation 1839 [36/52] (4.75ns)   --->   "%sdiv_ln1148_3 = sdiv i48 %t_3, i48 %conv_i372_cast"   --->   Operation 1839 'sdiv' 'sdiv_ln1148_3' <Predicate = (!icmp_ln376)> <Delay = 4.75> <CoreInst = "Divider">   --->   Core 6 'Divider' <Latency = 51> <II = 1> <Delay = 4.75> <FuncUnit> <Opcode : 'sdiv' 'srem' 'udiv' 'urem'> <InPorts = 2> <OutPorts = 1>

State 488 <SV = 278> <Delay = 4.75>
ST_488 : Operation 1840 [35/52] (4.75ns)   --->   "%sdiv_ln1148_3 = sdiv i48 %t_3, i48 %conv_i372_cast"   --->   Operation 1840 'sdiv' 'sdiv_ln1148_3' <Predicate = (!icmp_ln376)> <Delay = 4.75> <CoreInst = "Divider">   --->   Core 6 'Divider' <Latency = 51> <II = 1> <Delay = 4.75> <FuncUnit> <Opcode : 'sdiv' 'srem' 'udiv' 'urem'> <InPorts = 2> <OutPorts = 1>

State 489 <SV = 279> <Delay = 4.75>
ST_489 : Operation 1841 [34/52] (4.75ns)   --->   "%sdiv_ln1148_3 = sdiv i48 %t_3, i48 %conv_i372_cast"   --->   Operation 1841 'sdiv' 'sdiv_ln1148_3' <Predicate = (!icmp_ln376)> <Delay = 4.75> <CoreInst = "Divider">   --->   Core 6 'Divider' <Latency = 51> <II = 1> <Delay = 4.75> <FuncUnit> <Opcode : 'sdiv' 'srem' 'udiv' 'urem'> <InPorts = 2> <OutPorts = 1>

State 490 <SV = 280> <Delay = 4.75>
ST_490 : Operation 1842 [33/52] (4.75ns)   --->   "%sdiv_ln1148_3 = sdiv i48 %t_3, i48 %conv_i372_cast"   --->   Operation 1842 'sdiv' 'sdiv_ln1148_3' <Predicate = (!icmp_ln376)> <Delay = 4.75> <CoreInst = "Divider">   --->   Core 6 'Divider' <Latency = 51> <II = 1> <Delay = 4.75> <FuncUnit> <Opcode : 'sdiv' 'srem' 'udiv' 'urem'> <InPorts = 2> <OutPorts = 1>

State 491 <SV = 281> <Delay = 4.75>
ST_491 : Operation 1843 [32/52] (4.75ns)   --->   "%sdiv_ln1148_3 = sdiv i48 %t_3, i48 %conv_i372_cast"   --->   Operation 1843 'sdiv' 'sdiv_ln1148_3' <Predicate = (!icmp_ln376)> <Delay = 4.75> <CoreInst = "Divider">   --->   Core 6 'Divider' <Latency = 51> <II = 1> <Delay = 4.75> <FuncUnit> <Opcode : 'sdiv' 'srem' 'udiv' 'urem'> <InPorts = 2> <OutPorts = 1>

State 492 <SV = 282> <Delay = 4.75>
ST_492 : Operation 1844 [31/52] (4.75ns)   --->   "%sdiv_ln1148_3 = sdiv i48 %t_3, i48 %conv_i372_cast"   --->   Operation 1844 'sdiv' 'sdiv_ln1148_3' <Predicate = (!icmp_ln376)> <Delay = 4.75> <CoreInst = "Divider">   --->   Core 6 'Divider' <Latency = 51> <II = 1> <Delay = 4.75> <FuncUnit> <Opcode : 'sdiv' 'srem' 'udiv' 'urem'> <InPorts = 2> <OutPorts = 1>

State 493 <SV = 283> <Delay = 4.75>
ST_493 : Operation 1845 [30/52] (4.75ns)   --->   "%sdiv_ln1148_3 = sdiv i48 %t_3, i48 %conv_i372_cast"   --->   Operation 1845 'sdiv' 'sdiv_ln1148_3' <Predicate = (!icmp_ln376)> <Delay = 4.75> <CoreInst = "Divider">   --->   Core 6 'Divider' <Latency = 51> <II = 1> <Delay = 4.75> <FuncUnit> <Opcode : 'sdiv' 'srem' 'udiv' 'urem'> <InPorts = 2> <OutPorts = 1>

State 494 <SV = 284> <Delay = 4.75>
ST_494 : Operation 1846 [29/52] (4.75ns)   --->   "%sdiv_ln1148_3 = sdiv i48 %t_3, i48 %conv_i372_cast"   --->   Operation 1846 'sdiv' 'sdiv_ln1148_3' <Predicate = (!icmp_ln376)> <Delay = 4.75> <CoreInst = "Divider">   --->   Core 6 'Divider' <Latency = 51> <II = 1> <Delay = 4.75> <FuncUnit> <Opcode : 'sdiv' 'srem' 'udiv' 'urem'> <InPorts = 2> <OutPorts = 1>

State 495 <SV = 285> <Delay = 4.75>
ST_495 : Operation 1847 [28/52] (4.75ns)   --->   "%sdiv_ln1148_3 = sdiv i48 %t_3, i48 %conv_i372_cast"   --->   Operation 1847 'sdiv' 'sdiv_ln1148_3' <Predicate = (!icmp_ln376)> <Delay = 4.75> <CoreInst = "Divider">   --->   Core 6 'Divider' <Latency = 51> <II = 1> <Delay = 4.75> <FuncUnit> <Opcode : 'sdiv' 'srem' 'udiv' 'urem'> <InPorts = 2> <OutPorts = 1>

State 496 <SV = 286> <Delay = 4.75>
ST_496 : Operation 1848 [27/52] (4.75ns)   --->   "%sdiv_ln1148_3 = sdiv i48 %t_3, i48 %conv_i372_cast"   --->   Operation 1848 'sdiv' 'sdiv_ln1148_3' <Predicate = (!icmp_ln376)> <Delay = 4.75> <CoreInst = "Divider">   --->   Core 6 'Divider' <Latency = 51> <II = 1> <Delay = 4.75> <FuncUnit> <Opcode : 'sdiv' 'srem' 'udiv' 'urem'> <InPorts = 2> <OutPorts = 1>

State 497 <SV = 287> <Delay = 4.75>
ST_497 : Operation 1849 [26/52] (4.75ns)   --->   "%sdiv_ln1148_3 = sdiv i48 %t_3, i48 %conv_i372_cast"   --->   Operation 1849 'sdiv' 'sdiv_ln1148_3' <Predicate = (!icmp_ln376)> <Delay = 4.75> <CoreInst = "Divider">   --->   Core 6 'Divider' <Latency = 51> <II = 1> <Delay = 4.75> <FuncUnit> <Opcode : 'sdiv' 'srem' 'udiv' 'urem'> <InPorts = 2> <OutPorts = 1>

State 498 <SV = 288> <Delay = 4.75>
ST_498 : Operation 1850 [25/52] (4.75ns)   --->   "%sdiv_ln1148_3 = sdiv i48 %t_3, i48 %conv_i372_cast"   --->   Operation 1850 'sdiv' 'sdiv_ln1148_3' <Predicate = (!icmp_ln376)> <Delay = 4.75> <CoreInst = "Divider">   --->   Core 6 'Divider' <Latency = 51> <II = 1> <Delay = 4.75> <FuncUnit> <Opcode : 'sdiv' 'srem' 'udiv' 'urem'> <InPorts = 2> <OutPorts = 1>

State 499 <SV = 289> <Delay = 4.75>
ST_499 : Operation 1851 [24/52] (4.75ns)   --->   "%sdiv_ln1148_3 = sdiv i48 %t_3, i48 %conv_i372_cast"   --->   Operation 1851 'sdiv' 'sdiv_ln1148_3' <Predicate = (!icmp_ln376)> <Delay = 4.75> <CoreInst = "Divider">   --->   Core 6 'Divider' <Latency = 51> <II = 1> <Delay = 4.75> <FuncUnit> <Opcode : 'sdiv' 'srem' 'udiv' 'urem'> <InPorts = 2> <OutPorts = 1>

State 500 <SV = 290> <Delay = 4.75>
ST_500 : Operation 1852 [23/52] (4.75ns)   --->   "%sdiv_ln1148_3 = sdiv i48 %t_3, i48 %conv_i372_cast"   --->   Operation 1852 'sdiv' 'sdiv_ln1148_3' <Predicate = (!icmp_ln376)> <Delay = 4.75> <CoreInst = "Divider">   --->   Core 6 'Divider' <Latency = 51> <II = 1> <Delay = 4.75> <FuncUnit> <Opcode : 'sdiv' 'srem' 'udiv' 'urem'> <InPorts = 2> <OutPorts = 1>

State 501 <SV = 291> <Delay = 4.75>
ST_501 : Operation 1853 [22/52] (4.75ns)   --->   "%sdiv_ln1148_3 = sdiv i48 %t_3, i48 %conv_i372_cast"   --->   Operation 1853 'sdiv' 'sdiv_ln1148_3' <Predicate = (!icmp_ln376)> <Delay = 4.75> <CoreInst = "Divider">   --->   Core 6 'Divider' <Latency = 51> <II = 1> <Delay = 4.75> <FuncUnit> <Opcode : 'sdiv' 'srem' 'udiv' 'urem'> <InPorts = 2> <OutPorts = 1>

State 502 <SV = 292> <Delay = 4.75>
ST_502 : Operation 1854 [21/52] (4.75ns)   --->   "%sdiv_ln1148_3 = sdiv i48 %t_3, i48 %conv_i372_cast"   --->   Operation 1854 'sdiv' 'sdiv_ln1148_3' <Predicate = (!icmp_ln376)> <Delay = 4.75> <CoreInst = "Divider">   --->   Core 6 'Divider' <Latency = 51> <II = 1> <Delay = 4.75> <FuncUnit> <Opcode : 'sdiv' 'srem' 'udiv' 'urem'> <InPorts = 2> <OutPorts = 1>

State 503 <SV = 293> <Delay = 4.75>
ST_503 : Operation 1855 [20/52] (4.75ns)   --->   "%sdiv_ln1148_3 = sdiv i48 %t_3, i48 %conv_i372_cast"   --->   Operation 1855 'sdiv' 'sdiv_ln1148_3' <Predicate = (!icmp_ln376)> <Delay = 4.75> <CoreInst = "Divider">   --->   Core 6 'Divider' <Latency = 51> <II = 1> <Delay = 4.75> <FuncUnit> <Opcode : 'sdiv' 'srem' 'udiv' 'urem'> <InPorts = 2> <OutPorts = 1>

State 504 <SV = 294> <Delay = 4.75>
ST_504 : Operation 1856 [19/52] (4.75ns)   --->   "%sdiv_ln1148_3 = sdiv i48 %t_3, i48 %conv_i372_cast"   --->   Operation 1856 'sdiv' 'sdiv_ln1148_3' <Predicate = (!icmp_ln376)> <Delay = 4.75> <CoreInst = "Divider">   --->   Core 6 'Divider' <Latency = 51> <II = 1> <Delay = 4.75> <FuncUnit> <Opcode : 'sdiv' 'srem' 'udiv' 'urem'> <InPorts = 2> <OutPorts = 1>

State 505 <SV = 295> <Delay = 4.75>
ST_505 : Operation 1857 [18/52] (4.75ns)   --->   "%sdiv_ln1148_3 = sdiv i48 %t_3, i48 %conv_i372_cast"   --->   Operation 1857 'sdiv' 'sdiv_ln1148_3' <Predicate = (!icmp_ln376)> <Delay = 4.75> <CoreInst = "Divider">   --->   Core 6 'Divider' <Latency = 51> <II = 1> <Delay = 4.75> <FuncUnit> <Opcode : 'sdiv' 'srem' 'udiv' 'urem'> <InPorts = 2> <OutPorts = 1>

State 506 <SV = 296> <Delay = 4.75>
ST_506 : Operation 1858 [17/52] (4.75ns)   --->   "%sdiv_ln1148_3 = sdiv i48 %t_3, i48 %conv_i372_cast"   --->   Operation 1858 'sdiv' 'sdiv_ln1148_3' <Predicate = (!icmp_ln376)> <Delay = 4.75> <CoreInst = "Divider">   --->   Core 6 'Divider' <Latency = 51> <II = 1> <Delay = 4.75> <FuncUnit> <Opcode : 'sdiv' 'srem' 'udiv' 'urem'> <InPorts = 2> <OutPorts = 1>

State 507 <SV = 297> <Delay = 4.75>
ST_507 : Operation 1859 [16/52] (4.75ns)   --->   "%sdiv_ln1148_3 = sdiv i48 %t_3, i48 %conv_i372_cast"   --->   Operation 1859 'sdiv' 'sdiv_ln1148_3' <Predicate = (!icmp_ln376)> <Delay = 4.75> <CoreInst = "Divider">   --->   Core 6 'Divider' <Latency = 51> <II = 1> <Delay = 4.75> <FuncUnit> <Opcode : 'sdiv' 'srem' 'udiv' 'urem'> <InPorts = 2> <OutPorts = 1>

State 508 <SV = 298> <Delay = 4.75>
ST_508 : Operation 1860 [15/52] (4.75ns)   --->   "%sdiv_ln1148_3 = sdiv i48 %t_3, i48 %conv_i372_cast"   --->   Operation 1860 'sdiv' 'sdiv_ln1148_3' <Predicate = (!icmp_ln376)> <Delay = 4.75> <CoreInst = "Divider">   --->   Core 6 'Divider' <Latency = 51> <II = 1> <Delay = 4.75> <FuncUnit> <Opcode : 'sdiv' 'srem' 'udiv' 'urem'> <InPorts = 2> <OutPorts = 1>

State 509 <SV = 299> <Delay = 4.75>
ST_509 : Operation 1861 [14/52] (4.75ns)   --->   "%sdiv_ln1148_3 = sdiv i48 %t_3, i48 %conv_i372_cast"   --->   Operation 1861 'sdiv' 'sdiv_ln1148_3' <Predicate = (!icmp_ln376)> <Delay = 4.75> <CoreInst = "Divider">   --->   Core 6 'Divider' <Latency = 51> <II = 1> <Delay = 4.75> <FuncUnit> <Opcode : 'sdiv' 'srem' 'udiv' 'urem'> <InPorts = 2> <OutPorts = 1>

State 510 <SV = 300> <Delay = 4.75>
ST_510 : Operation 1862 [13/52] (4.75ns)   --->   "%sdiv_ln1148_3 = sdiv i48 %t_3, i48 %conv_i372_cast"   --->   Operation 1862 'sdiv' 'sdiv_ln1148_3' <Predicate = (!icmp_ln376)> <Delay = 4.75> <CoreInst = "Divider">   --->   Core 6 'Divider' <Latency = 51> <II = 1> <Delay = 4.75> <FuncUnit> <Opcode : 'sdiv' 'srem' 'udiv' 'urem'> <InPorts = 2> <OutPorts = 1>

State 511 <SV = 301> <Delay = 4.75>
ST_511 : Operation 1863 [12/52] (4.75ns)   --->   "%sdiv_ln1148_3 = sdiv i48 %t_3, i48 %conv_i372_cast"   --->   Operation 1863 'sdiv' 'sdiv_ln1148_3' <Predicate = (!icmp_ln376)> <Delay = 4.75> <CoreInst = "Divider">   --->   Core 6 'Divider' <Latency = 51> <II = 1> <Delay = 4.75> <FuncUnit> <Opcode : 'sdiv' 'srem' 'udiv' 'urem'> <InPorts = 2> <OutPorts = 1>

State 512 <SV = 302> <Delay = 4.75>
ST_512 : Operation 1864 [11/52] (4.75ns)   --->   "%sdiv_ln1148_3 = sdiv i48 %t_3, i48 %conv_i372_cast"   --->   Operation 1864 'sdiv' 'sdiv_ln1148_3' <Predicate = (!icmp_ln376)> <Delay = 4.75> <CoreInst = "Divider">   --->   Core 6 'Divider' <Latency = 51> <II = 1> <Delay = 4.75> <FuncUnit> <Opcode : 'sdiv' 'srem' 'udiv' 'urem'> <InPorts = 2> <OutPorts = 1>

State 513 <SV = 303> <Delay = 4.75>
ST_513 : Operation 1865 [10/52] (4.75ns)   --->   "%sdiv_ln1148_3 = sdiv i48 %t_3, i48 %conv_i372_cast"   --->   Operation 1865 'sdiv' 'sdiv_ln1148_3' <Predicate = (!icmp_ln376)> <Delay = 4.75> <CoreInst = "Divider">   --->   Core 6 'Divider' <Latency = 51> <II = 1> <Delay = 4.75> <FuncUnit> <Opcode : 'sdiv' 'srem' 'udiv' 'urem'> <InPorts = 2> <OutPorts = 1>

State 514 <SV = 304> <Delay = 4.75>
ST_514 : Operation 1866 [9/52] (4.75ns)   --->   "%sdiv_ln1148_3 = sdiv i48 %t_3, i48 %conv_i372_cast"   --->   Operation 1866 'sdiv' 'sdiv_ln1148_3' <Predicate = (!icmp_ln376)> <Delay = 4.75> <CoreInst = "Divider">   --->   Core 6 'Divider' <Latency = 51> <II = 1> <Delay = 4.75> <FuncUnit> <Opcode : 'sdiv' 'srem' 'udiv' 'urem'> <InPorts = 2> <OutPorts = 1>

State 515 <SV = 305> <Delay = 4.75>
ST_515 : Operation 1867 [8/52] (4.75ns)   --->   "%sdiv_ln1148_3 = sdiv i48 %t_3, i48 %conv_i372_cast"   --->   Operation 1867 'sdiv' 'sdiv_ln1148_3' <Predicate = (!icmp_ln376)> <Delay = 4.75> <CoreInst = "Divider">   --->   Core 6 'Divider' <Latency = 51> <II = 1> <Delay = 4.75> <FuncUnit> <Opcode : 'sdiv' 'srem' 'udiv' 'urem'> <InPorts = 2> <OutPorts = 1>
ST_515 : Operation 1868 [2/2] (1.92ns)   --->   "%add_ln377 = add i7 %select_ln331_1, i7 1" [backprop.cpp:377]   --->   Operation 1868 'add' 'add_ln377' <Predicate = (!icmp_ln376)> <Delay = 1.92> <CoreInst = "Adder">   --->   Core 1 'Adder' <Latency = 1> <II = 1> <Delay = 1.86> <FuncUnit> <Opcode : 'add' 'sub'> <InPorts = 2> <OutPorts = 1>

State 516 <SV = 306> <Delay = 4.75>
ST_516 : Operation 1869 [7/52] (4.75ns)   --->   "%sdiv_ln1148_3 = sdiv i48 %t_3, i48 %conv_i372_cast"   --->   Operation 1869 'sdiv' 'sdiv_ln1148_3' <Predicate = (!icmp_ln376)> <Delay = 4.75> <CoreInst = "Divider">   --->   Core 6 'Divider' <Latency = 51> <II = 1> <Delay = 4.75> <FuncUnit> <Opcode : 'sdiv' 'srem' 'udiv' 'urem'> <InPorts = 2> <OutPorts = 1>
ST_516 : Operation 1870 [1/2] (1.92ns)   --->   "%add_ln377 = add i7 %select_ln331_1, i7 1" [backprop.cpp:377]   --->   Operation 1870 'add' 'add_ln377' <Predicate = (!icmp_ln376)> <Delay = 1.92> <CoreInst = "Adder">   --->   Core 1 'Adder' <Latency = 1> <II = 1> <Delay = 1.86> <FuncUnit> <Opcode : 'add' 'sub'> <InPorts = 2> <OutPorts = 1>

State 517 <SV = 307> <Delay = 4.75>
ST_517 : Operation 1871 [6/52] (4.75ns)   --->   "%sdiv_ln1148_3 = sdiv i48 %t_3, i48 %conv_i372_cast"   --->   Operation 1871 'sdiv' 'sdiv_ln1148_3' <Predicate = (!icmp_ln376)> <Delay = 4.75> <CoreInst = "Divider">   --->   Core 6 'Divider' <Latency = 51> <II = 1> <Delay = 4.75> <FuncUnit> <Opcode : 'sdiv' 'srem' 'udiv' 'urem'> <InPorts = 2> <OutPorts = 1>

State 518 <SV = 308> <Delay = 4.75>
ST_518 : Operation 1872 [5/52] (4.75ns)   --->   "%sdiv_ln1148_3 = sdiv i48 %t_3, i48 %conv_i372_cast"   --->   Operation 1872 'sdiv' 'sdiv_ln1148_3' <Predicate = (!icmp_ln376)> <Delay = 4.75> <CoreInst = "Divider">   --->   Core 6 'Divider' <Latency = 51> <II = 1> <Delay = 4.75> <FuncUnit> <Opcode : 'sdiv' 'srem' 'udiv' 'urem'> <InPorts = 2> <OutPorts = 1>

State 519 <SV = 309> <Delay = 4.75>
ST_519 : Operation 1873 [4/52] (4.75ns)   --->   "%sdiv_ln1148_3 = sdiv i48 %t_3, i48 %conv_i372_cast"   --->   Operation 1873 'sdiv' 'sdiv_ln1148_3' <Predicate = (!icmp_ln376)> <Delay = 4.75> <CoreInst = "Divider">   --->   Core 6 'Divider' <Latency = 51> <II = 1> <Delay = 4.75> <FuncUnit> <Opcode : 'sdiv' 'srem' 'udiv' 'urem'> <InPorts = 2> <OutPorts = 1>

State 520 <SV = 310> <Delay = 4.75>
ST_520 : Operation 1874 [3/52] (4.75ns)   --->   "%sdiv_ln1148_3 = sdiv i48 %t_3, i48 %conv_i372_cast"   --->   Operation 1874 'sdiv' 'sdiv_ln1148_3' <Predicate = (!icmp_ln376)> <Delay = 4.75> <CoreInst = "Divider">   --->   Core 6 'Divider' <Latency = 51> <II = 1> <Delay = 4.75> <FuncUnit> <Opcode : 'sdiv' 'srem' 'udiv' 'urem'> <InPorts = 2> <OutPorts = 1>

State 521 <SV = 311> <Delay = 4.75>
ST_521 : Operation 1875 [2/52] (4.75ns)   --->   "%sdiv_ln1148_3 = sdiv i48 %t_3, i48 %conv_i372_cast"   --->   Operation 1875 'sdiv' 'sdiv_ln1148_3' <Predicate = (!icmp_ln376)> <Delay = 4.75> <CoreInst = "Divider">   --->   Core 6 'Divider' <Latency = 51> <II = 1> <Delay = 4.75> <FuncUnit> <Opcode : 'sdiv' 'srem' 'udiv' 'urem'> <InPorts = 2> <OutPorts = 1>

State 522 <SV = 312> <Delay = 4.75>
ST_522 : Operation 1876 [1/52] (4.75ns)   --->   "%sdiv_ln1148_3 = sdiv i48 %t_3, i48 %conv_i372_cast"   --->   Operation 1876 'sdiv' 'sdiv_ln1148_3' <Predicate = (!icmp_ln376)> <Delay = 4.75> <CoreInst = "Divider">   --->   Core 6 'Divider' <Latency = 51> <II = 1> <Delay = 4.75> <FuncUnit> <Opcode : 'sdiv' 'srem' 'udiv' 'urem'> <InPorts = 2> <OutPorts = 1>

State 523 <SV = 313> <Delay = 1.68>
ST_523 : Operation 1877 [1/1] (0.00ns)   --->   "%trunc_ln703_2 = trunc i32 %sdiv_ln1148_3"   --->   Operation 1877 'trunc' 'trunc_ln703_2' <Predicate = (!icmp_ln376)> <Delay = 0.00>
ST_523 : Operation 1878 [2/2] (1.68ns)   --->   "%store_ln378 = store i32 %trunc_ln703_2, i12 %weights2_addr_1" [backprop.cpp:378]   --->   Operation 1878 'store' 'store_ln378' <Predicate = (!icmp_ln376)> <Delay = 1.68> <CoreInst = "RAM">   --->   Core 82 'RAM' <Latency = 3> <II = 1> <Delay = 1.68> <Storage> <Opcode : 'load' 'store'> <Ports = 2> <Width = 32> <Depth = 4096> <RAM>
ST_523 : Operation 1879 [1/1] (1.58ns)   --->   "%store_ln703 = store i32 %trunc_ln703_2, i32 %reuse_reg80"   --->   Operation 1879 'store' 'store_ln703' <Predicate = (!icmp_ln376)> <Delay = 1.58>

State 524 <SV = 314> <Delay = 1.68>
ST_524 : Operation 1880 [1/1] (0.00ns)   --->   "%specloopname_ln0 = specloopname void @_ssdm_op_SpecLoopName, void @VITIS_LOOP_376_10_VITIS_LOOP_377_11_str"   --->   Operation 1880 'specloopname' 'specloopname_ln0' <Predicate = (!icmp_ln376)> <Delay = 0.00>
ST_524 : Operation 1881 [1/1] (0.00ns)   --->   "%empty_87 = speclooptripcount i32 @_ssdm_op_SpecLoopTripCount, i64 4096, i64 4096, i64 4096"   --->   Operation 1881 'speclooptripcount' 'empty_87' <Predicate = (!icmp_ln376)> <Delay = 0.00>
ST_524 : Operation 1882 [1/1] (0.00ns)   --->   "%specpipeline_ln0 = specpipeline void @_ssdm_op_SpecPipeline, i32 4294967295, i32 0, i32 1, i32 0, void @p_str"   --->   Operation 1882 'specpipeline' 'specpipeline_ln0' <Predicate = (!icmp_ln376)> <Delay = 0.00>
ST_524 : Operation 1883 [1/1] (0.00ns)   --->   "%specloopname_ln331 = specloopname void @_ssdm_op_SpecLoopName, void @empty_8" [backprop.cpp:331]   --->   Operation 1883 'specloopname' 'specloopname_ln331' <Predicate = (!icmp_ln376)> <Delay = 0.00>
ST_524 : Operation 1884 [1/2] (1.68ns)   --->   "%store_ln378 = store i32 %trunc_ln703_2, i12 %weights2_addr_1" [backprop.cpp:378]   --->   Operation 1884 'store' 'store_ln378' <Predicate = (!icmp_ln376)> <Delay = 1.68> <CoreInst = "RAM">   --->   Core 82 'RAM' <Latency = 3> <II = 1> <Delay = 1.68> <Storage> <Opcode : 'load' 'store'> <Ports = 2> <Width = 32> <Depth = 4096> <RAM>
ST_524 : Operation 1885 [1/1] (0.00ns)   --->   "%br_ln0 = br void %_ZNK13ap_fixed_baseILi32ELi16ELb1EL9ap_q_mode5EL9ap_o_mode3ELi0EEdvILi32ELi16ELb1ELS0_5ELS1_3ELi0EEENS2_5RTypeIXT_EXT0_EXT1_EE3divERKS_IXT_EXT0_EXT1_EXT2_EXT3_EXT4_EE.exit376"   --->   Operation 1885 'br' 'br_ln0' <Predicate = (!icmp_ln376)> <Delay = 0.00>

State 525 <SV = 255> <Delay = 1.46>
ST_525 : Operation 1886 [1/1] (0.00ns)   --->   "%conv_i344_cast = zext i24 %bias_norm_V_3" [backprop.cpp:374]   --->   Operation 1886 'zext' 'conv_i344_cast' <Predicate = true> <Delay = 0.00>
ST_525 : Operation 1887 [1/1] (1.46ns)   --->   "%br_ln381 = br void %_ZNK13ap_fixed_baseILi32ELi16ELb1EL9ap_q_mode5EL9ap_o_mode3ELi0EEdvILi32ELi16ELb1ELS0_5ELS1_3ELi0EEENS2_5RTypeIXT_EXT0_EXT1_EE3divERKS_IXT_EXT0_EXT1_EXT2_EXT3_EXT4_EE.exit348" [backprop.cpp:381]   --->   Operation 1887 'br' 'br_ln381' <Predicate = true> <Delay = 1.46>

State 526 <SV = 256> <Delay = 1.92>
ST_526 : Operation 1888 [1/1] (0.00ns)   --->   "%i_7 = phi i7 0, void, i7 %add_ln381, void %_ZNK13ap_fixed_baseILi32ELi16ELb1EL9ap_q_mode5EL9ap_o_mode3ELi0EEdvILi32ELi16ELb1ELS0_5ELS1_3ELi0EEENS2_5RTypeIXT_EXT0_EXT1_EE3divERKS_IXT_EXT0_EXT1_EXT2_EXT3_EXT4_EE.exit348.split" [backprop.cpp:381]   --->   Operation 1888 'phi' 'i_7' <Predicate = true> <Delay = 0.00>
ST_526 : Operation 1889 [2/2] (1.92ns)   --->   "%add_ln381 = add i7 %i_7, i7 1" [backprop.cpp:381]   --->   Operation 1889 'add' 'add_ln381' <Predicate = true> <Delay = 1.92> <CoreInst = "Adder">   --->   Core 1 'Adder' <Latency = 1> <II = 1> <Delay = 1.86> <FuncUnit> <Opcode : 'add' 'sub'> <InPorts = 2> <OutPorts = 1>
ST_526 : Operation 1890 [1/1] (1.48ns)   --->   "%icmp_ln381 = icmp_eq  i7 %i_7, i7 64" [backprop.cpp:381]   --->   Operation 1890 'icmp' 'icmp_ln381' <Predicate = true> <Delay = 1.48> <CoreInst = "Cmp">   --->   Core 9 'Cmp' <Latency = 0> <II = 1> <Delay = 0.95> <FuncUnit> <Opcode : 'icmp'> <InPorts = 2> <OutPorts = 1>
ST_526 : Operation 1891 [1/1] (0.00ns)   --->   "%br_ln381 = br i1 %icmp_ln381, void %_ZNK13ap_fixed_baseILi32ELi16ELb1EL9ap_q_mode5EL9ap_o_mode3ELi0EEdvILi32ELi16ELb1ELS0_5ELS1_3ELi0EEENS2_5RTypeIXT_EXT0_EXT1_EE3divERKS_IXT_EXT0_EXT1_EXT2_EXT3_EXT4_EE.exit348.split, void %_ZN13ap_fixed_baseILi65ELi33ELb1EL9ap_q_mode5EL9ap_o_mode3ELi0EEC2ILi32ELi16ELb1ELS0_5ELS1_3ELi0EEERKS_IXT_EXT0_EXT1_EXT2_EXT3_EXT4_EE.exit.i.i237.preheader" [backprop.cpp:381]   --->   Operation 1891 'br' 'br_ln381' <Predicate = true> <Delay = 0.00>

State 527 <SV = 257> <Delay = 3.84>
ST_527 : Operation 1892 [1/2] (1.92ns)   --->   "%add_ln381 = add i7 %i_7, i7 1" [backprop.cpp:381]   --->   Operation 1892 'add' 'add_ln381' <Predicate = true> <Delay = 1.92> <CoreInst = "Adder">   --->   Core 1 'Adder' <Latency = 1> <II = 1> <Delay = 1.86> <FuncUnit> <Opcode : 'add' 'sub'> <InPorts = 2> <OutPorts = 1>
ST_527 : Operation 1893 [1/1] (0.00ns)   --->   "%specpipeline_ln0 = specpipeline void @_ssdm_op_SpecPipeline, i32 4294967295, i32 0, i32 1, i32 0, void @p_str"   --->   Operation 1893 'specpipeline' 'specpipeline_ln0' <Predicate = true> <Delay = 0.00>
ST_527 : Operation 1894 [1/1] (0.00ns)   --->   "%empty_88 = speclooptripcount i32 @_ssdm_op_SpecLoopTripCount, i64 64, i64 64, i64 64"   --->   Operation 1894 'speclooptripcount' 'empty_88' <Predicate = true> <Delay = 0.00>
ST_527 : Operation 1895 [1/1] (0.00ns)   --->   "%trunc_ln727_3 = trunc i7 %i_7"   --->   Operation 1895 'trunc' 'trunc_ln727_3' <Predicate = (!icmp_ln381)> <Delay = 0.00>
ST_527 : Operation 1896 [1/1] (0.00ns)   --->   "%zext_ln727_7 = zext i6 %trunc_ln727_3"   --->   Operation 1896 'zext' 'zext_ln727_7' <Predicate = (!icmp_ln381)> <Delay = 0.00>
ST_527 : Operation 1897 [1/1] (0.00ns)   --->   "%biases2_addr_1 = getelementptr i32 %biases2, i64 0, i64 %zext_ln727_7"   --->   Operation 1897 'getelementptr' 'biases2_addr_1' <Predicate = (!icmp_ln381)> <Delay = 0.00>
ST_527 : Operation 1898 [4/4] (1.68ns)   --->   "%biases2_load = load i6 %biases2_addr_1"   --->   Operation 1898 'load' 'biases2_load' <Predicate = (!icmp_ln381)> <Delay = 1.68> <CoreInst = "RAM">   --->   Core 82 'RAM' <Latency = 3> <II = 1> <Delay = 1.68> <Storage> <Opcode : 'load' 'store'> <Ports = 2> <Width = 32> <Depth = 64> <RAM>

State 528 <SV = 258> <Delay = 1.68>
ST_528 : Operation 1899 [3/4] (1.68ns)   --->   "%biases2_load = load i6 %biases2_addr_1"   --->   Operation 1899 'load' 'biases2_load' <Predicate = (!icmp_ln381)> <Delay = 1.68> <CoreInst = "RAM">   --->   Core 82 'RAM' <Latency = 3> <II = 1> <Delay = 1.68> <Storage> <Opcode : 'load' 'store'> <Ports = 2> <Width = 32> <Depth = 64> <RAM>

State 529 <SV = 259> <Delay = 1.68>
ST_529 : Operation 1900 [2/4] (1.68ns)   --->   "%biases2_load = load i6 %biases2_addr_1"   --->   Operation 1900 'load' 'biases2_load' <Predicate = (!icmp_ln381)> <Delay = 1.68> <CoreInst = "RAM">   --->   Core 82 'RAM' <Latency = 3> <II = 1> <Delay = 1.68> <Storage> <Opcode : 'load' 'store'> <Ports = 2> <Width = 32> <Depth = 64> <RAM>

State 530 <SV = 260> <Delay = 1.68>
ST_530 : Operation 1901 [1/4] (1.68ns)   --->   "%biases2_load = load i6 %biases2_addr_1"   --->   Operation 1901 'load' 'biases2_load' <Predicate = (!icmp_ln381)> <Delay = 1.68> <CoreInst = "RAM">   --->   Core 82 'RAM' <Latency = 3> <II = 1> <Delay = 1.68> <Storage> <Opcode : 'load' 'store'> <Ports = 2> <Width = 32> <Depth = 64> <RAM>

State 531 <SV = 261> <Delay = 4.75>
ST_531 : Operation 1902 [1/1] (0.00ns)   --->   "%t_2 = bitconcatenate i48 @_ssdm_op_BitConcatenate.i48.i32.i16, i32 %biases2_load, i16 0"   --->   Operation 1902 'bitconcatenate' 't_2' <Predicate = (!icmp_ln381)> <Delay = 0.00>
ST_531 : Operation 1903 [52/52] (4.75ns)   --->   "%sdiv_ln1148_2 = sdiv i48 %t_2, i48 %conv_i344_cast"   --->   Operation 1903 'sdiv' 'sdiv_ln1148_2' <Predicate = (!icmp_ln381)> <Delay = 4.75> <CoreInst = "Divider">   --->   Core 6 'Divider' <Latency = 51> <II = 1> <Delay = 4.75> <FuncUnit> <Opcode : 'sdiv' 'srem' 'udiv' 'urem'> <InPorts = 2> <OutPorts = 1>

State 532 <SV = 262> <Delay = 4.75>
ST_532 : Operation 1904 [51/52] (4.75ns)   --->   "%sdiv_ln1148_2 = sdiv i48 %t_2, i48 %conv_i344_cast"   --->   Operation 1904 'sdiv' 'sdiv_ln1148_2' <Predicate = (!icmp_ln381)> <Delay = 4.75> <CoreInst = "Divider">   --->   Core 6 'Divider' <Latency = 51> <II = 1> <Delay = 4.75> <FuncUnit> <Opcode : 'sdiv' 'srem' 'udiv' 'urem'> <InPorts = 2> <OutPorts = 1>

State 533 <SV = 263> <Delay = 4.75>
ST_533 : Operation 1905 [50/52] (4.75ns)   --->   "%sdiv_ln1148_2 = sdiv i48 %t_2, i48 %conv_i344_cast"   --->   Operation 1905 'sdiv' 'sdiv_ln1148_2' <Predicate = (!icmp_ln381)> <Delay = 4.75> <CoreInst = "Divider">   --->   Core 6 'Divider' <Latency = 51> <II = 1> <Delay = 4.75> <FuncUnit> <Opcode : 'sdiv' 'srem' 'udiv' 'urem'> <InPorts = 2> <OutPorts = 1>

State 534 <SV = 264> <Delay = 4.75>
ST_534 : Operation 1906 [49/52] (4.75ns)   --->   "%sdiv_ln1148_2 = sdiv i48 %t_2, i48 %conv_i344_cast"   --->   Operation 1906 'sdiv' 'sdiv_ln1148_2' <Predicate = (!icmp_ln381)> <Delay = 4.75> <CoreInst = "Divider">   --->   Core 6 'Divider' <Latency = 51> <II = 1> <Delay = 4.75> <FuncUnit> <Opcode : 'sdiv' 'srem' 'udiv' 'urem'> <InPorts = 2> <OutPorts = 1>

State 535 <SV = 265> <Delay = 4.75>
ST_535 : Operation 1907 [48/52] (4.75ns)   --->   "%sdiv_ln1148_2 = sdiv i48 %t_2, i48 %conv_i344_cast"   --->   Operation 1907 'sdiv' 'sdiv_ln1148_2' <Predicate = (!icmp_ln381)> <Delay = 4.75> <CoreInst = "Divider">   --->   Core 6 'Divider' <Latency = 51> <II = 1> <Delay = 4.75> <FuncUnit> <Opcode : 'sdiv' 'srem' 'udiv' 'urem'> <InPorts = 2> <OutPorts = 1>

State 536 <SV = 266> <Delay = 4.75>
ST_536 : Operation 1908 [47/52] (4.75ns)   --->   "%sdiv_ln1148_2 = sdiv i48 %t_2, i48 %conv_i344_cast"   --->   Operation 1908 'sdiv' 'sdiv_ln1148_2' <Predicate = (!icmp_ln381)> <Delay = 4.75> <CoreInst = "Divider">   --->   Core 6 'Divider' <Latency = 51> <II = 1> <Delay = 4.75> <FuncUnit> <Opcode : 'sdiv' 'srem' 'udiv' 'urem'> <InPorts = 2> <OutPorts = 1>

State 537 <SV = 267> <Delay = 4.75>
ST_537 : Operation 1909 [46/52] (4.75ns)   --->   "%sdiv_ln1148_2 = sdiv i48 %t_2, i48 %conv_i344_cast"   --->   Operation 1909 'sdiv' 'sdiv_ln1148_2' <Predicate = (!icmp_ln381)> <Delay = 4.75> <CoreInst = "Divider">   --->   Core 6 'Divider' <Latency = 51> <II = 1> <Delay = 4.75> <FuncUnit> <Opcode : 'sdiv' 'srem' 'udiv' 'urem'> <InPorts = 2> <OutPorts = 1>

State 538 <SV = 268> <Delay = 4.75>
ST_538 : Operation 1910 [45/52] (4.75ns)   --->   "%sdiv_ln1148_2 = sdiv i48 %t_2, i48 %conv_i344_cast"   --->   Operation 1910 'sdiv' 'sdiv_ln1148_2' <Predicate = (!icmp_ln381)> <Delay = 4.75> <CoreInst = "Divider">   --->   Core 6 'Divider' <Latency = 51> <II = 1> <Delay = 4.75> <FuncUnit> <Opcode : 'sdiv' 'srem' 'udiv' 'urem'> <InPorts = 2> <OutPorts = 1>

State 539 <SV = 269> <Delay = 4.75>
ST_539 : Operation 1911 [44/52] (4.75ns)   --->   "%sdiv_ln1148_2 = sdiv i48 %t_2, i48 %conv_i344_cast"   --->   Operation 1911 'sdiv' 'sdiv_ln1148_2' <Predicate = (!icmp_ln381)> <Delay = 4.75> <CoreInst = "Divider">   --->   Core 6 'Divider' <Latency = 51> <II = 1> <Delay = 4.75> <FuncUnit> <Opcode : 'sdiv' 'srem' 'udiv' 'urem'> <InPorts = 2> <OutPorts = 1>

State 540 <SV = 270> <Delay = 4.75>
ST_540 : Operation 1912 [43/52] (4.75ns)   --->   "%sdiv_ln1148_2 = sdiv i48 %t_2, i48 %conv_i344_cast"   --->   Operation 1912 'sdiv' 'sdiv_ln1148_2' <Predicate = (!icmp_ln381)> <Delay = 4.75> <CoreInst = "Divider">   --->   Core 6 'Divider' <Latency = 51> <II = 1> <Delay = 4.75> <FuncUnit> <Opcode : 'sdiv' 'srem' 'udiv' 'urem'> <InPorts = 2> <OutPorts = 1>

State 541 <SV = 271> <Delay = 4.75>
ST_541 : Operation 1913 [42/52] (4.75ns)   --->   "%sdiv_ln1148_2 = sdiv i48 %t_2, i48 %conv_i344_cast"   --->   Operation 1913 'sdiv' 'sdiv_ln1148_2' <Predicate = (!icmp_ln381)> <Delay = 4.75> <CoreInst = "Divider">   --->   Core 6 'Divider' <Latency = 51> <II = 1> <Delay = 4.75> <FuncUnit> <Opcode : 'sdiv' 'srem' 'udiv' 'urem'> <InPorts = 2> <OutPorts = 1>

State 542 <SV = 272> <Delay = 4.75>
ST_542 : Operation 1914 [41/52] (4.75ns)   --->   "%sdiv_ln1148_2 = sdiv i48 %t_2, i48 %conv_i344_cast"   --->   Operation 1914 'sdiv' 'sdiv_ln1148_2' <Predicate = (!icmp_ln381)> <Delay = 4.75> <CoreInst = "Divider">   --->   Core 6 'Divider' <Latency = 51> <II = 1> <Delay = 4.75> <FuncUnit> <Opcode : 'sdiv' 'srem' 'udiv' 'urem'> <InPorts = 2> <OutPorts = 1>

State 543 <SV = 273> <Delay = 4.75>
ST_543 : Operation 1915 [40/52] (4.75ns)   --->   "%sdiv_ln1148_2 = sdiv i48 %t_2, i48 %conv_i344_cast"   --->   Operation 1915 'sdiv' 'sdiv_ln1148_2' <Predicate = (!icmp_ln381)> <Delay = 4.75> <CoreInst = "Divider">   --->   Core 6 'Divider' <Latency = 51> <II = 1> <Delay = 4.75> <FuncUnit> <Opcode : 'sdiv' 'srem' 'udiv' 'urem'> <InPorts = 2> <OutPorts = 1>

State 544 <SV = 274> <Delay = 4.75>
ST_544 : Operation 1916 [39/52] (4.75ns)   --->   "%sdiv_ln1148_2 = sdiv i48 %t_2, i48 %conv_i344_cast"   --->   Operation 1916 'sdiv' 'sdiv_ln1148_2' <Predicate = (!icmp_ln381)> <Delay = 4.75> <CoreInst = "Divider">   --->   Core 6 'Divider' <Latency = 51> <II = 1> <Delay = 4.75> <FuncUnit> <Opcode : 'sdiv' 'srem' 'udiv' 'urem'> <InPorts = 2> <OutPorts = 1>

State 545 <SV = 275> <Delay = 4.75>
ST_545 : Operation 1917 [38/52] (4.75ns)   --->   "%sdiv_ln1148_2 = sdiv i48 %t_2, i48 %conv_i344_cast"   --->   Operation 1917 'sdiv' 'sdiv_ln1148_2' <Predicate = (!icmp_ln381)> <Delay = 4.75> <CoreInst = "Divider">   --->   Core 6 'Divider' <Latency = 51> <II = 1> <Delay = 4.75> <FuncUnit> <Opcode : 'sdiv' 'srem' 'udiv' 'urem'> <InPorts = 2> <OutPorts = 1>

State 546 <SV = 276> <Delay = 4.75>
ST_546 : Operation 1918 [37/52] (4.75ns)   --->   "%sdiv_ln1148_2 = sdiv i48 %t_2, i48 %conv_i344_cast"   --->   Operation 1918 'sdiv' 'sdiv_ln1148_2' <Predicate = (!icmp_ln381)> <Delay = 4.75> <CoreInst = "Divider">   --->   Core 6 'Divider' <Latency = 51> <II = 1> <Delay = 4.75> <FuncUnit> <Opcode : 'sdiv' 'srem' 'udiv' 'urem'> <InPorts = 2> <OutPorts = 1>

State 547 <SV = 277> <Delay = 4.75>
ST_547 : Operation 1919 [36/52] (4.75ns)   --->   "%sdiv_ln1148_2 = sdiv i48 %t_2, i48 %conv_i344_cast"   --->   Operation 1919 'sdiv' 'sdiv_ln1148_2' <Predicate = (!icmp_ln381)> <Delay = 4.75> <CoreInst = "Divider">   --->   Core 6 'Divider' <Latency = 51> <II = 1> <Delay = 4.75> <FuncUnit> <Opcode : 'sdiv' 'srem' 'udiv' 'urem'> <InPorts = 2> <OutPorts = 1>

State 548 <SV = 278> <Delay = 4.75>
ST_548 : Operation 1920 [35/52] (4.75ns)   --->   "%sdiv_ln1148_2 = sdiv i48 %t_2, i48 %conv_i344_cast"   --->   Operation 1920 'sdiv' 'sdiv_ln1148_2' <Predicate = (!icmp_ln381)> <Delay = 4.75> <CoreInst = "Divider">   --->   Core 6 'Divider' <Latency = 51> <II = 1> <Delay = 4.75> <FuncUnit> <Opcode : 'sdiv' 'srem' 'udiv' 'urem'> <InPorts = 2> <OutPorts = 1>

State 549 <SV = 279> <Delay = 4.75>
ST_549 : Operation 1921 [34/52] (4.75ns)   --->   "%sdiv_ln1148_2 = sdiv i48 %t_2, i48 %conv_i344_cast"   --->   Operation 1921 'sdiv' 'sdiv_ln1148_2' <Predicate = (!icmp_ln381)> <Delay = 4.75> <CoreInst = "Divider">   --->   Core 6 'Divider' <Latency = 51> <II = 1> <Delay = 4.75> <FuncUnit> <Opcode : 'sdiv' 'srem' 'udiv' 'urem'> <InPorts = 2> <OutPorts = 1>

State 550 <SV = 280> <Delay = 4.75>
ST_550 : Operation 1922 [33/52] (4.75ns)   --->   "%sdiv_ln1148_2 = sdiv i48 %t_2, i48 %conv_i344_cast"   --->   Operation 1922 'sdiv' 'sdiv_ln1148_2' <Predicate = (!icmp_ln381)> <Delay = 4.75> <CoreInst = "Divider">   --->   Core 6 'Divider' <Latency = 51> <II = 1> <Delay = 4.75> <FuncUnit> <Opcode : 'sdiv' 'srem' 'udiv' 'urem'> <InPorts = 2> <OutPorts = 1>

State 551 <SV = 281> <Delay = 4.75>
ST_551 : Operation 1923 [32/52] (4.75ns)   --->   "%sdiv_ln1148_2 = sdiv i48 %t_2, i48 %conv_i344_cast"   --->   Operation 1923 'sdiv' 'sdiv_ln1148_2' <Predicate = (!icmp_ln381)> <Delay = 4.75> <CoreInst = "Divider">   --->   Core 6 'Divider' <Latency = 51> <II = 1> <Delay = 4.75> <FuncUnit> <Opcode : 'sdiv' 'srem' 'udiv' 'urem'> <InPorts = 2> <OutPorts = 1>

State 552 <SV = 282> <Delay = 4.75>
ST_552 : Operation 1924 [31/52] (4.75ns)   --->   "%sdiv_ln1148_2 = sdiv i48 %t_2, i48 %conv_i344_cast"   --->   Operation 1924 'sdiv' 'sdiv_ln1148_2' <Predicate = (!icmp_ln381)> <Delay = 4.75> <CoreInst = "Divider">   --->   Core 6 'Divider' <Latency = 51> <II = 1> <Delay = 4.75> <FuncUnit> <Opcode : 'sdiv' 'srem' 'udiv' 'urem'> <InPorts = 2> <OutPorts = 1>

State 553 <SV = 283> <Delay = 4.75>
ST_553 : Operation 1925 [30/52] (4.75ns)   --->   "%sdiv_ln1148_2 = sdiv i48 %t_2, i48 %conv_i344_cast"   --->   Operation 1925 'sdiv' 'sdiv_ln1148_2' <Predicate = (!icmp_ln381)> <Delay = 4.75> <CoreInst = "Divider">   --->   Core 6 'Divider' <Latency = 51> <II = 1> <Delay = 4.75> <FuncUnit> <Opcode : 'sdiv' 'srem' 'udiv' 'urem'> <InPorts = 2> <OutPorts = 1>

State 554 <SV = 284> <Delay = 4.75>
ST_554 : Operation 1926 [29/52] (4.75ns)   --->   "%sdiv_ln1148_2 = sdiv i48 %t_2, i48 %conv_i344_cast"   --->   Operation 1926 'sdiv' 'sdiv_ln1148_2' <Predicate = (!icmp_ln381)> <Delay = 4.75> <CoreInst = "Divider">   --->   Core 6 'Divider' <Latency = 51> <II = 1> <Delay = 4.75> <FuncUnit> <Opcode : 'sdiv' 'srem' 'udiv' 'urem'> <InPorts = 2> <OutPorts = 1>

State 555 <SV = 285> <Delay = 4.75>
ST_555 : Operation 1927 [28/52] (4.75ns)   --->   "%sdiv_ln1148_2 = sdiv i48 %t_2, i48 %conv_i344_cast"   --->   Operation 1927 'sdiv' 'sdiv_ln1148_2' <Predicate = (!icmp_ln381)> <Delay = 4.75> <CoreInst = "Divider">   --->   Core 6 'Divider' <Latency = 51> <II = 1> <Delay = 4.75> <FuncUnit> <Opcode : 'sdiv' 'srem' 'udiv' 'urem'> <InPorts = 2> <OutPorts = 1>

State 556 <SV = 286> <Delay = 4.75>
ST_556 : Operation 1928 [27/52] (4.75ns)   --->   "%sdiv_ln1148_2 = sdiv i48 %t_2, i48 %conv_i344_cast"   --->   Operation 1928 'sdiv' 'sdiv_ln1148_2' <Predicate = (!icmp_ln381)> <Delay = 4.75> <CoreInst = "Divider">   --->   Core 6 'Divider' <Latency = 51> <II = 1> <Delay = 4.75> <FuncUnit> <Opcode : 'sdiv' 'srem' 'udiv' 'urem'> <InPorts = 2> <OutPorts = 1>

State 557 <SV = 287> <Delay = 4.75>
ST_557 : Operation 1929 [26/52] (4.75ns)   --->   "%sdiv_ln1148_2 = sdiv i48 %t_2, i48 %conv_i344_cast"   --->   Operation 1929 'sdiv' 'sdiv_ln1148_2' <Predicate = (!icmp_ln381)> <Delay = 4.75> <CoreInst = "Divider">   --->   Core 6 'Divider' <Latency = 51> <II = 1> <Delay = 4.75> <FuncUnit> <Opcode : 'sdiv' 'srem' 'udiv' 'urem'> <InPorts = 2> <OutPorts = 1>

State 558 <SV = 288> <Delay = 4.75>
ST_558 : Operation 1930 [25/52] (4.75ns)   --->   "%sdiv_ln1148_2 = sdiv i48 %t_2, i48 %conv_i344_cast"   --->   Operation 1930 'sdiv' 'sdiv_ln1148_2' <Predicate = (!icmp_ln381)> <Delay = 4.75> <CoreInst = "Divider">   --->   Core 6 'Divider' <Latency = 51> <II = 1> <Delay = 4.75> <FuncUnit> <Opcode : 'sdiv' 'srem' 'udiv' 'urem'> <InPorts = 2> <OutPorts = 1>

State 559 <SV = 289> <Delay = 4.75>
ST_559 : Operation 1931 [24/52] (4.75ns)   --->   "%sdiv_ln1148_2 = sdiv i48 %t_2, i48 %conv_i344_cast"   --->   Operation 1931 'sdiv' 'sdiv_ln1148_2' <Predicate = (!icmp_ln381)> <Delay = 4.75> <CoreInst = "Divider">   --->   Core 6 'Divider' <Latency = 51> <II = 1> <Delay = 4.75> <FuncUnit> <Opcode : 'sdiv' 'srem' 'udiv' 'urem'> <InPorts = 2> <OutPorts = 1>

State 560 <SV = 290> <Delay = 4.75>
ST_560 : Operation 1932 [23/52] (4.75ns)   --->   "%sdiv_ln1148_2 = sdiv i48 %t_2, i48 %conv_i344_cast"   --->   Operation 1932 'sdiv' 'sdiv_ln1148_2' <Predicate = (!icmp_ln381)> <Delay = 4.75> <CoreInst = "Divider">   --->   Core 6 'Divider' <Latency = 51> <II = 1> <Delay = 4.75> <FuncUnit> <Opcode : 'sdiv' 'srem' 'udiv' 'urem'> <InPorts = 2> <OutPorts = 1>

State 561 <SV = 291> <Delay = 4.75>
ST_561 : Operation 1933 [22/52] (4.75ns)   --->   "%sdiv_ln1148_2 = sdiv i48 %t_2, i48 %conv_i344_cast"   --->   Operation 1933 'sdiv' 'sdiv_ln1148_2' <Predicate = (!icmp_ln381)> <Delay = 4.75> <CoreInst = "Divider">   --->   Core 6 'Divider' <Latency = 51> <II = 1> <Delay = 4.75> <FuncUnit> <Opcode : 'sdiv' 'srem' 'udiv' 'urem'> <InPorts = 2> <OutPorts = 1>

State 562 <SV = 292> <Delay = 4.75>
ST_562 : Operation 1934 [21/52] (4.75ns)   --->   "%sdiv_ln1148_2 = sdiv i48 %t_2, i48 %conv_i344_cast"   --->   Operation 1934 'sdiv' 'sdiv_ln1148_2' <Predicate = (!icmp_ln381)> <Delay = 4.75> <CoreInst = "Divider">   --->   Core 6 'Divider' <Latency = 51> <II = 1> <Delay = 4.75> <FuncUnit> <Opcode : 'sdiv' 'srem' 'udiv' 'urem'> <InPorts = 2> <OutPorts = 1>

State 563 <SV = 293> <Delay = 4.75>
ST_563 : Operation 1935 [20/52] (4.75ns)   --->   "%sdiv_ln1148_2 = sdiv i48 %t_2, i48 %conv_i344_cast"   --->   Operation 1935 'sdiv' 'sdiv_ln1148_2' <Predicate = (!icmp_ln381)> <Delay = 4.75> <CoreInst = "Divider">   --->   Core 6 'Divider' <Latency = 51> <II = 1> <Delay = 4.75> <FuncUnit> <Opcode : 'sdiv' 'srem' 'udiv' 'urem'> <InPorts = 2> <OutPorts = 1>

State 564 <SV = 294> <Delay = 4.75>
ST_564 : Operation 1936 [19/52] (4.75ns)   --->   "%sdiv_ln1148_2 = sdiv i48 %t_2, i48 %conv_i344_cast"   --->   Operation 1936 'sdiv' 'sdiv_ln1148_2' <Predicate = (!icmp_ln381)> <Delay = 4.75> <CoreInst = "Divider">   --->   Core 6 'Divider' <Latency = 51> <II = 1> <Delay = 4.75> <FuncUnit> <Opcode : 'sdiv' 'srem' 'udiv' 'urem'> <InPorts = 2> <OutPorts = 1>

State 565 <SV = 295> <Delay = 4.75>
ST_565 : Operation 1937 [18/52] (4.75ns)   --->   "%sdiv_ln1148_2 = sdiv i48 %t_2, i48 %conv_i344_cast"   --->   Operation 1937 'sdiv' 'sdiv_ln1148_2' <Predicate = (!icmp_ln381)> <Delay = 4.75> <CoreInst = "Divider">   --->   Core 6 'Divider' <Latency = 51> <II = 1> <Delay = 4.75> <FuncUnit> <Opcode : 'sdiv' 'srem' 'udiv' 'urem'> <InPorts = 2> <OutPorts = 1>

State 566 <SV = 296> <Delay = 4.75>
ST_566 : Operation 1938 [17/52] (4.75ns)   --->   "%sdiv_ln1148_2 = sdiv i48 %t_2, i48 %conv_i344_cast"   --->   Operation 1938 'sdiv' 'sdiv_ln1148_2' <Predicate = (!icmp_ln381)> <Delay = 4.75> <CoreInst = "Divider">   --->   Core 6 'Divider' <Latency = 51> <II = 1> <Delay = 4.75> <FuncUnit> <Opcode : 'sdiv' 'srem' 'udiv' 'urem'> <InPorts = 2> <OutPorts = 1>

State 567 <SV = 297> <Delay = 4.75>
ST_567 : Operation 1939 [16/52] (4.75ns)   --->   "%sdiv_ln1148_2 = sdiv i48 %t_2, i48 %conv_i344_cast"   --->   Operation 1939 'sdiv' 'sdiv_ln1148_2' <Predicate = (!icmp_ln381)> <Delay = 4.75> <CoreInst = "Divider">   --->   Core 6 'Divider' <Latency = 51> <II = 1> <Delay = 4.75> <FuncUnit> <Opcode : 'sdiv' 'srem' 'udiv' 'urem'> <InPorts = 2> <OutPorts = 1>

State 568 <SV = 298> <Delay = 4.75>
ST_568 : Operation 1940 [15/52] (4.75ns)   --->   "%sdiv_ln1148_2 = sdiv i48 %t_2, i48 %conv_i344_cast"   --->   Operation 1940 'sdiv' 'sdiv_ln1148_2' <Predicate = (!icmp_ln381)> <Delay = 4.75> <CoreInst = "Divider">   --->   Core 6 'Divider' <Latency = 51> <II = 1> <Delay = 4.75> <FuncUnit> <Opcode : 'sdiv' 'srem' 'udiv' 'urem'> <InPorts = 2> <OutPorts = 1>

State 569 <SV = 299> <Delay = 4.75>
ST_569 : Operation 1941 [14/52] (4.75ns)   --->   "%sdiv_ln1148_2 = sdiv i48 %t_2, i48 %conv_i344_cast"   --->   Operation 1941 'sdiv' 'sdiv_ln1148_2' <Predicate = (!icmp_ln381)> <Delay = 4.75> <CoreInst = "Divider">   --->   Core 6 'Divider' <Latency = 51> <II = 1> <Delay = 4.75> <FuncUnit> <Opcode : 'sdiv' 'srem' 'udiv' 'urem'> <InPorts = 2> <OutPorts = 1>

State 570 <SV = 300> <Delay = 4.75>
ST_570 : Operation 1942 [13/52] (4.75ns)   --->   "%sdiv_ln1148_2 = sdiv i48 %t_2, i48 %conv_i344_cast"   --->   Operation 1942 'sdiv' 'sdiv_ln1148_2' <Predicate = (!icmp_ln381)> <Delay = 4.75> <CoreInst = "Divider">   --->   Core 6 'Divider' <Latency = 51> <II = 1> <Delay = 4.75> <FuncUnit> <Opcode : 'sdiv' 'srem' 'udiv' 'urem'> <InPorts = 2> <OutPorts = 1>

State 571 <SV = 301> <Delay = 4.75>
ST_571 : Operation 1943 [12/52] (4.75ns)   --->   "%sdiv_ln1148_2 = sdiv i48 %t_2, i48 %conv_i344_cast"   --->   Operation 1943 'sdiv' 'sdiv_ln1148_2' <Predicate = (!icmp_ln381)> <Delay = 4.75> <CoreInst = "Divider">   --->   Core 6 'Divider' <Latency = 51> <II = 1> <Delay = 4.75> <FuncUnit> <Opcode : 'sdiv' 'srem' 'udiv' 'urem'> <InPorts = 2> <OutPorts = 1>

State 572 <SV = 302> <Delay = 4.75>
ST_572 : Operation 1944 [11/52] (4.75ns)   --->   "%sdiv_ln1148_2 = sdiv i48 %t_2, i48 %conv_i344_cast"   --->   Operation 1944 'sdiv' 'sdiv_ln1148_2' <Predicate = (!icmp_ln381)> <Delay = 4.75> <CoreInst = "Divider">   --->   Core 6 'Divider' <Latency = 51> <II = 1> <Delay = 4.75> <FuncUnit> <Opcode : 'sdiv' 'srem' 'udiv' 'urem'> <InPorts = 2> <OutPorts = 1>

State 573 <SV = 303> <Delay = 4.75>
ST_573 : Operation 1945 [10/52] (4.75ns)   --->   "%sdiv_ln1148_2 = sdiv i48 %t_2, i48 %conv_i344_cast"   --->   Operation 1945 'sdiv' 'sdiv_ln1148_2' <Predicate = (!icmp_ln381)> <Delay = 4.75> <CoreInst = "Divider">   --->   Core 6 'Divider' <Latency = 51> <II = 1> <Delay = 4.75> <FuncUnit> <Opcode : 'sdiv' 'srem' 'udiv' 'urem'> <InPorts = 2> <OutPorts = 1>

State 574 <SV = 304> <Delay = 4.75>
ST_574 : Operation 1946 [9/52] (4.75ns)   --->   "%sdiv_ln1148_2 = sdiv i48 %t_2, i48 %conv_i344_cast"   --->   Operation 1946 'sdiv' 'sdiv_ln1148_2' <Predicate = (!icmp_ln381)> <Delay = 4.75> <CoreInst = "Divider">   --->   Core 6 'Divider' <Latency = 51> <II = 1> <Delay = 4.75> <FuncUnit> <Opcode : 'sdiv' 'srem' 'udiv' 'urem'> <InPorts = 2> <OutPorts = 1>

State 575 <SV = 305> <Delay = 4.75>
ST_575 : Operation 1947 [8/52] (4.75ns)   --->   "%sdiv_ln1148_2 = sdiv i48 %t_2, i48 %conv_i344_cast"   --->   Operation 1947 'sdiv' 'sdiv_ln1148_2' <Predicate = (!icmp_ln381)> <Delay = 4.75> <CoreInst = "Divider">   --->   Core 6 'Divider' <Latency = 51> <II = 1> <Delay = 4.75> <FuncUnit> <Opcode : 'sdiv' 'srem' 'udiv' 'urem'> <InPorts = 2> <OutPorts = 1>

State 576 <SV = 306> <Delay = 4.75>
ST_576 : Operation 1948 [7/52] (4.75ns)   --->   "%sdiv_ln1148_2 = sdiv i48 %t_2, i48 %conv_i344_cast"   --->   Operation 1948 'sdiv' 'sdiv_ln1148_2' <Predicate = (!icmp_ln381)> <Delay = 4.75> <CoreInst = "Divider">   --->   Core 6 'Divider' <Latency = 51> <II = 1> <Delay = 4.75> <FuncUnit> <Opcode : 'sdiv' 'srem' 'udiv' 'urem'> <InPorts = 2> <OutPorts = 1>

State 577 <SV = 307> <Delay = 4.75>
ST_577 : Operation 1949 [6/52] (4.75ns)   --->   "%sdiv_ln1148_2 = sdiv i48 %t_2, i48 %conv_i344_cast"   --->   Operation 1949 'sdiv' 'sdiv_ln1148_2' <Predicate = (!icmp_ln381)> <Delay = 4.75> <CoreInst = "Divider">   --->   Core 6 'Divider' <Latency = 51> <II = 1> <Delay = 4.75> <FuncUnit> <Opcode : 'sdiv' 'srem' 'udiv' 'urem'> <InPorts = 2> <OutPorts = 1>

State 578 <SV = 308> <Delay = 4.75>
ST_578 : Operation 1950 [5/52] (4.75ns)   --->   "%sdiv_ln1148_2 = sdiv i48 %t_2, i48 %conv_i344_cast"   --->   Operation 1950 'sdiv' 'sdiv_ln1148_2' <Predicate = (!icmp_ln381)> <Delay = 4.75> <CoreInst = "Divider">   --->   Core 6 'Divider' <Latency = 51> <II = 1> <Delay = 4.75> <FuncUnit> <Opcode : 'sdiv' 'srem' 'udiv' 'urem'> <InPorts = 2> <OutPorts = 1>

State 579 <SV = 309> <Delay = 4.75>
ST_579 : Operation 1951 [4/52] (4.75ns)   --->   "%sdiv_ln1148_2 = sdiv i48 %t_2, i48 %conv_i344_cast"   --->   Operation 1951 'sdiv' 'sdiv_ln1148_2' <Predicate = (!icmp_ln381)> <Delay = 4.75> <CoreInst = "Divider">   --->   Core 6 'Divider' <Latency = 51> <II = 1> <Delay = 4.75> <FuncUnit> <Opcode : 'sdiv' 'srem' 'udiv' 'urem'> <InPorts = 2> <OutPorts = 1>

State 580 <SV = 310> <Delay = 4.75>
ST_580 : Operation 1952 [3/52] (4.75ns)   --->   "%sdiv_ln1148_2 = sdiv i48 %t_2, i48 %conv_i344_cast"   --->   Operation 1952 'sdiv' 'sdiv_ln1148_2' <Predicate = (!icmp_ln381)> <Delay = 4.75> <CoreInst = "Divider">   --->   Core 6 'Divider' <Latency = 51> <II = 1> <Delay = 4.75> <FuncUnit> <Opcode : 'sdiv' 'srem' 'udiv' 'urem'> <InPorts = 2> <OutPorts = 1>

State 581 <SV = 311> <Delay = 4.75>
ST_581 : Operation 1953 [2/52] (4.75ns)   --->   "%sdiv_ln1148_2 = sdiv i48 %t_2, i48 %conv_i344_cast"   --->   Operation 1953 'sdiv' 'sdiv_ln1148_2' <Predicate = (!icmp_ln381)> <Delay = 4.75> <CoreInst = "Divider">   --->   Core 6 'Divider' <Latency = 51> <II = 1> <Delay = 4.75> <FuncUnit> <Opcode : 'sdiv' 'srem' 'udiv' 'urem'> <InPorts = 2> <OutPorts = 1>

State 582 <SV = 312> <Delay = 4.75>
ST_582 : Operation 1954 [1/52] (4.75ns)   --->   "%sdiv_ln1148_2 = sdiv i48 %t_2, i48 %conv_i344_cast"   --->   Operation 1954 'sdiv' 'sdiv_ln1148_2' <Predicate = (!icmp_ln381)> <Delay = 4.75> <CoreInst = "Divider">   --->   Core 6 'Divider' <Latency = 51> <II = 1> <Delay = 4.75> <FuncUnit> <Opcode : 'sdiv' 'srem' 'udiv' 'urem'> <InPorts = 2> <OutPorts = 1>

State 583 <SV = 313> <Delay = 1.68>
ST_583 : Operation 1955 [1/1] (0.00ns)   --->   "%trunc_ln703_3 = trunc i32 %sdiv_ln1148_2"   --->   Operation 1955 'trunc' 'trunc_ln703_3' <Predicate = (!icmp_ln381)> <Delay = 0.00>
ST_583 : Operation 1956 [2/2] (1.68ns)   --->   "%store_ln382 = store i32 %trunc_ln703_3, i6 %biases2_addr_1" [backprop.cpp:382]   --->   Operation 1956 'store' 'store_ln382' <Predicate = (!icmp_ln381)> <Delay = 1.68> <CoreInst = "RAM">   --->   Core 82 'RAM' <Latency = 3> <II = 1> <Delay = 1.68> <Storage> <Opcode : 'load' 'store'> <Ports = 2> <Width = 32> <Depth = 64> <RAM>

State 584 <SV = 314> <Delay = 1.68>
ST_584 : Operation 1957 [1/1] (0.00ns)   --->   "%specloopname_ln331 = specloopname void @_ssdm_op_SpecLoopName, void @empty_16" [backprop.cpp:331]   --->   Operation 1957 'specloopname' 'specloopname_ln331' <Predicate = (!icmp_ln381)> <Delay = 0.00>
ST_584 : Operation 1958 [1/2] (1.68ns)   --->   "%store_ln382 = store i32 %trunc_ln703_3, i6 %biases2_addr_1" [backprop.cpp:382]   --->   Operation 1958 'store' 'store_ln382' <Predicate = (!icmp_ln381)> <Delay = 1.68> <CoreInst = "RAM">   --->   Core 82 'RAM' <Latency = 3> <II = 1> <Delay = 1.68> <Storage> <Opcode : 'load' 'store'> <Ports = 2> <Width = 32> <Depth = 64> <RAM>
ST_584 : Operation 1959 [1/1] (0.00ns)   --->   "%br_ln0 = br void %_ZNK13ap_fixed_baseILi32ELi16ELb1EL9ap_q_mode5EL9ap_o_mode3ELi0EEdvILi32ELi16ELb1ELS0_5ELS1_3ELi0EEENS2_5RTypeIXT_EXT0_EXT1_EE3divERKS_IXT_EXT0_EXT1_EXT2_EXT3_EXT4_EE.exit348"   --->   Operation 1959 'br' 'br_ln0' <Predicate = (!icmp_ln381)> <Delay = 0.00>

State 585 <SV = 258> <Delay = 1.46>
ST_585 : Operation 1960 [1/1] (1.46ns)   --->   "%br_ln388 = br void %_ZN13ap_fixed_baseILi65ELi33ELb1EL9ap_q_mode5EL9ap_o_mode3ELi0EEC2ILi32ELi16ELb1ELS0_5ELS1_3ELi0EEERKS_IXT_EXT0_EXT1_EXT2_EXT3_EXT4_EE.exit.i.i237" [backprop.cpp:388]   --->   Operation 1960 'br' 'br_ln388' <Predicate = true> <Delay = 1.46>

State 586 <SV = 259> <Delay = 1.93>
ST_586 : Operation 1961 [1/1] (0.00ns)   --->   "%indvar_flatten27 = phi i8 %add_ln388, void %.preheader, i8 0, void %_ZN13ap_fixed_baseILi65ELi33ELb1EL9ap_q_mode5EL9ap_o_mode3ELi0EEC2ILi32ELi16ELb1ELS0_5ELS1_3ELi0EEERKS_IXT_EXT0_EXT1_EXT2_EXT3_EXT4_EE.exit.i.i237.preheader" [backprop.cpp:388]   --->   Operation 1961 'phi' 'indvar_flatten27' <Predicate = true> <Delay = 0.00>
ST_586 : Operation 1962 [1/1] (0.00ns)   --->   "%i_8 = phi i7 %select_ln388_2, void %.preheader, i7 0, void %_ZN13ap_fixed_baseILi65ELi33ELb1EL9ap_q_mode5EL9ap_o_mode3ELi0EEC2ILi32ELi16ELb1ELS0_5ELS1_3ELi0EEERKS_IXT_EXT0_EXT1_EXT2_EXT3_EXT4_EE.exit.i.i237.preheader" [backprop.cpp:388]   --->   Operation 1962 'phi' 'i_8' <Predicate = true> <Delay = 0.00>
ST_586 : Operation 1963 [2/2] (1.93ns)   --->   "%add_ln388 = add i8 %indvar_flatten27, i8 1" [backprop.cpp:388]   --->   Operation 1963 'add' 'add_ln388' <Predicate = true> <Delay = 1.93> <CoreInst = "Adder">   --->   Core 1 'Adder' <Latency = 1> <II = 1> <Delay = 1.86> <FuncUnit> <Opcode : 'add' 'sub'> <InPorts = 2> <OutPorts = 1>
ST_586 : Operation 1964 [1/1] (0.00ns)   --->   "%zext_ln388 = zext i7 %i_8" [backprop.cpp:388]   --->   Operation 1964 'zext' 'zext_ln388' <Predicate = true> <Delay = 0.00>
ST_586 : Operation 1965 [1/1] (0.00ns)   --->   "%empty_89 = trunc i7 %i_8" [backprop.cpp:388]   --->   Operation 1965 'trunc' 'empty_89' <Predicate = true> <Delay = 0.00>
ST_586 : Operation 1966 [1/1] (0.00ns)   --->   "%p_shl = bitconcatenate i8 @_ssdm_op_BitConcatenate.i8.i6.i2, i6 %empty_89, i2 0" [backprop.cpp:388]   --->   Operation 1966 'bitconcatenate' 'p_shl' <Predicate = true> <Delay = 0.00>
ST_586 : Operation 1967 [2/2] (1.93ns)   --->   "%sub_ln390 = sub i8 %p_shl, i8 %zext_ln388" [backprop.cpp:390]   --->   Operation 1967 'sub' 'sub_ln390' <Predicate = true> <Delay = 1.93> <CoreInst = "Adder">   --->   Core 1 'Adder' <Latency = 1> <II = 1> <Delay = 1.86> <FuncUnit> <Opcode : 'add' 'sub'> <InPorts = 2> <OutPorts = 1>
ST_586 : Operation 1968 [1/1] (1.55ns)   --->   "%icmp_ln388 = icmp_eq  i8 %indvar_flatten27, i8 192" [backprop.cpp:388]   --->   Operation 1968 'icmp' 'icmp_ln388' <Predicate = true> <Delay = 1.55> <CoreInst = "Cmp">   --->   Core 9 'Cmp' <Latency = 0> <II = 1> <Delay = 0.95> <FuncUnit> <Opcode : 'icmp'> <InPorts = 2> <OutPorts = 1>
ST_586 : Operation 1969 [1/1] (0.00ns)   --->   "%br_ln388 = br i1 %icmp_ln388, void %.preheader, void %_ZN13ap_fixed_baseILi65ELi33ELb1EL9ap_q_mode5EL9ap_o_mode3ELi0EEC2ILi32ELi16ELb1ELS0_5ELS1_3ELi0EEERKS_IXT_EXT0_EXT1_EXT2_EXT3_EXT4_EE.exit.i.i107.preheader" [backprop.cpp:388]   --->   Operation 1969 'br' 'br_ln388' <Predicate = true> <Delay = 0.00>
ST_586 : Operation 1970 [2/2] (1.92ns)   --->   "%add_ln388_1 = add i7 %i_8, i7 1" [backprop.cpp:388]   --->   Operation 1970 'add' 'add_ln388_1' <Predicate = (!icmp_ln388)> <Delay = 1.92> <CoreInst = "Adder">   --->   Core 1 'Adder' <Latency = 1> <II = 1> <Delay = 1.86> <FuncUnit> <Opcode : 'add' 'sub'> <InPorts = 2> <OutPorts = 1>

State 587 <SV = 260> <Delay = 1.93>
ST_587 : Operation 1971 [1/1] (0.00ns)   --->   "%j_4 = phi i2 %add_ln389, void %.preheader, i2 0, void %_ZN13ap_fixed_baseILi65ELi33ELb1EL9ap_q_mode5EL9ap_o_mode3ELi0EEC2ILi32ELi16ELb1ELS0_5ELS1_3ELi0EEERKS_IXT_EXT0_EXT1_EXT2_EXT3_EXT4_EE.exit.i.i237.preheader" [backprop.cpp:390]   --->   Operation 1971 'phi' 'j_4' <Predicate = true> <Delay = 0.00>
ST_587 : Operation 1972 [1/1] (0.00ns)   --->   "%norm_V_11 = phi i32 %norm_V_6, void %.preheader, i32 0, void %_ZN13ap_fixed_baseILi65ELi33ELb1EL9ap_q_mode5EL9ap_o_mode3ELi0EEC2ILi32ELi16ELb1ELS0_5ELS1_3ELi0EEERKS_IXT_EXT0_EXT1_EXT2_EXT3_EXT4_EE.exit.i.i237.preheader"   --->   Operation 1972 'phi' 'norm_V_11' <Predicate = true> <Delay = 0.00>
ST_587 : Operation 1973 [1/2] (1.93ns)   --->   "%add_ln388 = add i8 %indvar_flatten27, i8 1" [backprop.cpp:388]   --->   Operation 1973 'add' 'add_ln388' <Predicate = true> <Delay = 1.93> <CoreInst = "Adder">   --->   Core 1 'Adder' <Latency = 1> <II = 1> <Delay = 1.86> <FuncUnit> <Opcode : 'add' 'sub'> <InPorts = 2> <OutPorts = 1>
ST_587 : Operation 1974 [1/2] (1.93ns)   --->   "%sub_ln390 = sub i8 %p_shl, i8 %zext_ln388" [backprop.cpp:390]   --->   Operation 1974 'sub' 'sub_ln390' <Predicate = true> <Delay = 1.93> <CoreInst = "Adder">   --->   Core 1 'Adder' <Latency = 1> <II = 1> <Delay = 1.86> <FuncUnit> <Opcode : 'add' 'sub'> <InPorts = 2> <OutPorts = 1>
ST_587 : Operation 1975 [1/1] (0.00ns)   --->   "%specpipeline_ln0 = specpipeline void @_ssdm_op_SpecPipeline, i32 4294967295, i32 0, i32 1, i32 0, void @p_str"   --->   Operation 1975 'specpipeline' 'specpipeline_ln0' <Predicate = true> <Delay = 0.00>
ST_587 : Operation 1976 [1/1] (0.95ns)   --->   "%icmp_ln389 = icmp_eq  i2 %j_4, i2 3" [backprop.cpp:389]   --->   Operation 1976 'icmp' 'icmp_ln389' <Predicate = (!icmp_ln388)> <Delay = 0.95> <CoreInst = "Cmp">   --->   Core 9 'Cmp' <Latency = 0> <II = 1> <Delay = 0.95> <FuncUnit> <Opcode : 'icmp'> <InPorts = 2> <OutPorts = 1>
ST_587 : Operation 1977 [1/2] (1.92ns)   --->   "%add_ln388_1 = add i7 %i_8, i7 1" [backprop.cpp:388]   --->   Operation 1977 'add' 'add_ln388_1' <Predicate = (!icmp_ln388)> <Delay = 1.92> <CoreInst = "Adder">   --->   Core 1 'Adder' <Latency = 1> <II = 1> <Delay = 1.86> <FuncUnit> <Opcode : 'add' 'sub'> <InPorts = 2> <OutPorts = 1>
ST_587 : Operation 1978 [1/1] (0.00ns)   --->   "%empty_91 = trunc i7 %add_ln388_1" [backprop.cpp:388]   --->   Operation 1978 'trunc' 'empty_91' <Predicate = (!icmp_ln388)> <Delay = 0.00>

State 588 <SV = 261> <Delay = 1.93>
ST_588 : Operation 1979 [1/1] (0.99ns)   --->   "%select_ln388 = select i1 %icmp_ln389, i2 0, i2 %j_4" [backprop.cpp:388]   --->   Operation 1979 'select' 'select_ln388' <Predicate = (!icmp_ln388)> <Delay = 0.99> <CoreInst = "Sel">   --->   Core 73 'Sel' <Latency = 0> <II = 1> <Delay = 0.99> <FuncUnit> <Opcode : 'select'> <InPorts = 3> <OutPorts = 1>
ST_588 : Operation 1980 [1/1] (0.00ns)   --->   "%zext_ln388_1 = zext i7 %add_ln388_1" [backprop.cpp:388]   --->   Operation 1980 'zext' 'zext_ln388_1' <Predicate = (!icmp_ln388 & icmp_ln389)> <Delay = 0.00>
ST_588 : Operation 1981 [1/1] (0.00ns)   --->   "%p_shl_mid1 = bitconcatenate i8 @_ssdm_op_BitConcatenate.i8.i6.i2, i6 %empty_91, i2 0" [backprop.cpp:388]   --->   Operation 1981 'bitconcatenate' 'p_shl_mid1' <Predicate = (!icmp_ln388 & icmp_ln389)> <Delay = 0.00>
ST_588 : Operation 1982 [2/2] (1.93ns)   --->   "%sub_ln390_1 = sub i8 %p_shl_mid1, i8 %zext_ln388_1" [backprop.cpp:390]   --->   Operation 1982 'sub' 'sub_ln390_1' <Predicate = (!icmp_ln388 & icmp_ln389)> <Delay = 1.93> <CoreInst = "Adder">   --->   Core 1 'Adder' <Latency = 1> <II = 1> <Delay = 1.86> <FuncUnit> <Opcode : 'add' 'sub'> <InPorts = 2> <OutPorts = 1>
ST_588 : Operation 1983 [1/1] (0.99ns)   --->   "%select_ln388_2 = select i1 %icmp_ln389, i7 %add_ln388_1, i7 %i_8" [backprop.cpp:388]   --->   Operation 1983 'select' 'select_ln388_2' <Predicate = (!icmp_ln388)> <Delay = 0.99> <CoreInst = "Sel">   --->   Core 73 'Sel' <Latency = 0> <II = 1> <Delay = 0.99> <FuncUnit> <Opcode : 'select'> <InPorts = 3> <OutPorts = 1>

State 589 <SV = 262> <Delay = 1.93>
ST_589 : Operation 1984 [1/2] (1.93ns)   --->   "%sub_ln390_1 = sub i8 %p_shl_mid1, i8 %zext_ln388_1" [backprop.cpp:390]   --->   Operation 1984 'sub' 'sub_ln390_1' <Predicate = (!icmp_ln388 & icmp_ln389)> <Delay = 1.93> <CoreInst = "Adder">   --->   Core 1 'Adder' <Latency = 1> <II = 1> <Delay = 1.86> <FuncUnit> <Opcode : 'add' 'sub'> <InPorts = 2> <OutPorts = 1>
ST_589 : Operation 1985 [2/2] (1.86ns)   --->   "%add_ln389 = add i2 %select_ln388, i2 1" [backprop.cpp:389]   --->   Operation 1985 'add' 'add_ln389' <Predicate = (!icmp_ln388)> <Delay = 1.86> <CoreInst = "Adder">   --->   Core 1 'Adder' <Latency = 1> <II = 1> <Delay = 1.86> <FuncUnit> <Opcode : 'add' 'sub'> <InPorts = 2> <OutPorts = 1>

State 590 <SV = 263> <Delay = 1.86>
ST_590 : Operation 1986 [1/1] (1.24ns)   --->   "%select_ln388_1 = select i1 %icmp_ln389, i8 %sub_ln390_1, i8 %sub_ln390" [backprop.cpp:388]   --->   Operation 1986 'select' 'select_ln388_1' <Predicate = (!icmp_ln388)> <Delay = 1.24> <CoreInst = "Sel">   --->   Core 73 'Sel' <Latency = 0> <II = 1> <Delay = 0.99> <FuncUnit> <Opcode : 'select'> <InPorts = 3> <OutPorts = 1>
ST_590 : Operation 1987 [1/2] (1.86ns)   --->   "%add_ln389 = add i2 %select_ln388, i2 1" [backprop.cpp:389]   --->   Operation 1987 'add' 'add_ln389' <Predicate = (!icmp_ln388)> <Delay = 1.86> <CoreInst = "Adder">   --->   Core 1 'Adder' <Latency = 1> <II = 1> <Delay = 1.86> <FuncUnit> <Opcode : 'add' 'sub'> <InPorts = 2> <OutPorts = 1>

State 591 <SV = 264> <Delay = 1.93>
ST_591 : Operation 1988 [1/1] (0.00ns)   --->   "%trunc_ln390_1_cast = zext i2 %select_ln388" [backprop.cpp:388]   --->   Operation 1988 'zext' 'trunc_ln390_1_cast' <Predicate = (!icmp_ln388)> <Delay = 0.00>
ST_591 : Operation 1989 [2/2] (1.93ns)   --->   "%add_ln390 = add i8 %trunc_ln390_1_cast, i8 %select_ln388_1" [backprop.cpp:390]   --->   Operation 1989 'add' 'add_ln390' <Predicate = (!icmp_ln388)> <Delay = 1.93> <CoreInst = "Adder">   --->   Core 1 'Adder' <Latency = 1> <II = 1> <Delay = 1.86> <FuncUnit> <Opcode : 'add' 'sub'> <InPorts = 2> <OutPorts = 1>

State 592 <SV = 265> <Delay = 1.93>
ST_592 : Operation 1990 [1/2] (1.93ns)   --->   "%add_ln390 = add i8 %trunc_ln390_1_cast, i8 %select_ln388_1" [backprop.cpp:390]   --->   Operation 1990 'add' 'add_ln390' <Predicate = (!icmp_ln388)> <Delay = 1.93> <CoreInst = "Adder">   --->   Core 1 'Adder' <Latency = 1> <II = 1> <Delay = 1.86> <FuncUnit> <Opcode : 'add' 'sub'> <InPorts = 2> <OutPorts = 1>

State 593 <SV = 266> <Delay = 1.68>
ST_593 : Operation 1991 [1/1] (0.00ns)   --->   "%zext_ln1116_2 = zext i8 %add_ln390"   --->   Operation 1991 'zext' 'zext_ln1116_2' <Predicate = (!icmp_ln388)> <Delay = 0.00>
ST_593 : Operation 1992 [1/1] (0.00ns)   --->   "%d_weights3_addr = getelementptr i32 %d_weights3, i64 0, i64 %zext_ln1116_2"   --->   Operation 1992 'getelementptr' 'd_weights3_addr' <Predicate = (!icmp_ln388)> <Delay = 0.00>
ST_593 : Operation 1993 [4/4] (1.68ns)   --->   "%r_V_16 = load i8 %d_weights3_addr"   --->   Operation 1993 'load' 'r_V_16' <Predicate = (!icmp_ln388)> <Delay = 1.68> <CoreInst = "RAM">   --->   Core 82 'RAM' <Latency = 3> <II = 1> <Delay = 1.68> <Storage> <Opcode : 'load' 'store'> <Ports = 2> <Width = 32> <Depth = 192> <RAM>
ST_593 : Operation 1994 [1/1] (0.00ns)   --->   "%weights3_addr = getelementptr i32 %weights3, i64 0, i64 %zext_ln1116_2"   --->   Operation 1994 'getelementptr' 'weights3_addr' <Predicate = (!icmp_ln388)> <Delay = 0.00>

State 594 <SV = 267> <Delay = 1.68>
ST_594 : Operation 1995 [3/4] (1.68ns)   --->   "%r_V_16 = load i8 %d_weights3_addr"   --->   Operation 1995 'load' 'r_V_16' <Predicate = (!icmp_ln388)> <Delay = 1.68> <CoreInst = "RAM">   --->   Core 82 'RAM' <Latency = 3> <II = 1> <Delay = 1.68> <Storage> <Opcode : 'load' 'store'> <Ports = 2> <Width = 32> <Depth = 192> <RAM>

State 595 <SV = 268> <Delay = 1.68>
ST_595 : Operation 1996 [2/4] (1.68ns)   --->   "%r_V_16 = load i8 %d_weights3_addr"   --->   Operation 1996 'load' 'r_V_16' <Predicate = (!icmp_ln388)> <Delay = 1.68> <CoreInst = "RAM">   --->   Core 82 'RAM' <Latency = 3> <II = 1> <Delay = 1.68> <Storage> <Opcode : 'load' 'store'> <Ports = 2> <Width = 32> <Depth = 192> <RAM>

State 596 <SV = 269> <Delay = 1.68>
ST_596 : Operation 1997 [1/4] (1.68ns)   --->   "%r_V_16 = load i8 %d_weights3_addr"   --->   Operation 1997 'load' 'r_V_16' <Predicate = (!icmp_ln388)> <Delay = 1.68> <CoreInst = "RAM">   --->   Core 82 'RAM' <Latency = 3> <II = 1> <Delay = 1.68> <Storage> <Opcode : 'load' 'store'> <Ports = 2> <Width = 32> <Depth = 192> <RAM>

State 597 <SV = 270> <Delay = 1.93>
ST_597 : Operation 1998 [1/1] (0.00ns)   --->   "%sext_ln1115_10 = sext i32 %r_V_16"   --->   Operation 1998 'sext' 'sext_ln1115_10' <Predicate = (!icmp_ln388)> <Delay = 0.00>
ST_597 : Operation 1999 [7/7] (1.93ns)   --->   "%r_V_17 = mul i43 %sext_ln1115_10, i43 655"   --->   Operation 1999 'mul' 'r_V_17' <Predicate = (!icmp_ln388)> <Delay = 1.93> <CoreInst = "Mul_DSP">   --->   Core 5 'Mul_DSP' <Latency = 6> <II = 1> <Delay = 1.93> <FuncUnit> <Opcode : 'mul'> <InPorts = 2> <OutPorts = 1>
ST_597 : Operation 2000 [4/4] (1.68ns)   --->   "%lhs_16 = load i8 %weights3_addr"   --->   Operation 2000 'load' 'lhs_16' <Predicate = (!icmp_ln388)> <Delay = 1.68> <CoreInst = "RAM">   --->   Core 82 'RAM' <Latency = 3> <II = 1> <Delay = 1.68> <Storage> <Opcode : 'load' 'store'> <Ports = 2> <Width = 32> <Depth = 192> <RAM>

State 598 <SV = 271> <Delay = 1.93>
ST_598 : Operation 2001 [6/7] (1.93ns)   --->   "%r_V_17 = mul i43 %sext_ln1115_10, i43 655"   --->   Operation 2001 'mul' 'r_V_17' <Predicate = (!icmp_ln388)> <Delay = 1.93> <CoreInst = "Mul_DSP">   --->   Core 5 'Mul_DSP' <Latency = 6> <II = 1> <Delay = 1.93> <FuncUnit> <Opcode : 'mul'> <InPorts = 2> <OutPorts = 1>
ST_598 : Operation 2002 [3/4] (1.68ns)   --->   "%lhs_16 = load i8 %weights3_addr"   --->   Operation 2002 'load' 'lhs_16' <Predicate = (!icmp_ln388)> <Delay = 1.68> <CoreInst = "RAM">   --->   Core 82 'RAM' <Latency = 3> <II = 1> <Delay = 1.68> <Storage> <Opcode : 'load' 'store'> <Ports = 2> <Width = 32> <Depth = 192> <RAM>

State 599 <SV = 272> <Delay = 1.93>
ST_599 : Operation 2003 [5/7] (1.93ns)   --->   "%r_V_17 = mul i43 %sext_ln1115_10, i43 655"   --->   Operation 2003 'mul' 'r_V_17' <Predicate = (!icmp_ln388)> <Delay = 1.93> <CoreInst = "Mul_DSP">   --->   Core 5 'Mul_DSP' <Latency = 6> <II = 1> <Delay = 1.93> <FuncUnit> <Opcode : 'mul'> <InPorts = 2> <OutPorts = 1>
ST_599 : Operation 2004 [2/4] (1.68ns)   --->   "%lhs_16 = load i8 %weights3_addr"   --->   Operation 2004 'load' 'lhs_16' <Predicate = (!icmp_ln388)> <Delay = 1.68> <CoreInst = "RAM">   --->   Core 82 'RAM' <Latency = 3> <II = 1> <Delay = 1.68> <Storage> <Opcode : 'load' 'store'> <Ports = 2> <Width = 32> <Depth = 192> <RAM>

State 600 <SV = 273> <Delay = 1.93>
ST_600 : Operation 2005 [4/7] (1.93ns)   --->   "%r_V_17 = mul i43 %sext_ln1115_10, i43 655"   --->   Operation 2005 'mul' 'r_V_17' <Predicate = (!icmp_ln388)> <Delay = 1.93> <CoreInst = "Mul_DSP">   --->   Core 5 'Mul_DSP' <Latency = 6> <II = 1> <Delay = 1.93> <FuncUnit> <Opcode : 'mul'> <InPorts = 2> <OutPorts = 1>
ST_600 : Operation 2006 [1/4] (1.68ns)   --->   "%lhs_16 = load i8 %weights3_addr"   --->   Operation 2006 'load' 'lhs_16' <Predicate = (!icmp_ln388)> <Delay = 1.68> <CoreInst = "RAM">   --->   Core 82 'RAM' <Latency = 3> <II = 1> <Delay = 1.68> <Storage> <Opcode : 'load' 'store'> <Ports = 2> <Width = 32> <Depth = 192> <RAM>

State 601 <SV = 274> <Delay = 1.93>
ST_601 : Operation 2007 [3/7] (1.93ns)   --->   "%r_V_17 = mul i43 %sext_ln1115_10, i43 655"   --->   Operation 2007 'mul' 'r_V_17' <Predicate = (!icmp_ln388)> <Delay = 1.93> <CoreInst = "Mul_DSP">   --->   Core 5 'Mul_DSP' <Latency = 6> <II = 1> <Delay = 1.93> <FuncUnit> <Opcode : 'mul'> <InPorts = 2> <OutPorts = 1>

State 602 <SV = 275> <Delay = 1.93>
ST_602 : Operation 2008 [2/7] (1.93ns)   --->   "%r_V_17 = mul i43 %sext_ln1115_10, i43 655"   --->   Operation 2008 'mul' 'r_V_17' <Predicate = (!icmp_ln388)> <Delay = 1.93> <CoreInst = "Mul_DSP">   --->   Core 5 'Mul_DSP' <Latency = 6> <II = 1> <Delay = 1.93> <FuncUnit> <Opcode : 'mul'> <InPorts = 2> <OutPorts = 1>

State 603 <SV = 276> <Delay = 1.93>
ST_603 : Operation 2009 [1/7] (1.93ns)   --->   "%r_V_17 = mul i43 %sext_ln1115_10, i43 655"   --->   Operation 2009 'mul' 'r_V_17' <Predicate = (!icmp_ln388)> <Delay = 1.93> <CoreInst = "Mul_DSP">   --->   Core 5 'Mul_DSP' <Latency = 6> <II = 1> <Delay = 1.93> <FuncUnit> <Opcode : 'mul'> <InPorts = 2> <OutPorts = 1>

State 604 <SV = 277> <Delay = 2.44>
ST_604 : Operation 2010 [1/1] (0.00ns)   --->   "%lhs_17 = bitconcatenate i48 @_ssdm_op_BitConcatenate.i48.i32.i16, i32 %lhs_16, i16 0"   --->   Operation 2010 'bitconcatenate' 'lhs_17' <Predicate = (!icmp_ln388)> <Delay = 0.00>
ST_604 : Operation 2011 [1/1] (0.00ns)   --->   "%sext_ln703_5 = sext i43 %r_V_17"   --->   Operation 2011 'sext' 'sext_ln703_5' <Predicate = (!icmp_ln388)> <Delay = 0.00>
ST_604 : Operation 2012 [2/2] (2.44ns)   --->   "%ret_V_8 = sub i48 %lhs_17, i48 %sext_ln703_5"   --->   Operation 2012 'sub' 'ret_V_8' <Predicate = (!icmp_ln388)> <Delay = 2.44> <CoreInst = "Adder">   --->   Core 1 'Adder' <Latency = 1> <II = 1> <Delay = 1.86> <FuncUnit> <Opcode : 'add' 'sub'> <InPorts = 2> <OutPorts = 1>

State 605 <SV = 278> <Delay = 2.44>
ST_605 : Operation 2013 [1/2] (2.44ns)   --->   "%ret_V_8 = sub i48 %lhs_17, i48 %sext_ln703_5"   --->   Operation 2013 'sub' 'ret_V_8' <Predicate = (!icmp_ln388)> <Delay = 2.44> <CoreInst = "Adder">   --->   Core 1 'Adder' <Latency = 1> <II = 1> <Delay = 1.86> <FuncUnit> <Opcode : 'add' 'sub'> <InPorts = 2> <OutPorts = 1>
ST_605 : Operation 2014 [1/1] (0.00ns)   --->   "%r_V_18 = partselect i32 @_ssdm_op_PartSelect.i32.i48.i32.i32, i48 %ret_V_8, i32 16, i32 47"   --->   Operation 2014 'partselect' 'r_V_18' <Predicate = (!icmp_ln388)> <Delay = 0.00>

State 606 <SV = 279> <Delay = 1.93>
ST_606 : Operation 2015 [2/2] (1.68ns)   --->   "%store_ln708 = store i32 %r_V_18, i8 %weights3_addr"   --->   Operation 2015 'store' 'store_ln708' <Predicate = (!icmp_ln388)> <Delay = 1.68> <CoreInst = "RAM">   --->   Core 82 'RAM' <Latency = 3> <II = 1> <Delay = 1.68> <Storage> <Opcode : 'load' 'store'> <Ports = 2> <Width = 32> <Depth = 192> <RAM>
ST_606 : Operation 2016 [1/1] (0.00ns)   --->   "%sext_ln1115_11 = sext i32 %r_V_18"   --->   Operation 2016 'sext' 'sext_ln1115_11' <Predicate = (!icmp_ln388)> <Delay = 0.00>
ST_606 : Operation 2017 [7/7] (1.93ns)   --->   "%r_V_19 = mul i48 %sext_ln1115_11, i48 %sext_ln1115_11"   --->   Operation 2017 'mul' 'r_V_19' <Predicate = (!icmp_ln388)> <Delay = 1.93> <CoreInst = "Mul_DSP">   --->   Core 5 'Mul_DSP' <Latency = 6> <II = 1> <Delay = 1.93> <FuncUnit> <Opcode : 'mul'> <InPorts = 2> <OutPorts = 1>

State 607 <SV = 280> <Delay = 1.93>
ST_607 : Operation 2018 [1/2] (1.68ns)   --->   "%store_ln708 = store i32 %r_V_18, i8 %weights3_addr"   --->   Operation 2018 'store' 'store_ln708' <Predicate = (!icmp_ln388)> <Delay = 1.68> <CoreInst = "RAM">   --->   Core 82 'RAM' <Latency = 3> <II = 1> <Delay = 1.68> <Storage> <Opcode : 'load' 'store'> <Ports = 2> <Width = 32> <Depth = 192> <RAM>
ST_607 : Operation 2019 [6/7] (1.93ns)   --->   "%r_V_19 = mul i48 %sext_ln1115_11, i48 %sext_ln1115_11"   --->   Operation 2019 'mul' 'r_V_19' <Predicate = (!icmp_ln388)> <Delay = 1.93> <CoreInst = "Mul_DSP">   --->   Core 5 'Mul_DSP' <Latency = 6> <II = 1> <Delay = 1.93> <FuncUnit> <Opcode : 'mul'> <InPorts = 2> <OutPorts = 1>

State 608 <SV = 281> <Delay = 1.93>
ST_608 : Operation 2020 [5/7] (1.93ns)   --->   "%r_V_19 = mul i48 %sext_ln1115_11, i48 %sext_ln1115_11"   --->   Operation 2020 'mul' 'r_V_19' <Predicate = (!icmp_ln388)> <Delay = 1.93> <CoreInst = "Mul_DSP">   --->   Core 5 'Mul_DSP' <Latency = 6> <II = 1> <Delay = 1.93> <FuncUnit> <Opcode : 'mul'> <InPorts = 2> <OutPorts = 1>

State 609 <SV = 282> <Delay = 1.93>
ST_609 : Operation 2021 [4/7] (1.93ns)   --->   "%r_V_19 = mul i48 %sext_ln1115_11, i48 %sext_ln1115_11"   --->   Operation 2021 'mul' 'r_V_19' <Predicate = (!icmp_ln388)> <Delay = 1.93> <CoreInst = "Mul_DSP">   --->   Core 5 'Mul_DSP' <Latency = 6> <II = 1> <Delay = 1.93> <FuncUnit> <Opcode : 'mul'> <InPorts = 2> <OutPorts = 1>

State 610 <SV = 283> <Delay = 1.93>
ST_610 : Operation 2022 [3/7] (1.93ns)   --->   "%r_V_19 = mul i48 %sext_ln1115_11, i48 %sext_ln1115_11"   --->   Operation 2022 'mul' 'r_V_19' <Predicate = (!icmp_ln388)> <Delay = 1.93> <CoreInst = "Mul_DSP">   --->   Core 5 'Mul_DSP' <Latency = 6> <II = 1> <Delay = 1.93> <FuncUnit> <Opcode : 'mul'> <InPorts = 2> <OutPorts = 1>

State 611 <SV = 284> <Delay = 1.93>
ST_611 : Operation 2023 [2/7] (1.93ns)   --->   "%r_V_19 = mul i48 %sext_ln1115_11, i48 %sext_ln1115_11"   --->   Operation 2023 'mul' 'r_V_19' <Predicate = (!icmp_ln388)> <Delay = 1.93> <CoreInst = "Mul_DSP">   --->   Core 5 'Mul_DSP' <Latency = 6> <II = 1> <Delay = 1.93> <FuncUnit> <Opcode : 'mul'> <InPorts = 2> <OutPorts = 1>
ST_611 : Operation 2024 [1/1] (0.00ns)   --->   "%lhs_19 = bitconcatenate i48 @_ssdm_op_BitConcatenate.i48.i32.i16, i32 %norm_V_11, i16 0"   --->   Operation 2024 'bitconcatenate' 'lhs_19' <Predicate = (!icmp_ln388)> <Delay = 0.00>

State 612 <SV = 285> <Delay = 1.93>
ST_612 : Operation 2025 [1/7] (1.93ns)   --->   "%r_V_19 = mul i48 %sext_ln1115_11, i48 %sext_ln1115_11"   --->   Operation 2025 'mul' 'r_V_19' <Predicate = (!icmp_ln388)> <Delay = 1.93> <CoreInst = "Mul_DSP">   --->   Core 5 'Mul_DSP' <Latency = 6> <II = 1> <Delay = 1.93> <FuncUnit> <Opcode : 'mul'> <InPorts = 2> <OutPorts = 1>

State 613 <SV = 286> <Delay = 2.44>
ST_613 : Operation 2026 [2/2] (2.44ns)   --->   "%ret_V_9 = add i48 %lhs_19, i48 %r_V_19"   --->   Operation 2026 'add' 'ret_V_9' <Predicate = (!icmp_ln388)> <Delay = 2.44> <CoreInst = "Adder">   --->   Core 1 'Adder' <Latency = 1> <II = 1> <Delay = 1.86> <FuncUnit> <Opcode : 'add' 'sub'> <InPorts = 2> <OutPorts = 1>

State 614 <SV = 287> <Delay = 2.44>
ST_614 : Operation 2027 [1/1] (0.00ns)   --->   "%specloopname_ln0 = specloopname void @_ssdm_op_SpecLoopName, void @VITIS_LOOP_388_13_VITIS_LOOP_389_14_str"   --->   Operation 2027 'specloopname' 'specloopname_ln0' <Predicate = (!icmp_ln388)> <Delay = 0.00>
ST_614 : Operation 2028 [1/1] (0.00ns)   --->   "%empty_90 = speclooptripcount i32 @_ssdm_op_SpecLoopTripCount, i64 192, i64 192, i64 192"   --->   Operation 2028 'speclooptripcount' 'empty_90' <Predicate = (!icmp_ln388)> <Delay = 0.00>
ST_614 : Operation 2029 [1/1] (0.00ns)   --->   "%specpipeline_ln0 = specpipeline void @_ssdm_op_SpecPipeline, i32 4294967295, i32 0, i32 1, i32 0, void @p_str"   --->   Operation 2029 'specpipeline' 'specpipeline_ln0' <Predicate = (!icmp_ln388)> <Delay = 0.00>
ST_614 : Operation 2030 [1/1] (0.00ns)   --->   "%specloopname_ln332 = specloopname void @_ssdm_op_SpecLoopName, void @empty_7" [backprop.cpp:332]   --->   Operation 2030 'specloopname' 'specloopname_ln332' <Predicate = (!icmp_ln388)> <Delay = 0.00>
ST_614 : Operation 2031 [1/2] (2.44ns)   --->   "%ret_V_9 = add i48 %lhs_19, i48 %r_V_19"   --->   Operation 2031 'add' 'ret_V_9' <Predicate = (!icmp_ln388)> <Delay = 2.44> <CoreInst = "Adder">   --->   Core 1 'Adder' <Latency = 1> <II = 1> <Delay = 1.86> <FuncUnit> <Opcode : 'add' 'sub'> <InPorts = 2> <OutPorts = 1>
ST_614 : Operation 2032 [1/1] (0.00ns)   --->   "%norm_V_6 = partselect i32 @_ssdm_op_PartSelect.i32.i48.i32.i32, i48 %ret_V_9, i32 16, i32 47"   --->   Operation 2032 'partselect' 'norm_V_6' <Predicate = (!icmp_ln388)> <Delay = 0.00>
ST_614 : Operation 2033 [1/1] (0.00ns)   --->   "%br_ln0 = br void %_ZN13ap_fixed_baseILi65ELi33ELb1EL9ap_q_mode5EL9ap_o_mode3ELi0EEC2ILi32ELi16ELb1ELS0_5ELS1_3ELi0EEERKS_IXT_EXT0_EXT1_EXT2_EXT3_EXT4_EE.exit.i.i237"   --->   Operation 2033 'br' 'br_ln0' <Predicate = (!icmp_ln388)> <Delay = 0.00>

State 615 <SV = 261> <Delay = 1.46>
ST_615 : Operation 2034 [1/1] (1.46ns)   --->   "%br_ln0 = br void %_ZN13ap_fixed_baseILi65ELi33ELb1EL9ap_q_mode5EL9ap_o_mode3ELi0EEC2ILi32ELi16ELb1ELS0_5ELS1_3ELi0EEERKS_IXT_EXT0_EXT1_EXT2_EXT3_EXT4_EE.exit.i.i107"   --->   Operation 2034 'br' 'br_ln0' <Predicate = true> <Delay = 1.46>

State 616 <SV = 262> <Delay = 1.86>
ST_616 : Operation 2035 [1/1] (0.00ns)   --->   "%i_9 = phi i2 %add_ln394, void %_ZN13ap_fixed_baseILi65ELi33ELb1EL9ap_q_mode5EL9ap_o_mode3ELi0EEC2ILi32ELi16ELb1ELS0_5ELS1_3ELi0EEERKS_IXT_EXT0_EXT1_EXT2_EXT3_EXT4_EE.exit.i.i107.split, i2 0, void %_ZN13ap_fixed_baseILi65ELi33ELb1EL9ap_q_mode5EL9ap_o_mode3ELi0EEC2ILi32ELi16ELb1ELS0_5ELS1_3ELi0EEERKS_IXT_EXT0_EXT1_EXT2_EXT3_EXT4_EE.exit.i.i107.preheader"   --->   Operation 2035 'phi' 'i_9' <Predicate = true> <Delay = 0.00>
ST_616 : Operation 2036 [2/2] (1.86ns)   --->   "%add_ln394 = add i2 %i_9, i2 1" [backprop.cpp:394]   --->   Operation 2036 'add' 'add_ln394' <Predicate = true> <Delay = 1.86> <CoreInst = "Adder">   --->   Core 1 'Adder' <Latency = 1> <II = 1> <Delay = 1.86> <FuncUnit> <Opcode : 'add' 'sub'> <InPorts = 2> <OutPorts = 1>
ST_616 : Operation 2037 [1/1] (0.95ns)   --->   "%icmp_ln394 = icmp_eq  i2 %i_9, i2 3" [backprop.cpp:394]   --->   Operation 2037 'icmp' 'icmp_ln394' <Predicate = true> <Delay = 0.95> <CoreInst = "Cmp">   --->   Core 9 'Cmp' <Latency = 0> <II = 1> <Delay = 0.95> <FuncUnit> <Opcode : 'icmp'> <InPorts = 2> <OutPorts = 1>
ST_616 : Operation 2038 [1/1] (0.00ns)   --->   "%br_ln394 = br i1 %icmp_ln394, void %_ZN13ap_fixed_baseILi65ELi33ELb1EL9ap_q_mode5EL9ap_o_mode3ELi0EEC2ILi32ELi16ELb1ELS0_5ELS1_3ELi0EEERKS_IXT_EXT0_EXT1_EXT2_EXT3_EXT4_EE.exit.i.i107.split, void" [backprop.cpp:394]   --->   Operation 2038 'br' 'br_ln394' <Predicate = true> <Delay = 0.00>
ST_616 : Operation 2039 [4/4] (1.58ns)   --->   "%r_V_20 = mux i32 @_ssdm_op_Mux.ap_auto.3i32.i2, i32 %p_read_3, i32 %p_read_2, i32 %p_read_1, i2 %i_9"   --->   Operation 2039 'mux' 'r_V_20' <Predicate = (!icmp_ln394)> <Delay = 1.58> <CoreInst = "Multiplexer">   --->   Core 76 'Multiplexer' <Latency = 3> <II = 1> <Delay = 1.58> <FuncUnit> <Opcode : 'mux'> <InPorts = 2> <OutPorts = 1>
ST_616 : Operation 2040 [1/1] (0.00ns)   --->   "%zext_ln727_8 = zext i2 %i_9"   --->   Operation 2040 'zext' 'zext_ln727_8' <Predicate = (!icmp_ln394)> <Delay = 0.00>
ST_616 : Operation 2041 [1/1] (0.00ns)   --->   "%biases3_addr = getelementptr i32 %biases3, i64 0, i64 %zext_ln727_8"   --->   Operation 2041 'getelementptr' 'biases3_addr' <Predicate = (!icmp_ln394)> <Delay = 0.00>

State 617 <SV = 263> <Delay = 1.86>
ST_617 : Operation 2042 [1/1] (0.00ns)   --->   "%bias_norm_V_11 = phi i32 %bias_norm_V_8, void %_ZN13ap_fixed_baseILi65ELi33ELb1EL9ap_q_mode5EL9ap_o_mode3ELi0EEC2ILi32ELi16ELb1ELS0_5ELS1_3ELi0EEERKS_IXT_EXT0_EXT1_EXT2_EXT3_EXT4_EE.exit.i.i107.split, i32 0, void %_ZN13ap_fixed_baseILi65ELi33ELb1EL9ap_q_mode5EL9ap_o_mode3ELi0EEC2ILi32ELi16ELb1ELS0_5ELS1_3ELi0EEERKS_IXT_EXT0_EXT1_EXT2_EXT3_EXT4_EE.exit.i.i107.preheader"   --->   Operation 2042 'phi' 'bias_norm_V_11' <Predicate = true> <Delay = 0.00>
ST_617 : Operation 2043 [1/2] (1.86ns)   --->   "%add_ln394 = add i2 %i_9, i2 1" [backprop.cpp:394]   --->   Operation 2043 'add' 'add_ln394' <Predicate = true> <Delay = 1.86> <CoreInst = "Adder">   --->   Core 1 'Adder' <Latency = 1> <II = 1> <Delay = 1.86> <FuncUnit> <Opcode : 'add' 'sub'> <InPorts = 2> <OutPorts = 1>
ST_617 : Operation 2044 [1/1] (0.00ns)   --->   "%specpipeline_ln0 = specpipeline void @_ssdm_op_SpecPipeline, i32 4294967295, i32 0, i32 1, i32 0, void @p_str"   --->   Operation 2044 'specpipeline' 'specpipeline_ln0' <Predicate = true> <Delay = 0.00>
ST_617 : Operation 2045 [1/1] (0.00ns)   --->   "%empty_92 = speclooptripcount i32 @_ssdm_op_SpecLoopTripCount, i64 3, i64 3, i64 3"   --->   Operation 2045 'speclooptripcount' 'empty_92' <Predicate = true> <Delay = 0.00>
ST_617 : Operation 2046 [3/4] (1.58ns)   --->   "%r_V_20 = mux i32 @_ssdm_op_Mux.ap_auto.3i32.i2, i32 %p_read_3, i32 %p_read_2, i32 %p_read_1, i2 %i_9"   --->   Operation 2046 'mux' 'r_V_20' <Predicate = (!icmp_ln394)> <Delay = 1.58> <CoreInst = "Multiplexer">   --->   Core 76 'Multiplexer' <Latency = 3> <II = 1> <Delay = 1.58> <FuncUnit> <Opcode : 'mux'> <InPorts = 2> <OutPorts = 1>

State 618 <SV = 264> <Delay = 1.58>
ST_618 : Operation 2047 [2/4] (1.58ns)   --->   "%r_V_20 = mux i32 @_ssdm_op_Mux.ap_auto.3i32.i2, i32 %p_read_3, i32 %p_read_2, i32 %p_read_1, i2 %i_9"   --->   Operation 2047 'mux' 'r_V_20' <Predicate = (!icmp_ln394)> <Delay = 1.58> <CoreInst = "Multiplexer">   --->   Core 76 'Multiplexer' <Latency = 3> <II = 1> <Delay = 1.58> <FuncUnit> <Opcode : 'mux'> <InPorts = 2> <OutPorts = 1>

State 619 <SV = 265> <Delay = 1.58>
ST_619 : Operation 2048 [1/4] (1.58ns)   --->   "%r_V_20 = mux i32 @_ssdm_op_Mux.ap_auto.3i32.i2, i32 %p_read_3, i32 %p_read_2, i32 %p_read_1, i2 %i_9"   --->   Operation 2048 'mux' 'r_V_20' <Predicate = (!icmp_ln394)> <Delay = 1.58> <CoreInst = "Multiplexer">   --->   Core 76 'Multiplexer' <Latency = 3> <II = 1> <Delay = 1.58> <FuncUnit> <Opcode : 'mux'> <InPorts = 2> <OutPorts = 1>

State 620 <SV = 266> <Delay = 1.93>
ST_620 : Operation 2049 [1/1] (0.00ns)   --->   "%sext_ln1115_8 = sext i32 %r_V_20"   --->   Operation 2049 'sext' 'sext_ln1115_8' <Predicate = (!icmp_ln394)> <Delay = 0.00>
ST_620 : Operation 2050 [7/7] (1.93ns)   --->   "%r_V_21 = mul i43 %sext_ln1115_8, i43 655"   --->   Operation 2050 'mul' 'r_V_21' <Predicate = (!icmp_ln394)> <Delay = 1.93> <CoreInst = "Mul_DSP">   --->   Core 5 'Mul_DSP' <Latency = 6> <II = 1> <Delay = 1.93> <FuncUnit> <Opcode : 'mul'> <InPorts = 2> <OutPorts = 1>

State 621 <SV = 267> <Delay = 1.93>
ST_621 : Operation 2051 [6/7] (1.93ns)   --->   "%r_V_21 = mul i43 %sext_ln1115_8, i43 655"   --->   Operation 2051 'mul' 'r_V_21' <Predicate = (!icmp_ln394)> <Delay = 1.93> <CoreInst = "Mul_DSP">   --->   Core 5 'Mul_DSP' <Latency = 6> <II = 1> <Delay = 1.93> <FuncUnit> <Opcode : 'mul'> <InPorts = 2> <OutPorts = 1>

State 622 <SV = 268> <Delay = 1.93>
ST_622 : Operation 2052 [5/7] (1.93ns)   --->   "%r_V_21 = mul i43 %sext_ln1115_8, i43 655"   --->   Operation 2052 'mul' 'r_V_21' <Predicate = (!icmp_ln394)> <Delay = 1.93> <CoreInst = "Mul_DSP">   --->   Core 5 'Mul_DSP' <Latency = 6> <II = 1> <Delay = 1.93> <FuncUnit> <Opcode : 'mul'> <InPorts = 2> <OutPorts = 1>
ST_622 : Operation 2053 [4/4] (1.86ns)   --->   "%lhs_20 = load i2 %biases3_addr"   --->   Operation 2053 'load' 'lhs_20' <Predicate = (!icmp_ln394)> <Delay = 1.86> <CoreInst = "RAM">   --->   Core 82 'RAM' <Latency = 3> <II = 1> <Delay = 1.86> <Storage> <Opcode : 'load' 'store'> <Ports = 2> <Width = 32> <Depth = 3> <RAM>

State 623 <SV = 269> <Delay = 1.93>
ST_623 : Operation 2054 [4/7] (1.93ns)   --->   "%r_V_21 = mul i43 %sext_ln1115_8, i43 655"   --->   Operation 2054 'mul' 'r_V_21' <Predicate = (!icmp_ln394)> <Delay = 1.93> <CoreInst = "Mul_DSP">   --->   Core 5 'Mul_DSP' <Latency = 6> <II = 1> <Delay = 1.93> <FuncUnit> <Opcode : 'mul'> <InPorts = 2> <OutPorts = 1>
ST_623 : Operation 2055 [3/4] (1.86ns)   --->   "%lhs_20 = load i2 %biases3_addr"   --->   Operation 2055 'load' 'lhs_20' <Predicate = (!icmp_ln394)> <Delay = 1.86> <CoreInst = "RAM">   --->   Core 82 'RAM' <Latency = 3> <II = 1> <Delay = 1.86> <Storage> <Opcode : 'load' 'store'> <Ports = 2> <Width = 32> <Depth = 3> <RAM>

State 624 <SV = 270> <Delay = 1.93>
ST_624 : Operation 2056 [3/7] (1.93ns)   --->   "%r_V_21 = mul i43 %sext_ln1115_8, i43 655"   --->   Operation 2056 'mul' 'r_V_21' <Predicate = (!icmp_ln394)> <Delay = 1.93> <CoreInst = "Mul_DSP">   --->   Core 5 'Mul_DSP' <Latency = 6> <II = 1> <Delay = 1.93> <FuncUnit> <Opcode : 'mul'> <InPorts = 2> <OutPorts = 1>
ST_624 : Operation 2057 [2/4] (1.86ns)   --->   "%lhs_20 = load i2 %biases3_addr"   --->   Operation 2057 'load' 'lhs_20' <Predicate = (!icmp_ln394)> <Delay = 1.86> <CoreInst = "RAM">   --->   Core 82 'RAM' <Latency = 3> <II = 1> <Delay = 1.86> <Storage> <Opcode : 'load' 'store'> <Ports = 2> <Width = 32> <Depth = 3> <RAM>

State 625 <SV = 271> <Delay = 1.93>
ST_625 : Operation 2058 [2/7] (1.93ns)   --->   "%r_V_21 = mul i43 %sext_ln1115_8, i43 655"   --->   Operation 2058 'mul' 'r_V_21' <Predicate = (!icmp_ln394)> <Delay = 1.93> <CoreInst = "Mul_DSP">   --->   Core 5 'Mul_DSP' <Latency = 6> <II = 1> <Delay = 1.93> <FuncUnit> <Opcode : 'mul'> <InPorts = 2> <OutPorts = 1>
ST_625 : Operation 2059 [1/4] (1.86ns)   --->   "%lhs_20 = load i2 %biases3_addr"   --->   Operation 2059 'load' 'lhs_20' <Predicate = (!icmp_ln394)> <Delay = 1.86> <CoreInst = "RAM">   --->   Core 82 'RAM' <Latency = 3> <II = 1> <Delay = 1.86> <Storage> <Opcode : 'load' 'store'> <Ports = 2> <Width = 32> <Depth = 3> <RAM>

State 626 <SV = 272> <Delay = 1.93>
ST_626 : Operation 2060 [1/7] (1.93ns)   --->   "%r_V_21 = mul i43 %sext_ln1115_8, i43 655"   --->   Operation 2060 'mul' 'r_V_21' <Predicate = (!icmp_ln394)> <Delay = 1.93> <CoreInst = "Mul_DSP">   --->   Core 5 'Mul_DSP' <Latency = 6> <II = 1> <Delay = 1.93> <FuncUnit> <Opcode : 'mul'> <InPorts = 2> <OutPorts = 1>

State 627 <SV = 273> <Delay = 2.44>
ST_627 : Operation 2061 [1/1] (0.00ns)   --->   "%lhs_21 = bitconcatenate i48 @_ssdm_op_BitConcatenate.i48.i32.i16, i32 %lhs_20, i16 0"   --->   Operation 2061 'bitconcatenate' 'lhs_21' <Predicate = (!icmp_ln394)> <Delay = 0.00>
ST_627 : Operation 2062 [1/1] (0.00ns)   --->   "%sext_ln703_4 = sext i43 %r_V_21"   --->   Operation 2062 'sext' 'sext_ln703_4' <Predicate = (!icmp_ln394)> <Delay = 0.00>
ST_627 : Operation 2063 [2/2] (2.44ns)   --->   "%ret_V_10 = sub i48 %lhs_21, i48 %sext_ln703_4"   --->   Operation 2063 'sub' 'ret_V_10' <Predicate = (!icmp_ln394)> <Delay = 2.44> <CoreInst = "Adder">   --->   Core 1 'Adder' <Latency = 1> <II = 1> <Delay = 1.86> <FuncUnit> <Opcode : 'add' 'sub'> <InPorts = 2> <OutPorts = 1>

State 628 <SV = 274> <Delay = 2.44>
ST_628 : Operation 2064 [1/2] (2.44ns)   --->   "%ret_V_10 = sub i48 %lhs_21, i48 %sext_ln703_4"   --->   Operation 2064 'sub' 'ret_V_10' <Predicate = (!icmp_ln394)> <Delay = 2.44> <CoreInst = "Adder">   --->   Core 1 'Adder' <Latency = 1> <II = 1> <Delay = 1.86> <FuncUnit> <Opcode : 'add' 'sub'> <InPorts = 2> <OutPorts = 1>
ST_628 : Operation 2065 [1/1] (0.00ns)   --->   "%r_V_22 = partselect i32 @_ssdm_op_PartSelect.i32.i48.i32.i32, i48 %ret_V_10, i32 16, i32 47"   --->   Operation 2065 'partselect' 'r_V_22' <Predicate = (!icmp_ln394)> <Delay = 0.00>

State 629 <SV = 275> <Delay = 1.93>
ST_629 : Operation 2066 [2/2] (1.86ns)   --->   "%store_ln708 = store i32 %r_V_22, i2 %biases3_addr"   --->   Operation 2066 'store' 'store_ln708' <Predicate = (!icmp_ln394)> <Delay = 1.86> <CoreInst = "RAM">   --->   Core 82 'RAM' <Latency = 3> <II = 1> <Delay = 1.86> <Storage> <Opcode : 'load' 'store'> <Ports = 2> <Width = 32> <Depth = 3> <RAM>
ST_629 : Operation 2067 [1/1] (0.00ns)   --->   "%sext_ln1115_9 = sext i32 %r_V_22"   --->   Operation 2067 'sext' 'sext_ln1115_9' <Predicate = (!icmp_ln394)> <Delay = 0.00>
ST_629 : Operation 2068 [7/7] (1.93ns)   --->   "%r_V_23 = mul i48 %sext_ln1115_9, i48 %sext_ln1115_9"   --->   Operation 2068 'mul' 'r_V_23' <Predicate = (!icmp_ln394)> <Delay = 1.93> <CoreInst = "Mul_DSP">   --->   Core 5 'Mul_DSP' <Latency = 6> <II = 1> <Delay = 1.93> <FuncUnit> <Opcode : 'mul'> <InPorts = 2> <OutPorts = 1>

State 630 <SV = 276> <Delay = 1.93>
ST_630 : Operation 2069 [1/2] (1.86ns)   --->   "%store_ln708 = store i32 %r_V_22, i2 %biases3_addr"   --->   Operation 2069 'store' 'store_ln708' <Predicate = (!icmp_ln394)> <Delay = 1.86> <CoreInst = "RAM">   --->   Core 82 'RAM' <Latency = 3> <II = 1> <Delay = 1.86> <Storage> <Opcode : 'load' 'store'> <Ports = 2> <Width = 32> <Depth = 3> <RAM>
ST_630 : Operation 2070 [6/7] (1.93ns)   --->   "%r_V_23 = mul i48 %sext_ln1115_9, i48 %sext_ln1115_9"   --->   Operation 2070 'mul' 'r_V_23' <Predicate = (!icmp_ln394)> <Delay = 1.93> <CoreInst = "Mul_DSP">   --->   Core 5 'Mul_DSP' <Latency = 6> <II = 1> <Delay = 1.93> <FuncUnit> <Opcode : 'mul'> <InPorts = 2> <OutPorts = 1>

State 631 <SV = 277> <Delay = 1.93>
ST_631 : Operation 2071 [5/7] (1.93ns)   --->   "%r_V_23 = mul i48 %sext_ln1115_9, i48 %sext_ln1115_9"   --->   Operation 2071 'mul' 'r_V_23' <Predicate = (!icmp_ln394)> <Delay = 1.93> <CoreInst = "Mul_DSP">   --->   Core 5 'Mul_DSP' <Latency = 6> <II = 1> <Delay = 1.93> <FuncUnit> <Opcode : 'mul'> <InPorts = 2> <OutPorts = 1>

State 632 <SV = 278> <Delay = 1.93>
ST_632 : Operation 2072 [4/7] (1.93ns)   --->   "%r_V_23 = mul i48 %sext_ln1115_9, i48 %sext_ln1115_9"   --->   Operation 2072 'mul' 'r_V_23' <Predicate = (!icmp_ln394)> <Delay = 1.93> <CoreInst = "Mul_DSP">   --->   Core 5 'Mul_DSP' <Latency = 6> <II = 1> <Delay = 1.93> <FuncUnit> <Opcode : 'mul'> <InPorts = 2> <OutPorts = 1>

State 633 <SV = 279> <Delay = 1.93>
ST_633 : Operation 2073 [3/7] (1.93ns)   --->   "%r_V_23 = mul i48 %sext_ln1115_9, i48 %sext_ln1115_9"   --->   Operation 2073 'mul' 'r_V_23' <Predicate = (!icmp_ln394)> <Delay = 1.93> <CoreInst = "Mul_DSP">   --->   Core 5 'Mul_DSP' <Latency = 6> <II = 1> <Delay = 1.93> <FuncUnit> <Opcode : 'mul'> <InPorts = 2> <OutPorts = 1>

State 634 <SV = 280> <Delay = 1.93>
ST_634 : Operation 2074 [2/7] (1.93ns)   --->   "%r_V_23 = mul i48 %sext_ln1115_9, i48 %sext_ln1115_9"   --->   Operation 2074 'mul' 'r_V_23' <Predicate = (!icmp_ln394)> <Delay = 1.93> <CoreInst = "Mul_DSP">   --->   Core 5 'Mul_DSP' <Latency = 6> <II = 1> <Delay = 1.93> <FuncUnit> <Opcode : 'mul'> <InPorts = 2> <OutPorts = 1>

State 635 <SV = 281> <Delay = 1.93>
ST_635 : Operation 2075 [1/7] (1.93ns)   --->   "%r_V_23 = mul i48 %sext_ln1115_9, i48 %sext_ln1115_9"   --->   Operation 2075 'mul' 'r_V_23' <Predicate = (!icmp_ln394)> <Delay = 1.93> <CoreInst = "Mul_DSP">   --->   Core 5 'Mul_DSP' <Latency = 6> <II = 1> <Delay = 1.93> <FuncUnit> <Opcode : 'mul'> <InPorts = 2> <OutPorts = 1>

State 636 <SV = 282> <Delay = 2.44>
ST_636 : Operation 2076 [1/1] (0.00ns)   --->   "%lhs_23 = bitconcatenate i48 @_ssdm_op_BitConcatenate.i48.i32.i16, i32 %bias_norm_V_11, i16 0"   --->   Operation 2076 'bitconcatenate' 'lhs_23' <Predicate = (!icmp_ln394)> <Delay = 0.00>
ST_636 : Operation 2077 [2/2] (2.44ns)   --->   "%ret_V_11 = add i48 %lhs_23, i48 %r_V_23"   --->   Operation 2077 'add' 'ret_V_11' <Predicate = (!icmp_ln394)> <Delay = 2.44> <CoreInst = "Adder">   --->   Core 1 'Adder' <Latency = 1> <II = 1> <Delay = 1.86> <FuncUnit> <Opcode : 'add' 'sub'> <InPorts = 2> <OutPorts = 1>

State 637 <SV = 283> <Delay = 2.44>
ST_637 : Operation 2078 [1/1] (0.00ns)   --->   "%specloopname_ln332 = specloopname void @_ssdm_op_SpecLoopName, void @empty_15" [backprop.cpp:332]   --->   Operation 2078 'specloopname' 'specloopname_ln332' <Predicate = (!icmp_ln394)> <Delay = 0.00>
ST_637 : Operation 2079 [1/2] (2.44ns)   --->   "%ret_V_11 = add i48 %lhs_23, i48 %r_V_23"   --->   Operation 2079 'add' 'ret_V_11' <Predicate = (!icmp_ln394)> <Delay = 2.44> <CoreInst = "Adder">   --->   Core 1 'Adder' <Latency = 1> <II = 1> <Delay = 1.86> <FuncUnit> <Opcode : 'add' 'sub'> <InPorts = 2> <OutPorts = 1>
ST_637 : Operation 2080 [1/1] (0.00ns)   --->   "%bias_norm_V_8 = partselect i32 @_ssdm_op_PartSelect.i32.i48.i32.i32, i48 %ret_V_11, i32 16, i32 47"   --->   Operation 2080 'partselect' 'bias_norm_V_8' <Predicate = (!icmp_ln394)> <Delay = 0.00>
ST_637 : Operation 2081 [1/1] (0.00ns)   --->   "%br_ln0 = br void %_ZN13ap_fixed_baseILi65ELi33ELb1EL9ap_q_mode5EL9ap_o_mode3ELi0EEC2ILi32ELi16ELb1ELS0_5ELS1_3ELi0EEERKS_IXT_EXT0_EXT1_EXT2_EXT3_EXT4_EE.exit.i.i107"   --->   Operation 2081 'br' 'br_ln0' <Predicate = (!icmp_ln394)> <Delay = 0.00>

State 638 <SV = 264> <Delay = 1.46>
ST_638 : Operation 2082 [118/118] (1.46ns)   --->   "%norm_V_8 = call i24 @sqrt_fixed<32, 16>, i32 %norm_V_11" [backprop.cpp:399]   --->   Operation 2082 'call' 'norm_V_8' <Predicate = true> <Delay = 1.46> <CoreType = "Generic">   --->   Core 0 '' <Latency = 0> <II = 1> <Delay = 1.00> <Generic> <Opcode : >
ST_638 : Operation 2083 [118/118] (1.46ns)   --->   "%bias_norm_V_6 = call i24 @sqrt_fixed<32, 16>, i32 %bias_norm_V_11" [backprop.cpp:400]   --->   Operation 2083 'call' 'bias_norm_V_6' <Predicate = true> <Delay = 1.46> <CoreType = "Generic">   --->   Core 0 '' <Latency = 0> <II = 1> <Delay = 1.00> <Generic> <Opcode : >

State 639 <SV = 265> <Delay = 1.46>
ST_639 : Operation 2084 [117/118] (1.46ns)   --->   "%norm_V_8 = call i24 @sqrt_fixed<32, 16>, i32 %norm_V_11" [backprop.cpp:399]   --->   Operation 2084 'call' 'norm_V_8' <Predicate = true> <Delay = 1.46> <CoreType = "Generic">   --->   Core 0 '' <Latency = 0> <II = 1> <Delay = 1.00> <Generic> <Opcode : >
ST_639 : Operation 2085 [117/118] (1.46ns)   --->   "%bias_norm_V_6 = call i24 @sqrt_fixed<32, 16>, i32 %bias_norm_V_11" [backprop.cpp:400]   --->   Operation 2085 'call' 'bias_norm_V_6' <Predicate = true> <Delay = 1.46> <CoreType = "Generic">   --->   Core 0 '' <Latency = 0> <II = 1> <Delay = 1.00> <Generic> <Opcode : >

State 640 <SV = 266> <Delay = 1.46>
ST_640 : Operation 2086 [116/118] (1.46ns)   --->   "%norm_V_8 = call i24 @sqrt_fixed<32, 16>, i32 %norm_V_11" [backprop.cpp:399]   --->   Operation 2086 'call' 'norm_V_8' <Predicate = true> <Delay = 1.46> <CoreType = "Generic">   --->   Core 0 '' <Latency = 0> <II = 1> <Delay = 1.00> <Generic> <Opcode : >
ST_640 : Operation 2087 [116/118] (1.46ns)   --->   "%bias_norm_V_6 = call i24 @sqrt_fixed<32, 16>, i32 %bias_norm_V_11" [backprop.cpp:400]   --->   Operation 2087 'call' 'bias_norm_V_6' <Predicate = true> <Delay = 1.46> <CoreType = "Generic">   --->   Core 0 '' <Latency = 0> <II = 1> <Delay = 1.00> <Generic> <Opcode : >

State 641 <SV = 267> <Delay = 1.46>
ST_641 : Operation 2088 [115/118] (1.46ns)   --->   "%norm_V_8 = call i24 @sqrt_fixed<32, 16>, i32 %norm_V_11" [backprop.cpp:399]   --->   Operation 2088 'call' 'norm_V_8' <Predicate = true> <Delay = 1.46> <CoreType = "Generic">   --->   Core 0 '' <Latency = 0> <II = 1> <Delay = 1.00> <Generic> <Opcode : >
ST_641 : Operation 2089 [115/118] (1.46ns)   --->   "%bias_norm_V_6 = call i24 @sqrt_fixed<32, 16>, i32 %bias_norm_V_11" [backprop.cpp:400]   --->   Operation 2089 'call' 'bias_norm_V_6' <Predicate = true> <Delay = 1.46> <CoreType = "Generic">   --->   Core 0 '' <Latency = 0> <II = 1> <Delay = 1.00> <Generic> <Opcode : >

State 642 <SV = 268> <Delay = 1.46>
ST_642 : Operation 2090 [114/118] (1.46ns)   --->   "%norm_V_8 = call i24 @sqrt_fixed<32, 16>, i32 %norm_V_11" [backprop.cpp:399]   --->   Operation 2090 'call' 'norm_V_8' <Predicate = true> <Delay = 1.46> <CoreType = "Generic">   --->   Core 0 '' <Latency = 0> <II = 1> <Delay = 1.00> <Generic> <Opcode : >
ST_642 : Operation 2091 [114/118] (1.46ns)   --->   "%bias_norm_V_6 = call i24 @sqrt_fixed<32, 16>, i32 %bias_norm_V_11" [backprop.cpp:400]   --->   Operation 2091 'call' 'bias_norm_V_6' <Predicate = true> <Delay = 1.46> <CoreType = "Generic">   --->   Core 0 '' <Latency = 0> <II = 1> <Delay = 1.00> <Generic> <Opcode : >

State 643 <SV = 269> <Delay = 1.46>
ST_643 : Operation 2092 [113/118] (1.46ns)   --->   "%norm_V_8 = call i24 @sqrt_fixed<32, 16>, i32 %norm_V_11" [backprop.cpp:399]   --->   Operation 2092 'call' 'norm_V_8' <Predicate = true> <Delay = 1.46> <CoreType = "Generic">   --->   Core 0 '' <Latency = 0> <II = 1> <Delay = 1.00> <Generic> <Opcode : >
ST_643 : Operation 2093 [113/118] (1.46ns)   --->   "%bias_norm_V_6 = call i24 @sqrt_fixed<32, 16>, i32 %bias_norm_V_11" [backprop.cpp:400]   --->   Operation 2093 'call' 'bias_norm_V_6' <Predicate = true> <Delay = 1.46> <CoreType = "Generic">   --->   Core 0 '' <Latency = 0> <II = 1> <Delay = 1.00> <Generic> <Opcode : >

State 644 <SV = 270> <Delay = 1.46>
ST_644 : Operation 2094 [112/118] (1.46ns)   --->   "%norm_V_8 = call i24 @sqrt_fixed<32, 16>, i32 %norm_V_11" [backprop.cpp:399]   --->   Operation 2094 'call' 'norm_V_8' <Predicate = true> <Delay = 1.46> <CoreType = "Generic">   --->   Core 0 '' <Latency = 0> <II = 1> <Delay = 1.00> <Generic> <Opcode : >
ST_644 : Operation 2095 [112/118] (1.46ns)   --->   "%bias_norm_V_6 = call i24 @sqrt_fixed<32, 16>, i32 %bias_norm_V_11" [backprop.cpp:400]   --->   Operation 2095 'call' 'bias_norm_V_6' <Predicate = true> <Delay = 1.46> <CoreType = "Generic">   --->   Core 0 '' <Latency = 0> <II = 1> <Delay = 1.00> <Generic> <Opcode : >

State 645 <SV = 271> <Delay = 1.46>
ST_645 : Operation 2096 [111/118] (1.46ns)   --->   "%norm_V_8 = call i24 @sqrt_fixed<32, 16>, i32 %norm_V_11" [backprop.cpp:399]   --->   Operation 2096 'call' 'norm_V_8' <Predicate = true> <Delay = 1.46> <CoreType = "Generic">   --->   Core 0 '' <Latency = 0> <II = 1> <Delay = 1.00> <Generic> <Opcode : >
ST_645 : Operation 2097 [111/118] (1.46ns)   --->   "%bias_norm_V_6 = call i24 @sqrt_fixed<32, 16>, i32 %bias_norm_V_11" [backprop.cpp:400]   --->   Operation 2097 'call' 'bias_norm_V_6' <Predicate = true> <Delay = 1.46> <CoreType = "Generic">   --->   Core 0 '' <Latency = 0> <II = 1> <Delay = 1.00> <Generic> <Opcode : >

State 646 <SV = 272> <Delay = 1.46>
ST_646 : Operation 2098 [110/118] (1.46ns)   --->   "%norm_V_8 = call i24 @sqrt_fixed<32, 16>, i32 %norm_V_11" [backprop.cpp:399]   --->   Operation 2098 'call' 'norm_V_8' <Predicate = true> <Delay = 1.46> <CoreType = "Generic">   --->   Core 0 '' <Latency = 0> <II = 1> <Delay = 1.00> <Generic> <Opcode : >
ST_646 : Operation 2099 [110/118] (1.46ns)   --->   "%bias_norm_V_6 = call i24 @sqrt_fixed<32, 16>, i32 %bias_norm_V_11" [backprop.cpp:400]   --->   Operation 2099 'call' 'bias_norm_V_6' <Predicate = true> <Delay = 1.46> <CoreType = "Generic">   --->   Core 0 '' <Latency = 0> <II = 1> <Delay = 1.00> <Generic> <Opcode : >

State 647 <SV = 273> <Delay = 1.46>
ST_647 : Operation 2100 [109/118] (1.46ns)   --->   "%norm_V_8 = call i24 @sqrt_fixed<32, 16>, i32 %norm_V_11" [backprop.cpp:399]   --->   Operation 2100 'call' 'norm_V_8' <Predicate = true> <Delay = 1.46> <CoreType = "Generic">   --->   Core 0 '' <Latency = 0> <II = 1> <Delay = 1.00> <Generic> <Opcode : >
ST_647 : Operation 2101 [109/118] (1.46ns)   --->   "%bias_norm_V_6 = call i24 @sqrt_fixed<32, 16>, i32 %bias_norm_V_11" [backprop.cpp:400]   --->   Operation 2101 'call' 'bias_norm_V_6' <Predicate = true> <Delay = 1.46> <CoreType = "Generic">   --->   Core 0 '' <Latency = 0> <II = 1> <Delay = 1.00> <Generic> <Opcode : >

State 648 <SV = 274> <Delay = 1.46>
ST_648 : Operation 2102 [108/118] (1.46ns)   --->   "%norm_V_8 = call i24 @sqrt_fixed<32, 16>, i32 %norm_V_11" [backprop.cpp:399]   --->   Operation 2102 'call' 'norm_V_8' <Predicate = true> <Delay = 1.46> <CoreType = "Generic">   --->   Core 0 '' <Latency = 0> <II = 1> <Delay = 1.00> <Generic> <Opcode : >
ST_648 : Operation 2103 [108/118] (1.46ns)   --->   "%bias_norm_V_6 = call i24 @sqrt_fixed<32, 16>, i32 %bias_norm_V_11" [backprop.cpp:400]   --->   Operation 2103 'call' 'bias_norm_V_6' <Predicate = true> <Delay = 1.46> <CoreType = "Generic">   --->   Core 0 '' <Latency = 0> <II = 1> <Delay = 1.00> <Generic> <Opcode : >

State 649 <SV = 275> <Delay = 1.46>
ST_649 : Operation 2104 [107/118] (1.46ns)   --->   "%norm_V_8 = call i24 @sqrt_fixed<32, 16>, i32 %norm_V_11" [backprop.cpp:399]   --->   Operation 2104 'call' 'norm_V_8' <Predicate = true> <Delay = 1.46> <CoreType = "Generic">   --->   Core 0 '' <Latency = 0> <II = 1> <Delay = 1.00> <Generic> <Opcode : >
ST_649 : Operation 2105 [107/118] (1.46ns)   --->   "%bias_norm_V_6 = call i24 @sqrt_fixed<32, 16>, i32 %bias_norm_V_11" [backprop.cpp:400]   --->   Operation 2105 'call' 'bias_norm_V_6' <Predicate = true> <Delay = 1.46> <CoreType = "Generic">   --->   Core 0 '' <Latency = 0> <II = 1> <Delay = 1.00> <Generic> <Opcode : >

State 650 <SV = 276> <Delay = 1.46>
ST_650 : Operation 2106 [106/118] (1.46ns)   --->   "%norm_V_8 = call i24 @sqrt_fixed<32, 16>, i32 %norm_V_11" [backprop.cpp:399]   --->   Operation 2106 'call' 'norm_V_8' <Predicate = true> <Delay = 1.46> <CoreType = "Generic">   --->   Core 0 '' <Latency = 0> <II = 1> <Delay = 1.00> <Generic> <Opcode : >
ST_650 : Operation 2107 [106/118] (1.46ns)   --->   "%bias_norm_V_6 = call i24 @sqrt_fixed<32, 16>, i32 %bias_norm_V_11" [backprop.cpp:400]   --->   Operation 2107 'call' 'bias_norm_V_6' <Predicate = true> <Delay = 1.46> <CoreType = "Generic">   --->   Core 0 '' <Latency = 0> <II = 1> <Delay = 1.00> <Generic> <Opcode : >

State 651 <SV = 277> <Delay = 1.46>
ST_651 : Operation 2108 [105/118] (1.46ns)   --->   "%norm_V_8 = call i24 @sqrt_fixed<32, 16>, i32 %norm_V_11" [backprop.cpp:399]   --->   Operation 2108 'call' 'norm_V_8' <Predicate = true> <Delay = 1.46> <CoreType = "Generic">   --->   Core 0 '' <Latency = 0> <II = 1> <Delay = 1.00> <Generic> <Opcode : >
ST_651 : Operation 2109 [105/118] (1.46ns)   --->   "%bias_norm_V_6 = call i24 @sqrt_fixed<32, 16>, i32 %bias_norm_V_11" [backprop.cpp:400]   --->   Operation 2109 'call' 'bias_norm_V_6' <Predicate = true> <Delay = 1.46> <CoreType = "Generic">   --->   Core 0 '' <Latency = 0> <II = 1> <Delay = 1.00> <Generic> <Opcode : >

State 652 <SV = 278> <Delay = 1.46>
ST_652 : Operation 2110 [104/118] (1.46ns)   --->   "%norm_V_8 = call i24 @sqrt_fixed<32, 16>, i32 %norm_V_11" [backprop.cpp:399]   --->   Operation 2110 'call' 'norm_V_8' <Predicate = true> <Delay = 1.46> <CoreType = "Generic">   --->   Core 0 '' <Latency = 0> <II = 1> <Delay = 1.00> <Generic> <Opcode : >
ST_652 : Operation 2111 [104/118] (1.46ns)   --->   "%bias_norm_V_6 = call i24 @sqrt_fixed<32, 16>, i32 %bias_norm_V_11" [backprop.cpp:400]   --->   Operation 2111 'call' 'bias_norm_V_6' <Predicate = true> <Delay = 1.46> <CoreType = "Generic">   --->   Core 0 '' <Latency = 0> <II = 1> <Delay = 1.00> <Generic> <Opcode : >

State 653 <SV = 279> <Delay = 1.46>
ST_653 : Operation 2112 [103/118] (1.46ns)   --->   "%norm_V_8 = call i24 @sqrt_fixed<32, 16>, i32 %norm_V_11" [backprop.cpp:399]   --->   Operation 2112 'call' 'norm_V_8' <Predicate = true> <Delay = 1.46> <CoreType = "Generic">   --->   Core 0 '' <Latency = 0> <II = 1> <Delay = 1.00> <Generic> <Opcode : >
ST_653 : Operation 2113 [103/118] (1.46ns)   --->   "%bias_norm_V_6 = call i24 @sqrt_fixed<32, 16>, i32 %bias_norm_V_11" [backprop.cpp:400]   --->   Operation 2113 'call' 'bias_norm_V_6' <Predicate = true> <Delay = 1.46> <CoreType = "Generic">   --->   Core 0 '' <Latency = 0> <II = 1> <Delay = 1.00> <Generic> <Opcode : >

State 654 <SV = 280> <Delay = 1.46>
ST_654 : Operation 2114 [102/118] (1.46ns)   --->   "%norm_V_8 = call i24 @sqrt_fixed<32, 16>, i32 %norm_V_11" [backprop.cpp:399]   --->   Operation 2114 'call' 'norm_V_8' <Predicate = true> <Delay = 1.46> <CoreType = "Generic">   --->   Core 0 '' <Latency = 0> <II = 1> <Delay = 1.00> <Generic> <Opcode : >
ST_654 : Operation 2115 [102/118] (1.46ns)   --->   "%bias_norm_V_6 = call i24 @sqrt_fixed<32, 16>, i32 %bias_norm_V_11" [backprop.cpp:400]   --->   Operation 2115 'call' 'bias_norm_V_6' <Predicate = true> <Delay = 1.46> <CoreType = "Generic">   --->   Core 0 '' <Latency = 0> <II = 1> <Delay = 1.00> <Generic> <Opcode : >

State 655 <SV = 281> <Delay = 1.46>
ST_655 : Operation 2116 [101/118] (1.46ns)   --->   "%norm_V_8 = call i24 @sqrt_fixed<32, 16>, i32 %norm_V_11" [backprop.cpp:399]   --->   Operation 2116 'call' 'norm_V_8' <Predicate = true> <Delay = 1.46> <CoreType = "Generic">   --->   Core 0 '' <Latency = 0> <II = 1> <Delay = 1.00> <Generic> <Opcode : >
ST_655 : Operation 2117 [101/118] (1.46ns)   --->   "%bias_norm_V_6 = call i24 @sqrt_fixed<32, 16>, i32 %bias_norm_V_11" [backprop.cpp:400]   --->   Operation 2117 'call' 'bias_norm_V_6' <Predicate = true> <Delay = 1.46> <CoreType = "Generic">   --->   Core 0 '' <Latency = 0> <II = 1> <Delay = 1.00> <Generic> <Opcode : >

State 656 <SV = 282> <Delay = 1.46>
ST_656 : Operation 2118 [100/118] (1.46ns)   --->   "%norm_V_8 = call i24 @sqrt_fixed<32, 16>, i32 %norm_V_11" [backprop.cpp:399]   --->   Operation 2118 'call' 'norm_V_8' <Predicate = true> <Delay = 1.46> <CoreType = "Generic">   --->   Core 0 '' <Latency = 0> <II = 1> <Delay = 1.00> <Generic> <Opcode : >
ST_656 : Operation 2119 [100/118] (1.46ns)   --->   "%bias_norm_V_6 = call i24 @sqrt_fixed<32, 16>, i32 %bias_norm_V_11" [backprop.cpp:400]   --->   Operation 2119 'call' 'bias_norm_V_6' <Predicate = true> <Delay = 1.46> <CoreType = "Generic">   --->   Core 0 '' <Latency = 0> <II = 1> <Delay = 1.00> <Generic> <Opcode : >

State 657 <SV = 283> <Delay = 1.46>
ST_657 : Operation 2120 [99/118] (1.46ns)   --->   "%norm_V_8 = call i24 @sqrt_fixed<32, 16>, i32 %norm_V_11" [backprop.cpp:399]   --->   Operation 2120 'call' 'norm_V_8' <Predicate = true> <Delay = 1.46> <CoreType = "Generic">   --->   Core 0 '' <Latency = 0> <II = 1> <Delay = 1.00> <Generic> <Opcode : >
ST_657 : Operation 2121 [99/118] (1.46ns)   --->   "%bias_norm_V_6 = call i24 @sqrt_fixed<32, 16>, i32 %bias_norm_V_11" [backprop.cpp:400]   --->   Operation 2121 'call' 'bias_norm_V_6' <Predicate = true> <Delay = 1.46> <CoreType = "Generic">   --->   Core 0 '' <Latency = 0> <II = 1> <Delay = 1.00> <Generic> <Opcode : >

State 658 <SV = 284> <Delay = 1.46>
ST_658 : Operation 2122 [98/118] (1.46ns)   --->   "%norm_V_8 = call i24 @sqrt_fixed<32, 16>, i32 %norm_V_11" [backprop.cpp:399]   --->   Operation 2122 'call' 'norm_V_8' <Predicate = true> <Delay = 1.46> <CoreType = "Generic">   --->   Core 0 '' <Latency = 0> <II = 1> <Delay = 1.00> <Generic> <Opcode : >
ST_658 : Operation 2123 [98/118] (1.46ns)   --->   "%bias_norm_V_6 = call i24 @sqrt_fixed<32, 16>, i32 %bias_norm_V_11" [backprop.cpp:400]   --->   Operation 2123 'call' 'bias_norm_V_6' <Predicate = true> <Delay = 1.46> <CoreType = "Generic">   --->   Core 0 '' <Latency = 0> <II = 1> <Delay = 1.00> <Generic> <Opcode : >

State 659 <SV = 285> <Delay = 1.46>
ST_659 : Operation 2124 [97/118] (1.46ns)   --->   "%norm_V_8 = call i24 @sqrt_fixed<32, 16>, i32 %norm_V_11" [backprop.cpp:399]   --->   Operation 2124 'call' 'norm_V_8' <Predicate = true> <Delay = 1.46> <CoreType = "Generic">   --->   Core 0 '' <Latency = 0> <II = 1> <Delay = 1.00> <Generic> <Opcode : >
ST_659 : Operation 2125 [97/118] (1.46ns)   --->   "%bias_norm_V_6 = call i24 @sqrt_fixed<32, 16>, i32 %bias_norm_V_11" [backprop.cpp:400]   --->   Operation 2125 'call' 'bias_norm_V_6' <Predicate = true> <Delay = 1.46> <CoreType = "Generic">   --->   Core 0 '' <Latency = 0> <II = 1> <Delay = 1.00> <Generic> <Opcode : >

State 660 <SV = 286> <Delay = 1.46>
ST_660 : Operation 2126 [96/118] (1.46ns)   --->   "%norm_V_8 = call i24 @sqrt_fixed<32, 16>, i32 %norm_V_11" [backprop.cpp:399]   --->   Operation 2126 'call' 'norm_V_8' <Predicate = true> <Delay = 1.46> <CoreType = "Generic">   --->   Core 0 '' <Latency = 0> <II = 1> <Delay = 1.00> <Generic> <Opcode : >
ST_660 : Operation 2127 [96/118] (1.46ns)   --->   "%bias_norm_V_6 = call i24 @sqrt_fixed<32, 16>, i32 %bias_norm_V_11" [backprop.cpp:400]   --->   Operation 2127 'call' 'bias_norm_V_6' <Predicate = true> <Delay = 1.46> <CoreType = "Generic">   --->   Core 0 '' <Latency = 0> <II = 1> <Delay = 1.00> <Generic> <Opcode : >

State 661 <SV = 287> <Delay = 1.46>
ST_661 : Operation 2128 [95/118] (1.46ns)   --->   "%norm_V_8 = call i24 @sqrt_fixed<32, 16>, i32 %norm_V_11" [backprop.cpp:399]   --->   Operation 2128 'call' 'norm_V_8' <Predicate = true> <Delay = 1.46> <CoreType = "Generic">   --->   Core 0 '' <Latency = 0> <II = 1> <Delay = 1.00> <Generic> <Opcode : >
ST_661 : Operation 2129 [95/118] (1.46ns)   --->   "%bias_norm_V_6 = call i24 @sqrt_fixed<32, 16>, i32 %bias_norm_V_11" [backprop.cpp:400]   --->   Operation 2129 'call' 'bias_norm_V_6' <Predicate = true> <Delay = 1.46> <CoreType = "Generic">   --->   Core 0 '' <Latency = 0> <II = 1> <Delay = 1.00> <Generic> <Opcode : >

State 662 <SV = 288> <Delay = 1.46>
ST_662 : Operation 2130 [94/118] (1.46ns)   --->   "%norm_V_8 = call i24 @sqrt_fixed<32, 16>, i32 %norm_V_11" [backprop.cpp:399]   --->   Operation 2130 'call' 'norm_V_8' <Predicate = true> <Delay = 1.46> <CoreType = "Generic">   --->   Core 0 '' <Latency = 0> <II = 1> <Delay = 1.00> <Generic> <Opcode : >
ST_662 : Operation 2131 [94/118] (1.46ns)   --->   "%bias_norm_V_6 = call i24 @sqrt_fixed<32, 16>, i32 %bias_norm_V_11" [backprop.cpp:400]   --->   Operation 2131 'call' 'bias_norm_V_6' <Predicate = true> <Delay = 1.46> <CoreType = "Generic">   --->   Core 0 '' <Latency = 0> <II = 1> <Delay = 1.00> <Generic> <Opcode : >

State 663 <SV = 289> <Delay = 1.46>
ST_663 : Operation 2132 [93/118] (1.46ns)   --->   "%norm_V_8 = call i24 @sqrt_fixed<32, 16>, i32 %norm_V_11" [backprop.cpp:399]   --->   Operation 2132 'call' 'norm_V_8' <Predicate = true> <Delay = 1.46> <CoreType = "Generic">   --->   Core 0 '' <Latency = 0> <II = 1> <Delay = 1.00> <Generic> <Opcode : >
ST_663 : Operation 2133 [93/118] (1.46ns)   --->   "%bias_norm_V_6 = call i24 @sqrt_fixed<32, 16>, i32 %bias_norm_V_11" [backprop.cpp:400]   --->   Operation 2133 'call' 'bias_norm_V_6' <Predicate = true> <Delay = 1.46> <CoreType = "Generic">   --->   Core 0 '' <Latency = 0> <II = 1> <Delay = 1.00> <Generic> <Opcode : >

State 664 <SV = 290> <Delay = 1.46>
ST_664 : Operation 2134 [92/118] (1.46ns)   --->   "%norm_V_8 = call i24 @sqrt_fixed<32, 16>, i32 %norm_V_11" [backprop.cpp:399]   --->   Operation 2134 'call' 'norm_V_8' <Predicate = true> <Delay = 1.46> <CoreType = "Generic">   --->   Core 0 '' <Latency = 0> <II = 1> <Delay = 1.00> <Generic> <Opcode : >
ST_664 : Operation 2135 [92/118] (1.46ns)   --->   "%bias_norm_V_6 = call i24 @sqrt_fixed<32, 16>, i32 %bias_norm_V_11" [backprop.cpp:400]   --->   Operation 2135 'call' 'bias_norm_V_6' <Predicate = true> <Delay = 1.46> <CoreType = "Generic">   --->   Core 0 '' <Latency = 0> <II = 1> <Delay = 1.00> <Generic> <Opcode : >

State 665 <SV = 291> <Delay = 1.46>
ST_665 : Operation 2136 [91/118] (1.46ns)   --->   "%norm_V_8 = call i24 @sqrt_fixed<32, 16>, i32 %norm_V_11" [backprop.cpp:399]   --->   Operation 2136 'call' 'norm_V_8' <Predicate = true> <Delay = 1.46> <CoreType = "Generic">   --->   Core 0 '' <Latency = 0> <II = 1> <Delay = 1.00> <Generic> <Opcode : >
ST_665 : Operation 2137 [91/118] (1.46ns)   --->   "%bias_norm_V_6 = call i24 @sqrt_fixed<32, 16>, i32 %bias_norm_V_11" [backprop.cpp:400]   --->   Operation 2137 'call' 'bias_norm_V_6' <Predicate = true> <Delay = 1.46> <CoreType = "Generic">   --->   Core 0 '' <Latency = 0> <II = 1> <Delay = 1.00> <Generic> <Opcode : >

State 666 <SV = 292> <Delay = 1.46>
ST_666 : Operation 2138 [90/118] (1.46ns)   --->   "%norm_V_8 = call i24 @sqrt_fixed<32, 16>, i32 %norm_V_11" [backprop.cpp:399]   --->   Operation 2138 'call' 'norm_V_8' <Predicate = true> <Delay = 1.46> <CoreType = "Generic">   --->   Core 0 '' <Latency = 0> <II = 1> <Delay = 1.00> <Generic> <Opcode : >
ST_666 : Operation 2139 [90/118] (1.46ns)   --->   "%bias_norm_V_6 = call i24 @sqrt_fixed<32, 16>, i32 %bias_norm_V_11" [backprop.cpp:400]   --->   Operation 2139 'call' 'bias_norm_V_6' <Predicate = true> <Delay = 1.46> <CoreType = "Generic">   --->   Core 0 '' <Latency = 0> <II = 1> <Delay = 1.00> <Generic> <Opcode : >

State 667 <SV = 293> <Delay = 1.46>
ST_667 : Operation 2140 [89/118] (1.46ns)   --->   "%norm_V_8 = call i24 @sqrt_fixed<32, 16>, i32 %norm_V_11" [backprop.cpp:399]   --->   Operation 2140 'call' 'norm_V_8' <Predicate = true> <Delay = 1.46> <CoreType = "Generic">   --->   Core 0 '' <Latency = 0> <II = 1> <Delay = 1.00> <Generic> <Opcode : >
ST_667 : Operation 2141 [89/118] (1.46ns)   --->   "%bias_norm_V_6 = call i24 @sqrt_fixed<32, 16>, i32 %bias_norm_V_11" [backprop.cpp:400]   --->   Operation 2141 'call' 'bias_norm_V_6' <Predicate = true> <Delay = 1.46> <CoreType = "Generic">   --->   Core 0 '' <Latency = 0> <II = 1> <Delay = 1.00> <Generic> <Opcode : >

State 668 <SV = 294> <Delay = 1.46>
ST_668 : Operation 2142 [88/118] (1.46ns)   --->   "%norm_V_8 = call i24 @sqrt_fixed<32, 16>, i32 %norm_V_11" [backprop.cpp:399]   --->   Operation 2142 'call' 'norm_V_8' <Predicate = true> <Delay = 1.46> <CoreType = "Generic">   --->   Core 0 '' <Latency = 0> <II = 1> <Delay = 1.00> <Generic> <Opcode : >
ST_668 : Operation 2143 [88/118] (1.46ns)   --->   "%bias_norm_V_6 = call i24 @sqrt_fixed<32, 16>, i32 %bias_norm_V_11" [backprop.cpp:400]   --->   Operation 2143 'call' 'bias_norm_V_6' <Predicate = true> <Delay = 1.46> <CoreType = "Generic">   --->   Core 0 '' <Latency = 0> <II = 1> <Delay = 1.00> <Generic> <Opcode : >

State 669 <SV = 295> <Delay = 1.46>
ST_669 : Operation 2144 [87/118] (1.46ns)   --->   "%norm_V_8 = call i24 @sqrt_fixed<32, 16>, i32 %norm_V_11" [backprop.cpp:399]   --->   Operation 2144 'call' 'norm_V_8' <Predicate = true> <Delay = 1.46> <CoreType = "Generic">   --->   Core 0 '' <Latency = 0> <II = 1> <Delay = 1.00> <Generic> <Opcode : >
ST_669 : Operation 2145 [87/118] (1.46ns)   --->   "%bias_norm_V_6 = call i24 @sqrt_fixed<32, 16>, i32 %bias_norm_V_11" [backprop.cpp:400]   --->   Operation 2145 'call' 'bias_norm_V_6' <Predicate = true> <Delay = 1.46> <CoreType = "Generic">   --->   Core 0 '' <Latency = 0> <II = 1> <Delay = 1.00> <Generic> <Opcode : >

State 670 <SV = 296> <Delay = 1.46>
ST_670 : Operation 2146 [86/118] (1.46ns)   --->   "%norm_V_8 = call i24 @sqrt_fixed<32, 16>, i32 %norm_V_11" [backprop.cpp:399]   --->   Operation 2146 'call' 'norm_V_8' <Predicate = true> <Delay = 1.46> <CoreType = "Generic">   --->   Core 0 '' <Latency = 0> <II = 1> <Delay = 1.00> <Generic> <Opcode : >
ST_670 : Operation 2147 [86/118] (1.46ns)   --->   "%bias_norm_V_6 = call i24 @sqrt_fixed<32, 16>, i32 %bias_norm_V_11" [backprop.cpp:400]   --->   Operation 2147 'call' 'bias_norm_V_6' <Predicate = true> <Delay = 1.46> <CoreType = "Generic">   --->   Core 0 '' <Latency = 0> <II = 1> <Delay = 1.00> <Generic> <Opcode : >

State 671 <SV = 297> <Delay = 1.46>
ST_671 : Operation 2148 [85/118] (1.46ns)   --->   "%norm_V_8 = call i24 @sqrt_fixed<32, 16>, i32 %norm_V_11" [backprop.cpp:399]   --->   Operation 2148 'call' 'norm_V_8' <Predicate = true> <Delay = 1.46> <CoreType = "Generic">   --->   Core 0 '' <Latency = 0> <II = 1> <Delay = 1.00> <Generic> <Opcode : >
ST_671 : Operation 2149 [85/118] (1.46ns)   --->   "%bias_norm_V_6 = call i24 @sqrt_fixed<32, 16>, i32 %bias_norm_V_11" [backprop.cpp:400]   --->   Operation 2149 'call' 'bias_norm_V_6' <Predicate = true> <Delay = 1.46> <CoreType = "Generic">   --->   Core 0 '' <Latency = 0> <II = 1> <Delay = 1.00> <Generic> <Opcode : >

State 672 <SV = 298> <Delay = 1.46>
ST_672 : Operation 2150 [84/118] (1.46ns)   --->   "%norm_V_8 = call i24 @sqrt_fixed<32, 16>, i32 %norm_V_11" [backprop.cpp:399]   --->   Operation 2150 'call' 'norm_V_8' <Predicate = true> <Delay = 1.46> <CoreType = "Generic">   --->   Core 0 '' <Latency = 0> <II = 1> <Delay = 1.00> <Generic> <Opcode : >
ST_672 : Operation 2151 [84/118] (1.46ns)   --->   "%bias_norm_V_6 = call i24 @sqrt_fixed<32, 16>, i32 %bias_norm_V_11" [backprop.cpp:400]   --->   Operation 2151 'call' 'bias_norm_V_6' <Predicate = true> <Delay = 1.46> <CoreType = "Generic">   --->   Core 0 '' <Latency = 0> <II = 1> <Delay = 1.00> <Generic> <Opcode : >

State 673 <SV = 299> <Delay = 1.46>
ST_673 : Operation 2152 [83/118] (1.46ns)   --->   "%norm_V_8 = call i24 @sqrt_fixed<32, 16>, i32 %norm_V_11" [backprop.cpp:399]   --->   Operation 2152 'call' 'norm_V_8' <Predicate = true> <Delay = 1.46> <CoreType = "Generic">   --->   Core 0 '' <Latency = 0> <II = 1> <Delay = 1.00> <Generic> <Opcode : >
ST_673 : Operation 2153 [83/118] (1.46ns)   --->   "%bias_norm_V_6 = call i24 @sqrt_fixed<32, 16>, i32 %bias_norm_V_11" [backprop.cpp:400]   --->   Operation 2153 'call' 'bias_norm_V_6' <Predicate = true> <Delay = 1.46> <CoreType = "Generic">   --->   Core 0 '' <Latency = 0> <II = 1> <Delay = 1.00> <Generic> <Opcode : >

State 674 <SV = 300> <Delay = 1.46>
ST_674 : Operation 2154 [82/118] (1.46ns)   --->   "%norm_V_8 = call i24 @sqrt_fixed<32, 16>, i32 %norm_V_11" [backprop.cpp:399]   --->   Operation 2154 'call' 'norm_V_8' <Predicate = true> <Delay = 1.46> <CoreType = "Generic">   --->   Core 0 '' <Latency = 0> <II = 1> <Delay = 1.00> <Generic> <Opcode : >
ST_674 : Operation 2155 [82/118] (1.46ns)   --->   "%bias_norm_V_6 = call i24 @sqrt_fixed<32, 16>, i32 %bias_norm_V_11" [backprop.cpp:400]   --->   Operation 2155 'call' 'bias_norm_V_6' <Predicate = true> <Delay = 1.46> <CoreType = "Generic">   --->   Core 0 '' <Latency = 0> <II = 1> <Delay = 1.00> <Generic> <Opcode : >

State 675 <SV = 301> <Delay = 1.46>
ST_675 : Operation 2156 [81/118] (1.46ns)   --->   "%norm_V_8 = call i24 @sqrt_fixed<32, 16>, i32 %norm_V_11" [backprop.cpp:399]   --->   Operation 2156 'call' 'norm_V_8' <Predicate = true> <Delay = 1.46> <CoreType = "Generic">   --->   Core 0 '' <Latency = 0> <II = 1> <Delay = 1.00> <Generic> <Opcode : >
ST_675 : Operation 2157 [81/118] (1.46ns)   --->   "%bias_norm_V_6 = call i24 @sqrt_fixed<32, 16>, i32 %bias_norm_V_11" [backprop.cpp:400]   --->   Operation 2157 'call' 'bias_norm_V_6' <Predicate = true> <Delay = 1.46> <CoreType = "Generic">   --->   Core 0 '' <Latency = 0> <II = 1> <Delay = 1.00> <Generic> <Opcode : >

State 676 <SV = 302> <Delay = 1.46>
ST_676 : Operation 2158 [80/118] (1.46ns)   --->   "%norm_V_8 = call i24 @sqrt_fixed<32, 16>, i32 %norm_V_11" [backprop.cpp:399]   --->   Operation 2158 'call' 'norm_V_8' <Predicate = true> <Delay = 1.46> <CoreType = "Generic">   --->   Core 0 '' <Latency = 0> <II = 1> <Delay = 1.00> <Generic> <Opcode : >
ST_676 : Operation 2159 [80/118] (1.46ns)   --->   "%bias_norm_V_6 = call i24 @sqrt_fixed<32, 16>, i32 %bias_norm_V_11" [backprop.cpp:400]   --->   Operation 2159 'call' 'bias_norm_V_6' <Predicate = true> <Delay = 1.46> <CoreType = "Generic">   --->   Core 0 '' <Latency = 0> <II = 1> <Delay = 1.00> <Generic> <Opcode : >

State 677 <SV = 303> <Delay = 1.46>
ST_677 : Operation 2160 [79/118] (1.46ns)   --->   "%norm_V_8 = call i24 @sqrt_fixed<32, 16>, i32 %norm_V_11" [backprop.cpp:399]   --->   Operation 2160 'call' 'norm_V_8' <Predicate = true> <Delay = 1.46> <CoreType = "Generic">   --->   Core 0 '' <Latency = 0> <II = 1> <Delay = 1.00> <Generic> <Opcode : >
ST_677 : Operation 2161 [79/118] (1.46ns)   --->   "%bias_norm_V_6 = call i24 @sqrt_fixed<32, 16>, i32 %bias_norm_V_11" [backprop.cpp:400]   --->   Operation 2161 'call' 'bias_norm_V_6' <Predicate = true> <Delay = 1.46> <CoreType = "Generic">   --->   Core 0 '' <Latency = 0> <II = 1> <Delay = 1.00> <Generic> <Opcode : >

State 678 <SV = 304> <Delay = 1.46>
ST_678 : Operation 2162 [78/118] (1.46ns)   --->   "%norm_V_8 = call i24 @sqrt_fixed<32, 16>, i32 %norm_V_11" [backprop.cpp:399]   --->   Operation 2162 'call' 'norm_V_8' <Predicate = true> <Delay = 1.46> <CoreType = "Generic">   --->   Core 0 '' <Latency = 0> <II = 1> <Delay = 1.00> <Generic> <Opcode : >
ST_678 : Operation 2163 [78/118] (1.46ns)   --->   "%bias_norm_V_6 = call i24 @sqrt_fixed<32, 16>, i32 %bias_norm_V_11" [backprop.cpp:400]   --->   Operation 2163 'call' 'bias_norm_V_6' <Predicate = true> <Delay = 1.46> <CoreType = "Generic">   --->   Core 0 '' <Latency = 0> <II = 1> <Delay = 1.00> <Generic> <Opcode : >

State 679 <SV = 305> <Delay = 1.46>
ST_679 : Operation 2164 [77/118] (1.46ns)   --->   "%norm_V_8 = call i24 @sqrt_fixed<32, 16>, i32 %norm_V_11" [backprop.cpp:399]   --->   Operation 2164 'call' 'norm_V_8' <Predicate = true> <Delay = 1.46> <CoreType = "Generic">   --->   Core 0 '' <Latency = 0> <II = 1> <Delay = 1.00> <Generic> <Opcode : >
ST_679 : Operation 2165 [77/118] (1.46ns)   --->   "%bias_norm_V_6 = call i24 @sqrt_fixed<32, 16>, i32 %bias_norm_V_11" [backprop.cpp:400]   --->   Operation 2165 'call' 'bias_norm_V_6' <Predicate = true> <Delay = 1.46> <CoreType = "Generic">   --->   Core 0 '' <Latency = 0> <II = 1> <Delay = 1.00> <Generic> <Opcode : >

State 680 <SV = 306> <Delay = 1.46>
ST_680 : Operation 2166 [76/118] (1.46ns)   --->   "%norm_V_8 = call i24 @sqrt_fixed<32, 16>, i32 %norm_V_11" [backprop.cpp:399]   --->   Operation 2166 'call' 'norm_V_8' <Predicate = true> <Delay = 1.46> <CoreType = "Generic">   --->   Core 0 '' <Latency = 0> <II = 1> <Delay = 1.00> <Generic> <Opcode : >
ST_680 : Operation 2167 [76/118] (1.46ns)   --->   "%bias_norm_V_6 = call i24 @sqrt_fixed<32, 16>, i32 %bias_norm_V_11" [backprop.cpp:400]   --->   Operation 2167 'call' 'bias_norm_V_6' <Predicate = true> <Delay = 1.46> <CoreType = "Generic">   --->   Core 0 '' <Latency = 0> <II = 1> <Delay = 1.00> <Generic> <Opcode : >

State 681 <SV = 307> <Delay = 1.46>
ST_681 : Operation 2168 [75/118] (1.46ns)   --->   "%norm_V_8 = call i24 @sqrt_fixed<32, 16>, i32 %norm_V_11" [backprop.cpp:399]   --->   Operation 2168 'call' 'norm_V_8' <Predicate = true> <Delay = 1.46> <CoreType = "Generic">   --->   Core 0 '' <Latency = 0> <II = 1> <Delay = 1.00> <Generic> <Opcode : >
ST_681 : Operation 2169 [75/118] (1.46ns)   --->   "%bias_norm_V_6 = call i24 @sqrt_fixed<32, 16>, i32 %bias_norm_V_11" [backprop.cpp:400]   --->   Operation 2169 'call' 'bias_norm_V_6' <Predicate = true> <Delay = 1.46> <CoreType = "Generic">   --->   Core 0 '' <Latency = 0> <II = 1> <Delay = 1.00> <Generic> <Opcode : >

State 682 <SV = 308> <Delay = 1.46>
ST_682 : Operation 2170 [74/118] (1.46ns)   --->   "%norm_V_8 = call i24 @sqrt_fixed<32, 16>, i32 %norm_V_11" [backprop.cpp:399]   --->   Operation 2170 'call' 'norm_V_8' <Predicate = true> <Delay = 1.46> <CoreType = "Generic">   --->   Core 0 '' <Latency = 0> <II = 1> <Delay = 1.00> <Generic> <Opcode : >
ST_682 : Operation 2171 [74/118] (1.46ns)   --->   "%bias_norm_V_6 = call i24 @sqrt_fixed<32, 16>, i32 %bias_norm_V_11" [backprop.cpp:400]   --->   Operation 2171 'call' 'bias_norm_V_6' <Predicate = true> <Delay = 1.46> <CoreType = "Generic">   --->   Core 0 '' <Latency = 0> <II = 1> <Delay = 1.00> <Generic> <Opcode : >

State 683 <SV = 309> <Delay = 1.46>
ST_683 : Operation 2172 [73/118] (1.46ns)   --->   "%norm_V_8 = call i24 @sqrt_fixed<32, 16>, i32 %norm_V_11" [backprop.cpp:399]   --->   Operation 2172 'call' 'norm_V_8' <Predicate = true> <Delay = 1.46> <CoreType = "Generic">   --->   Core 0 '' <Latency = 0> <II = 1> <Delay = 1.00> <Generic> <Opcode : >
ST_683 : Operation 2173 [73/118] (1.46ns)   --->   "%bias_norm_V_6 = call i24 @sqrt_fixed<32, 16>, i32 %bias_norm_V_11" [backprop.cpp:400]   --->   Operation 2173 'call' 'bias_norm_V_6' <Predicate = true> <Delay = 1.46> <CoreType = "Generic">   --->   Core 0 '' <Latency = 0> <II = 1> <Delay = 1.00> <Generic> <Opcode : >

State 684 <SV = 310> <Delay = 1.46>
ST_684 : Operation 2174 [72/118] (1.46ns)   --->   "%norm_V_8 = call i24 @sqrt_fixed<32, 16>, i32 %norm_V_11" [backprop.cpp:399]   --->   Operation 2174 'call' 'norm_V_8' <Predicate = true> <Delay = 1.46> <CoreType = "Generic">   --->   Core 0 '' <Latency = 0> <II = 1> <Delay = 1.00> <Generic> <Opcode : >
ST_684 : Operation 2175 [72/118] (1.46ns)   --->   "%bias_norm_V_6 = call i24 @sqrt_fixed<32, 16>, i32 %bias_norm_V_11" [backprop.cpp:400]   --->   Operation 2175 'call' 'bias_norm_V_6' <Predicate = true> <Delay = 1.46> <CoreType = "Generic">   --->   Core 0 '' <Latency = 0> <II = 1> <Delay = 1.00> <Generic> <Opcode : >

State 685 <SV = 311> <Delay = 1.46>
ST_685 : Operation 2176 [71/118] (1.46ns)   --->   "%norm_V_8 = call i24 @sqrt_fixed<32, 16>, i32 %norm_V_11" [backprop.cpp:399]   --->   Operation 2176 'call' 'norm_V_8' <Predicate = true> <Delay = 1.46> <CoreType = "Generic">   --->   Core 0 '' <Latency = 0> <II = 1> <Delay = 1.00> <Generic> <Opcode : >
ST_685 : Operation 2177 [71/118] (1.46ns)   --->   "%bias_norm_V_6 = call i24 @sqrt_fixed<32, 16>, i32 %bias_norm_V_11" [backprop.cpp:400]   --->   Operation 2177 'call' 'bias_norm_V_6' <Predicate = true> <Delay = 1.46> <CoreType = "Generic">   --->   Core 0 '' <Latency = 0> <II = 1> <Delay = 1.00> <Generic> <Opcode : >

State 686 <SV = 312> <Delay = 1.46>
ST_686 : Operation 2178 [70/118] (1.46ns)   --->   "%norm_V_8 = call i24 @sqrt_fixed<32, 16>, i32 %norm_V_11" [backprop.cpp:399]   --->   Operation 2178 'call' 'norm_V_8' <Predicate = true> <Delay = 1.46> <CoreType = "Generic">   --->   Core 0 '' <Latency = 0> <II = 1> <Delay = 1.00> <Generic> <Opcode : >
ST_686 : Operation 2179 [70/118] (1.46ns)   --->   "%bias_norm_V_6 = call i24 @sqrt_fixed<32, 16>, i32 %bias_norm_V_11" [backprop.cpp:400]   --->   Operation 2179 'call' 'bias_norm_V_6' <Predicate = true> <Delay = 1.46> <CoreType = "Generic">   --->   Core 0 '' <Latency = 0> <II = 1> <Delay = 1.00> <Generic> <Opcode : >

State 687 <SV = 313> <Delay = 1.46>
ST_687 : Operation 2180 [69/118] (1.46ns)   --->   "%norm_V_8 = call i24 @sqrt_fixed<32, 16>, i32 %norm_V_11" [backprop.cpp:399]   --->   Operation 2180 'call' 'norm_V_8' <Predicate = true> <Delay = 1.46> <CoreType = "Generic">   --->   Core 0 '' <Latency = 0> <II = 1> <Delay = 1.00> <Generic> <Opcode : >
ST_687 : Operation 2181 [69/118] (1.46ns)   --->   "%bias_norm_V_6 = call i24 @sqrt_fixed<32, 16>, i32 %bias_norm_V_11" [backprop.cpp:400]   --->   Operation 2181 'call' 'bias_norm_V_6' <Predicate = true> <Delay = 1.46> <CoreType = "Generic">   --->   Core 0 '' <Latency = 0> <II = 1> <Delay = 1.00> <Generic> <Opcode : >

State 688 <SV = 314> <Delay = 1.46>
ST_688 : Operation 2182 [68/118] (1.46ns)   --->   "%norm_V_8 = call i24 @sqrt_fixed<32, 16>, i32 %norm_V_11" [backprop.cpp:399]   --->   Operation 2182 'call' 'norm_V_8' <Predicate = true> <Delay = 1.46> <CoreType = "Generic">   --->   Core 0 '' <Latency = 0> <II = 1> <Delay = 1.00> <Generic> <Opcode : >
ST_688 : Operation 2183 [68/118] (1.46ns)   --->   "%bias_norm_V_6 = call i24 @sqrt_fixed<32, 16>, i32 %bias_norm_V_11" [backprop.cpp:400]   --->   Operation 2183 'call' 'bias_norm_V_6' <Predicate = true> <Delay = 1.46> <CoreType = "Generic">   --->   Core 0 '' <Latency = 0> <II = 1> <Delay = 1.00> <Generic> <Opcode : >

State 689 <SV = 315> <Delay = 1.46>
ST_689 : Operation 2184 [67/118] (1.46ns)   --->   "%norm_V_8 = call i24 @sqrt_fixed<32, 16>, i32 %norm_V_11" [backprop.cpp:399]   --->   Operation 2184 'call' 'norm_V_8' <Predicate = true> <Delay = 1.46> <CoreType = "Generic">   --->   Core 0 '' <Latency = 0> <II = 1> <Delay = 1.00> <Generic> <Opcode : >
ST_689 : Operation 2185 [67/118] (1.46ns)   --->   "%bias_norm_V_6 = call i24 @sqrt_fixed<32, 16>, i32 %bias_norm_V_11" [backprop.cpp:400]   --->   Operation 2185 'call' 'bias_norm_V_6' <Predicate = true> <Delay = 1.46> <CoreType = "Generic">   --->   Core 0 '' <Latency = 0> <II = 1> <Delay = 1.00> <Generic> <Opcode : >

State 690 <SV = 316> <Delay = 1.46>
ST_690 : Operation 2186 [66/118] (1.46ns)   --->   "%norm_V_8 = call i24 @sqrt_fixed<32, 16>, i32 %norm_V_11" [backprop.cpp:399]   --->   Operation 2186 'call' 'norm_V_8' <Predicate = true> <Delay = 1.46> <CoreType = "Generic">   --->   Core 0 '' <Latency = 0> <II = 1> <Delay = 1.00> <Generic> <Opcode : >
ST_690 : Operation 2187 [66/118] (1.46ns)   --->   "%bias_norm_V_6 = call i24 @sqrt_fixed<32, 16>, i32 %bias_norm_V_11" [backprop.cpp:400]   --->   Operation 2187 'call' 'bias_norm_V_6' <Predicate = true> <Delay = 1.46> <CoreType = "Generic">   --->   Core 0 '' <Latency = 0> <II = 1> <Delay = 1.00> <Generic> <Opcode : >

State 691 <SV = 317> <Delay = 1.46>
ST_691 : Operation 2188 [65/118] (1.46ns)   --->   "%norm_V_8 = call i24 @sqrt_fixed<32, 16>, i32 %norm_V_11" [backprop.cpp:399]   --->   Operation 2188 'call' 'norm_V_8' <Predicate = true> <Delay = 1.46> <CoreType = "Generic">   --->   Core 0 '' <Latency = 0> <II = 1> <Delay = 1.00> <Generic> <Opcode : >
ST_691 : Operation 2189 [65/118] (1.46ns)   --->   "%bias_norm_V_6 = call i24 @sqrt_fixed<32, 16>, i32 %bias_norm_V_11" [backprop.cpp:400]   --->   Operation 2189 'call' 'bias_norm_V_6' <Predicate = true> <Delay = 1.46> <CoreType = "Generic">   --->   Core 0 '' <Latency = 0> <II = 1> <Delay = 1.00> <Generic> <Opcode : >

State 692 <SV = 318> <Delay = 1.46>
ST_692 : Operation 2190 [64/118] (1.46ns)   --->   "%norm_V_8 = call i24 @sqrt_fixed<32, 16>, i32 %norm_V_11" [backprop.cpp:399]   --->   Operation 2190 'call' 'norm_V_8' <Predicate = true> <Delay = 1.46> <CoreType = "Generic">   --->   Core 0 '' <Latency = 0> <II = 1> <Delay = 1.00> <Generic> <Opcode : >
ST_692 : Operation 2191 [64/118] (1.46ns)   --->   "%bias_norm_V_6 = call i24 @sqrt_fixed<32, 16>, i32 %bias_norm_V_11" [backprop.cpp:400]   --->   Operation 2191 'call' 'bias_norm_V_6' <Predicate = true> <Delay = 1.46> <CoreType = "Generic">   --->   Core 0 '' <Latency = 0> <II = 1> <Delay = 1.00> <Generic> <Opcode : >

State 693 <SV = 319> <Delay = 1.46>
ST_693 : Operation 2192 [63/118] (1.46ns)   --->   "%norm_V_8 = call i24 @sqrt_fixed<32, 16>, i32 %norm_V_11" [backprop.cpp:399]   --->   Operation 2192 'call' 'norm_V_8' <Predicate = true> <Delay = 1.46> <CoreType = "Generic">   --->   Core 0 '' <Latency = 0> <II = 1> <Delay = 1.00> <Generic> <Opcode : >
ST_693 : Operation 2193 [63/118] (1.46ns)   --->   "%bias_norm_V_6 = call i24 @sqrt_fixed<32, 16>, i32 %bias_norm_V_11" [backprop.cpp:400]   --->   Operation 2193 'call' 'bias_norm_V_6' <Predicate = true> <Delay = 1.46> <CoreType = "Generic">   --->   Core 0 '' <Latency = 0> <II = 1> <Delay = 1.00> <Generic> <Opcode : >

State 694 <SV = 320> <Delay = 1.46>
ST_694 : Operation 2194 [62/118] (1.46ns)   --->   "%norm_V_8 = call i24 @sqrt_fixed<32, 16>, i32 %norm_V_11" [backprop.cpp:399]   --->   Operation 2194 'call' 'norm_V_8' <Predicate = true> <Delay = 1.46> <CoreType = "Generic">   --->   Core 0 '' <Latency = 0> <II = 1> <Delay = 1.00> <Generic> <Opcode : >
ST_694 : Operation 2195 [62/118] (1.46ns)   --->   "%bias_norm_V_6 = call i24 @sqrt_fixed<32, 16>, i32 %bias_norm_V_11" [backprop.cpp:400]   --->   Operation 2195 'call' 'bias_norm_V_6' <Predicate = true> <Delay = 1.46> <CoreType = "Generic">   --->   Core 0 '' <Latency = 0> <II = 1> <Delay = 1.00> <Generic> <Opcode : >

State 695 <SV = 321> <Delay = 1.46>
ST_695 : Operation 2196 [61/118] (1.46ns)   --->   "%norm_V_8 = call i24 @sqrt_fixed<32, 16>, i32 %norm_V_11" [backprop.cpp:399]   --->   Operation 2196 'call' 'norm_V_8' <Predicate = true> <Delay = 1.46> <CoreType = "Generic">   --->   Core 0 '' <Latency = 0> <II = 1> <Delay = 1.00> <Generic> <Opcode : >
ST_695 : Operation 2197 [61/118] (1.46ns)   --->   "%bias_norm_V_6 = call i24 @sqrt_fixed<32, 16>, i32 %bias_norm_V_11" [backprop.cpp:400]   --->   Operation 2197 'call' 'bias_norm_V_6' <Predicate = true> <Delay = 1.46> <CoreType = "Generic">   --->   Core 0 '' <Latency = 0> <II = 1> <Delay = 1.00> <Generic> <Opcode : >

State 696 <SV = 322> <Delay = 1.46>
ST_696 : Operation 2198 [60/118] (1.46ns)   --->   "%norm_V_8 = call i24 @sqrt_fixed<32, 16>, i32 %norm_V_11" [backprop.cpp:399]   --->   Operation 2198 'call' 'norm_V_8' <Predicate = true> <Delay = 1.46> <CoreType = "Generic">   --->   Core 0 '' <Latency = 0> <II = 1> <Delay = 1.00> <Generic> <Opcode : >
ST_696 : Operation 2199 [60/118] (1.46ns)   --->   "%bias_norm_V_6 = call i24 @sqrt_fixed<32, 16>, i32 %bias_norm_V_11" [backprop.cpp:400]   --->   Operation 2199 'call' 'bias_norm_V_6' <Predicate = true> <Delay = 1.46> <CoreType = "Generic">   --->   Core 0 '' <Latency = 0> <II = 1> <Delay = 1.00> <Generic> <Opcode : >

State 697 <SV = 323> <Delay = 1.46>
ST_697 : Operation 2200 [59/118] (1.46ns)   --->   "%norm_V_8 = call i24 @sqrt_fixed<32, 16>, i32 %norm_V_11" [backprop.cpp:399]   --->   Operation 2200 'call' 'norm_V_8' <Predicate = true> <Delay = 1.46> <CoreType = "Generic">   --->   Core 0 '' <Latency = 0> <II = 1> <Delay = 1.00> <Generic> <Opcode : >
ST_697 : Operation 2201 [59/118] (1.46ns)   --->   "%bias_norm_V_6 = call i24 @sqrt_fixed<32, 16>, i32 %bias_norm_V_11" [backprop.cpp:400]   --->   Operation 2201 'call' 'bias_norm_V_6' <Predicate = true> <Delay = 1.46> <CoreType = "Generic">   --->   Core 0 '' <Latency = 0> <II = 1> <Delay = 1.00> <Generic> <Opcode : >

State 698 <SV = 324> <Delay = 1.46>
ST_698 : Operation 2202 [58/118] (1.46ns)   --->   "%norm_V_8 = call i24 @sqrt_fixed<32, 16>, i32 %norm_V_11" [backprop.cpp:399]   --->   Operation 2202 'call' 'norm_V_8' <Predicate = true> <Delay = 1.46> <CoreType = "Generic">   --->   Core 0 '' <Latency = 0> <II = 1> <Delay = 1.00> <Generic> <Opcode : >
ST_698 : Operation 2203 [58/118] (1.46ns)   --->   "%bias_norm_V_6 = call i24 @sqrt_fixed<32, 16>, i32 %bias_norm_V_11" [backprop.cpp:400]   --->   Operation 2203 'call' 'bias_norm_V_6' <Predicate = true> <Delay = 1.46> <CoreType = "Generic">   --->   Core 0 '' <Latency = 0> <II = 1> <Delay = 1.00> <Generic> <Opcode : >

State 699 <SV = 325> <Delay = 1.46>
ST_699 : Operation 2204 [57/118] (1.46ns)   --->   "%norm_V_8 = call i24 @sqrt_fixed<32, 16>, i32 %norm_V_11" [backprop.cpp:399]   --->   Operation 2204 'call' 'norm_V_8' <Predicate = true> <Delay = 1.46> <CoreType = "Generic">   --->   Core 0 '' <Latency = 0> <II = 1> <Delay = 1.00> <Generic> <Opcode : >
ST_699 : Operation 2205 [57/118] (1.46ns)   --->   "%bias_norm_V_6 = call i24 @sqrt_fixed<32, 16>, i32 %bias_norm_V_11" [backprop.cpp:400]   --->   Operation 2205 'call' 'bias_norm_V_6' <Predicate = true> <Delay = 1.46> <CoreType = "Generic">   --->   Core 0 '' <Latency = 0> <II = 1> <Delay = 1.00> <Generic> <Opcode : >

State 700 <SV = 326> <Delay = 1.46>
ST_700 : Operation 2206 [56/118] (1.46ns)   --->   "%norm_V_8 = call i24 @sqrt_fixed<32, 16>, i32 %norm_V_11" [backprop.cpp:399]   --->   Operation 2206 'call' 'norm_V_8' <Predicate = true> <Delay = 1.46> <CoreType = "Generic">   --->   Core 0 '' <Latency = 0> <II = 1> <Delay = 1.00> <Generic> <Opcode : >
ST_700 : Operation 2207 [56/118] (1.46ns)   --->   "%bias_norm_V_6 = call i24 @sqrt_fixed<32, 16>, i32 %bias_norm_V_11" [backprop.cpp:400]   --->   Operation 2207 'call' 'bias_norm_V_6' <Predicate = true> <Delay = 1.46> <CoreType = "Generic">   --->   Core 0 '' <Latency = 0> <II = 1> <Delay = 1.00> <Generic> <Opcode : >

State 701 <SV = 327> <Delay = 1.46>
ST_701 : Operation 2208 [55/118] (1.46ns)   --->   "%norm_V_8 = call i24 @sqrt_fixed<32, 16>, i32 %norm_V_11" [backprop.cpp:399]   --->   Operation 2208 'call' 'norm_V_8' <Predicate = true> <Delay = 1.46> <CoreType = "Generic">   --->   Core 0 '' <Latency = 0> <II = 1> <Delay = 1.00> <Generic> <Opcode : >
ST_701 : Operation 2209 [55/118] (1.46ns)   --->   "%bias_norm_V_6 = call i24 @sqrt_fixed<32, 16>, i32 %bias_norm_V_11" [backprop.cpp:400]   --->   Operation 2209 'call' 'bias_norm_V_6' <Predicate = true> <Delay = 1.46> <CoreType = "Generic">   --->   Core 0 '' <Latency = 0> <II = 1> <Delay = 1.00> <Generic> <Opcode : >

State 702 <SV = 328> <Delay = 1.46>
ST_702 : Operation 2210 [54/118] (1.46ns)   --->   "%norm_V_8 = call i24 @sqrt_fixed<32, 16>, i32 %norm_V_11" [backprop.cpp:399]   --->   Operation 2210 'call' 'norm_V_8' <Predicate = true> <Delay = 1.46> <CoreType = "Generic">   --->   Core 0 '' <Latency = 0> <II = 1> <Delay = 1.00> <Generic> <Opcode : >
ST_702 : Operation 2211 [54/118] (1.46ns)   --->   "%bias_norm_V_6 = call i24 @sqrt_fixed<32, 16>, i32 %bias_norm_V_11" [backprop.cpp:400]   --->   Operation 2211 'call' 'bias_norm_V_6' <Predicate = true> <Delay = 1.46> <CoreType = "Generic">   --->   Core 0 '' <Latency = 0> <II = 1> <Delay = 1.00> <Generic> <Opcode : >

State 703 <SV = 329> <Delay = 1.46>
ST_703 : Operation 2212 [53/118] (1.46ns)   --->   "%norm_V_8 = call i24 @sqrt_fixed<32, 16>, i32 %norm_V_11" [backprop.cpp:399]   --->   Operation 2212 'call' 'norm_V_8' <Predicate = true> <Delay = 1.46> <CoreType = "Generic">   --->   Core 0 '' <Latency = 0> <II = 1> <Delay = 1.00> <Generic> <Opcode : >
ST_703 : Operation 2213 [53/118] (1.46ns)   --->   "%bias_norm_V_6 = call i24 @sqrt_fixed<32, 16>, i32 %bias_norm_V_11" [backprop.cpp:400]   --->   Operation 2213 'call' 'bias_norm_V_6' <Predicate = true> <Delay = 1.46> <CoreType = "Generic">   --->   Core 0 '' <Latency = 0> <II = 1> <Delay = 1.00> <Generic> <Opcode : >

State 704 <SV = 330> <Delay = 1.46>
ST_704 : Operation 2214 [52/118] (1.46ns)   --->   "%norm_V_8 = call i24 @sqrt_fixed<32, 16>, i32 %norm_V_11" [backprop.cpp:399]   --->   Operation 2214 'call' 'norm_V_8' <Predicate = true> <Delay = 1.46> <CoreType = "Generic">   --->   Core 0 '' <Latency = 0> <II = 1> <Delay = 1.00> <Generic> <Opcode : >
ST_704 : Operation 2215 [52/118] (1.46ns)   --->   "%bias_norm_V_6 = call i24 @sqrt_fixed<32, 16>, i32 %bias_norm_V_11" [backprop.cpp:400]   --->   Operation 2215 'call' 'bias_norm_V_6' <Predicate = true> <Delay = 1.46> <CoreType = "Generic">   --->   Core 0 '' <Latency = 0> <II = 1> <Delay = 1.00> <Generic> <Opcode : >

State 705 <SV = 331> <Delay = 1.46>
ST_705 : Operation 2216 [51/118] (1.46ns)   --->   "%norm_V_8 = call i24 @sqrt_fixed<32, 16>, i32 %norm_V_11" [backprop.cpp:399]   --->   Operation 2216 'call' 'norm_V_8' <Predicate = true> <Delay = 1.46> <CoreType = "Generic">   --->   Core 0 '' <Latency = 0> <II = 1> <Delay = 1.00> <Generic> <Opcode : >
ST_705 : Operation 2217 [51/118] (1.46ns)   --->   "%bias_norm_V_6 = call i24 @sqrt_fixed<32, 16>, i32 %bias_norm_V_11" [backprop.cpp:400]   --->   Operation 2217 'call' 'bias_norm_V_6' <Predicate = true> <Delay = 1.46> <CoreType = "Generic">   --->   Core 0 '' <Latency = 0> <II = 1> <Delay = 1.00> <Generic> <Opcode : >

State 706 <SV = 332> <Delay = 1.46>
ST_706 : Operation 2218 [50/118] (1.46ns)   --->   "%norm_V_8 = call i24 @sqrt_fixed<32, 16>, i32 %norm_V_11" [backprop.cpp:399]   --->   Operation 2218 'call' 'norm_V_8' <Predicate = true> <Delay = 1.46> <CoreType = "Generic">   --->   Core 0 '' <Latency = 0> <II = 1> <Delay = 1.00> <Generic> <Opcode : >
ST_706 : Operation 2219 [50/118] (1.46ns)   --->   "%bias_norm_V_6 = call i24 @sqrt_fixed<32, 16>, i32 %bias_norm_V_11" [backprop.cpp:400]   --->   Operation 2219 'call' 'bias_norm_V_6' <Predicate = true> <Delay = 1.46> <CoreType = "Generic">   --->   Core 0 '' <Latency = 0> <II = 1> <Delay = 1.00> <Generic> <Opcode : >

State 707 <SV = 333> <Delay = 1.46>
ST_707 : Operation 2220 [49/118] (1.46ns)   --->   "%norm_V_8 = call i24 @sqrt_fixed<32, 16>, i32 %norm_V_11" [backprop.cpp:399]   --->   Operation 2220 'call' 'norm_V_8' <Predicate = true> <Delay = 1.46> <CoreType = "Generic">   --->   Core 0 '' <Latency = 0> <II = 1> <Delay = 1.00> <Generic> <Opcode : >
ST_707 : Operation 2221 [49/118] (1.46ns)   --->   "%bias_norm_V_6 = call i24 @sqrt_fixed<32, 16>, i32 %bias_norm_V_11" [backprop.cpp:400]   --->   Operation 2221 'call' 'bias_norm_V_6' <Predicate = true> <Delay = 1.46> <CoreType = "Generic">   --->   Core 0 '' <Latency = 0> <II = 1> <Delay = 1.00> <Generic> <Opcode : >

State 708 <SV = 334> <Delay = 1.46>
ST_708 : Operation 2222 [48/118] (1.46ns)   --->   "%norm_V_8 = call i24 @sqrt_fixed<32, 16>, i32 %norm_V_11" [backprop.cpp:399]   --->   Operation 2222 'call' 'norm_V_8' <Predicate = true> <Delay = 1.46> <CoreType = "Generic">   --->   Core 0 '' <Latency = 0> <II = 1> <Delay = 1.00> <Generic> <Opcode : >
ST_708 : Operation 2223 [48/118] (1.46ns)   --->   "%bias_norm_V_6 = call i24 @sqrt_fixed<32, 16>, i32 %bias_norm_V_11" [backprop.cpp:400]   --->   Operation 2223 'call' 'bias_norm_V_6' <Predicate = true> <Delay = 1.46> <CoreType = "Generic">   --->   Core 0 '' <Latency = 0> <II = 1> <Delay = 1.00> <Generic> <Opcode : >

State 709 <SV = 335> <Delay = 1.46>
ST_709 : Operation 2224 [47/118] (1.46ns)   --->   "%norm_V_8 = call i24 @sqrt_fixed<32, 16>, i32 %norm_V_11" [backprop.cpp:399]   --->   Operation 2224 'call' 'norm_V_8' <Predicate = true> <Delay = 1.46> <CoreType = "Generic">   --->   Core 0 '' <Latency = 0> <II = 1> <Delay = 1.00> <Generic> <Opcode : >
ST_709 : Operation 2225 [47/118] (1.46ns)   --->   "%bias_norm_V_6 = call i24 @sqrt_fixed<32, 16>, i32 %bias_norm_V_11" [backprop.cpp:400]   --->   Operation 2225 'call' 'bias_norm_V_6' <Predicate = true> <Delay = 1.46> <CoreType = "Generic">   --->   Core 0 '' <Latency = 0> <II = 1> <Delay = 1.00> <Generic> <Opcode : >

State 710 <SV = 336> <Delay = 1.46>
ST_710 : Operation 2226 [46/118] (1.46ns)   --->   "%norm_V_8 = call i24 @sqrt_fixed<32, 16>, i32 %norm_V_11" [backprop.cpp:399]   --->   Operation 2226 'call' 'norm_V_8' <Predicate = true> <Delay = 1.46> <CoreType = "Generic">   --->   Core 0 '' <Latency = 0> <II = 1> <Delay = 1.00> <Generic> <Opcode : >
ST_710 : Operation 2227 [46/118] (1.46ns)   --->   "%bias_norm_V_6 = call i24 @sqrt_fixed<32, 16>, i32 %bias_norm_V_11" [backprop.cpp:400]   --->   Operation 2227 'call' 'bias_norm_V_6' <Predicate = true> <Delay = 1.46> <CoreType = "Generic">   --->   Core 0 '' <Latency = 0> <II = 1> <Delay = 1.00> <Generic> <Opcode : >

State 711 <SV = 337> <Delay = 1.46>
ST_711 : Operation 2228 [45/118] (1.46ns)   --->   "%norm_V_8 = call i24 @sqrt_fixed<32, 16>, i32 %norm_V_11" [backprop.cpp:399]   --->   Operation 2228 'call' 'norm_V_8' <Predicate = true> <Delay = 1.46> <CoreType = "Generic">   --->   Core 0 '' <Latency = 0> <II = 1> <Delay = 1.00> <Generic> <Opcode : >
ST_711 : Operation 2229 [45/118] (1.46ns)   --->   "%bias_norm_V_6 = call i24 @sqrt_fixed<32, 16>, i32 %bias_norm_V_11" [backprop.cpp:400]   --->   Operation 2229 'call' 'bias_norm_V_6' <Predicate = true> <Delay = 1.46> <CoreType = "Generic">   --->   Core 0 '' <Latency = 0> <II = 1> <Delay = 1.00> <Generic> <Opcode : >

State 712 <SV = 338> <Delay = 1.46>
ST_712 : Operation 2230 [44/118] (1.46ns)   --->   "%norm_V_8 = call i24 @sqrt_fixed<32, 16>, i32 %norm_V_11" [backprop.cpp:399]   --->   Operation 2230 'call' 'norm_V_8' <Predicate = true> <Delay = 1.46> <CoreType = "Generic">   --->   Core 0 '' <Latency = 0> <II = 1> <Delay = 1.00> <Generic> <Opcode : >
ST_712 : Operation 2231 [44/118] (1.46ns)   --->   "%bias_norm_V_6 = call i24 @sqrt_fixed<32, 16>, i32 %bias_norm_V_11" [backprop.cpp:400]   --->   Operation 2231 'call' 'bias_norm_V_6' <Predicate = true> <Delay = 1.46> <CoreType = "Generic">   --->   Core 0 '' <Latency = 0> <II = 1> <Delay = 1.00> <Generic> <Opcode : >

State 713 <SV = 339> <Delay = 1.46>
ST_713 : Operation 2232 [43/118] (1.46ns)   --->   "%norm_V_8 = call i24 @sqrt_fixed<32, 16>, i32 %norm_V_11" [backprop.cpp:399]   --->   Operation 2232 'call' 'norm_V_8' <Predicate = true> <Delay = 1.46> <CoreType = "Generic">   --->   Core 0 '' <Latency = 0> <II = 1> <Delay = 1.00> <Generic> <Opcode : >
ST_713 : Operation 2233 [43/118] (1.46ns)   --->   "%bias_norm_V_6 = call i24 @sqrt_fixed<32, 16>, i32 %bias_norm_V_11" [backprop.cpp:400]   --->   Operation 2233 'call' 'bias_norm_V_6' <Predicate = true> <Delay = 1.46> <CoreType = "Generic">   --->   Core 0 '' <Latency = 0> <II = 1> <Delay = 1.00> <Generic> <Opcode : >

State 714 <SV = 340> <Delay = 1.46>
ST_714 : Operation 2234 [42/118] (1.46ns)   --->   "%norm_V_8 = call i24 @sqrt_fixed<32, 16>, i32 %norm_V_11" [backprop.cpp:399]   --->   Operation 2234 'call' 'norm_V_8' <Predicate = true> <Delay = 1.46> <CoreType = "Generic">   --->   Core 0 '' <Latency = 0> <II = 1> <Delay = 1.00> <Generic> <Opcode : >
ST_714 : Operation 2235 [42/118] (1.46ns)   --->   "%bias_norm_V_6 = call i24 @sqrt_fixed<32, 16>, i32 %bias_norm_V_11" [backprop.cpp:400]   --->   Operation 2235 'call' 'bias_norm_V_6' <Predicate = true> <Delay = 1.46> <CoreType = "Generic">   --->   Core 0 '' <Latency = 0> <II = 1> <Delay = 1.00> <Generic> <Opcode : >

State 715 <SV = 341> <Delay = 1.46>
ST_715 : Operation 2236 [41/118] (1.46ns)   --->   "%norm_V_8 = call i24 @sqrt_fixed<32, 16>, i32 %norm_V_11" [backprop.cpp:399]   --->   Operation 2236 'call' 'norm_V_8' <Predicate = true> <Delay = 1.46> <CoreType = "Generic">   --->   Core 0 '' <Latency = 0> <II = 1> <Delay = 1.00> <Generic> <Opcode : >
ST_715 : Operation 2237 [41/118] (1.46ns)   --->   "%bias_norm_V_6 = call i24 @sqrt_fixed<32, 16>, i32 %bias_norm_V_11" [backprop.cpp:400]   --->   Operation 2237 'call' 'bias_norm_V_6' <Predicate = true> <Delay = 1.46> <CoreType = "Generic">   --->   Core 0 '' <Latency = 0> <II = 1> <Delay = 1.00> <Generic> <Opcode : >

State 716 <SV = 342> <Delay = 1.46>
ST_716 : Operation 2238 [40/118] (1.46ns)   --->   "%norm_V_8 = call i24 @sqrt_fixed<32, 16>, i32 %norm_V_11" [backprop.cpp:399]   --->   Operation 2238 'call' 'norm_V_8' <Predicate = true> <Delay = 1.46> <CoreType = "Generic">   --->   Core 0 '' <Latency = 0> <II = 1> <Delay = 1.00> <Generic> <Opcode : >
ST_716 : Operation 2239 [40/118] (1.46ns)   --->   "%bias_norm_V_6 = call i24 @sqrt_fixed<32, 16>, i32 %bias_norm_V_11" [backprop.cpp:400]   --->   Operation 2239 'call' 'bias_norm_V_6' <Predicate = true> <Delay = 1.46> <CoreType = "Generic">   --->   Core 0 '' <Latency = 0> <II = 1> <Delay = 1.00> <Generic> <Opcode : >

State 717 <SV = 343> <Delay = 1.46>
ST_717 : Operation 2240 [39/118] (1.46ns)   --->   "%norm_V_8 = call i24 @sqrt_fixed<32, 16>, i32 %norm_V_11" [backprop.cpp:399]   --->   Operation 2240 'call' 'norm_V_8' <Predicate = true> <Delay = 1.46> <CoreType = "Generic">   --->   Core 0 '' <Latency = 0> <II = 1> <Delay = 1.00> <Generic> <Opcode : >
ST_717 : Operation 2241 [39/118] (1.46ns)   --->   "%bias_norm_V_6 = call i24 @sqrt_fixed<32, 16>, i32 %bias_norm_V_11" [backprop.cpp:400]   --->   Operation 2241 'call' 'bias_norm_V_6' <Predicate = true> <Delay = 1.46> <CoreType = "Generic">   --->   Core 0 '' <Latency = 0> <II = 1> <Delay = 1.00> <Generic> <Opcode : >

State 718 <SV = 344> <Delay = 1.46>
ST_718 : Operation 2242 [38/118] (1.46ns)   --->   "%norm_V_8 = call i24 @sqrt_fixed<32, 16>, i32 %norm_V_11" [backprop.cpp:399]   --->   Operation 2242 'call' 'norm_V_8' <Predicate = true> <Delay = 1.46> <CoreType = "Generic">   --->   Core 0 '' <Latency = 0> <II = 1> <Delay = 1.00> <Generic> <Opcode : >
ST_718 : Operation 2243 [38/118] (1.46ns)   --->   "%bias_norm_V_6 = call i24 @sqrt_fixed<32, 16>, i32 %bias_norm_V_11" [backprop.cpp:400]   --->   Operation 2243 'call' 'bias_norm_V_6' <Predicate = true> <Delay = 1.46> <CoreType = "Generic">   --->   Core 0 '' <Latency = 0> <II = 1> <Delay = 1.00> <Generic> <Opcode : >

State 719 <SV = 345> <Delay = 1.46>
ST_719 : Operation 2244 [37/118] (1.46ns)   --->   "%norm_V_8 = call i24 @sqrt_fixed<32, 16>, i32 %norm_V_11" [backprop.cpp:399]   --->   Operation 2244 'call' 'norm_V_8' <Predicate = true> <Delay = 1.46> <CoreType = "Generic">   --->   Core 0 '' <Latency = 0> <II = 1> <Delay = 1.00> <Generic> <Opcode : >
ST_719 : Operation 2245 [37/118] (1.46ns)   --->   "%bias_norm_V_6 = call i24 @sqrt_fixed<32, 16>, i32 %bias_norm_V_11" [backprop.cpp:400]   --->   Operation 2245 'call' 'bias_norm_V_6' <Predicate = true> <Delay = 1.46> <CoreType = "Generic">   --->   Core 0 '' <Latency = 0> <II = 1> <Delay = 1.00> <Generic> <Opcode : >

State 720 <SV = 346> <Delay = 1.46>
ST_720 : Operation 2246 [36/118] (1.46ns)   --->   "%norm_V_8 = call i24 @sqrt_fixed<32, 16>, i32 %norm_V_11" [backprop.cpp:399]   --->   Operation 2246 'call' 'norm_V_8' <Predicate = true> <Delay = 1.46> <CoreType = "Generic">   --->   Core 0 '' <Latency = 0> <II = 1> <Delay = 1.00> <Generic> <Opcode : >
ST_720 : Operation 2247 [36/118] (1.46ns)   --->   "%bias_norm_V_6 = call i24 @sqrt_fixed<32, 16>, i32 %bias_norm_V_11" [backprop.cpp:400]   --->   Operation 2247 'call' 'bias_norm_V_6' <Predicate = true> <Delay = 1.46> <CoreType = "Generic">   --->   Core 0 '' <Latency = 0> <II = 1> <Delay = 1.00> <Generic> <Opcode : >

State 721 <SV = 347> <Delay = 1.46>
ST_721 : Operation 2248 [35/118] (1.46ns)   --->   "%norm_V_8 = call i24 @sqrt_fixed<32, 16>, i32 %norm_V_11" [backprop.cpp:399]   --->   Operation 2248 'call' 'norm_V_8' <Predicate = true> <Delay = 1.46> <CoreType = "Generic">   --->   Core 0 '' <Latency = 0> <II = 1> <Delay = 1.00> <Generic> <Opcode : >
ST_721 : Operation 2249 [35/118] (1.46ns)   --->   "%bias_norm_V_6 = call i24 @sqrt_fixed<32, 16>, i32 %bias_norm_V_11" [backprop.cpp:400]   --->   Operation 2249 'call' 'bias_norm_V_6' <Predicate = true> <Delay = 1.46> <CoreType = "Generic">   --->   Core 0 '' <Latency = 0> <II = 1> <Delay = 1.00> <Generic> <Opcode : >

State 722 <SV = 348> <Delay = 1.46>
ST_722 : Operation 2250 [34/118] (1.46ns)   --->   "%norm_V_8 = call i24 @sqrt_fixed<32, 16>, i32 %norm_V_11" [backprop.cpp:399]   --->   Operation 2250 'call' 'norm_V_8' <Predicate = true> <Delay = 1.46> <CoreType = "Generic">   --->   Core 0 '' <Latency = 0> <II = 1> <Delay = 1.00> <Generic> <Opcode : >
ST_722 : Operation 2251 [34/118] (1.46ns)   --->   "%bias_norm_V_6 = call i24 @sqrt_fixed<32, 16>, i32 %bias_norm_V_11" [backprop.cpp:400]   --->   Operation 2251 'call' 'bias_norm_V_6' <Predicate = true> <Delay = 1.46> <CoreType = "Generic">   --->   Core 0 '' <Latency = 0> <II = 1> <Delay = 1.00> <Generic> <Opcode : >

State 723 <SV = 349> <Delay = 1.46>
ST_723 : Operation 2252 [33/118] (1.46ns)   --->   "%norm_V_8 = call i24 @sqrt_fixed<32, 16>, i32 %norm_V_11" [backprop.cpp:399]   --->   Operation 2252 'call' 'norm_V_8' <Predicate = true> <Delay = 1.46> <CoreType = "Generic">   --->   Core 0 '' <Latency = 0> <II = 1> <Delay = 1.00> <Generic> <Opcode : >
ST_723 : Operation 2253 [33/118] (1.46ns)   --->   "%bias_norm_V_6 = call i24 @sqrt_fixed<32, 16>, i32 %bias_norm_V_11" [backprop.cpp:400]   --->   Operation 2253 'call' 'bias_norm_V_6' <Predicate = true> <Delay = 1.46> <CoreType = "Generic">   --->   Core 0 '' <Latency = 0> <II = 1> <Delay = 1.00> <Generic> <Opcode : >

State 724 <SV = 350> <Delay = 1.46>
ST_724 : Operation 2254 [32/118] (1.46ns)   --->   "%norm_V_8 = call i24 @sqrt_fixed<32, 16>, i32 %norm_V_11" [backprop.cpp:399]   --->   Operation 2254 'call' 'norm_V_8' <Predicate = true> <Delay = 1.46> <CoreType = "Generic">   --->   Core 0 '' <Latency = 0> <II = 1> <Delay = 1.00> <Generic> <Opcode : >
ST_724 : Operation 2255 [32/118] (1.46ns)   --->   "%bias_norm_V_6 = call i24 @sqrt_fixed<32, 16>, i32 %bias_norm_V_11" [backprop.cpp:400]   --->   Operation 2255 'call' 'bias_norm_V_6' <Predicate = true> <Delay = 1.46> <CoreType = "Generic">   --->   Core 0 '' <Latency = 0> <II = 1> <Delay = 1.00> <Generic> <Opcode : >

State 725 <SV = 351> <Delay = 1.46>
ST_725 : Operation 2256 [31/118] (1.46ns)   --->   "%norm_V_8 = call i24 @sqrt_fixed<32, 16>, i32 %norm_V_11" [backprop.cpp:399]   --->   Operation 2256 'call' 'norm_V_8' <Predicate = true> <Delay = 1.46> <CoreType = "Generic">   --->   Core 0 '' <Latency = 0> <II = 1> <Delay = 1.00> <Generic> <Opcode : >
ST_725 : Operation 2257 [31/118] (1.46ns)   --->   "%bias_norm_V_6 = call i24 @sqrt_fixed<32, 16>, i32 %bias_norm_V_11" [backprop.cpp:400]   --->   Operation 2257 'call' 'bias_norm_V_6' <Predicate = true> <Delay = 1.46> <CoreType = "Generic">   --->   Core 0 '' <Latency = 0> <II = 1> <Delay = 1.00> <Generic> <Opcode : >

State 726 <SV = 352> <Delay = 1.46>
ST_726 : Operation 2258 [30/118] (1.46ns)   --->   "%norm_V_8 = call i24 @sqrt_fixed<32, 16>, i32 %norm_V_11" [backprop.cpp:399]   --->   Operation 2258 'call' 'norm_V_8' <Predicate = true> <Delay = 1.46> <CoreType = "Generic">   --->   Core 0 '' <Latency = 0> <II = 1> <Delay = 1.00> <Generic> <Opcode : >
ST_726 : Operation 2259 [30/118] (1.46ns)   --->   "%bias_norm_V_6 = call i24 @sqrt_fixed<32, 16>, i32 %bias_norm_V_11" [backprop.cpp:400]   --->   Operation 2259 'call' 'bias_norm_V_6' <Predicate = true> <Delay = 1.46> <CoreType = "Generic">   --->   Core 0 '' <Latency = 0> <II = 1> <Delay = 1.00> <Generic> <Opcode : >

State 727 <SV = 353> <Delay = 1.46>
ST_727 : Operation 2260 [29/118] (1.46ns)   --->   "%norm_V_8 = call i24 @sqrt_fixed<32, 16>, i32 %norm_V_11" [backprop.cpp:399]   --->   Operation 2260 'call' 'norm_V_8' <Predicate = true> <Delay = 1.46> <CoreType = "Generic">   --->   Core 0 '' <Latency = 0> <II = 1> <Delay = 1.00> <Generic> <Opcode : >
ST_727 : Operation 2261 [29/118] (1.46ns)   --->   "%bias_norm_V_6 = call i24 @sqrt_fixed<32, 16>, i32 %bias_norm_V_11" [backprop.cpp:400]   --->   Operation 2261 'call' 'bias_norm_V_6' <Predicate = true> <Delay = 1.46> <CoreType = "Generic">   --->   Core 0 '' <Latency = 0> <II = 1> <Delay = 1.00> <Generic> <Opcode : >

State 728 <SV = 354> <Delay = 1.46>
ST_728 : Operation 2262 [28/118] (1.46ns)   --->   "%norm_V_8 = call i24 @sqrt_fixed<32, 16>, i32 %norm_V_11" [backprop.cpp:399]   --->   Operation 2262 'call' 'norm_V_8' <Predicate = true> <Delay = 1.46> <CoreType = "Generic">   --->   Core 0 '' <Latency = 0> <II = 1> <Delay = 1.00> <Generic> <Opcode : >
ST_728 : Operation 2263 [28/118] (1.46ns)   --->   "%bias_norm_V_6 = call i24 @sqrt_fixed<32, 16>, i32 %bias_norm_V_11" [backprop.cpp:400]   --->   Operation 2263 'call' 'bias_norm_V_6' <Predicate = true> <Delay = 1.46> <CoreType = "Generic">   --->   Core 0 '' <Latency = 0> <II = 1> <Delay = 1.00> <Generic> <Opcode : >

State 729 <SV = 355> <Delay = 1.46>
ST_729 : Operation 2264 [27/118] (1.46ns)   --->   "%norm_V_8 = call i24 @sqrt_fixed<32, 16>, i32 %norm_V_11" [backprop.cpp:399]   --->   Operation 2264 'call' 'norm_V_8' <Predicate = true> <Delay = 1.46> <CoreType = "Generic">   --->   Core 0 '' <Latency = 0> <II = 1> <Delay = 1.00> <Generic> <Opcode : >
ST_729 : Operation 2265 [27/118] (1.46ns)   --->   "%bias_norm_V_6 = call i24 @sqrt_fixed<32, 16>, i32 %bias_norm_V_11" [backprop.cpp:400]   --->   Operation 2265 'call' 'bias_norm_V_6' <Predicate = true> <Delay = 1.46> <CoreType = "Generic">   --->   Core 0 '' <Latency = 0> <II = 1> <Delay = 1.00> <Generic> <Opcode : >

State 730 <SV = 356> <Delay = 1.46>
ST_730 : Operation 2266 [26/118] (1.46ns)   --->   "%norm_V_8 = call i24 @sqrt_fixed<32, 16>, i32 %norm_V_11" [backprop.cpp:399]   --->   Operation 2266 'call' 'norm_V_8' <Predicate = true> <Delay = 1.46> <CoreType = "Generic">   --->   Core 0 '' <Latency = 0> <II = 1> <Delay = 1.00> <Generic> <Opcode : >
ST_730 : Operation 2267 [26/118] (1.46ns)   --->   "%bias_norm_V_6 = call i24 @sqrt_fixed<32, 16>, i32 %bias_norm_V_11" [backprop.cpp:400]   --->   Operation 2267 'call' 'bias_norm_V_6' <Predicate = true> <Delay = 1.46> <CoreType = "Generic">   --->   Core 0 '' <Latency = 0> <II = 1> <Delay = 1.00> <Generic> <Opcode : >

State 731 <SV = 357> <Delay = 1.46>
ST_731 : Operation 2268 [25/118] (1.46ns)   --->   "%norm_V_8 = call i24 @sqrt_fixed<32, 16>, i32 %norm_V_11" [backprop.cpp:399]   --->   Operation 2268 'call' 'norm_V_8' <Predicate = true> <Delay = 1.46> <CoreType = "Generic">   --->   Core 0 '' <Latency = 0> <II = 1> <Delay = 1.00> <Generic> <Opcode : >
ST_731 : Operation 2269 [25/118] (1.46ns)   --->   "%bias_norm_V_6 = call i24 @sqrt_fixed<32, 16>, i32 %bias_norm_V_11" [backprop.cpp:400]   --->   Operation 2269 'call' 'bias_norm_V_6' <Predicate = true> <Delay = 1.46> <CoreType = "Generic">   --->   Core 0 '' <Latency = 0> <II = 1> <Delay = 1.00> <Generic> <Opcode : >

State 732 <SV = 358> <Delay = 1.46>
ST_732 : Operation 2270 [24/118] (1.46ns)   --->   "%norm_V_8 = call i24 @sqrt_fixed<32, 16>, i32 %norm_V_11" [backprop.cpp:399]   --->   Operation 2270 'call' 'norm_V_8' <Predicate = true> <Delay = 1.46> <CoreType = "Generic">   --->   Core 0 '' <Latency = 0> <II = 1> <Delay = 1.00> <Generic> <Opcode : >
ST_732 : Operation 2271 [24/118] (1.46ns)   --->   "%bias_norm_V_6 = call i24 @sqrt_fixed<32, 16>, i32 %bias_norm_V_11" [backprop.cpp:400]   --->   Operation 2271 'call' 'bias_norm_V_6' <Predicate = true> <Delay = 1.46> <CoreType = "Generic">   --->   Core 0 '' <Latency = 0> <II = 1> <Delay = 1.00> <Generic> <Opcode : >

State 733 <SV = 359> <Delay = 1.46>
ST_733 : Operation 2272 [23/118] (1.46ns)   --->   "%norm_V_8 = call i24 @sqrt_fixed<32, 16>, i32 %norm_V_11" [backprop.cpp:399]   --->   Operation 2272 'call' 'norm_V_8' <Predicate = true> <Delay = 1.46> <CoreType = "Generic">   --->   Core 0 '' <Latency = 0> <II = 1> <Delay = 1.00> <Generic> <Opcode : >
ST_733 : Operation 2273 [23/118] (1.46ns)   --->   "%bias_norm_V_6 = call i24 @sqrt_fixed<32, 16>, i32 %bias_norm_V_11" [backprop.cpp:400]   --->   Operation 2273 'call' 'bias_norm_V_6' <Predicate = true> <Delay = 1.46> <CoreType = "Generic">   --->   Core 0 '' <Latency = 0> <II = 1> <Delay = 1.00> <Generic> <Opcode : >

State 734 <SV = 360> <Delay = 1.46>
ST_734 : Operation 2274 [22/118] (1.46ns)   --->   "%norm_V_8 = call i24 @sqrt_fixed<32, 16>, i32 %norm_V_11" [backprop.cpp:399]   --->   Operation 2274 'call' 'norm_V_8' <Predicate = true> <Delay = 1.46> <CoreType = "Generic">   --->   Core 0 '' <Latency = 0> <II = 1> <Delay = 1.00> <Generic> <Opcode : >
ST_734 : Operation 2275 [22/118] (1.46ns)   --->   "%bias_norm_V_6 = call i24 @sqrt_fixed<32, 16>, i32 %bias_norm_V_11" [backprop.cpp:400]   --->   Operation 2275 'call' 'bias_norm_V_6' <Predicate = true> <Delay = 1.46> <CoreType = "Generic">   --->   Core 0 '' <Latency = 0> <II = 1> <Delay = 1.00> <Generic> <Opcode : >

State 735 <SV = 361> <Delay = 1.46>
ST_735 : Operation 2276 [21/118] (1.46ns)   --->   "%norm_V_8 = call i24 @sqrt_fixed<32, 16>, i32 %norm_V_11" [backprop.cpp:399]   --->   Operation 2276 'call' 'norm_V_8' <Predicate = true> <Delay = 1.46> <CoreType = "Generic">   --->   Core 0 '' <Latency = 0> <II = 1> <Delay = 1.00> <Generic> <Opcode : >
ST_735 : Operation 2277 [21/118] (1.46ns)   --->   "%bias_norm_V_6 = call i24 @sqrt_fixed<32, 16>, i32 %bias_norm_V_11" [backprop.cpp:400]   --->   Operation 2277 'call' 'bias_norm_V_6' <Predicate = true> <Delay = 1.46> <CoreType = "Generic">   --->   Core 0 '' <Latency = 0> <II = 1> <Delay = 1.00> <Generic> <Opcode : >

State 736 <SV = 362> <Delay = 1.46>
ST_736 : Operation 2278 [20/118] (1.46ns)   --->   "%norm_V_8 = call i24 @sqrt_fixed<32, 16>, i32 %norm_V_11" [backprop.cpp:399]   --->   Operation 2278 'call' 'norm_V_8' <Predicate = true> <Delay = 1.46> <CoreType = "Generic">   --->   Core 0 '' <Latency = 0> <II = 1> <Delay = 1.00> <Generic> <Opcode : >
ST_736 : Operation 2279 [20/118] (1.46ns)   --->   "%bias_norm_V_6 = call i24 @sqrt_fixed<32, 16>, i32 %bias_norm_V_11" [backprop.cpp:400]   --->   Operation 2279 'call' 'bias_norm_V_6' <Predicate = true> <Delay = 1.46> <CoreType = "Generic">   --->   Core 0 '' <Latency = 0> <II = 1> <Delay = 1.00> <Generic> <Opcode : >

State 737 <SV = 363> <Delay = 1.46>
ST_737 : Operation 2280 [19/118] (1.46ns)   --->   "%norm_V_8 = call i24 @sqrt_fixed<32, 16>, i32 %norm_V_11" [backprop.cpp:399]   --->   Operation 2280 'call' 'norm_V_8' <Predicate = true> <Delay = 1.46> <CoreType = "Generic">   --->   Core 0 '' <Latency = 0> <II = 1> <Delay = 1.00> <Generic> <Opcode : >
ST_737 : Operation 2281 [19/118] (1.46ns)   --->   "%bias_norm_V_6 = call i24 @sqrt_fixed<32, 16>, i32 %bias_norm_V_11" [backprop.cpp:400]   --->   Operation 2281 'call' 'bias_norm_V_6' <Predicate = true> <Delay = 1.46> <CoreType = "Generic">   --->   Core 0 '' <Latency = 0> <II = 1> <Delay = 1.00> <Generic> <Opcode : >

State 738 <SV = 364> <Delay = 1.46>
ST_738 : Operation 2282 [18/118] (1.46ns)   --->   "%norm_V_8 = call i24 @sqrt_fixed<32, 16>, i32 %norm_V_11" [backprop.cpp:399]   --->   Operation 2282 'call' 'norm_V_8' <Predicate = true> <Delay = 1.46> <CoreType = "Generic">   --->   Core 0 '' <Latency = 0> <II = 1> <Delay = 1.00> <Generic> <Opcode : >
ST_738 : Operation 2283 [18/118] (1.46ns)   --->   "%bias_norm_V_6 = call i24 @sqrt_fixed<32, 16>, i32 %bias_norm_V_11" [backprop.cpp:400]   --->   Operation 2283 'call' 'bias_norm_V_6' <Predicate = true> <Delay = 1.46> <CoreType = "Generic">   --->   Core 0 '' <Latency = 0> <II = 1> <Delay = 1.00> <Generic> <Opcode : >

State 739 <SV = 365> <Delay = 1.46>
ST_739 : Operation 2284 [17/118] (1.46ns)   --->   "%norm_V_8 = call i24 @sqrt_fixed<32, 16>, i32 %norm_V_11" [backprop.cpp:399]   --->   Operation 2284 'call' 'norm_V_8' <Predicate = true> <Delay = 1.46> <CoreType = "Generic">   --->   Core 0 '' <Latency = 0> <II = 1> <Delay = 1.00> <Generic> <Opcode : >
ST_739 : Operation 2285 [17/118] (1.46ns)   --->   "%bias_norm_V_6 = call i24 @sqrt_fixed<32, 16>, i32 %bias_norm_V_11" [backprop.cpp:400]   --->   Operation 2285 'call' 'bias_norm_V_6' <Predicate = true> <Delay = 1.46> <CoreType = "Generic">   --->   Core 0 '' <Latency = 0> <II = 1> <Delay = 1.00> <Generic> <Opcode : >

State 740 <SV = 366> <Delay = 1.46>
ST_740 : Operation 2286 [16/118] (1.46ns)   --->   "%norm_V_8 = call i24 @sqrt_fixed<32, 16>, i32 %norm_V_11" [backprop.cpp:399]   --->   Operation 2286 'call' 'norm_V_8' <Predicate = true> <Delay = 1.46> <CoreType = "Generic">   --->   Core 0 '' <Latency = 0> <II = 1> <Delay = 1.00> <Generic> <Opcode : >
ST_740 : Operation 2287 [16/118] (1.46ns)   --->   "%bias_norm_V_6 = call i24 @sqrt_fixed<32, 16>, i32 %bias_norm_V_11" [backprop.cpp:400]   --->   Operation 2287 'call' 'bias_norm_V_6' <Predicate = true> <Delay = 1.46> <CoreType = "Generic">   --->   Core 0 '' <Latency = 0> <II = 1> <Delay = 1.00> <Generic> <Opcode : >

State 741 <SV = 367> <Delay = 1.46>
ST_741 : Operation 2288 [15/118] (1.46ns)   --->   "%norm_V_8 = call i24 @sqrt_fixed<32, 16>, i32 %norm_V_11" [backprop.cpp:399]   --->   Operation 2288 'call' 'norm_V_8' <Predicate = true> <Delay = 1.46> <CoreType = "Generic">   --->   Core 0 '' <Latency = 0> <II = 1> <Delay = 1.00> <Generic> <Opcode : >
ST_741 : Operation 2289 [15/118] (1.46ns)   --->   "%bias_norm_V_6 = call i24 @sqrt_fixed<32, 16>, i32 %bias_norm_V_11" [backprop.cpp:400]   --->   Operation 2289 'call' 'bias_norm_V_6' <Predicate = true> <Delay = 1.46> <CoreType = "Generic">   --->   Core 0 '' <Latency = 0> <II = 1> <Delay = 1.00> <Generic> <Opcode : >

State 742 <SV = 368> <Delay = 1.46>
ST_742 : Operation 2290 [14/118] (1.46ns)   --->   "%norm_V_8 = call i24 @sqrt_fixed<32, 16>, i32 %norm_V_11" [backprop.cpp:399]   --->   Operation 2290 'call' 'norm_V_8' <Predicate = true> <Delay = 1.46> <CoreType = "Generic">   --->   Core 0 '' <Latency = 0> <II = 1> <Delay = 1.00> <Generic> <Opcode : >
ST_742 : Operation 2291 [14/118] (1.46ns)   --->   "%bias_norm_V_6 = call i24 @sqrt_fixed<32, 16>, i32 %bias_norm_V_11" [backprop.cpp:400]   --->   Operation 2291 'call' 'bias_norm_V_6' <Predicate = true> <Delay = 1.46> <CoreType = "Generic">   --->   Core 0 '' <Latency = 0> <II = 1> <Delay = 1.00> <Generic> <Opcode : >

State 743 <SV = 369> <Delay = 1.46>
ST_743 : Operation 2292 [13/118] (1.46ns)   --->   "%norm_V_8 = call i24 @sqrt_fixed<32, 16>, i32 %norm_V_11" [backprop.cpp:399]   --->   Operation 2292 'call' 'norm_V_8' <Predicate = true> <Delay = 1.46> <CoreType = "Generic">   --->   Core 0 '' <Latency = 0> <II = 1> <Delay = 1.00> <Generic> <Opcode : >
ST_743 : Operation 2293 [13/118] (1.46ns)   --->   "%bias_norm_V_6 = call i24 @sqrt_fixed<32, 16>, i32 %bias_norm_V_11" [backprop.cpp:400]   --->   Operation 2293 'call' 'bias_norm_V_6' <Predicate = true> <Delay = 1.46> <CoreType = "Generic">   --->   Core 0 '' <Latency = 0> <II = 1> <Delay = 1.00> <Generic> <Opcode : >

State 744 <SV = 370> <Delay = 1.46>
ST_744 : Operation 2294 [12/118] (1.46ns)   --->   "%norm_V_8 = call i24 @sqrt_fixed<32, 16>, i32 %norm_V_11" [backprop.cpp:399]   --->   Operation 2294 'call' 'norm_V_8' <Predicate = true> <Delay = 1.46> <CoreType = "Generic">   --->   Core 0 '' <Latency = 0> <II = 1> <Delay = 1.00> <Generic> <Opcode : >
ST_744 : Operation 2295 [12/118] (1.46ns)   --->   "%bias_norm_V_6 = call i24 @sqrt_fixed<32, 16>, i32 %bias_norm_V_11" [backprop.cpp:400]   --->   Operation 2295 'call' 'bias_norm_V_6' <Predicate = true> <Delay = 1.46> <CoreType = "Generic">   --->   Core 0 '' <Latency = 0> <II = 1> <Delay = 1.00> <Generic> <Opcode : >

State 745 <SV = 371> <Delay = 1.46>
ST_745 : Operation 2296 [11/118] (1.46ns)   --->   "%norm_V_8 = call i24 @sqrt_fixed<32, 16>, i32 %norm_V_11" [backprop.cpp:399]   --->   Operation 2296 'call' 'norm_V_8' <Predicate = true> <Delay = 1.46> <CoreType = "Generic">   --->   Core 0 '' <Latency = 0> <II = 1> <Delay = 1.00> <Generic> <Opcode : >
ST_745 : Operation 2297 [11/118] (1.46ns)   --->   "%bias_norm_V_6 = call i24 @sqrt_fixed<32, 16>, i32 %bias_norm_V_11" [backprop.cpp:400]   --->   Operation 2297 'call' 'bias_norm_V_6' <Predicate = true> <Delay = 1.46> <CoreType = "Generic">   --->   Core 0 '' <Latency = 0> <II = 1> <Delay = 1.00> <Generic> <Opcode : >

State 746 <SV = 372> <Delay = 1.46>
ST_746 : Operation 2298 [10/118] (1.46ns)   --->   "%norm_V_8 = call i24 @sqrt_fixed<32, 16>, i32 %norm_V_11" [backprop.cpp:399]   --->   Operation 2298 'call' 'norm_V_8' <Predicate = true> <Delay = 1.46> <CoreType = "Generic">   --->   Core 0 '' <Latency = 0> <II = 1> <Delay = 1.00> <Generic> <Opcode : >
ST_746 : Operation 2299 [10/118] (1.46ns)   --->   "%bias_norm_V_6 = call i24 @sqrt_fixed<32, 16>, i32 %bias_norm_V_11" [backprop.cpp:400]   --->   Operation 2299 'call' 'bias_norm_V_6' <Predicate = true> <Delay = 1.46> <CoreType = "Generic">   --->   Core 0 '' <Latency = 0> <II = 1> <Delay = 1.00> <Generic> <Opcode : >

State 747 <SV = 373> <Delay = 1.46>
ST_747 : Operation 2300 [9/118] (1.46ns)   --->   "%norm_V_8 = call i24 @sqrt_fixed<32, 16>, i32 %norm_V_11" [backprop.cpp:399]   --->   Operation 2300 'call' 'norm_V_8' <Predicate = true> <Delay = 1.46> <CoreType = "Generic">   --->   Core 0 '' <Latency = 0> <II = 1> <Delay = 1.00> <Generic> <Opcode : >
ST_747 : Operation 2301 [9/118] (1.46ns)   --->   "%bias_norm_V_6 = call i24 @sqrt_fixed<32, 16>, i32 %bias_norm_V_11" [backprop.cpp:400]   --->   Operation 2301 'call' 'bias_norm_V_6' <Predicate = true> <Delay = 1.46> <CoreType = "Generic">   --->   Core 0 '' <Latency = 0> <II = 1> <Delay = 1.00> <Generic> <Opcode : >

State 748 <SV = 374> <Delay = 1.46>
ST_748 : Operation 2302 [8/118] (1.46ns)   --->   "%norm_V_8 = call i24 @sqrt_fixed<32, 16>, i32 %norm_V_11" [backprop.cpp:399]   --->   Operation 2302 'call' 'norm_V_8' <Predicate = true> <Delay = 1.46> <CoreType = "Generic">   --->   Core 0 '' <Latency = 0> <II = 1> <Delay = 1.00> <Generic> <Opcode : >
ST_748 : Operation 2303 [8/118] (1.46ns)   --->   "%bias_norm_V_6 = call i24 @sqrt_fixed<32, 16>, i32 %bias_norm_V_11" [backprop.cpp:400]   --->   Operation 2303 'call' 'bias_norm_V_6' <Predicate = true> <Delay = 1.46> <CoreType = "Generic">   --->   Core 0 '' <Latency = 0> <II = 1> <Delay = 1.00> <Generic> <Opcode : >

State 749 <SV = 375> <Delay = 1.46>
ST_749 : Operation 2304 [7/118] (1.46ns)   --->   "%norm_V_8 = call i24 @sqrt_fixed<32, 16>, i32 %norm_V_11" [backprop.cpp:399]   --->   Operation 2304 'call' 'norm_V_8' <Predicate = true> <Delay = 1.46> <CoreType = "Generic">   --->   Core 0 '' <Latency = 0> <II = 1> <Delay = 1.00> <Generic> <Opcode : >
ST_749 : Operation 2305 [7/118] (1.46ns)   --->   "%bias_norm_V_6 = call i24 @sqrt_fixed<32, 16>, i32 %bias_norm_V_11" [backprop.cpp:400]   --->   Operation 2305 'call' 'bias_norm_V_6' <Predicate = true> <Delay = 1.46> <CoreType = "Generic">   --->   Core 0 '' <Latency = 0> <II = 1> <Delay = 1.00> <Generic> <Opcode : >

State 750 <SV = 376> <Delay = 1.46>
ST_750 : Operation 2306 [6/118] (1.46ns)   --->   "%norm_V_8 = call i24 @sqrt_fixed<32, 16>, i32 %norm_V_11" [backprop.cpp:399]   --->   Operation 2306 'call' 'norm_V_8' <Predicate = true> <Delay = 1.46> <CoreType = "Generic">   --->   Core 0 '' <Latency = 0> <II = 1> <Delay = 1.00> <Generic> <Opcode : >
ST_750 : Operation 2307 [6/118] (1.46ns)   --->   "%bias_norm_V_6 = call i24 @sqrt_fixed<32, 16>, i32 %bias_norm_V_11" [backprop.cpp:400]   --->   Operation 2307 'call' 'bias_norm_V_6' <Predicate = true> <Delay = 1.46> <CoreType = "Generic">   --->   Core 0 '' <Latency = 0> <II = 1> <Delay = 1.00> <Generic> <Opcode : >

State 751 <SV = 377> <Delay = 1.46>
ST_751 : Operation 2308 [5/118] (1.46ns)   --->   "%norm_V_8 = call i24 @sqrt_fixed<32, 16>, i32 %norm_V_11" [backprop.cpp:399]   --->   Operation 2308 'call' 'norm_V_8' <Predicate = true> <Delay = 1.46> <CoreType = "Generic">   --->   Core 0 '' <Latency = 0> <II = 1> <Delay = 1.00> <Generic> <Opcode : >
ST_751 : Operation 2309 [5/118] (1.46ns)   --->   "%bias_norm_V_6 = call i24 @sqrt_fixed<32, 16>, i32 %bias_norm_V_11" [backprop.cpp:400]   --->   Operation 2309 'call' 'bias_norm_V_6' <Predicate = true> <Delay = 1.46> <CoreType = "Generic">   --->   Core 0 '' <Latency = 0> <II = 1> <Delay = 1.00> <Generic> <Opcode : >

State 752 <SV = 378> <Delay = 1.46>
ST_752 : Operation 2310 [4/118] (1.46ns)   --->   "%norm_V_8 = call i24 @sqrt_fixed<32, 16>, i32 %norm_V_11" [backprop.cpp:399]   --->   Operation 2310 'call' 'norm_V_8' <Predicate = true> <Delay = 1.46> <CoreType = "Generic">   --->   Core 0 '' <Latency = 0> <II = 1> <Delay = 1.00> <Generic> <Opcode : >
ST_752 : Operation 2311 [4/118] (1.46ns)   --->   "%bias_norm_V_6 = call i24 @sqrt_fixed<32, 16>, i32 %bias_norm_V_11" [backprop.cpp:400]   --->   Operation 2311 'call' 'bias_norm_V_6' <Predicate = true> <Delay = 1.46> <CoreType = "Generic">   --->   Core 0 '' <Latency = 0> <II = 1> <Delay = 1.00> <Generic> <Opcode : >

State 753 <SV = 379> <Delay = 1.46>
ST_753 : Operation 2312 [3/118] (1.46ns)   --->   "%norm_V_8 = call i24 @sqrt_fixed<32, 16>, i32 %norm_V_11" [backprop.cpp:399]   --->   Operation 2312 'call' 'norm_V_8' <Predicate = true> <Delay = 1.46> <CoreType = "Generic">   --->   Core 0 '' <Latency = 0> <II = 1> <Delay = 1.00> <Generic> <Opcode : >
ST_753 : Operation 2313 [3/118] (1.46ns)   --->   "%bias_norm_V_6 = call i24 @sqrt_fixed<32, 16>, i32 %bias_norm_V_11" [backprop.cpp:400]   --->   Operation 2313 'call' 'bias_norm_V_6' <Predicate = true> <Delay = 1.46> <CoreType = "Generic">   --->   Core 0 '' <Latency = 0> <II = 1> <Delay = 1.00> <Generic> <Opcode : >

State 754 <SV = 380> <Delay = 1.46>
ST_754 : Operation 2314 [2/118] (1.46ns)   --->   "%norm_V_8 = call i24 @sqrt_fixed<32, 16>, i32 %norm_V_11" [backprop.cpp:399]   --->   Operation 2314 'call' 'norm_V_8' <Predicate = true> <Delay = 1.46> <CoreType = "Generic">   --->   Core 0 '' <Latency = 0> <II = 1> <Delay = 1.00> <Generic> <Opcode : >
ST_754 : Operation 2315 [2/118] (1.46ns)   --->   "%bias_norm_V_6 = call i24 @sqrt_fixed<32, 16>, i32 %bias_norm_V_11" [backprop.cpp:400]   --->   Operation 2315 'call' 'bias_norm_V_6' <Predicate = true> <Delay = 1.46> <CoreType = "Generic">   --->   Core 0 '' <Latency = 0> <II = 1> <Delay = 1.00> <Generic> <Opcode : >

State 755 <SV = 381> <Delay = 1.46>
ST_755 : Operation 2316 [1/118] (1.24ns)   --->   "%norm_V_8 = call i24 @sqrt_fixed<32, 16>, i32 %norm_V_11" [backprop.cpp:399]   --->   Operation 2316 'call' 'norm_V_8' <Predicate = true> <Delay = 1.24> <CoreType = "Generic">   --->   Core 0 '' <Latency = 0> <II = 1> <Delay = 1.00> <Generic> <Opcode : >
ST_755 : Operation 2317 [1/118] (1.24ns)   --->   "%bias_norm_V_6 = call i24 @sqrt_fixed<32, 16>, i32 %bias_norm_V_11" [backprop.cpp:400]   --->   Operation 2317 'call' 'bias_norm_V_6' <Predicate = true> <Delay = 1.24> <CoreType = "Generic">   --->   Core 0 '' <Latency = 0> <II = 1> <Delay = 1.00> <Generic> <Opcode : >
ST_755 : Operation 2318 [1/1] (0.00ns)   --->   "%conv_i35_cast = zext i24 %norm_V_8" [backprop.cpp:399]   --->   Operation 2318 'zext' 'conv_i35_cast' <Predicate = true> <Delay = 0.00>
ST_755 : Operation 2319 [1/1] (1.46ns)   --->   "%br_ln402 = br void %_ZNK13ap_fixed_baseILi32ELi16ELb1EL9ap_q_mode5EL9ap_o_mode3ELi0EEdvILi32ELi16ELb1ELS0_5ELS1_3ELi0EEENS2_5RTypeIXT_EXT0_EXT1_EE3divERKS_IXT_EXT0_EXT1_EXT2_EXT3_EXT4_EE.exit39" [backprop.cpp:402]   --->   Operation 2319 'br' 'br_ln402' <Predicate = true> <Delay = 1.46>

State 756 <SV = 382> <Delay = 1.93>
ST_756 : Operation 2320 [1/1] (0.00ns)   --->   "%indvar_flatten34 = phi i8 0, void, i8 %add_ln402, void %.split" [backprop.cpp:402]   --->   Operation 2320 'phi' 'indvar_flatten34' <Predicate = true> <Delay = 0.00>
ST_756 : Operation 2321 [1/1] (0.00ns)   --->   "%i_10 = phi i7 0, void, i7 %select_ln402_2, void %.split" [backprop.cpp:402]   --->   Operation 2321 'phi' 'i_10' <Predicate = true> <Delay = 0.00>
ST_756 : Operation 2322 [2/2] (1.93ns)   --->   "%add_ln402 = add i8 %indvar_flatten34, i8 1" [backprop.cpp:402]   --->   Operation 2322 'add' 'add_ln402' <Predicate = true> <Delay = 1.93> <CoreInst = "Adder">   --->   Core 1 'Adder' <Latency = 1> <II = 1> <Delay = 1.86> <FuncUnit> <Opcode : 'add' 'sub'> <InPorts = 2> <OutPorts = 1>
ST_756 : Operation 2323 [1/1] (0.00ns)   --->   "%zext_ln402 = zext i7 %i_10" [backprop.cpp:402]   --->   Operation 2323 'zext' 'zext_ln402' <Predicate = true> <Delay = 0.00>
ST_756 : Operation 2324 [1/1] (0.00ns)   --->   "%empty_93 = trunc i7 %i_10" [backprop.cpp:402]   --->   Operation 2324 'trunc' 'empty_93' <Predicate = true> <Delay = 0.00>
ST_756 : Operation 2325 [1/1] (0.00ns)   --->   "%p_shl1 = bitconcatenate i8 @_ssdm_op_BitConcatenate.i8.i6.i2, i6 %empty_93, i2 0" [backprop.cpp:402]   --->   Operation 2325 'bitconcatenate' 'p_shl1' <Predicate = true> <Delay = 0.00>
ST_756 : Operation 2326 [2/2] (1.93ns)   --->   "%sub_ln404 = sub i8 %p_shl1, i8 %zext_ln402" [backprop.cpp:404]   --->   Operation 2326 'sub' 'sub_ln404' <Predicate = true> <Delay = 1.93> <CoreInst = "Adder">   --->   Core 1 'Adder' <Latency = 1> <II = 1> <Delay = 1.86> <FuncUnit> <Opcode : 'add' 'sub'> <InPorts = 2> <OutPorts = 1>
ST_756 : Operation 2327 [1/1] (1.55ns)   --->   "%icmp_ln402 = icmp_eq  i8 %indvar_flatten34, i8 192" [backprop.cpp:402]   --->   Operation 2327 'icmp' 'icmp_ln402' <Predicate = true> <Delay = 1.55> <CoreInst = "Cmp">   --->   Core 9 'Cmp' <Latency = 0> <II = 1> <Delay = 0.95> <FuncUnit> <Opcode : 'icmp'> <InPorts = 2> <OutPorts = 1>
ST_756 : Operation 2328 [1/1] (0.00ns)   --->   "%br_ln402 = br i1 %icmp_ln402, void %.split, void" [backprop.cpp:402]   --->   Operation 2328 'br' 'br_ln402' <Predicate = true> <Delay = 0.00>
ST_756 : Operation 2329 [2/2] (1.92ns)   --->   "%add_ln402_1 = add i7 %i_10, i7 1" [backprop.cpp:402]   --->   Operation 2329 'add' 'add_ln402_1' <Predicate = (!icmp_ln402)> <Delay = 1.92> <CoreInst = "Adder">   --->   Core 1 'Adder' <Latency = 1> <II = 1> <Delay = 1.86> <FuncUnit> <Opcode : 'add' 'sub'> <InPorts = 2> <OutPorts = 1>

State 757 <SV = 383> <Delay = 1.93>
ST_757 : Operation 2330 [1/1] (0.00ns)   --->   "%j_5 = phi i2 0, void, i2 %add_ln403, void %.split" [backprop.cpp:404]   --->   Operation 2330 'phi' 'j_5' <Predicate = true> <Delay = 0.00>
ST_757 : Operation 2331 [1/2] (1.93ns)   --->   "%add_ln402 = add i8 %indvar_flatten34, i8 1" [backprop.cpp:402]   --->   Operation 2331 'add' 'add_ln402' <Predicate = true> <Delay = 1.93> <CoreInst = "Adder">   --->   Core 1 'Adder' <Latency = 1> <II = 1> <Delay = 1.86> <FuncUnit> <Opcode : 'add' 'sub'> <InPorts = 2> <OutPorts = 1>
ST_757 : Operation 2332 [1/2] (1.93ns)   --->   "%sub_ln404 = sub i8 %p_shl1, i8 %zext_ln402" [backprop.cpp:404]   --->   Operation 2332 'sub' 'sub_ln404' <Predicate = true> <Delay = 1.93> <CoreInst = "Adder">   --->   Core 1 'Adder' <Latency = 1> <II = 1> <Delay = 1.86> <FuncUnit> <Opcode : 'add' 'sub'> <InPorts = 2> <OutPorts = 1>
ST_757 : Operation 2333 [1/1] (0.00ns)   --->   "%specpipeline_ln0 = specpipeline void @_ssdm_op_SpecPipeline, i32 4294967295, i32 0, i32 1, i32 0, void @p_str"   --->   Operation 2333 'specpipeline' 'specpipeline_ln0' <Predicate = true> <Delay = 0.00>
ST_757 : Operation 2334 [1/1] (0.95ns)   --->   "%icmp_ln403 = icmp_eq  i2 %j_5, i2 3" [backprop.cpp:403]   --->   Operation 2334 'icmp' 'icmp_ln403' <Predicate = (!icmp_ln402)> <Delay = 0.95> <CoreInst = "Cmp">   --->   Core 9 'Cmp' <Latency = 0> <II = 1> <Delay = 0.95> <FuncUnit> <Opcode : 'icmp'> <InPorts = 2> <OutPorts = 1>
ST_757 : Operation 2335 [1/2] (1.92ns)   --->   "%add_ln402_1 = add i7 %i_10, i7 1" [backprop.cpp:402]   --->   Operation 2335 'add' 'add_ln402_1' <Predicate = (!icmp_ln402)> <Delay = 1.92> <CoreInst = "Adder">   --->   Core 1 'Adder' <Latency = 1> <II = 1> <Delay = 1.86> <FuncUnit> <Opcode : 'add' 'sub'> <InPorts = 2> <OutPorts = 1>
ST_757 : Operation 2336 [1/1] (0.00ns)   --->   "%empty_95 = trunc i7 %add_ln402_1" [backprop.cpp:402]   --->   Operation 2336 'trunc' 'empty_95' <Predicate = (!icmp_ln402)> <Delay = 0.00>

State 758 <SV = 384> <Delay = 1.93>
ST_758 : Operation 2337 [1/1] (0.99ns)   --->   "%select_ln402 = select i1 %icmp_ln403, i2 0, i2 %j_5" [backprop.cpp:402]   --->   Operation 2337 'select' 'select_ln402' <Predicate = (!icmp_ln402)> <Delay = 0.99> <CoreInst = "Sel">   --->   Core 73 'Sel' <Latency = 0> <II = 1> <Delay = 0.99> <FuncUnit> <Opcode : 'select'> <InPorts = 3> <OutPorts = 1>
ST_758 : Operation 2338 [1/1] (0.00ns)   --->   "%zext_ln402_1 = zext i7 %add_ln402_1" [backprop.cpp:402]   --->   Operation 2338 'zext' 'zext_ln402_1' <Predicate = (!icmp_ln402 & icmp_ln403)> <Delay = 0.00>
ST_758 : Operation 2339 [1/1] (0.00ns)   --->   "%p_shl38_mid1 = bitconcatenate i8 @_ssdm_op_BitConcatenate.i8.i6.i2, i6 %empty_95, i2 0" [backprop.cpp:402]   --->   Operation 2339 'bitconcatenate' 'p_shl38_mid1' <Predicate = (!icmp_ln402 & icmp_ln403)> <Delay = 0.00>
ST_758 : Operation 2340 [2/2] (1.93ns)   --->   "%sub_ln404_1 = sub i8 %p_shl38_mid1, i8 %zext_ln402_1" [backprop.cpp:404]   --->   Operation 2340 'sub' 'sub_ln404_1' <Predicate = (!icmp_ln402 & icmp_ln403)> <Delay = 1.93> <CoreInst = "Adder">   --->   Core 1 'Adder' <Latency = 1> <II = 1> <Delay = 1.86> <FuncUnit> <Opcode : 'add' 'sub'> <InPorts = 2> <OutPorts = 1>
ST_758 : Operation 2341 [1/1] (0.99ns)   --->   "%select_ln402_2 = select i1 %icmp_ln403, i7 %add_ln402_1, i7 %i_10" [backprop.cpp:402]   --->   Operation 2341 'select' 'select_ln402_2' <Predicate = (!icmp_ln402)> <Delay = 0.99> <CoreInst = "Sel">   --->   Core 73 'Sel' <Latency = 0> <II = 1> <Delay = 0.99> <FuncUnit> <Opcode : 'select'> <InPorts = 3> <OutPorts = 1>

State 759 <SV = 385> <Delay = 1.93>
ST_759 : Operation 2342 [1/2] (1.93ns)   --->   "%sub_ln404_1 = sub i8 %p_shl38_mid1, i8 %zext_ln402_1" [backprop.cpp:404]   --->   Operation 2342 'sub' 'sub_ln404_1' <Predicate = (!icmp_ln402 & icmp_ln403)> <Delay = 1.93> <CoreInst = "Adder">   --->   Core 1 'Adder' <Latency = 1> <II = 1> <Delay = 1.86> <FuncUnit> <Opcode : 'add' 'sub'> <InPorts = 2> <OutPorts = 1>
ST_759 : Operation 2343 [2/2] (1.86ns)   --->   "%add_ln403 = add i2 %select_ln402, i2 1" [backprop.cpp:403]   --->   Operation 2343 'add' 'add_ln403' <Predicate = (!icmp_ln402)> <Delay = 1.86> <CoreInst = "Adder">   --->   Core 1 'Adder' <Latency = 1> <II = 1> <Delay = 1.86> <FuncUnit> <Opcode : 'add' 'sub'> <InPorts = 2> <OutPorts = 1>

State 760 <SV = 386> <Delay = 1.86>
ST_760 : Operation 2344 [1/1] (1.24ns)   --->   "%select_ln402_1 = select i1 %icmp_ln403, i8 %sub_ln404_1, i8 %sub_ln404" [backprop.cpp:402]   --->   Operation 2344 'select' 'select_ln402_1' <Predicate = (!icmp_ln402)> <Delay = 1.24> <CoreInst = "Sel">   --->   Core 73 'Sel' <Latency = 0> <II = 1> <Delay = 0.99> <FuncUnit> <Opcode : 'select'> <InPorts = 3> <OutPorts = 1>
ST_760 : Operation 2345 [1/2] (1.86ns)   --->   "%add_ln403 = add i2 %select_ln402, i2 1" [backprop.cpp:403]   --->   Operation 2345 'add' 'add_ln403' <Predicate = (!icmp_ln402)> <Delay = 1.86> <CoreInst = "Adder">   --->   Core 1 'Adder' <Latency = 1> <II = 1> <Delay = 1.86> <FuncUnit> <Opcode : 'add' 'sub'> <InPorts = 2> <OutPorts = 1>

State 761 <SV = 387> <Delay = 1.93>
ST_761 : Operation 2346 [1/1] (0.00ns)   --->   "%zext_ln727_9 = zext i2 %select_ln402"   --->   Operation 2346 'zext' 'zext_ln727_9' <Predicate = (!icmp_ln402)> <Delay = 0.00>
ST_761 : Operation 2347 [2/2] (1.93ns)   --->   "%add_ln727 = add i8 %zext_ln727_9, i8 %select_ln402_1"   --->   Operation 2347 'add' 'add_ln727' <Predicate = (!icmp_ln402)> <Delay = 1.93> <CoreInst = "Adder">   --->   Core 1 'Adder' <Latency = 1> <II = 1> <Delay = 1.86> <FuncUnit> <Opcode : 'add' 'sub'> <InPorts = 2> <OutPorts = 1>

State 762 <SV = 388> <Delay = 1.93>
ST_762 : Operation 2348 [1/2] (1.93ns)   --->   "%add_ln727 = add i8 %zext_ln727_9, i8 %select_ln402_1"   --->   Operation 2348 'add' 'add_ln727' <Predicate = (!icmp_ln402)> <Delay = 1.93> <CoreInst = "Adder">   --->   Core 1 'Adder' <Latency = 1> <II = 1> <Delay = 1.86> <FuncUnit> <Opcode : 'add' 'sub'> <InPorts = 2> <OutPorts = 1>
ST_762 : Operation 2349 [1/1] (0.00ns)   --->   "%zext_ln727_10 = zext i8 %add_ln727"   --->   Operation 2349 'zext' 'zext_ln727_10' <Predicate = (!icmp_ln402)> <Delay = 0.00>
ST_762 : Operation 2350 [1/1] (0.00ns)   --->   "%weights3_addr_1 = getelementptr i32 %weights3, i64 0, i64 %zext_ln727_10"   --->   Operation 2350 'getelementptr' 'weights3_addr_1' <Predicate = (!icmp_ln402)> <Delay = 0.00>

State 763 <SV = 389> <Delay = 1.68>
ST_763 : Operation 2351 [4/4] (1.68ns)   --->   "%weights3_load = load i8 %weights3_addr_1"   --->   Operation 2351 'load' 'weights3_load' <Predicate = (!icmp_ln402)> <Delay = 1.68> <CoreInst = "RAM">   --->   Core 82 'RAM' <Latency = 3> <II = 1> <Delay = 1.68> <Storage> <Opcode : 'load' 'store'> <Ports = 2> <Width = 32> <Depth = 192> <RAM>

State 764 <SV = 390> <Delay = 1.68>
ST_764 : Operation 2352 [3/4] (1.68ns)   --->   "%weights3_load = load i8 %weights3_addr_1"   --->   Operation 2352 'load' 'weights3_load' <Predicate = (!icmp_ln402)> <Delay = 1.68> <CoreInst = "RAM">   --->   Core 82 'RAM' <Latency = 3> <II = 1> <Delay = 1.68> <Storage> <Opcode : 'load' 'store'> <Ports = 2> <Width = 32> <Depth = 192> <RAM>

State 765 <SV = 391> <Delay = 1.68>
ST_765 : Operation 2353 [2/4] (1.68ns)   --->   "%weights3_load = load i8 %weights3_addr_1"   --->   Operation 2353 'load' 'weights3_load' <Predicate = (!icmp_ln402)> <Delay = 1.68> <CoreInst = "RAM">   --->   Core 82 'RAM' <Latency = 3> <II = 1> <Delay = 1.68> <Storage> <Opcode : 'load' 'store'> <Ports = 2> <Width = 32> <Depth = 192> <RAM>

State 766 <SV = 392> <Delay = 1.68>
ST_766 : Operation 2354 [1/4] (1.68ns)   --->   "%weights3_load = load i8 %weights3_addr_1"   --->   Operation 2354 'load' 'weights3_load' <Predicate = (!icmp_ln402)> <Delay = 1.68> <CoreInst = "RAM">   --->   Core 82 'RAM' <Latency = 3> <II = 1> <Delay = 1.68> <Storage> <Opcode : 'load' 'store'> <Ports = 2> <Width = 32> <Depth = 192> <RAM>

State 767 <SV = 393> <Delay = 4.75>
ST_767 : Operation 2355 [1/1] (0.00ns)   --->   "%t_5 = bitconcatenate i48 @_ssdm_op_BitConcatenate.i48.i32.i16, i32 %weights3_load, i16 0"   --->   Operation 2355 'bitconcatenate' 't_5' <Predicate = (!icmp_ln402)> <Delay = 0.00>
ST_767 : Operation 2356 [52/52] (4.75ns)   --->   "%sdiv_ln1148_5 = sdiv i48 %t_5, i48 %conv_i35_cast"   --->   Operation 2356 'sdiv' 'sdiv_ln1148_5' <Predicate = (!icmp_ln402)> <Delay = 4.75> <CoreInst = "Divider">   --->   Core 6 'Divider' <Latency = 51> <II = 1> <Delay = 4.75> <FuncUnit> <Opcode : 'sdiv' 'srem' 'udiv' 'urem'> <InPorts = 2> <OutPorts = 1>

State 768 <SV = 394> <Delay = 4.75>
ST_768 : Operation 2357 [51/52] (4.75ns)   --->   "%sdiv_ln1148_5 = sdiv i48 %t_5, i48 %conv_i35_cast"   --->   Operation 2357 'sdiv' 'sdiv_ln1148_5' <Predicate = (!icmp_ln402)> <Delay = 4.75> <CoreInst = "Divider">   --->   Core 6 'Divider' <Latency = 51> <II = 1> <Delay = 4.75> <FuncUnit> <Opcode : 'sdiv' 'srem' 'udiv' 'urem'> <InPorts = 2> <OutPorts = 1>

State 769 <SV = 395> <Delay = 4.75>
ST_769 : Operation 2358 [50/52] (4.75ns)   --->   "%sdiv_ln1148_5 = sdiv i48 %t_5, i48 %conv_i35_cast"   --->   Operation 2358 'sdiv' 'sdiv_ln1148_5' <Predicate = (!icmp_ln402)> <Delay = 4.75> <CoreInst = "Divider">   --->   Core 6 'Divider' <Latency = 51> <II = 1> <Delay = 4.75> <FuncUnit> <Opcode : 'sdiv' 'srem' 'udiv' 'urem'> <InPorts = 2> <OutPorts = 1>

State 770 <SV = 396> <Delay = 4.75>
ST_770 : Operation 2359 [49/52] (4.75ns)   --->   "%sdiv_ln1148_5 = sdiv i48 %t_5, i48 %conv_i35_cast"   --->   Operation 2359 'sdiv' 'sdiv_ln1148_5' <Predicate = (!icmp_ln402)> <Delay = 4.75> <CoreInst = "Divider">   --->   Core 6 'Divider' <Latency = 51> <II = 1> <Delay = 4.75> <FuncUnit> <Opcode : 'sdiv' 'srem' 'udiv' 'urem'> <InPorts = 2> <OutPorts = 1>

State 771 <SV = 397> <Delay = 4.75>
ST_771 : Operation 2360 [48/52] (4.75ns)   --->   "%sdiv_ln1148_5 = sdiv i48 %t_5, i48 %conv_i35_cast"   --->   Operation 2360 'sdiv' 'sdiv_ln1148_5' <Predicate = (!icmp_ln402)> <Delay = 4.75> <CoreInst = "Divider">   --->   Core 6 'Divider' <Latency = 51> <II = 1> <Delay = 4.75> <FuncUnit> <Opcode : 'sdiv' 'srem' 'udiv' 'urem'> <InPorts = 2> <OutPorts = 1>

State 772 <SV = 398> <Delay = 4.75>
ST_772 : Operation 2361 [47/52] (4.75ns)   --->   "%sdiv_ln1148_5 = sdiv i48 %t_5, i48 %conv_i35_cast"   --->   Operation 2361 'sdiv' 'sdiv_ln1148_5' <Predicate = (!icmp_ln402)> <Delay = 4.75> <CoreInst = "Divider">   --->   Core 6 'Divider' <Latency = 51> <II = 1> <Delay = 4.75> <FuncUnit> <Opcode : 'sdiv' 'srem' 'udiv' 'urem'> <InPorts = 2> <OutPorts = 1>

State 773 <SV = 399> <Delay = 4.75>
ST_773 : Operation 2362 [46/52] (4.75ns)   --->   "%sdiv_ln1148_5 = sdiv i48 %t_5, i48 %conv_i35_cast"   --->   Operation 2362 'sdiv' 'sdiv_ln1148_5' <Predicate = (!icmp_ln402)> <Delay = 4.75> <CoreInst = "Divider">   --->   Core 6 'Divider' <Latency = 51> <II = 1> <Delay = 4.75> <FuncUnit> <Opcode : 'sdiv' 'srem' 'udiv' 'urem'> <InPorts = 2> <OutPorts = 1>

State 774 <SV = 400> <Delay = 4.75>
ST_774 : Operation 2363 [45/52] (4.75ns)   --->   "%sdiv_ln1148_5 = sdiv i48 %t_5, i48 %conv_i35_cast"   --->   Operation 2363 'sdiv' 'sdiv_ln1148_5' <Predicate = (!icmp_ln402)> <Delay = 4.75> <CoreInst = "Divider">   --->   Core 6 'Divider' <Latency = 51> <II = 1> <Delay = 4.75> <FuncUnit> <Opcode : 'sdiv' 'srem' 'udiv' 'urem'> <InPorts = 2> <OutPorts = 1>

State 775 <SV = 401> <Delay = 4.75>
ST_775 : Operation 2364 [44/52] (4.75ns)   --->   "%sdiv_ln1148_5 = sdiv i48 %t_5, i48 %conv_i35_cast"   --->   Operation 2364 'sdiv' 'sdiv_ln1148_5' <Predicate = (!icmp_ln402)> <Delay = 4.75> <CoreInst = "Divider">   --->   Core 6 'Divider' <Latency = 51> <II = 1> <Delay = 4.75> <FuncUnit> <Opcode : 'sdiv' 'srem' 'udiv' 'urem'> <InPorts = 2> <OutPorts = 1>

State 776 <SV = 402> <Delay = 4.75>
ST_776 : Operation 2365 [43/52] (4.75ns)   --->   "%sdiv_ln1148_5 = sdiv i48 %t_5, i48 %conv_i35_cast"   --->   Operation 2365 'sdiv' 'sdiv_ln1148_5' <Predicate = (!icmp_ln402)> <Delay = 4.75> <CoreInst = "Divider">   --->   Core 6 'Divider' <Latency = 51> <II = 1> <Delay = 4.75> <FuncUnit> <Opcode : 'sdiv' 'srem' 'udiv' 'urem'> <InPorts = 2> <OutPorts = 1>

State 777 <SV = 403> <Delay = 4.75>
ST_777 : Operation 2366 [42/52] (4.75ns)   --->   "%sdiv_ln1148_5 = sdiv i48 %t_5, i48 %conv_i35_cast"   --->   Operation 2366 'sdiv' 'sdiv_ln1148_5' <Predicate = (!icmp_ln402)> <Delay = 4.75> <CoreInst = "Divider">   --->   Core 6 'Divider' <Latency = 51> <II = 1> <Delay = 4.75> <FuncUnit> <Opcode : 'sdiv' 'srem' 'udiv' 'urem'> <InPorts = 2> <OutPorts = 1>

State 778 <SV = 404> <Delay = 4.75>
ST_778 : Operation 2367 [41/52] (4.75ns)   --->   "%sdiv_ln1148_5 = sdiv i48 %t_5, i48 %conv_i35_cast"   --->   Operation 2367 'sdiv' 'sdiv_ln1148_5' <Predicate = (!icmp_ln402)> <Delay = 4.75> <CoreInst = "Divider">   --->   Core 6 'Divider' <Latency = 51> <II = 1> <Delay = 4.75> <FuncUnit> <Opcode : 'sdiv' 'srem' 'udiv' 'urem'> <InPorts = 2> <OutPorts = 1>

State 779 <SV = 405> <Delay = 4.75>
ST_779 : Operation 2368 [40/52] (4.75ns)   --->   "%sdiv_ln1148_5 = sdiv i48 %t_5, i48 %conv_i35_cast"   --->   Operation 2368 'sdiv' 'sdiv_ln1148_5' <Predicate = (!icmp_ln402)> <Delay = 4.75> <CoreInst = "Divider">   --->   Core 6 'Divider' <Latency = 51> <II = 1> <Delay = 4.75> <FuncUnit> <Opcode : 'sdiv' 'srem' 'udiv' 'urem'> <InPorts = 2> <OutPorts = 1>

State 780 <SV = 406> <Delay = 4.75>
ST_780 : Operation 2369 [39/52] (4.75ns)   --->   "%sdiv_ln1148_5 = sdiv i48 %t_5, i48 %conv_i35_cast"   --->   Operation 2369 'sdiv' 'sdiv_ln1148_5' <Predicate = (!icmp_ln402)> <Delay = 4.75> <CoreInst = "Divider">   --->   Core 6 'Divider' <Latency = 51> <II = 1> <Delay = 4.75> <FuncUnit> <Opcode : 'sdiv' 'srem' 'udiv' 'urem'> <InPorts = 2> <OutPorts = 1>

State 781 <SV = 407> <Delay = 4.75>
ST_781 : Operation 2370 [38/52] (4.75ns)   --->   "%sdiv_ln1148_5 = sdiv i48 %t_5, i48 %conv_i35_cast"   --->   Operation 2370 'sdiv' 'sdiv_ln1148_5' <Predicate = (!icmp_ln402)> <Delay = 4.75> <CoreInst = "Divider">   --->   Core 6 'Divider' <Latency = 51> <II = 1> <Delay = 4.75> <FuncUnit> <Opcode : 'sdiv' 'srem' 'udiv' 'urem'> <InPorts = 2> <OutPorts = 1>

State 782 <SV = 408> <Delay = 4.75>
ST_782 : Operation 2371 [37/52] (4.75ns)   --->   "%sdiv_ln1148_5 = sdiv i48 %t_5, i48 %conv_i35_cast"   --->   Operation 2371 'sdiv' 'sdiv_ln1148_5' <Predicate = (!icmp_ln402)> <Delay = 4.75> <CoreInst = "Divider">   --->   Core 6 'Divider' <Latency = 51> <II = 1> <Delay = 4.75> <FuncUnit> <Opcode : 'sdiv' 'srem' 'udiv' 'urem'> <InPorts = 2> <OutPorts = 1>

State 783 <SV = 409> <Delay = 4.75>
ST_783 : Operation 2372 [36/52] (4.75ns)   --->   "%sdiv_ln1148_5 = sdiv i48 %t_5, i48 %conv_i35_cast"   --->   Operation 2372 'sdiv' 'sdiv_ln1148_5' <Predicate = (!icmp_ln402)> <Delay = 4.75> <CoreInst = "Divider">   --->   Core 6 'Divider' <Latency = 51> <II = 1> <Delay = 4.75> <FuncUnit> <Opcode : 'sdiv' 'srem' 'udiv' 'urem'> <InPorts = 2> <OutPorts = 1>

State 784 <SV = 410> <Delay = 4.75>
ST_784 : Operation 2373 [35/52] (4.75ns)   --->   "%sdiv_ln1148_5 = sdiv i48 %t_5, i48 %conv_i35_cast"   --->   Operation 2373 'sdiv' 'sdiv_ln1148_5' <Predicate = (!icmp_ln402)> <Delay = 4.75> <CoreInst = "Divider">   --->   Core 6 'Divider' <Latency = 51> <II = 1> <Delay = 4.75> <FuncUnit> <Opcode : 'sdiv' 'srem' 'udiv' 'urem'> <InPorts = 2> <OutPorts = 1>

State 785 <SV = 411> <Delay = 4.75>
ST_785 : Operation 2374 [34/52] (4.75ns)   --->   "%sdiv_ln1148_5 = sdiv i48 %t_5, i48 %conv_i35_cast"   --->   Operation 2374 'sdiv' 'sdiv_ln1148_5' <Predicate = (!icmp_ln402)> <Delay = 4.75> <CoreInst = "Divider">   --->   Core 6 'Divider' <Latency = 51> <II = 1> <Delay = 4.75> <FuncUnit> <Opcode : 'sdiv' 'srem' 'udiv' 'urem'> <InPorts = 2> <OutPorts = 1>

State 786 <SV = 412> <Delay = 4.75>
ST_786 : Operation 2375 [33/52] (4.75ns)   --->   "%sdiv_ln1148_5 = sdiv i48 %t_5, i48 %conv_i35_cast"   --->   Operation 2375 'sdiv' 'sdiv_ln1148_5' <Predicate = (!icmp_ln402)> <Delay = 4.75> <CoreInst = "Divider">   --->   Core 6 'Divider' <Latency = 51> <II = 1> <Delay = 4.75> <FuncUnit> <Opcode : 'sdiv' 'srem' 'udiv' 'urem'> <InPorts = 2> <OutPorts = 1>

State 787 <SV = 413> <Delay = 4.75>
ST_787 : Operation 2376 [32/52] (4.75ns)   --->   "%sdiv_ln1148_5 = sdiv i48 %t_5, i48 %conv_i35_cast"   --->   Operation 2376 'sdiv' 'sdiv_ln1148_5' <Predicate = (!icmp_ln402)> <Delay = 4.75> <CoreInst = "Divider">   --->   Core 6 'Divider' <Latency = 51> <II = 1> <Delay = 4.75> <FuncUnit> <Opcode : 'sdiv' 'srem' 'udiv' 'urem'> <InPorts = 2> <OutPorts = 1>

State 788 <SV = 414> <Delay = 4.75>
ST_788 : Operation 2377 [31/52] (4.75ns)   --->   "%sdiv_ln1148_5 = sdiv i48 %t_5, i48 %conv_i35_cast"   --->   Operation 2377 'sdiv' 'sdiv_ln1148_5' <Predicate = (!icmp_ln402)> <Delay = 4.75> <CoreInst = "Divider">   --->   Core 6 'Divider' <Latency = 51> <II = 1> <Delay = 4.75> <FuncUnit> <Opcode : 'sdiv' 'srem' 'udiv' 'urem'> <InPorts = 2> <OutPorts = 1>

State 789 <SV = 415> <Delay = 4.75>
ST_789 : Operation 2378 [30/52] (4.75ns)   --->   "%sdiv_ln1148_5 = sdiv i48 %t_5, i48 %conv_i35_cast"   --->   Operation 2378 'sdiv' 'sdiv_ln1148_5' <Predicate = (!icmp_ln402)> <Delay = 4.75> <CoreInst = "Divider">   --->   Core 6 'Divider' <Latency = 51> <II = 1> <Delay = 4.75> <FuncUnit> <Opcode : 'sdiv' 'srem' 'udiv' 'urem'> <InPorts = 2> <OutPorts = 1>

State 790 <SV = 416> <Delay = 4.75>
ST_790 : Operation 2379 [29/52] (4.75ns)   --->   "%sdiv_ln1148_5 = sdiv i48 %t_5, i48 %conv_i35_cast"   --->   Operation 2379 'sdiv' 'sdiv_ln1148_5' <Predicate = (!icmp_ln402)> <Delay = 4.75> <CoreInst = "Divider">   --->   Core 6 'Divider' <Latency = 51> <II = 1> <Delay = 4.75> <FuncUnit> <Opcode : 'sdiv' 'srem' 'udiv' 'urem'> <InPorts = 2> <OutPorts = 1>

State 791 <SV = 417> <Delay = 4.75>
ST_791 : Operation 2380 [28/52] (4.75ns)   --->   "%sdiv_ln1148_5 = sdiv i48 %t_5, i48 %conv_i35_cast"   --->   Operation 2380 'sdiv' 'sdiv_ln1148_5' <Predicate = (!icmp_ln402)> <Delay = 4.75> <CoreInst = "Divider">   --->   Core 6 'Divider' <Latency = 51> <II = 1> <Delay = 4.75> <FuncUnit> <Opcode : 'sdiv' 'srem' 'udiv' 'urem'> <InPorts = 2> <OutPorts = 1>

State 792 <SV = 418> <Delay = 4.75>
ST_792 : Operation 2381 [27/52] (4.75ns)   --->   "%sdiv_ln1148_5 = sdiv i48 %t_5, i48 %conv_i35_cast"   --->   Operation 2381 'sdiv' 'sdiv_ln1148_5' <Predicate = (!icmp_ln402)> <Delay = 4.75> <CoreInst = "Divider">   --->   Core 6 'Divider' <Latency = 51> <II = 1> <Delay = 4.75> <FuncUnit> <Opcode : 'sdiv' 'srem' 'udiv' 'urem'> <InPorts = 2> <OutPorts = 1>

State 793 <SV = 419> <Delay = 4.75>
ST_793 : Operation 2382 [26/52] (4.75ns)   --->   "%sdiv_ln1148_5 = sdiv i48 %t_5, i48 %conv_i35_cast"   --->   Operation 2382 'sdiv' 'sdiv_ln1148_5' <Predicate = (!icmp_ln402)> <Delay = 4.75> <CoreInst = "Divider">   --->   Core 6 'Divider' <Latency = 51> <II = 1> <Delay = 4.75> <FuncUnit> <Opcode : 'sdiv' 'srem' 'udiv' 'urem'> <InPorts = 2> <OutPorts = 1>

State 794 <SV = 420> <Delay = 4.75>
ST_794 : Operation 2383 [25/52] (4.75ns)   --->   "%sdiv_ln1148_5 = sdiv i48 %t_5, i48 %conv_i35_cast"   --->   Operation 2383 'sdiv' 'sdiv_ln1148_5' <Predicate = (!icmp_ln402)> <Delay = 4.75> <CoreInst = "Divider">   --->   Core 6 'Divider' <Latency = 51> <II = 1> <Delay = 4.75> <FuncUnit> <Opcode : 'sdiv' 'srem' 'udiv' 'urem'> <InPorts = 2> <OutPorts = 1>

State 795 <SV = 421> <Delay = 4.75>
ST_795 : Operation 2384 [24/52] (4.75ns)   --->   "%sdiv_ln1148_5 = sdiv i48 %t_5, i48 %conv_i35_cast"   --->   Operation 2384 'sdiv' 'sdiv_ln1148_5' <Predicate = (!icmp_ln402)> <Delay = 4.75> <CoreInst = "Divider">   --->   Core 6 'Divider' <Latency = 51> <II = 1> <Delay = 4.75> <FuncUnit> <Opcode : 'sdiv' 'srem' 'udiv' 'urem'> <InPorts = 2> <OutPorts = 1>

State 796 <SV = 422> <Delay = 4.75>
ST_796 : Operation 2385 [23/52] (4.75ns)   --->   "%sdiv_ln1148_5 = sdiv i48 %t_5, i48 %conv_i35_cast"   --->   Operation 2385 'sdiv' 'sdiv_ln1148_5' <Predicate = (!icmp_ln402)> <Delay = 4.75> <CoreInst = "Divider">   --->   Core 6 'Divider' <Latency = 51> <II = 1> <Delay = 4.75> <FuncUnit> <Opcode : 'sdiv' 'srem' 'udiv' 'urem'> <InPorts = 2> <OutPorts = 1>

State 797 <SV = 423> <Delay = 4.75>
ST_797 : Operation 2386 [22/52] (4.75ns)   --->   "%sdiv_ln1148_5 = sdiv i48 %t_5, i48 %conv_i35_cast"   --->   Operation 2386 'sdiv' 'sdiv_ln1148_5' <Predicate = (!icmp_ln402)> <Delay = 4.75> <CoreInst = "Divider">   --->   Core 6 'Divider' <Latency = 51> <II = 1> <Delay = 4.75> <FuncUnit> <Opcode : 'sdiv' 'srem' 'udiv' 'urem'> <InPorts = 2> <OutPorts = 1>

State 798 <SV = 424> <Delay = 4.75>
ST_798 : Operation 2387 [21/52] (4.75ns)   --->   "%sdiv_ln1148_5 = sdiv i48 %t_5, i48 %conv_i35_cast"   --->   Operation 2387 'sdiv' 'sdiv_ln1148_5' <Predicate = (!icmp_ln402)> <Delay = 4.75> <CoreInst = "Divider">   --->   Core 6 'Divider' <Latency = 51> <II = 1> <Delay = 4.75> <FuncUnit> <Opcode : 'sdiv' 'srem' 'udiv' 'urem'> <InPorts = 2> <OutPorts = 1>

State 799 <SV = 425> <Delay = 4.75>
ST_799 : Operation 2388 [20/52] (4.75ns)   --->   "%sdiv_ln1148_5 = sdiv i48 %t_5, i48 %conv_i35_cast"   --->   Operation 2388 'sdiv' 'sdiv_ln1148_5' <Predicate = (!icmp_ln402)> <Delay = 4.75> <CoreInst = "Divider">   --->   Core 6 'Divider' <Latency = 51> <II = 1> <Delay = 4.75> <FuncUnit> <Opcode : 'sdiv' 'srem' 'udiv' 'urem'> <InPorts = 2> <OutPorts = 1>

State 800 <SV = 426> <Delay = 4.75>
ST_800 : Operation 2389 [19/52] (4.75ns)   --->   "%sdiv_ln1148_5 = sdiv i48 %t_5, i48 %conv_i35_cast"   --->   Operation 2389 'sdiv' 'sdiv_ln1148_5' <Predicate = (!icmp_ln402)> <Delay = 4.75> <CoreInst = "Divider">   --->   Core 6 'Divider' <Latency = 51> <II = 1> <Delay = 4.75> <FuncUnit> <Opcode : 'sdiv' 'srem' 'udiv' 'urem'> <InPorts = 2> <OutPorts = 1>

State 801 <SV = 427> <Delay = 4.75>
ST_801 : Operation 2390 [18/52] (4.75ns)   --->   "%sdiv_ln1148_5 = sdiv i48 %t_5, i48 %conv_i35_cast"   --->   Operation 2390 'sdiv' 'sdiv_ln1148_5' <Predicate = (!icmp_ln402)> <Delay = 4.75> <CoreInst = "Divider">   --->   Core 6 'Divider' <Latency = 51> <II = 1> <Delay = 4.75> <FuncUnit> <Opcode : 'sdiv' 'srem' 'udiv' 'urem'> <InPorts = 2> <OutPorts = 1>

State 802 <SV = 428> <Delay = 4.75>
ST_802 : Operation 2391 [17/52] (4.75ns)   --->   "%sdiv_ln1148_5 = sdiv i48 %t_5, i48 %conv_i35_cast"   --->   Operation 2391 'sdiv' 'sdiv_ln1148_5' <Predicate = (!icmp_ln402)> <Delay = 4.75> <CoreInst = "Divider">   --->   Core 6 'Divider' <Latency = 51> <II = 1> <Delay = 4.75> <FuncUnit> <Opcode : 'sdiv' 'srem' 'udiv' 'urem'> <InPorts = 2> <OutPorts = 1>

State 803 <SV = 429> <Delay = 4.75>
ST_803 : Operation 2392 [16/52] (4.75ns)   --->   "%sdiv_ln1148_5 = sdiv i48 %t_5, i48 %conv_i35_cast"   --->   Operation 2392 'sdiv' 'sdiv_ln1148_5' <Predicate = (!icmp_ln402)> <Delay = 4.75> <CoreInst = "Divider">   --->   Core 6 'Divider' <Latency = 51> <II = 1> <Delay = 4.75> <FuncUnit> <Opcode : 'sdiv' 'srem' 'udiv' 'urem'> <InPorts = 2> <OutPorts = 1>

State 804 <SV = 430> <Delay = 4.75>
ST_804 : Operation 2393 [15/52] (4.75ns)   --->   "%sdiv_ln1148_5 = sdiv i48 %t_5, i48 %conv_i35_cast"   --->   Operation 2393 'sdiv' 'sdiv_ln1148_5' <Predicate = (!icmp_ln402)> <Delay = 4.75> <CoreInst = "Divider">   --->   Core 6 'Divider' <Latency = 51> <II = 1> <Delay = 4.75> <FuncUnit> <Opcode : 'sdiv' 'srem' 'udiv' 'urem'> <InPorts = 2> <OutPorts = 1>

State 805 <SV = 431> <Delay = 4.75>
ST_805 : Operation 2394 [14/52] (4.75ns)   --->   "%sdiv_ln1148_5 = sdiv i48 %t_5, i48 %conv_i35_cast"   --->   Operation 2394 'sdiv' 'sdiv_ln1148_5' <Predicate = (!icmp_ln402)> <Delay = 4.75> <CoreInst = "Divider">   --->   Core 6 'Divider' <Latency = 51> <II = 1> <Delay = 4.75> <FuncUnit> <Opcode : 'sdiv' 'srem' 'udiv' 'urem'> <InPorts = 2> <OutPorts = 1>

State 806 <SV = 432> <Delay = 4.75>
ST_806 : Operation 2395 [13/52] (4.75ns)   --->   "%sdiv_ln1148_5 = sdiv i48 %t_5, i48 %conv_i35_cast"   --->   Operation 2395 'sdiv' 'sdiv_ln1148_5' <Predicate = (!icmp_ln402)> <Delay = 4.75> <CoreInst = "Divider">   --->   Core 6 'Divider' <Latency = 51> <II = 1> <Delay = 4.75> <FuncUnit> <Opcode : 'sdiv' 'srem' 'udiv' 'urem'> <InPorts = 2> <OutPorts = 1>

State 807 <SV = 433> <Delay = 4.75>
ST_807 : Operation 2396 [12/52] (4.75ns)   --->   "%sdiv_ln1148_5 = sdiv i48 %t_5, i48 %conv_i35_cast"   --->   Operation 2396 'sdiv' 'sdiv_ln1148_5' <Predicate = (!icmp_ln402)> <Delay = 4.75> <CoreInst = "Divider">   --->   Core 6 'Divider' <Latency = 51> <II = 1> <Delay = 4.75> <FuncUnit> <Opcode : 'sdiv' 'srem' 'udiv' 'urem'> <InPorts = 2> <OutPorts = 1>

State 808 <SV = 434> <Delay = 4.75>
ST_808 : Operation 2397 [11/52] (4.75ns)   --->   "%sdiv_ln1148_5 = sdiv i48 %t_5, i48 %conv_i35_cast"   --->   Operation 2397 'sdiv' 'sdiv_ln1148_5' <Predicate = (!icmp_ln402)> <Delay = 4.75> <CoreInst = "Divider">   --->   Core 6 'Divider' <Latency = 51> <II = 1> <Delay = 4.75> <FuncUnit> <Opcode : 'sdiv' 'srem' 'udiv' 'urem'> <InPorts = 2> <OutPorts = 1>

State 809 <SV = 435> <Delay = 4.75>
ST_809 : Operation 2398 [10/52] (4.75ns)   --->   "%sdiv_ln1148_5 = sdiv i48 %t_5, i48 %conv_i35_cast"   --->   Operation 2398 'sdiv' 'sdiv_ln1148_5' <Predicate = (!icmp_ln402)> <Delay = 4.75> <CoreInst = "Divider">   --->   Core 6 'Divider' <Latency = 51> <II = 1> <Delay = 4.75> <FuncUnit> <Opcode : 'sdiv' 'srem' 'udiv' 'urem'> <InPorts = 2> <OutPorts = 1>

State 810 <SV = 436> <Delay = 4.75>
ST_810 : Operation 2399 [9/52] (4.75ns)   --->   "%sdiv_ln1148_5 = sdiv i48 %t_5, i48 %conv_i35_cast"   --->   Operation 2399 'sdiv' 'sdiv_ln1148_5' <Predicate = (!icmp_ln402)> <Delay = 4.75> <CoreInst = "Divider">   --->   Core 6 'Divider' <Latency = 51> <II = 1> <Delay = 4.75> <FuncUnit> <Opcode : 'sdiv' 'srem' 'udiv' 'urem'> <InPorts = 2> <OutPorts = 1>

State 811 <SV = 437> <Delay = 4.75>
ST_811 : Operation 2400 [8/52] (4.75ns)   --->   "%sdiv_ln1148_5 = sdiv i48 %t_5, i48 %conv_i35_cast"   --->   Operation 2400 'sdiv' 'sdiv_ln1148_5' <Predicate = (!icmp_ln402)> <Delay = 4.75> <CoreInst = "Divider">   --->   Core 6 'Divider' <Latency = 51> <II = 1> <Delay = 4.75> <FuncUnit> <Opcode : 'sdiv' 'srem' 'udiv' 'urem'> <InPorts = 2> <OutPorts = 1>

State 812 <SV = 438> <Delay = 4.75>
ST_812 : Operation 2401 [7/52] (4.75ns)   --->   "%sdiv_ln1148_5 = sdiv i48 %t_5, i48 %conv_i35_cast"   --->   Operation 2401 'sdiv' 'sdiv_ln1148_5' <Predicate = (!icmp_ln402)> <Delay = 4.75> <CoreInst = "Divider">   --->   Core 6 'Divider' <Latency = 51> <II = 1> <Delay = 4.75> <FuncUnit> <Opcode : 'sdiv' 'srem' 'udiv' 'urem'> <InPorts = 2> <OutPorts = 1>

State 813 <SV = 439> <Delay = 4.75>
ST_813 : Operation 2402 [6/52] (4.75ns)   --->   "%sdiv_ln1148_5 = sdiv i48 %t_5, i48 %conv_i35_cast"   --->   Operation 2402 'sdiv' 'sdiv_ln1148_5' <Predicate = (!icmp_ln402)> <Delay = 4.75> <CoreInst = "Divider">   --->   Core 6 'Divider' <Latency = 51> <II = 1> <Delay = 4.75> <FuncUnit> <Opcode : 'sdiv' 'srem' 'udiv' 'urem'> <InPorts = 2> <OutPorts = 1>

State 814 <SV = 440> <Delay = 4.75>
ST_814 : Operation 2403 [5/52] (4.75ns)   --->   "%sdiv_ln1148_5 = sdiv i48 %t_5, i48 %conv_i35_cast"   --->   Operation 2403 'sdiv' 'sdiv_ln1148_5' <Predicate = (!icmp_ln402)> <Delay = 4.75> <CoreInst = "Divider">   --->   Core 6 'Divider' <Latency = 51> <II = 1> <Delay = 4.75> <FuncUnit> <Opcode : 'sdiv' 'srem' 'udiv' 'urem'> <InPorts = 2> <OutPorts = 1>

State 815 <SV = 441> <Delay = 4.75>
ST_815 : Operation 2404 [4/52] (4.75ns)   --->   "%sdiv_ln1148_5 = sdiv i48 %t_5, i48 %conv_i35_cast"   --->   Operation 2404 'sdiv' 'sdiv_ln1148_5' <Predicate = (!icmp_ln402)> <Delay = 4.75> <CoreInst = "Divider">   --->   Core 6 'Divider' <Latency = 51> <II = 1> <Delay = 4.75> <FuncUnit> <Opcode : 'sdiv' 'srem' 'udiv' 'urem'> <InPorts = 2> <OutPorts = 1>

State 816 <SV = 442> <Delay = 4.75>
ST_816 : Operation 2405 [3/52] (4.75ns)   --->   "%sdiv_ln1148_5 = sdiv i48 %t_5, i48 %conv_i35_cast"   --->   Operation 2405 'sdiv' 'sdiv_ln1148_5' <Predicate = (!icmp_ln402)> <Delay = 4.75> <CoreInst = "Divider">   --->   Core 6 'Divider' <Latency = 51> <II = 1> <Delay = 4.75> <FuncUnit> <Opcode : 'sdiv' 'srem' 'udiv' 'urem'> <InPorts = 2> <OutPorts = 1>

State 817 <SV = 443> <Delay = 4.75>
ST_817 : Operation 2406 [2/52] (4.75ns)   --->   "%sdiv_ln1148_5 = sdiv i48 %t_5, i48 %conv_i35_cast"   --->   Operation 2406 'sdiv' 'sdiv_ln1148_5' <Predicate = (!icmp_ln402)> <Delay = 4.75> <CoreInst = "Divider">   --->   Core 6 'Divider' <Latency = 51> <II = 1> <Delay = 4.75> <FuncUnit> <Opcode : 'sdiv' 'srem' 'udiv' 'urem'> <InPorts = 2> <OutPorts = 1>

State 818 <SV = 444> <Delay = 4.75>
ST_818 : Operation 2407 [1/52] (4.75ns)   --->   "%sdiv_ln1148_5 = sdiv i48 %t_5, i48 %conv_i35_cast"   --->   Operation 2407 'sdiv' 'sdiv_ln1148_5' <Predicate = (!icmp_ln402)> <Delay = 4.75> <CoreInst = "Divider">   --->   Core 6 'Divider' <Latency = 51> <II = 1> <Delay = 4.75> <FuncUnit> <Opcode : 'sdiv' 'srem' 'udiv' 'urem'> <InPorts = 2> <OutPorts = 1>

State 819 <SV = 445> <Delay = 1.68>
ST_819 : Operation 2408 [1/1] (0.00ns)   --->   "%trunc_ln703_4 = trunc i32 %sdiv_ln1148_5"   --->   Operation 2408 'trunc' 'trunc_ln703_4' <Predicate = (!icmp_ln402)> <Delay = 0.00>
ST_819 : Operation 2409 [2/2] (1.68ns)   --->   "%store_ln404 = store i32 %trunc_ln703_4, i8 %weights3_addr_1" [backprop.cpp:404]   --->   Operation 2409 'store' 'store_ln404' <Predicate = (!icmp_ln402)> <Delay = 1.68> <CoreInst = "RAM">   --->   Core 82 'RAM' <Latency = 3> <II = 1> <Delay = 1.68> <Storage> <Opcode : 'load' 'store'> <Ports = 2> <Width = 32> <Depth = 192> <RAM>

State 820 <SV = 446> <Delay = 1.68>
ST_820 : Operation 2410 [1/1] (0.00ns)   --->   "%specloopname_ln0 = specloopname void @_ssdm_op_SpecLoopName, void @VITIS_LOOP_402_16_VITIS_LOOP_403_17_str"   --->   Operation 2410 'specloopname' 'specloopname_ln0' <Predicate = (!icmp_ln402)> <Delay = 0.00>
ST_820 : Operation 2411 [1/1] (0.00ns)   --->   "%empty_94 = speclooptripcount i32 @_ssdm_op_SpecLoopTripCount, i64 192, i64 192, i64 192"   --->   Operation 2411 'speclooptripcount' 'empty_94' <Predicate = (!icmp_ln402)> <Delay = 0.00>
ST_820 : Operation 2412 [1/1] (0.00ns)   --->   "%specpipeline_ln0 = specpipeline void @_ssdm_op_SpecPipeline, i32 4294967295, i32 0, i32 1, i32 0, void @p_str"   --->   Operation 2412 'specpipeline' 'specpipeline_ln0' <Predicate = (!icmp_ln402)> <Delay = 0.00>
ST_820 : Operation 2413 [1/1] (0.00ns)   --->   "%specloopname_ln331 = specloopname void @_ssdm_op_SpecLoopName, void @empty_14" [backprop.cpp:331]   --->   Operation 2413 'specloopname' 'specloopname_ln331' <Predicate = (!icmp_ln402)> <Delay = 0.00>
ST_820 : Operation 2414 [1/2] (1.68ns)   --->   "%store_ln404 = store i32 %trunc_ln703_4, i8 %weights3_addr_1" [backprop.cpp:404]   --->   Operation 2414 'store' 'store_ln404' <Predicate = (!icmp_ln402)> <Delay = 1.68> <CoreInst = "RAM">   --->   Core 82 'RAM' <Latency = 3> <II = 1> <Delay = 1.68> <Storage> <Opcode : 'load' 'store'> <Ports = 2> <Width = 32> <Depth = 192> <RAM>
ST_820 : Operation 2415 [1/1] (0.00ns)   --->   "%br_ln0 = br void %_ZNK13ap_fixed_baseILi32ELi16ELb1EL9ap_q_mode5EL9ap_o_mode3ELi0EEdvILi32ELi16ELb1ELS0_5ELS1_3ELi0EEENS2_5RTypeIXT_EXT0_EXT1_EE3divERKS_IXT_EXT0_EXT1_EXT2_EXT3_EXT4_EE.exit39"   --->   Operation 2415 'br' 'br_ln0' <Predicate = (!icmp_ln402)> <Delay = 0.00>

State 821 <SV = 384> <Delay = 1.46>
ST_821 : Operation 2416 [1/1] (0.00ns)   --->   "%conv_i11_cast = zext i24 %bias_norm_V_6" [backprop.cpp:400]   --->   Operation 2416 'zext' 'conv_i11_cast' <Predicate = true> <Delay = 0.00>
ST_821 : Operation 2417 [1/1] (1.46ns)   --->   "%br_ln407 = br void %_ZNK13ap_fixed_baseILi32ELi16ELb1EL9ap_q_mode5EL9ap_o_mode3ELi0EEdvILi32ELi16ELb1ELS0_5ELS1_3ELi0EEENS2_5RTypeIXT_EXT0_EXT1_EE3divERKS_IXT_EXT0_EXT1_EXT2_EXT3_EXT4_EE.exit" [backprop.cpp:407]   --->   Operation 2417 'br' 'br_ln407' <Predicate = true> <Delay = 1.46>

State 822 <SV = 385> <Delay = 1.86>
ST_822 : Operation 2418 [1/1] (0.00ns)   --->   "%i_11 = phi i2 0, void, i2 %add_ln407, void %_ZNK13ap_fixed_baseILi32ELi16ELb1EL9ap_q_mode5EL9ap_o_mode3ELi0EEdvILi32ELi16ELb1ELS0_5ELS1_3ELi0EEENS2_5RTypeIXT_EXT0_EXT1_EE3divERKS_IXT_EXT0_EXT1_EXT2_EXT3_EXT4_EE.exit.split" [backprop.cpp:407]   --->   Operation 2418 'phi' 'i_11' <Predicate = true> <Delay = 0.00>
ST_822 : Operation 2419 [2/2] (1.86ns)   --->   "%add_ln407 = add i2 %i_11, i2 1" [backprop.cpp:407]   --->   Operation 2419 'add' 'add_ln407' <Predicate = true> <Delay = 1.86> <CoreInst = "Adder">   --->   Core 1 'Adder' <Latency = 1> <II = 1> <Delay = 1.86> <FuncUnit> <Opcode : 'add' 'sub'> <InPorts = 2> <OutPorts = 1>
ST_822 : Operation 2420 [1/1] (0.95ns)   --->   "%icmp_ln407 = icmp_eq  i2 %i_11, i2 3" [backprop.cpp:407]   --->   Operation 2420 'icmp' 'icmp_ln407' <Predicate = true> <Delay = 0.95> <CoreInst = "Cmp">   --->   Core 9 'Cmp' <Latency = 0> <II = 1> <Delay = 0.95> <FuncUnit> <Opcode : 'icmp'> <InPorts = 2> <OutPorts = 1>
ST_822 : Operation 2421 [1/1] (0.00ns)   --->   "%br_ln407 = br i1 %icmp_ln407, void %_ZNK13ap_fixed_baseILi32ELi16ELb1EL9ap_q_mode5EL9ap_o_mode3ELi0EEdvILi32ELi16ELb1ELS0_5ELS1_3ELi0EEENS2_5RTypeIXT_EXT0_EXT1_EE3divERKS_IXT_EXT0_EXT1_EXT2_EXT3_EXT4_EE.exit.split, void" [backprop.cpp:407]   --->   Operation 2421 'br' 'br_ln407' <Predicate = true> <Delay = 0.00>
ST_822 : Operation 2422 [1/1] (0.00ns)   --->   "%zext_ln727_11 = zext i2 %i_11"   --->   Operation 2422 'zext' 'zext_ln727_11' <Predicate = (!icmp_ln407)> <Delay = 0.00>
ST_822 : Operation 2423 [1/1] (0.00ns)   --->   "%biases3_addr_1 = getelementptr i32 %biases3, i64 0, i64 %zext_ln727_11"   --->   Operation 2423 'getelementptr' 'biases3_addr_1' <Predicate = (!icmp_ln407)> <Delay = 0.00>
ST_822 : Operation 2424 [4/4] (1.86ns)   --->   "%biases3_load = load i2 %biases3_addr_1"   --->   Operation 2424 'load' 'biases3_load' <Predicate = (!icmp_ln407)> <Delay = 1.86> <CoreInst = "RAM">   --->   Core 82 'RAM' <Latency = 3> <II = 1> <Delay = 1.86> <Storage> <Opcode : 'load' 'store'> <Ports = 2> <Width = 32> <Depth = 3> <RAM>

State 823 <SV = 386> <Delay = 1.86>
ST_823 : Operation 2425 [1/2] (1.86ns)   --->   "%add_ln407 = add i2 %i_11, i2 1" [backprop.cpp:407]   --->   Operation 2425 'add' 'add_ln407' <Predicate = true> <Delay = 1.86> <CoreInst = "Adder">   --->   Core 1 'Adder' <Latency = 1> <II = 1> <Delay = 1.86> <FuncUnit> <Opcode : 'add' 'sub'> <InPorts = 2> <OutPorts = 1>
ST_823 : Operation 2426 [1/1] (0.00ns)   --->   "%specpipeline_ln0 = specpipeline void @_ssdm_op_SpecPipeline, i32 4294967295, i32 0, i32 1, i32 0, void @p_str"   --->   Operation 2426 'specpipeline' 'specpipeline_ln0' <Predicate = true> <Delay = 0.00>
ST_823 : Operation 2427 [1/1] (0.00ns)   --->   "%empty_96 = speclooptripcount i32 @_ssdm_op_SpecLoopTripCount, i64 3, i64 3, i64 3"   --->   Operation 2427 'speclooptripcount' 'empty_96' <Predicate = true> <Delay = 0.00>
ST_823 : Operation 2428 [3/4] (1.86ns)   --->   "%biases3_load = load i2 %biases3_addr_1"   --->   Operation 2428 'load' 'biases3_load' <Predicate = (!icmp_ln407)> <Delay = 1.86> <CoreInst = "RAM">   --->   Core 82 'RAM' <Latency = 3> <II = 1> <Delay = 1.86> <Storage> <Opcode : 'load' 'store'> <Ports = 2> <Width = 32> <Depth = 3> <RAM>

State 824 <SV = 387> <Delay = 1.86>
ST_824 : Operation 2429 [2/4] (1.86ns)   --->   "%biases3_load = load i2 %biases3_addr_1"   --->   Operation 2429 'load' 'biases3_load' <Predicate = (!icmp_ln407)> <Delay = 1.86> <CoreInst = "RAM">   --->   Core 82 'RAM' <Latency = 3> <II = 1> <Delay = 1.86> <Storage> <Opcode : 'load' 'store'> <Ports = 2> <Width = 32> <Depth = 3> <RAM>

State 825 <SV = 388> <Delay = 1.86>
ST_825 : Operation 2430 [1/4] (1.86ns)   --->   "%biases3_load = load i2 %biases3_addr_1"   --->   Operation 2430 'load' 'biases3_load' <Predicate = (!icmp_ln407)> <Delay = 1.86> <CoreInst = "RAM">   --->   Core 82 'RAM' <Latency = 3> <II = 1> <Delay = 1.86> <Storage> <Opcode : 'load' 'store'> <Ports = 2> <Width = 32> <Depth = 3> <RAM>

State 826 <SV = 389> <Delay = 4.75>
ST_826 : Operation 2431 [1/1] (0.00ns)   --->   "%t_4 = bitconcatenate i48 @_ssdm_op_BitConcatenate.i48.i32.i16, i32 %biases3_load, i16 0"   --->   Operation 2431 'bitconcatenate' 't_4' <Predicate = (!icmp_ln407)> <Delay = 0.00>
ST_826 : Operation 2432 [52/52] (4.75ns)   --->   "%sdiv_ln1148_4 = sdiv i48 %t_4, i48 %conv_i11_cast"   --->   Operation 2432 'sdiv' 'sdiv_ln1148_4' <Predicate = (!icmp_ln407)> <Delay = 4.75> <CoreInst = "Divider">   --->   Core 6 'Divider' <Latency = 51> <II = 1> <Delay = 4.75> <FuncUnit> <Opcode : 'sdiv' 'srem' 'udiv' 'urem'> <InPorts = 2> <OutPorts = 1>

State 827 <SV = 390> <Delay = 4.75>
ST_827 : Operation 2433 [51/52] (4.75ns)   --->   "%sdiv_ln1148_4 = sdiv i48 %t_4, i48 %conv_i11_cast"   --->   Operation 2433 'sdiv' 'sdiv_ln1148_4' <Predicate = (!icmp_ln407)> <Delay = 4.75> <CoreInst = "Divider">   --->   Core 6 'Divider' <Latency = 51> <II = 1> <Delay = 4.75> <FuncUnit> <Opcode : 'sdiv' 'srem' 'udiv' 'urem'> <InPorts = 2> <OutPorts = 1>

State 828 <SV = 391> <Delay = 4.75>
ST_828 : Operation 2434 [50/52] (4.75ns)   --->   "%sdiv_ln1148_4 = sdiv i48 %t_4, i48 %conv_i11_cast"   --->   Operation 2434 'sdiv' 'sdiv_ln1148_4' <Predicate = (!icmp_ln407)> <Delay = 4.75> <CoreInst = "Divider">   --->   Core 6 'Divider' <Latency = 51> <II = 1> <Delay = 4.75> <FuncUnit> <Opcode : 'sdiv' 'srem' 'udiv' 'urem'> <InPorts = 2> <OutPorts = 1>

State 829 <SV = 392> <Delay = 4.75>
ST_829 : Operation 2435 [49/52] (4.75ns)   --->   "%sdiv_ln1148_4 = sdiv i48 %t_4, i48 %conv_i11_cast"   --->   Operation 2435 'sdiv' 'sdiv_ln1148_4' <Predicate = (!icmp_ln407)> <Delay = 4.75> <CoreInst = "Divider">   --->   Core 6 'Divider' <Latency = 51> <II = 1> <Delay = 4.75> <FuncUnit> <Opcode : 'sdiv' 'srem' 'udiv' 'urem'> <InPorts = 2> <OutPorts = 1>

State 830 <SV = 393> <Delay = 4.75>
ST_830 : Operation 2436 [48/52] (4.75ns)   --->   "%sdiv_ln1148_4 = sdiv i48 %t_4, i48 %conv_i11_cast"   --->   Operation 2436 'sdiv' 'sdiv_ln1148_4' <Predicate = (!icmp_ln407)> <Delay = 4.75> <CoreInst = "Divider">   --->   Core 6 'Divider' <Latency = 51> <II = 1> <Delay = 4.75> <FuncUnit> <Opcode : 'sdiv' 'srem' 'udiv' 'urem'> <InPorts = 2> <OutPorts = 1>

State 831 <SV = 394> <Delay = 4.75>
ST_831 : Operation 2437 [47/52] (4.75ns)   --->   "%sdiv_ln1148_4 = sdiv i48 %t_4, i48 %conv_i11_cast"   --->   Operation 2437 'sdiv' 'sdiv_ln1148_4' <Predicate = (!icmp_ln407)> <Delay = 4.75> <CoreInst = "Divider">   --->   Core 6 'Divider' <Latency = 51> <II = 1> <Delay = 4.75> <FuncUnit> <Opcode : 'sdiv' 'srem' 'udiv' 'urem'> <InPorts = 2> <OutPorts = 1>

State 832 <SV = 395> <Delay = 4.75>
ST_832 : Operation 2438 [46/52] (4.75ns)   --->   "%sdiv_ln1148_4 = sdiv i48 %t_4, i48 %conv_i11_cast"   --->   Operation 2438 'sdiv' 'sdiv_ln1148_4' <Predicate = (!icmp_ln407)> <Delay = 4.75> <CoreInst = "Divider">   --->   Core 6 'Divider' <Latency = 51> <II = 1> <Delay = 4.75> <FuncUnit> <Opcode : 'sdiv' 'srem' 'udiv' 'urem'> <InPorts = 2> <OutPorts = 1>

State 833 <SV = 396> <Delay = 4.75>
ST_833 : Operation 2439 [45/52] (4.75ns)   --->   "%sdiv_ln1148_4 = sdiv i48 %t_4, i48 %conv_i11_cast"   --->   Operation 2439 'sdiv' 'sdiv_ln1148_4' <Predicate = (!icmp_ln407)> <Delay = 4.75> <CoreInst = "Divider">   --->   Core 6 'Divider' <Latency = 51> <II = 1> <Delay = 4.75> <FuncUnit> <Opcode : 'sdiv' 'srem' 'udiv' 'urem'> <InPorts = 2> <OutPorts = 1>

State 834 <SV = 397> <Delay = 4.75>
ST_834 : Operation 2440 [44/52] (4.75ns)   --->   "%sdiv_ln1148_4 = sdiv i48 %t_4, i48 %conv_i11_cast"   --->   Operation 2440 'sdiv' 'sdiv_ln1148_4' <Predicate = (!icmp_ln407)> <Delay = 4.75> <CoreInst = "Divider">   --->   Core 6 'Divider' <Latency = 51> <II = 1> <Delay = 4.75> <FuncUnit> <Opcode : 'sdiv' 'srem' 'udiv' 'urem'> <InPorts = 2> <OutPorts = 1>

State 835 <SV = 398> <Delay = 4.75>
ST_835 : Operation 2441 [43/52] (4.75ns)   --->   "%sdiv_ln1148_4 = sdiv i48 %t_4, i48 %conv_i11_cast"   --->   Operation 2441 'sdiv' 'sdiv_ln1148_4' <Predicate = (!icmp_ln407)> <Delay = 4.75> <CoreInst = "Divider">   --->   Core 6 'Divider' <Latency = 51> <II = 1> <Delay = 4.75> <FuncUnit> <Opcode : 'sdiv' 'srem' 'udiv' 'urem'> <InPorts = 2> <OutPorts = 1>

State 836 <SV = 399> <Delay = 4.75>
ST_836 : Operation 2442 [42/52] (4.75ns)   --->   "%sdiv_ln1148_4 = sdiv i48 %t_4, i48 %conv_i11_cast"   --->   Operation 2442 'sdiv' 'sdiv_ln1148_4' <Predicate = (!icmp_ln407)> <Delay = 4.75> <CoreInst = "Divider">   --->   Core 6 'Divider' <Latency = 51> <II = 1> <Delay = 4.75> <FuncUnit> <Opcode : 'sdiv' 'srem' 'udiv' 'urem'> <InPorts = 2> <OutPorts = 1>

State 837 <SV = 400> <Delay = 4.75>
ST_837 : Operation 2443 [41/52] (4.75ns)   --->   "%sdiv_ln1148_4 = sdiv i48 %t_4, i48 %conv_i11_cast"   --->   Operation 2443 'sdiv' 'sdiv_ln1148_4' <Predicate = (!icmp_ln407)> <Delay = 4.75> <CoreInst = "Divider">   --->   Core 6 'Divider' <Latency = 51> <II = 1> <Delay = 4.75> <FuncUnit> <Opcode : 'sdiv' 'srem' 'udiv' 'urem'> <InPorts = 2> <OutPorts = 1>

State 838 <SV = 401> <Delay = 4.75>
ST_838 : Operation 2444 [40/52] (4.75ns)   --->   "%sdiv_ln1148_4 = sdiv i48 %t_4, i48 %conv_i11_cast"   --->   Operation 2444 'sdiv' 'sdiv_ln1148_4' <Predicate = (!icmp_ln407)> <Delay = 4.75> <CoreInst = "Divider">   --->   Core 6 'Divider' <Latency = 51> <II = 1> <Delay = 4.75> <FuncUnit> <Opcode : 'sdiv' 'srem' 'udiv' 'urem'> <InPorts = 2> <OutPorts = 1>

State 839 <SV = 402> <Delay = 4.75>
ST_839 : Operation 2445 [39/52] (4.75ns)   --->   "%sdiv_ln1148_4 = sdiv i48 %t_4, i48 %conv_i11_cast"   --->   Operation 2445 'sdiv' 'sdiv_ln1148_4' <Predicate = (!icmp_ln407)> <Delay = 4.75> <CoreInst = "Divider">   --->   Core 6 'Divider' <Latency = 51> <II = 1> <Delay = 4.75> <FuncUnit> <Opcode : 'sdiv' 'srem' 'udiv' 'urem'> <InPorts = 2> <OutPorts = 1>

State 840 <SV = 403> <Delay = 4.75>
ST_840 : Operation 2446 [38/52] (4.75ns)   --->   "%sdiv_ln1148_4 = sdiv i48 %t_4, i48 %conv_i11_cast"   --->   Operation 2446 'sdiv' 'sdiv_ln1148_4' <Predicate = (!icmp_ln407)> <Delay = 4.75> <CoreInst = "Divider">   --->   Core 6 'Divider' <Latency = 51> <II = 1> <Delay = 4.75> <FuncUnit> <Opcode : 'sdiv' 'srem' 'udiv' 'urem'> <InPorts = 2> <OutPorts = 1>

State 841 <SV = 404> <Delay = 4.75>
ST_841 : Operation 2447 [37/52] (4.75ns)   --->   "%sdiv_ln1148_4 = sdiv i48 %t_4, i48 %conv_i11_cast"   --->   Operation 2447 'sdiv' 'sdiv_ln1148_4' <Predicate = (!icmp_ln407)> <Delay = 4.75> <CoreInst = "Divider">   --->   Core 6 'Divider' <Latency = 51> <II = 1> <Delay = 4.75> <FuncUnit> <Opcode : 'sdiv' 'srem' 'udiv' 'urem'> <InPorts = 2> <OutPorts = 1>

State 842 <SV = 405> <Delay = 4.75>
ST_842 : Operation 2448 [36/52] (4.75ns)   --->   "%sdiv_ln1148_4 = sdiv i48 %t_4, i48 %conv_i11_cast"   --->   Operation 2448 'sdiv' 'sdiv_ln1148_4' <Predicate = (!icmp_ln407)> <Delay = 4.75> <CoreInst = "Divider">   --->   Core 6 'Divider' <Latency = 51> <II = 1> <Delay = 4.75> <FuncUnit> <Opcode : 'sdiv' 'srem' 'udiv' 'urem'> <InPorts = 2> <OutPorts = 1>

State 843 <SV = 406> <Delay = 4.75>
ST_843 : Operation 2449 [35/52] (4.75ns)   --->   "%sdiv_ln1148_4 = sdiv i48 %t_4, i48 %conv_i11_cast"   --->   Operation 2449 'sdiv' 'sdiv_ln1148_4' <Predicate = (!icmp_ln407)> <Delay = 4.75> <CoreInst = "Divider">   --->   Core 6 'Divider' <Latency = 51> <II = 1> <Delay = 4.75> <FuncUnit> <Opcode : 'sdiv' 'srem' 'udiv' 'urem'> <InPorts = 2> <OutPorts = 1>

State 844 <SV = 407> <Delay = 4.75>
ST_844 : Operation 2450 [34/52] (4.75ns)   --->   "%sdiv_ln1148_4 = sdiv i48 %t_4, i48 %conv_i11_cast"   --->   Operation 2450 'sdiv' 'sdiv_ln1148_4' <Predicate = (!icmp_ln407)> <Delay = 4.75> <CoreInst = "Divider">   --->   Core 6 'Divider' <Latency = 51> <II = 1> <Delay = 4.75> <FuncUnit> <Opcode : 'sdiv' 'srem' 'udiv' 'urem'> <InPorts = 2> <OutPorts = 1>

State 845 <SV = 408> <Delay = 4.75>
ST_845 : Operation 2451 [33/52] (4.75ns)   --->   "%sdiv_ln1148_4 = sdiv i48 %t_4, i48 %conv_i11_cast"   --->   Operation 2451 'sdiv' 'sdiv_ln1148_4' <Predicate = (!icmp_ln407)> <Delay = 4.75> <CoreInst = "Divider">   --->   Core 6 'Divider' <Latency = 51> <II = 1> <Delay = 4.75> <FuncUnit> <Opcode : 'sdiv' 'srem' 'udiv' 'urem'> <InPorts = 2> <OutPorts = 1>

State 846 <SV = 409> <Delay = 4.75>
ST_846 : Operation 2452 [32/52] (4.75ns)   --->   "%sdiv_ln1148_4 = sdiv i48 %t_4, i48 %conv_i11_cast"   --->   Operation 2452 'sdiv' 'sdiv_ln1148_4' <Predicate = (!icmp_ln407)> <Delay = 4.75> <CoreInst = "Divider">   --->   Core 6 'Divider' <Latency = 51> <II = 1> <Delay = 4.75> <FuncUnit> <Opcode : 'sdiv' 'srem' 'udiv' 'urem'> <InPorts = 2> <OutPorts = 1>

State 847 <SV = 410> <Delay = 4.75>
ST_847 : Operation 2453 [31/52] (4.75ns)   --->   "%sdiv_ln1148_4 = sdiv i48 %t_4, i48 %conv_i11_cast"   --->   Operation 2453 'sdiv' 'sdiv_ln1148_4' <Predicate = (!icmp_ln407)> <Delay = 4.75> <CoreInst = "Divider">   --->   Core 6 'Divider' <Latency = 51> <II = 1> <Delay = 4.75> <FuncUnit> <Opcode : 'sdiv' 'srem' 'udiv' 'urem'> <InPorts = 2> <OutPorts = 1>

State 848 <SV = 411> <Delay = 4.75>
ST_848 : Operation 2454 [30/52] (4.75ns)   --->   "%sdiv_ln1148_4 = sdiv i48 %t_4, i48 %conv_i11_cast"   --->   Operation 2454 'sdiv' 'sdiv_ln1148_4' <Predicate = (!icmp_ln407)> <Delay = 4.75> <CoreInst = "Divider">   --->   Core 6 'Divider' <Latency = 51> <II = 1> <Delay = 4.75> <FuncUnit> <Opcode : 'sdiv' 'srem' 'udiv' 'urem'> <InPorts = 2> <OutPorts = 1>

State 849 <SV = 412> <Delay = 4.75>
ST_849 : Operation 2455 [29/52] (4.75ns)   --->   "%sdiv_ln1148_4 = sdiv i48 %t_4, i48 %conv_i11_cast"   --->   Operation 2455 'sdiv' 'sdiv_ln1148_4' <Predicate = (!icmp_ln407)> <Delay = 4.75> <CoreInst = "Divider">   --->   Core 6 'Divider' <Latency = 51> <II = 1> <Delay = 4.75> <FuncUnit> <Opcode : 'sdiv' 'srem' 'udiv' 'urem'> <InPorts = 2> <OutPorts = 1>

State 850 <SV = 413> <Delay = 4.75>
ST_850 : Operation 2456 [28/52] (4.75ns)   --->   "%sdiv_ln1148_4 = sdiv i48 %t_4, i48 %conv_i11_cast"   --->   Operation 2456 'sdiv' 'sdiv_ln1148_4' <Predicate = (!icmp_ln407)> <Delay = 4.75> <CoreInst = "Divider">   --->   Core 6 'Divider' <Latency = 51> <II = 1> <Delay = 4.75> <FuncUnit> <Opcode : 'sdiv' 'srem' 'udiv' 'urem'> <InPorts = 2> <OutPorts = 1>

State 851 <SV = 414> <Delay = 4.75>
ST_851 : Operation 2457 [27/52] (4.75ns)   --->   "%sdiv_ln1148_4 = sdiv i48 %t_4, i48 %conv_i11_cast"   --->   Operation 2457 'sdiv' 'sdiv_ln1148_4' <Predicate = (!icmp_ln407)> <Delay = 4.75> <CoreInst = "Divider">   --->   Core 6 'Divider' <Latency = 51> <II = 1> <Delay = 4.75> <FuncUnit> <Opcode : 'sdiv' 'srem' 'udiv' 'urem'> <InPorts = 2> <OutPorts = 1>

State 852 <SV = 415> <Delay = 4.75>
ST_852 : Operation 2458 [26/52] (4.75ns)   --->   "%sdiv_ln1148_4 = sdiv i48 %t_4, i48 %conv_i11_cast"   --->   Operation 2458 'sdiv' 'sdiv_ln1148_4' <Predicate = (!icmp_ln407)> <Delay = 4.75> <CoreInst = "Divider">   --->   Core 6 'Divider' <Latency = 51> <II = 1> <Delay = 4.75> <FuncUnit> <Opcode : 'sdiv' 'srem' 'udiv' 'urem'> <InPorts = 2> <OutPorts = 1>

State 853 <SV = 416> <Delay = 4.75>
ST_853 : Operation 2459 [25/52] (4.75ns)   --->   "%sdiv_ln1148_4 = sdiv i48 %t_4, i48 %conv_i11_cast"   --->   Operation 2459 'sdiv' 'sdiv_ln1148_4' <Predicate = (!icmp_ln407)> <Delay = 4.75> <CoreInst = "Divider">   --->   Core 6 'Divider' <Latency = 51> <II = 1> <Delay = 4.75> <FuncUnit> <Opcode : 'sdiv' 'srem' 'udiv' 'urem'> <InPorts = 2> <OutPorts = 1>

State 854 <SV = 417> <Delay = 4.75>
ST_854 : Operation 2460 [24/52] (4.75ns)   --->   "%sdiv_ln1148_4 = sdiv i48 %t_4, i48 %conv_i11_cast"   --->   Operation 2460 'sdiv' 'sdiv_ln1148_4' <Predicate = (!icmp_ln407)> <Delay = 4.75> <CoreInst = "Divider">   --->   Core 6 'Divider' <Latency = 51> <II = 1> <Delay = 4.75> <FuncUnit> <Opcode : 'sdiv' 'srem' 'udiv' 'urem'> <InPorts = 2> <OutPorts = 1>

State 855 <SV = 418> <Delay = 4.75>
ST_855 : Operation 2461 [23/52] (4.75ns)   --->   "%sdiv_ln1148_4 = sdiv i48 %t_4, i48 %conv_i11_cast"   --->   Operation 2461 'sdiv' 'sdiv_ln1148_4' <Predicate = (!icmp_ln407)> <Delay = 4.75> <CoreInst = "Divider">   --->   Core 6 'Divider' <Latency = 51> <II = 1> <Delay = 4.75> <FuncUnit> <Opcode : 'sdiv' 'srem' 'udiv' 'urem'> <InPorts = 2> <OutPorts = 1>

State 856 <SV = 419> <Delay = 4.75>
ST_856 : Operation 2462 [22/52] (4.75ns)   --->   "%sdiv_ln1148_4 = sdiv i48 %t_4, i48 %conv_i11_cast"   --->   Operation 2462 'sdiv' 'sdiv_ln1148_4' <Predicate = (!icmp_ln407)> <Delay = 4.75> <CoreInst = "Divider">   --->   Core 6 'Divider' <Latency = 51> <II = 1> <Delay = 4.75> <FuncUnit> <Opcode : 'sdiv' 'srem' 'udiv' 'urem'> <InPorts = 2> <OutPorts = 1>

State 857 <SV = 420> <Delay = 4.75>
ST_857 : Operation 2463 [21/52] (4.75ns)   --->   "%sdiv_ln1148_4 = sdiv i48 %t_4, i48 %conv_i11_cast"   --->   Operation 2463 'sdiv' 'sdiv_ln1148_4' <Predicate = (!icmp_ln407)> <Delay = 4.75> <CoreInst = "Divider">   --->   Core 6 'Divider' <Latency = 51> <II = 1> <Delay = 4.75> <FuncUnit> <Opcode : 'sdiv' 'srem' 'udiv' 'urem'> <InPorts = 2> <OutPorts = 1>

State 858 <SV = 421> <Delay = 4.75>
ST_858 : Operation 2464 [20/52] (4.75ns)   --->   "%sdiv_ln1148_4 = sdiv i48 %t_4, i48 %conv_i11_cast"   --->   Operation 2464 'sdiv' 'sdiv_ln1148_4' <Predicate = (!icmp_ln407)> <Delay = 4.75> <CoreInst = "Divider">   --->   Core 6 'Divider' <Latency = 51> <II = 1> <Delay = 4.75> <FuncUnit> <Opcode : 'sdiv' 'srem' 'udiv' 'urem'> <InPorts = 2> <OutPorts = 1>

State 859 <SV = 422> <Delay = 4.75>
ST_859 : Operation 2465 [19/52] (4.75ns)   --->   "%sdiv_ln1148_4 = sdiv i48 %t_4, i48 %conv_i11_cast"   --->   Operation 2465 'sdiv' 'sdiv_ln1148_4' <Predicate = (!icmp_ln407)> <Delay = 4.75> <CoreInst = "Divider">   --->   Core 6 'Divider' <Latency = 51> <II = 1> <Delay = 4.75> <FuncUnit> <Opcode : 'sdiv' 'srem' 'udiv' 'urem'> <InPorts = 2> <OutPorts = 1>

State 860 <SV = 423> <Delay = 4.75>
ST_860 : Operation 2466 [18/52] (4.75ns)   --->   "%sdiv_ln1148_4 = sdiv i48 %t_4, i48 %conv_i11_cast"   --->   Operation 2466 'sdiv' 'sdiv_ln1148_4' <Predicate = (!icmp_ln407)> <Delay = 4.75> <CoreInst = "Divider">   --->   Core 6 'Divider' <Latency = 51> <II = 1> <Delay = 4.75> <FuncUnit> <Opcode : 'sdiv' 'srem' 'udiv' 'urem'> <InPorts = 2> <OutPorts = 1>

State 861 <SV = 424> <Delay = 4.75>
ST_861 : Operation 2467 [17/52] (4.75ns)   --->   "%sdiv_ln1148_4 = sdiv i48 %t_4, i48 %conv_i11_cast"   --->   Operation 2467 'sdiv' 'sdiv_ln1148_4' <Predicate = (!icmp_ln407)> <Delay = 4.75> <CoreInst = "Divider">   --->   Core 6 'Divider' <Latency = 51> <II = 1> <Delay = 4.75> <FuncUnit> <Opcode : 'sdiv' 'srem' 'udiv' 'urem'> <InPorts = 2> <OutPorts = 1>

State 862 <SV = 425> <Delay = 4.75>
ST_862 : Operation 2468 [16/52] (4.75ns)   --->   "%sdiv_ln1148_4 = sdiv i48 %t_4, i48 %conv_i11_cast"   --->   Operation 2468 'sdiv' 'sdiv_ln1148_4' <Predicate = (!icmp_ln407)> <Delay = 4.75> <CoreInst = "Divider">   --->   Core 6 'Divider' <Latency = 51> <II = 1> <Delay = 4.75> <FuncUnit> <Opcode : 'sdiv' 'srem' 'udiv' 'urem'> <InPorts = 2> <OutPorts = 1>

State 863 <SV = 426> <Delay = 4.75>
ST_863 : Operation 2469 [15/52] (4.75ns)   --->   "%sdiv_ln1148_4 = sdiv i48 %t_4, i48 %conv_i11_cast"   --->   Operation 2469 'sdiv' 'sdiv_ln1148_4' <Predicate = (!icmp_ln407)> <Delay = 4.75> <CoreInst = "Divider">   --->   Core 6 'Divider' <Latency = 51> <II = 1> <Delay = 4.75> <FuncUnit> <Opcode : 'sdiv' 'srem' 'udiv' 'urem'> <InPorts = 2> <OutPorts = 1>

State 864 <SV = 427> <Delay = 4.75>
ST_864 : Operation 2470 [14/52] (4.75ns)   --->   "%sdiv_ln1148_4 = sdiv i48 %t_4, i48 %conv_i11_cast"   --->   Operation 2470 'sdiv' 'sdiv_ln1148_4' <Predicate = (!icmp_ln407)> <Delay = 4.75> <CoreInst = "Divider">   --->   Core 6 'Divider' <Latency = 51> <II = 1> <Delay = 4.75> <FuncUnit> <Opcode : 'sdiv' 'srem' 'udiv' 'urem'> <InPorts = 2> <OutPorts = 1>

State 865 <SV = 428> <Delay = 4.75>
ST_865 : Operation 2471 [13/52] (4.75ns)   --->   "%sdiv_ln1148_4 = sdiv i48 %t_4, i48 %conv_i11_cast"   --->   Operation 2471 'sdiv' 'sdiv_ln1148_4' <Predicate = (!icmp_ln407)> <Delay = 4.75> <CoreInst = "Divider">   --->   Core 6 'Divider' <Latency = 51> <II = 1> <Delay = 4.75> <FuncUnit> <Opcode : 'sdiv' 'srem' 'udiv' 'urem'> <InPorts = 2> <OutPorts = 1>

State 866 <SV = 429> <Delay = 4.75>
ST_866 : Operation 2472 [12/52] (4.75ns)   --->   "%sdiv_ln1148_4 = sdiv i48 %t_4, i48 %conv_i11_cast"   --->   Operation 2472 'sdiv' 'sdiv_ln1148_4' <Predicate = (!icmp_ln407)> <Delay = 4.75> <CoreInst = "Divider">   --->   Core 6 'Divider' <Latency = 51> <II = 1> <Delay = 4.75> <FuncUnit> <Opcode : 'sdiv' 'srem' 'udiv' 'urem'> <InPorts = 2> <OutPorts = 1>

State 867 <SV = 430> <Delay = 4.75>
ST_867 : Operation 2473 [11/52] (4.75ns)   --->   "%sdiv_ln1148_4 = sdiv i48 %t_4, i48 %conv_i11_cast"   --->   Operation 2473 'sdiv' 'sdiv_ln1148_4' <Predicate = (!icmp_ln407)> <Delay = 4.75> <CoreInst = "Divider">   --->   Core 6 'Divider' <Latency = 51> <II = 1> <Delay = 4.75> <FuncUnit> <Opcode : 'sdiv' 'srem' 'udiv' 'urem'> <InPorts = 2> <OutPorts = 1>

State 868 <SV = 431> <Delay = 4.75>
ST_868 : Operation 2474 [10/52] (4.75ns)   --->   "%sdiv_ln1148_4 = sdiv i48 %t_4, i48 %conv_i11_cast"   --->   Operation 2474 'sdiv' 'sdiv_ln1148_4' <Predicate = (!icmp_ln407)> <Delay = 4.75> <CoreInst = "Divider">   --->   Core 6 'Divider' <Latency = 51> <II = 1> <Delay = 4.75> <FuncUnit> <Opcode : 'sdiv' 'srem' 'udiv' 'urem'> <InPorts = 2> <OutPorts = 1>

State 869 <SV = 432> <Delay = 4.75>
ST_869 : Operation 2475 [9/52] (4.75ns)   --->   "%sdiv_ln1148_4 = sdiv i48 %t_4, i48 %conv_i11_cast"   --->   Operation 2475 'sdiv' 'sdiv_ln1148_4' <Predicate = (!icmp_ln407)> <Delay = 4.75> <CoreInst = "Divider">   --->   Core 6 'Divider' <Latency = 51> <II = 1> <Delay = 4.75> <FuncUnit> <Opcode : 'sdiv' 'srem' 'udiv' 'urem'> <InPorts = 2> <OutPorts = 1>

State 870 <SV = 433> <Delay = 4.75>
ST_870 : Operation 2476 [8/52] (4.75ns)   --->   "%sdiv_ln1148_4 = sdiv i48 %t_4, i48 %conv_i11_cast"   --->   Operation 2476 'sdiv' 'sdiv_ln1148_4' <Predicate = (!icmp_ln407)> <Delay = 4.75> <CoreInst = "Divider">   --->   Core 6 'Divider' <Latency = 51> <II = 1> <Delay = 4.75> <FuncUnit> <Opcode : 'sdiv' 'srem' 'udiv' 'urem'> <InPorts = 2> <OutPorts = 1>

State 871 <SV = 434> <Delay = 4.75>
ST_871 : Operation 2477 [7/52] (4.75ns)   --->   "%sdiv_ln1148_4 = sdiv i48 %t_4, i48 %conv_i11_cast"   --->   Operation 2477 'sdiv' 'sdiv_ln1148_4' <Predicate = (!icmp_ln407)> <Delay = 4.75> <CoreInst = "Divider">   --->   Core 6 'Divider' <Latency = 51> <II = 1> <Delay = 4.75> <FuncUnit> <Opcode : 'sdiv' 'srem' 'udiv' 'urem'> <InPorts = 2> <OutPorts = 1>

State 872 <SV = 435> <Delay = 4.75>
ST_872 : Operation 2478 [6/52] (4.75ns)   --->   "%sdiv_ln1148_4 = sdiv i48 %t_4, i48 %conv_i11_cast"   --->   Operation 2478 'sdiv' 'sdiv_ln1148_4' <Predicate = (!icmp_ln407)> <Delay = 4.75> <CoreInst = "Divider">   --->   Core 6 'Divider' <Latency = 51> <II = 1> <Delay = 4.75> <FuncUnit> <Opcode : 'sdiv' 'srem' 'udiv' 'urem'> <InPorts = 2> <OutPorts = 1>

State 873 <SV = 436> <Delay = 4.75>
ST_873 : Operation 2479 [5/52] (4.75ns)   --->   "%sdiv_ln1148_4 = sdiv i48 %t_4, i48 %conv_i11_cast"   --->   Operation 2479 'sdiv' 'sdiv_ln1148_4' <Predicate = (!icmp_ln407)> <Delay = 4.75> <CoreInst = "Divider">   --->   Core 6 'Divider' <Latency = 51> <II = 1> <Delay = 4.75> <FuncUnit> <Opcode : 'sdiv' 'srem' 'udiv' 'urem'> <InPorts = 2> <OutPorts = 1>

State 874 <SV = 437> <Delay = 4.75>
ST_874 : Operation 2480 [4/52] (4.75ns)   --->   "%sdiv_ln1148_4 = sdiv i48 %t_4, i48 %conv_i11_cast"   --->   Operation 2480 'sdiv' 'sdiv_ln1148_4' <Predicate = (!icmp_ln407)> <Delay = 4.75> <CoreInst = "Divider">   --->   Core 6 'Divider' <Latency = 51> <II = 1> <Delay = 4.75> <FuncUnit> <Opcode : 'sdiv' 'srem' 'udiv' 'urem'> <InPorts = 2> <OutPorts = 1>

State 875 <SV = 438> <Delay = 4.75>
ST_875 : Operation 2481 [3/52] (4.75ns)   --->   "%sdiv_ln1148_4 = sdiv i48 %t_4, i48 %conv_i11_cast"   --->   Operation 2481 'sdiv' 'sdiv_ln1148_4' <Predicate = (!icmp_ln407)> <Delay = 4.75> <CoreInst = "Divider">   --->   Core 6 'Divider' <Latency = 51> <II = 1> <Delay = 4.75> <FuncUnit> <Opcode : 'sdiv' 'srem' 'udiv' 'urem'> <InPorts = 2> <OutPorts = 1>

State 876 <SV = 439> <Delay = 4.75>
ST_876 : Operation 2482 [2/52] (4.75ns)   --->   "%sdiv_ln1148_4 = sdiv i48 %t_4, i48 %conv_i11_cast"   --->   Operation 2482 'sdiv' 'sdiv_ln1148_4' <Predicate = (!icmp_ln407)> <Delay = 4.75> <CoreInst = "Divider">   --->   Core 6 'Divider' <Latency = 51> <II = 1> <Delay = 4.75> <FuncUnit> <Opcode : 'sdiv' 'srem' 'udiv' 'urem'> <InPorts = 2> <OutPorts = 1>

State 877 <SV = 440> <Delay = 4.75>
ST_877 : Operation 2483 [1/52] (4.75ns)   --->   "%sdiv_ln1148_4 = sdiv i48 %t_4, i48 %conv_i11_cast"   --->   Operation 2483 'sdiv' 'sdiv_ln1148_4' <Predicate = (!icmp_ln407)> <Delay = 4.75> <CoreInst = "Divider">   --->   Core 6 'Divider' <Latency = 51> <II = 1> <Delay = 4.75> <FuncUnit> <Opcode : 'sdiv' 'srem' 'udiv' 'urem'> <InPorts = 2> <OutPorts = 1>

State 878 <SV = 441> <Delay = 1.86>
ST_878 : Operation 2484 [1/1] (0.00ns)   --->   "%trunc_ln703_5 = trunc i32 %sdiv_ln1148_4"   --->   Operation 2484 'trunc' 'trunc_ln703_5' <Predicate = (!icmp_ln407)> <Delay = 0.00>
ST_878 : Operation 2485 [2/2] (1.86ns)   --->   "%store_ln408 = store i32 %trunc_ln703_5, i2 %biases3_addr_1" [backprop.cpp:408]   --->   Operation 2485 'store' 'store_ln408' <Predicate = (!icmp_ln407)> <Delay = 1.86> <CoreInst = "RAM">   --->   Core 82 'RAM' <Latency = 3> <II = 1> <Delay = 1.86> <Storage> <Opcode : 'load' 'store'> <Ports = 2> <Width = 32> <Depth = 3> <RAM>

State 879 <SV = 442> <Delay = 1.86>
ST_879 : Operation 2486 [1/1] (0.00ns)   --->   "%specloopname_ln331 = specloopname void @_ssdm_op_SpecLoopName, void @empty_13" [backprop.cpp:331]   --->   Operation 2486 'specloopname' 'specloopname_ln331' <Predicate = (!icmp_ln407)> <Delay = 0.00>
ST_879 : Operation 2487 [1/2] (1.86ns)   --->   "%store_ln408 = store i32 %trunc_ln703_5, i2 %biases3_addr_1" [backprop.cpp:408]   --->   Operation 2487 'store' 'store_ln408' <Predicate = (!icmp_ln407)> <Delay = 1.86> <CoreInst = "RAM">   --->   Core 82 'RAM' <Latency = 3> <II = 1> <Delay = 1.86> <Storage> <Opcode : 'load' 'store'> <Ports = 2> <Width = 32> <Depth = 3> <RAM>
ST_879 : Operation 2488 [1/1] (0.00ns)   --->   "%br_ln0 = br void %_ZNK13ap_fixed_baseILi32ELi16ELb1EL9ap_q_mode5EL9ap_o_mode3ELi0EEdvILi32ELi16ELb1ELS0_5ELS1_3ELi0EEENS2_5RTypeIXT_EXT0_EXT1_EE3divERKS_IXT_EXT0_EXT1_EXT2_EXT3_EXT4_EE.exit"   --->   Operation 2488 'br' 'br_ln0' <Predicate = (!icmp_ln407)> <Delay = 0.00>

State 880 <SV = 387> <Delay = 0.00>
ST_880 : Operation 2489 [1/1] (0.00ns)   --->   "%ret_ln410 = ret" [backprop.cpp:410]   --->   Operation 2489 'ret' 'ret_ln410' <Predicate = true> <Delay = 0.00>


============================================================
+ Verbose Summary: Timing violations
============================================================
Target clock period: 2ns, clock uncertainty: 0.54ns.

 <State 1>: 1.59ns
The critical path consists of the following:
	'alloca' operation ('reuse_reg') [22]  (0 ns)
	'store' operation ('store_ln0') of constant 0 on local variable 'reuse_reg' [32]  (1.59 ns)

 <State 2>: 1.96ns
The critical path consists of the following:
	'phi' operation ('indvar_flatten', backprop.cpp:336) with incoming values : ('add_ln336', backprop.cpp:336) [36]  (0 ns)
	'add' operation ('add_ln336', backprop.cpp:336) [40]  (1.96 ns)

 <State 3>: 1.96ns
The critical path consists of the following:
	'add' operation ('add_ln336', backprop.cpp:336) [40]  (1.96 ns)

 <State 4>: 1.02ns
The critical path consists of the following:
	'select' operation ('select_ln336_1', backprop.cpp:336) [50]  (1.02 ns)

 <State 5>: 1.96ns
The critical path consists of the following:
	'add' operation ('add_ln338', backprop.cpp:338) [56]  (1.96 ns)

 <State 6>: 1.96ns
The critical path consists of the following:
	'add' operation ('add_ln338', backprop.cpp:338) [56]  (1.96 ns)

 <State 7>: 1.68ns
The critical path consists of the following:
	'getelementptr' operation ('d_weights1_addr') [58]  (0 ns)
	'load' operation ('r.V') on array 'd_weights1' [59]  (1.68 ns)

 <State 8>: 1.68ns
The critical path consists of the following:
	'load' operation ('r.V') on array 'd_weights1' [59]  (1.68 ns)

 <State 9>: 1.68ns
The critical path consists of the following:
	'load' operation ('r.V') on array 'd_weights1' [59]  (1.68 ns)

 <State 10>: 1.68ns
The critical path consists of the following:
	'load' operation ('r.V') on array 'd_weights1' [59]  (1.68 ns)

 <State 11>: 1.94ns
The critical path consists of the following:
	'mul' operation ('r.V') [61]  (1.94 ns)

 <State 12>: 1.94ns
The critical path consists of the following:
	'mul' operation ('r.V') [61]  (1.94 ns)

 <State 13>: 2.78ns
The critical path consists of the following:
	'icmp' operation ('addr_cmp') [68]  (2.78 ns)

 <State 14>: 1.94ns
The critical path consists of the following:
	'mul' operation ('r.V') [61]  (1.94 ns)

 <State 15>: 1.94ns
The critical path consists of the following:
	'mul' operation ('r.V') [61]  (1.94 ns)

 <State 16>: 1.94ns
The critical path consists of the following:
	'mul' operation ('r.V') [61]  (1.94 ns)

 <State 17>: 1.94ns
The critical path consists of the following:
	'mul' operation ('r.V') [61]  (1.94 ns)

 <State 18>: 2.44ns
The critical path consists of the following:
	'sub' operation ('ret.V') [72]  (2.44 ns)

 <State 19>: 2.44ns
The critical path consists of the following:
	'sub' operation ('ret.V') [72]  (2.44 ns)

 <State 20>: 1.94ns
The critical path consists of the following:
	'mul' operation ('r.V') [78]  (1.94 ns)

 <State 21>: 1.94ns
The critical path consists of the following:
	'mul' operation ('r.V') [78]  (1.94 ns)

 <State 22>: 1.94ns
The critical path consists of the following:
	'mul' operation ('r.V') [78]  (1.94 ns)

 <State 23>: 1.94ns
The critical path consists of the following:
	'mul' operation ('r.V') [78]  (1.94 ns)

 <State 24>: 1.94ns
The critical path consists of the following:
	'mul' operation ('r.V') [78]  (1.94 ns)

 <State 25>: 1.94ns
The critical path consists of the following:
	'mul' operation ('r.V') [78]  (1.94 ns)

 <State 26>: 1.94ns
The critical path consists of the following:
	'mul' operation ('r.V') [78]  (1.94 ns)

 <State 27>: 2.44ns
The critical path consists of the following:
	'add' operation ('ret.V') [80]  (2.44 ns)

 <State 28>: 2.44ns
The critical path consists of the following:
	'add' operation ('ret.V') [80]  (2.44 ns)

 <State 29>: 1.46ns
The critical path consists of the following:
	multiplexor before 'phi' operation ('i', backprop.cpp:342) with incoming values : ('add_ln342', backprop.cpp:342) [87]  (1.46 ns)

 <State 30>: 1.92ns
The critical path consists of the following:
	'phi' operation ('i', backprop.cpp:342) with incoming values : ('add_ln342', backprop.cpp:342) [87]  (0 ns)
	'add' operation ('add_ln342', backprop.cpp:342) [89]  (1.92 ns)

 <State 31>: 3.85ns
The critical path consists of the following:
	'add' operation ('add_ln342', backprop.cpp:342) [89]  (1.92 ns)
	'phi' operation ('i', backprop.cpp:342) with incoming values : ('add_ln342', backprop.cpp:342) [87]  (0 ns)
	'add' operation ('add_ln342', backprop.cpp:342) [89]  (1.92 ns)

 <State 32>: 1.68ns
The critical path consists of the following:
	'load' operation ('r.V') on array 'd_biases1' [98]  (1.68 ns)

 <State 33>: 1.68ns
The critical path consists of the following:
	'load' operation ('r.V') on array 'd_biases1' [98]  (1.68 ns)

 <State 34>: 1.68ns
The critical path consists of the following:
	'load' operation ('r.V') on array 'd_biases1' [98]  (1.68 ns)

 <State 35>: 1.94ns
The critical path consists of the following:
	'mul' operation ('r.V') [100]  (1.94 ns)

 <State 36>: 1.94ns
The critical path consists of the following:
	'mul' operation ('r.V') [100]  (1.94 ns)

 <State 37>: 1.94ns
The critical path consists of the following:
	'mul' operation ('r.V') [100]  (1.94 ns)

 <State 38>: 1.94ns
The critical path consists of the following:
	'mul' operation ('r.V') [100]  (1.94 ns)

 <State 39>: 1.94ns
The critical path consists of the following:
	'mul' operation ('r.V') [100]  (1.94 ns)

 <State 40>: 1.94ns
The critical path consists of the following:
	'mul' operation ('r.V') [100]  (1.94 ns)

 <State 41>: 1.94ns
The critical path consists of the following:
	'mul' operation ('r.V') [100]  (1.94 ns)

 <State 42>: 2.44ns
The critical path consists of the following:
	'sub' operation ('ret.V') [107]  (2.44 ns)

 <State 43>: 2.44ns
The critical path consists of the following:
	'sub' operation ('ret.V') [107]  (2.44 ns)

 <State 44>: 1.94ns
The critical path consists of the following:
	'mul' operation ('r.V') [111]  (1.94 ns)

 <State 45>: 1.94ns
The critical path consists of the following:
	'mul' operation ('r.V') [111]  (1.94 ns)

 <State 46>: 1.94ns
The critical path consists of the following:
	'mul' operation ('r.V') [111]  (1.94 ns)

 <State 47>: 1.94ns
The critical path consists of the following:
	'mul' operation ('r.V') [111]  (1.94 ns)

 <State 48>: 1.94ns
The critical path consists of the following:
	'mul' operation ('r.V') [111]  (1.94 ns)

 <State 49>: 1.94ns
The critical path consists of the following:
	'mul' operation ('r.V') [111]  (1.94 ns)

 <State 50>: 1.94ns
The critical path consists of the following:
	'mul' operation ('r.V') [111]  (1.94 ns)

 <State 51>: 2.44ns
The critical path consists of the following:
	'add' operation ('ret.V') [113]  (2.44 ns)

 <State 52>: 4.89ns
The critical path consists of the following:
	'add' operation ('ret.V') [113]  (2.44 ns)
	'phi' operation ('bias_norm.V') with incoming values : ('bias_norm.V') [88]  (0 ns)
	'add' operation ('ret.V') [113]  (2.44 ns)

 <State 53>: 1.59ns
The critical path consists of the following:
	'store' operation ('store_ln0') of constant 0 on local variable 'reuse_reg68' [120]  (1.59 ns)

 <State 54>: 1.46ns
The critical path consists of the following:
	'call' operation ('norm.V', backprop.cpp:347) to 'sqrt_fixed<32, 16>' [117]  (1.46 ns)

 <State 55>: 1.46ns
The critical path consists of the following:
	'call' operation ('norm.V', backprop.cpp:347) to 'sqrt_fixed<32, 16>' [117]  (1.46 ns)

 <State 56>: 1.46ns
The critical path consists of the following:
	'call' operation ('norm.V', backprop.cpp:347) to 'sqrt_fixed<32, 16>' [117]  (1.46 ns)

 <State 57>: 1.46ns
The critical path consists of the following:
	'call' operation ('norm.V', backprop.cpp:347) to 'sqrt_fixed<32, 16>' [117]  (1.46 ns)

 <State 58>: 1.46ns
The critical path consists of the following:
	'call' operation ('norm.V', backprop.cpp:347) to 'sqrt_fixed<32, 16>' [117]  (1.46 ns)

 <State 59>: 1.46ns
The critical path consists of the following:
	'call' operation ('norm.V', backprop.cpp:347) to 'sqrt_fixed<32, 16>' [117]  (1.46 ns)

 <State 60>: 1.46ns
The critical path consists of the following:
	'call' operation ('norm.V', backprop.cpp:347) to 'sqrt_fixed<32, 16>' [117]  (1.46 ns)

 <State 61>: 1.46ns
The critical path consists of the following:
	'call' operation ('norm.V', backprop.cpp:347) to 'sqrt_fixed<32, 16>' [117]  (1.46 ns)

 <State 62>: 1.46ns
The critical path consists of the following:
	'call' operation ('norm.V', backprop.cpp:347) to 'sqrt_fixed<32, 16>' [117]  (1.46 ns)

 <State 63>: 1.46ns
The critical path consists of the following:
	'call' operation ('norm.V', backprop.cpp:347) to 'sqrt_fixed<32, 16>' [117]  (1.46 ns)

 <State 64>: 1.46ns
The critical path consists of the following:
	'call' operation ('norm.V', backprop.cpp:347) to 'sqrt_fixed<32, 16>' [117]  (1.46 ns)

 <State 65>: 1.46ns
The critical path consists of the following:
	'call' operation ('norm.V', backprop.cpp:347) to 'sqrt_fixed<32, 16>' [117]  (1.46 ns)

 <State 66>: 1.46ns
The critical path consists of the following:
	'call' operation ('norm.V', backprop.cpp:347) to 'sqrt_fixed<32, 16>' [117]  (1.46 ns)

 <State 67>: 1.46ns
The critical path consists of the following:
	'call' operation ('norm.V', backprop.cpp:347) to 'sqrt_fixed<32, 16>' [117]  (1.46 ns)

 <State 68>: 1.46ns
The critical path consists of the following:
	'call' operation ('norm.V', backprop.cpp:347) to 'sqrt_fixed<32, 16>' [117]  (1.46 ns)

 <State 69>: 1.46ns
The critical path consists of the following:
	'call' operation ('norm.V', backprop.cpp:347) to 'sqrt_fixed<32, 16>' [117]  (1.46 ns)

 <State 70>: 1.46ns
The critical path consists of the following:
	'call' operation ('norm.V', backprop.cpp:347) to 'sqrt_fixed<32, 16>' [117]  (1.46 ns)

 <State 71>: 1.46ns
The critical path consists of the following:
	'call' operation ('norm.V', backprop.cpp:347) to 'sqrt_fixed<32, 16>' [117]  (1.46 ns)

 <State 72>: 1.46ns
The critical path consists of the following:
	'call' operation ('norm.V', backprop.cpp:347) to 'sqrt_fixed<32, 16>' [117]  (1.46 ns)

 <State 73>: 1.46ns
The critical path consists of the following:
	'call' operation ('norm.V', backprop.cpp:347) to 'sqrt_fixed<32, 16>' [117]  (1.46 ns)

 <State 74>: 1.46ns
The critical path consists of the following:
	'call' operation ('norm.V', backprop.cpp:347) to 'sqrt_fixed<32, 16>' [117]  (1.46 ns)

 <State 75>: 1.46ns
The critical path consists of the following:
	'call' operation ('norm.V', backprop.cpp:347) to 'sqrt_fixed<32, 16>' [117]  (1.46 ns)

 <State 76>: 1.46ns
The critical path consists of the following:
	'call' operation ('norm.V', backprop.cpp:347) to 'sqrt_fixed<32, 16>' [117]  (1.46 ns)

 <State 77>: 1.46ns
The critical path consists of the following:
	'call' operation ('norm.V', backprop.cpp:347) to 'sqrt_fixed<32, 16>' [117]  (1.46 ns)

 <State 78>: 1.46ns
The critical path consists of the following:
	'call' operation ('norm.V', backprop.cpp:347) to 'sqrt_fixed<32, 16>' [117]  (1.46 ns)

 <State 79>: 1.46ns
The critical path consists of the following:
	'call' operation ('norm.V', backprop.cpp:347) to 'sqrt_fixed<32, 16>' [117]  (1.46 ns)

 <State 80>: 1.46ns
The critical path consists of the following:
	'call' operation ('norm.V', backprop.cpp:347) to 'sqrt_fixed<32, 16>' [117]  (1.46 ns)

 <State 81>: 1.46ns
The critical path consists of the following:
	'call' operation ('norm.V', backprop.cpp:347) to 'sqrt_fixed<32, 16>' [117]  (1.46 ns)

 <State 82>: 1.46ns
The critical path consists of the following:
	'call' operation ('norm.V', backprop.cpp:347) to 'sqrt_fixed<32, 16>' [117]  (1.46 ns)

 <State 83>: 1.46ns
The critical path consists of the following:
	'call' operation ('norm.V', backprop.cpp:347) to 'sqrt_fixed<32, 16>' [117]  (1.46 ns)

 <State 84>: 1.46ns
The critical path consists of the following:
	'call' operation ('norm.V', backprop.cpp:347) to 'sqrt_fixed<32, 16>' [117]  (1.46 ns)

 <State 85>: 1.46ns
The critical path consists of the following:
	'call' operation ('norm.V', backprop.cpp:347) to 'sqrt_fixed<32, 16>' [117]  (1.46 ns)

 <State 86>: 1.46ns
The critical path consists of the following:
	'call' operation ('norm.V', backprop.cpp:347) to 'sqrt_fixed<32, 16>' [117]  (1.46 ns)

 <State 87>: 1.46ns
The critical path consists of the following:
	'call' operation ('norm.V', backprop.cpp:347) to 'sqrt_fixed<32, 16>' [117]  (1.46 ns)

 <State 88>: 1.46ns
The critical path consists of the following:
	'call' operation ('norm.V', backprop.cpp:347) to 'sqrt_fixed<32, 16>' [117]  (1.46 ns)

 <State 89>: 1.46ns
The critical path consists of the following:
	'call' operation ('norm.V', backprop.cpp:347) to 'sqrt_fixed<32, 16>' [117]  (1.46 ns)

 <State 90>: 1.46ns
The critical path consists of the following:
	'call' operation ('norm.V', backprop.cpp:347) to 'sqrt_fixed<32, 16>' [117]  (1.46 ns)

 <State 91>: 1.46ns
The critical path consists of the following:
	'call' operation ('norm.V', backprop.cpp:347) to 'sqrt_fixed<32, 16>' [117]  (1.46 ns)

 <State 92>: 1.46ns
The critical path consists of the following:
	'call' operation ('norm.V', backprop.cpp:347) to 'sqrt_fixed<32, 16>' [117]  (1.46 ns)

 <State 93>: 1.46ns
The critical path consists of the following:
	'call' operation ('norm.V', backprop.cpp:347) to 'sqrt_fixed<32, 16>' [117]  (1.46 ns)

 <State 94>: 1.46ns
The critical path consists of the following:
	'call' operation ('norm.V', backprop.cpp:347) to 'sqrt_fixed<32, 16>' [117]  (1.46 ns)

 <State 95>: 1.46ns
The critical path consists of the following:
	'call' operation ('norm.V', backprop.cpp:347) to 'sqrt_fixed<32, 16>' [117]  (1.46 ns)

 <State 96>: 1.46ns
The critical path consists of the following:
	'call' operation ('norm.V', backprop.cpp:347) to 'sqrt_fixed<32, 16>' [117]  (1.46 ns)

 <State 97>: 1.46ns
The critical path consists of the following:
	'call' operation ('norm.V', backprop.cpp:347) to 'sqrt_fixed<32, 16>' [117]  (1.46 ns)

 <State 98>: 1.46ns
The critical path consists of the following:
	'call' operation ('norm.V', backprop.cpp:347) to 'sqrt_fixed<32, 16>' [117]  (1.46 ns)

 <State 99>: 1.46ns
The critical path consists of the following:
	'call' operation ('norm.V', backprop.cpp:347) to 'sqrt_fixed<32, 16>' [117]  (1.46 ns)

 <State 100>: 1.46ns
The critical path consists of the following:
	'call' operation ('norm.V', backprop.cpp:347) to 'sqrt_fixed<32, 16>' [117]  (1.46 ns)

 <State 101>: 1.46ns
The critical path consists of the following:
	'call' operation ('norm.V', backprop.cpp:347) to 'sqrt_fixed<32, 16>' [117]  (1.46 ns)

 <State 102>: 1.46ns
The critical path consists of the following:
	'call' operation ('norm.V', backprop.cpp:347) to 'sqrt_fixed<32, 16>' [117]  (1.46 ns)

 <State 103>: 1.46ns
The critical path consists of the following:
	'call' operation ('norm.V', backprop.cpp:347) to 'sqrt_fixed<32, 16>' [117]  (1.46 ns)

 <State 104>: 1.46ns
The critical path consists of the following:
	'call' operation ('norm.V', backprop.cpp:347) to 'sqrt_fixed<32, 16>' [117]  (1.46 ns)

 <State 105>: 1.46ns
The critical path consists of the following:
	'call' operation ('norm.V', backprop.cpp:347) to 'sqrt_fixed<32, 16>' [117]  (1.46 ns)

 <State 106>: 1.46ns
The critical path consists of the following:
	'call' operation ('norm.V', backprop.cpp:347) to 'sqrt_fixed<32, 16>' [117]  (1.46 ns)

 <State 107>: 1.46ns
The critical path consists of the following:
	'call' operation ('norm.V', backprop.cpp:347) to 'sqrt_fixed<32, 16>' [117]  (1.46 ns)

 <State 108>: 1.46ns
The critical path consists of the following:
	'call' operation ('norm.V', backprop.cpp:347) to 'sqrt_fixed<32, 16>' [117]  (1.46 ns)

 <State 109>: 1.46ns
The critical path consists of the following:
	'call' operation ('norm.V', backprop.cpp:347) to 'sqrt_fixed<32, 16>' [117]  (1.46 ns)

 <State 110>: 1.46ns
The critical path consists of the following:
	'call' operation ('norm.V', backprop.cpp:347) to 'sqrt_fixed<32, 16>' [117]  (1.46 ns)

 <State 111>: 1.46ns
The critical path consists of the following:
	'call' operation ('norm.V', backprop.cpp:347) to 'sqrt_fixed<32, 16>' [117]  (1.46 ns)

 <State 112>: 1.46ns
The critical path consists of the following:
	'call' operation ('norm.V', backprop.cpp:347) to 'sqrt_fixed<32, 16>' [117]  (1.46 ns)

 <State 113>: 1.46ns
The critical path consists of the following:
	'call' operation ('norm.V', backprop.cpp:347) to 'sqrt_fixed<32, 16>' [117]  (1.46 ns)

 <State 114>: 1.46ns
The critical path consists of the following:
	'call' operation ('norm.V', backprop.cpp:347) to 'sqrt_fixed<32, 16>' [117]  (1.46 ns)

 <State 115>: 1.46ns
The critical path consists of the following:
	'call' operation ('norm.V', backprop.cpp:347) to 'sqrt_fixed<32, 16>' [117]  (1.46 ns)

 <State 116>: 1.46ns
The critical path consists of the following:
	'call' operation ('norm.V', backprop.cpp:347) to 'sqrt_fixed<32, 16>' [117]  (1.46 ns)

 <State 117>: 1.46ns
The critical path consists of the following:
	'call' operation ('norm.V', backprop.cpp:347) to 'sqrt_fixed<32, 16>' [117]  (1.46 ns)

 <State 118>: 1.46ns
The critical path consists of the following:
	'call' operation ('norm.V', backprop.cpp:347) to 'sqrt_fixed<32, 16>' [117]  (1.46 ns)

 <State 119>: 1.46ns
The critical path consists of the following:
	'call' operation ('norm.V', backprop.cpp:347) to 'sqrt_fixed<32, 16>' [117]  (1.46 ns)

 <State 120>: 1.46ns
The critical path consists of the following:
	'call' operation ('norm.V', backprop.cpp:347) to 'sqrt_fixed<32, 16>' [117]  (1.46 ns)

 <State 121>: 1.46ns
The critical path consists of the following:
	'call' operation ('norm.V', backprop.cpp:347) to 'sqrt_fixed<32, 16>' [117]  (1.46 ns)

 <State 122>: 1.46ns
The critical path consists of the following:
	'call' operation ('norm.V', backprop.cpp:347) to 'sqrt_fixed<32, 16>' [117]  (1.46 ns)

 <State 123>: 1.46ns
The critical path consists of the following:
	'call' operation ('norm.V', backprop.cpp:347) to 'sqrt_fixed<32, 16>' [117]  (1.46 ns)

 <State 124>: 1.46ns
The critical path consists of the following:
	'call' operation ('norm.V', backprop.cpp:347) to 'sqrt_fixed<32, 16>' [117]  (1.46 ns)

 <State 125>: 1.46ns
The critical path consists of the following:
	'call' operation ('norm.V', backprop.cpp:347) to 'sqrt_fixed<32, 16>' [117]  (1.46 ns)

 <State 126>: 1.46ns
The critical path consists of the following:
	'call' operation ('norm.V', backprop.cpp:347) to 'sqrt_fixed<32, 16>' [117]  (1.46 ns)

 <State 127>: 1.46ns
The critical path consists of the following:
	'call' operation ('norm.V', backprop.cpp:347) to 'sqrt_fixed<32, 16>' [117]  (1.46 ns)

 <State 128>: 1.46ns
The critical path consists of the following:
	'call' operation ('norm.V', backprop.cpp:347) to 'sqrt_fixed<32, 16>' [117]  (1.46 ns)

 <State 129>: 1.46ns
The critical path consists of the following:
	'call' operation ('norm.V', backprop.cpp:347) to 'sqrt_fixed<32, 16>' [117]  (1.46 ns)

 <State 130>: 1.46ns
The critical path consists of the following:
	'call' operation ('norm.V', backprop.cpp:347) to 'sqrt_fixed<32, 16>' [117]  (1.46 ns)

 <State 131>: 1.46ns
The critical path consists of the following:
	'call' operation ('norm.V', backprop.cpp:347) to 'sqrt_fixed<32, 16>' [117]  (1.46 ns)

 <State 132>: 1.46ns
The critical path consists of the following:
	'call' operation ('norm.V', backprop.cpp:347) to 'sqrt_fixed<32, 16>' [117]  (1.46 ns)

 <State 133>: 1.46ns
The critical path consists of the following:
	'call' operation ('norm.V', backprop.cpp:347) to 'sqrt_fixed<32, 16>' [117]  (1.46 ns)

 <State 134>: 1.46ns
The critical path consists of the following:
	'call' operation ('norm.V', backprop.cpp:347) to 'sqrt_fixed<32, 16>' [117]  (1.46 ns)

 <State 135>: 1.46ns
The critical path consists of the following:
	'call' operation ('norm.V', backprop.cpp:347) to 'sqrt_fixed<32, 16>' [117]  (1.46 ns)

 <State 136>: 1.46ns
The critical path consists of the following:
	'call' operation ('norm.V', backprop.cpp:347) to 'sqrt_fixed<32, 16>' [117]  (1.46 ns)

 <State 137>: 1.46ns
The critical path consists of the following:
	'call' operation ('norm.V', backprop.cpp:347) to 'sqrt_fixed<32, 16>' [117]  (1.46 ns)

 <State 138>: 1.46ns
The critical path consists of the following:
	'call' operation ('norm.V', backprop.cpp:347) to 'sqrt_fixed<32, 16>' [117]  (1.46 ns)

 <State 139>: 1.46ns
The critical path consists of the following:
	'call' operation ('norm.V', backprop.cpp:347) to 'sqrt_fixed<32, 16>' [117]  (1.46 ns)

 <State 140>: 1.46ns
The critical path consists of the following:
	'call' operation ('norm.V', backprop.cpp:347) to 'sqrt_fixed<32, 16>' [117]  (1.46 ns)

 <State 141>: 1.46ns
The critical path consists of the following:
	'call' operation ('norm.V', backprop.cpp:347) to 'sqrt_fixed<32, 16>' [117]  (1.46 ns)

 <State 142>: 1.46ns
The critical path consists of the following:
	'call' operation ('norm.V', backprop.cpp:347) to 'sqrt_fixed<32, 16>' [117]  (1.46 ns)

 <State 143>: 1.46ns
The critical path consists of the following:
	'call' operation ('norm.V', backprop.cpp:347) to 'sqrt_fixed<32, 16>' [117]  (1.46 ns)

 <State 144>: 1.46ns
The critical path consists of the following:
	'call' operation ('norm.V', backprop.cpp:347) to 'sqrt_fixed<32, 16>' [117]  (1.46 ns)

 <State 145>: 1.46ns
The critical path consists of the following:
	'call' operation ('norm.V', backprop.cpp:347) to 'sqrt_fixed<32, 16>' [117]  (1.46 ns)

 <State 146>: 1.46ns
The critical path consists of the following:
	'call' operation ('norm.V', backprop.cpp:347) to 'sqrt_fixed<32, 16>' [117]  (1.46 ns)

 <State 147>: 1.46ns
The critical path consists of the following:
	'call' operation ('norm.V', backprop.cpp:347) to 'sqrt_fixed<32, 16>' [117]  (1.46 ns)

 <State 148>: 1.46ns
The critical path consists of the following:
	'call' operation ('norm.V', backprop.cpp:347) to 'sqrt_fixed<32, 16>' [117]  (1.46 ns)

 <State 149>: 1.46ns
The critical path consists of the following:
	'call' operation ('norm.V', backprop.cpp:347) to 'sqrt_fixed<32, 16>' [117]  (1.46 ns)

 <State 150>: 1.46ns
The critical path consists of the following:
	'call' operation ('norm.V', backprop.cpp:347) to 'sqrt_fixed<32, 16>' [117]  (1.46 ns)

 <State 151>: 1.46ns
The critical path consists of the following:
	'call' operation ('norm.V', backprop.cpp:347) to 'sqrt_fixed<32, 16>' [117]  (1.46 ns)

 <State 152>: 1.46ns
The critical path consists of the following:
	'call' operation ('norm.V', backprop.cpp:347) to 'sqrt_fixed<32, 16>' [117]  (1.46 ns)

 <State 153>: 1.46ns
The critical path consists of the following:
	'call' operation ('norm.V', backprop.cpp:347) to 'sqrt_fixed<32, 16>' [117]  (1.46 ns)

 <State 154>: 1.46ns
The critical path consists of the following:
	'call' operation ('norm.V', backprop.cpp:347) to 'sqrt_fixed<32, 16>' [117]  (1.46 ns)

 <State 155>: 1.46ns
The critical path consists of the following:
	'call' operation ('norm.V', backprop.cpp:347) to 'sqrt_fixed<32, 16>' [117]  (1.46 ns)

 <State 156>: 1.46ns
The critical path consists of the following:
	'call' operation ('norm.V', backprop.cpp:347) to 'sqrt_fixed<32, 16>' [117]  (1.46 ns)

 <State 157>: 1.46ns
The critical path consists of the following:
	'call' operation ('norm.V', backprop.cpp:347) to 'sqrt_fixed<32, 16>' [117]  (1.46 ns)

 <State 158>: 1.46ns
The critical path consists of the following:
	'call' operation ('norm.V', backprop.cpp:347) to 'sqrt_fixed<32, 16>' [117]  (1.46 ns)

 <State 159>: 1.46ns
The critical path consists of the following:
	'call' operation ('norm.V', backprop.cpp:347) to 'sqrt_fixed<32, 16>' [117]  (1.46 ns)

 <State 160>: 1.46ns
The critical path consists of the following:
	'call' operation ('norm.V', backprop.cpp:347) to 'sqrt_fixed<32, 16>' [117]  (1.46 ns)

 <State 161>: 1.46ns
The critical path consists of the following:
	'call' operation ('norm.V', backprop.cpp:347) to 'sqrt_fixed<32, 16>' [117]  (1.46 ns)

 <State 162>: 1.46ns
The critical path consists of the following:
	'call' operation ('norm.V', backprop.cpp:347) to 'sqrt_fixed<32, 16>' [117]  (1.46 ns)

 <State 163>: 1.46ns
The critical path consists of the following:
	'call' operation ('norm.V', backprop.cpp:347) to 'sqrt_fixed<32, 16>' [117]  (1.46 ns)

 <State 164>: 1.46ns
The critical path consists of the following:
	'call' operation ('norm.V', backprop.cpp:347) to 'sqrt_fixed<32, 16>' [117]  (1.46 ns)

 <State 165>: 1.46ns
The critical path consists of the following:
	'call' operation ('norm.V', backprop.cpp:347) to 'sqrt_fixed<32, 16>' [117]  (1.46 ns)

 <State 166>: 1.46ns
The critical path consists of the following:
	'call' operation ('norm.V', backprop.cpp:347) to 'sqrt_fixed<32, 16>' [117]  (1.46 ns)

 <State 167>: 1.46ns
The critical path consists of the following:
	'call' operation ('norm.V', backprop.cpp:347) to 'sqrt_fixed<32, 16>' [117]  (1.46 ns)

 <State 168>: 1.46ns
The critical path consists of the following:
	'call' operation ('norm.V', backprop.cpp:347) to 'sqrt_fixed<32, 16>' [117]  (1.46 ns)

 <State 169>: 1.46ns
The critical path consists of the following:
	'call' operation ('norm.V', backprop.cpp:347) to 'sqrt_fixed<32, 16>' [117]  (1.46 ns)

 <State 170>: 1.46ns
The critical path consists of the following:
	multiplexor before 'phi' operation ('indvar_flatten6', backprop.cpp:350) with incoming values : ('add_ln350', backprop.cpp:350) [124]  (1.46 ns)

 <State 171>: 1.96ns
The critical path consists of the following:
	'phi' operation ('indvar_flatten6', backprop.cpp:350) with incoming values : ('add_ln350', backprop.cpp:350) [124]  (0 ns)
	'add' operation ('add_ln350', backprop.cpp:350) [127]  (1.96 ns)

 <State 172>: 1.96ns
The critical path consists of the following:
	'add' operation ('add_ln350', backprop.cpp:350) [127]  (1.96 ns)

 <State 173>: 1.02ns
The critical path consists of the following:
	'select' operation ('select_ln350', backprop.cpp:350) [138]  (1.02 ns)

 <State 174>: 2.78ns
The critical path consists of the following:
	'icmp' operation ('addr_cmp72') [147]  (2.78 ns)

 <State 175>: 1.68ns
The critical path consists of the following:
	'load' operation ('weights1_load') on array 'weights1' [146]  (1.68 ns)

 <State 176>: 1.68ns
The critical path consists of the following:
	'load' operation ('weights1_load') on array 'weights1' [146]  (1.68 ns)

 <State 177>: 1.68ns
The critical path consists of the following:
	'load' operation ('weights1_load') on array 'weights1' [146]  (1.68 ns)

 <State 178>: 0.698ns
The critical path consists of the following:
	'load' operation ('reuse_reg68_load') on local variable 'reuse_reg68' [144]  (0 ns)
	'select' operation ('reuse_select73') [148]  (0.698 ns)

 <State 179>: 4.76ns
The critical path consists of the following:
	'sdiv' operation ('sdiv_ln1148_1') [150]  (4.76 ns)

 <State 180>: 4.76ns
The critical path consists of the following:
	'sdiv' operation ('sdiv_ln1148_1') [150]  (4.76 ns)

 <State 181>: 4.76ns
The critical path consists of the following:
	'sdiv' operation ('sdiv_ln1148_1') [150]  (4.76 ns)

 <State 182>: 4.76ns
The critical path consists of the following:
	'sdiv' operation ('sdiv_ln1148_1') [150]  (4.76 ns)

 <State 183>: 4.76ns
The critical path consists of the following:
	'sdiv' operation ('sdiv_ln1148_1') [150]  (4.76 ns)

 <State 184>: 4.76ns
The critical path consists of the following:
	'sdiv' operation ('sdiv_ln1148_1') [150]  (4.76 ns)

 <State 185>: 4.76ns
The critical path consists of the following:
	'sdiv' operation ('sdiv_ln1148_1') [150]  (4.76 ns)

 <State 186>: 4.76ns
The critical path consists of the following:
	'sdiv' operation ('sdiv_ln1148_1') [150]  (4.76 ns)

 <State 187>: 4.76ns
The critical path consists of the following:
	'sdiv' operation ('sdiv_ln1148_1') [150]  (4.76 ns)

 <State 188>: 4.76ns
The critical path consists of the following:
	'sdiv' operation ('sdiv_ln1148_1') [150]  (4.76 ns)

 <State 189>: 4.76ns
The critical path consists of the following:
	'sdiv' operation ('sdiv_ln1148_1') [150]  (4.76 ns)

 <State 190>: 4.76ns
The critical path consists of the following:
	'sdiv' operation ('sdiv_ln1148_1') [150]  (4.76 ns)

 <State 191>: 4.76ns
The critical path consists of the following:
	'sdiv' operation ('sdiv_ln1148_1') [150]  (4.76 ns)

 <State 192>: 4.76ns
The critical path consists of the following:
	'sdiv' operation ('sdiv_ln1148_1') [150]  (4.76 ns)

 <State 193>: 4.76ns
The critical path consists of the following:
	'sdiv' operation ('sdiv_ln1148_1') [150]  (4.76 ns)

 <State 194>: 4.76ns
The critical path consists of the following:
	'sdiv' operation ('sdiv_ln1148_1') [150]  (4.76 ns)

 <State 195>: 4.76ns
The critical path consists of the following:
	'sdiv' operation ('sdiv_ln1148_1') [150]  (4.76 ns)

 <State 196>: 4.76ns
The critical path consists of the following:
	'sdiv' operation ('sdiv_ln1148_1') [150]  (4.76 ns)

 <State 197>: 4.76ns
The critical path consists of the following:
	'sdiv' operation ('sdiv_ln1148_1') [150]  (4.76 ns)

 <State 198>: 4.76ns
The critical path consists of the following:
	'sdiv' operation ('sdiv_ln1148_1') [150]  (4.76 ns)

 <State 199>: 4.76ns
The critical path consists of the following:
	'sdiv' operation ('sdiv_ln1148_1') [150]  (4.76 ns)

 <State 200>: 4.76ns
The critical path consists of the following:
	'sdiv' operation ('sdiv_ln1148_1') [150]  (4.76 ns)

 <State 201>: 4.76ns
The critical path consists of the following:
	'sdiv' operation ('sdiv_ln1148_1') [150]  (4.76 ns)

 <State 202>: 4.76ns
The critical path consists of the following:
	'sdiv' operation ('sdiv_ln1148_1') [150]  (4.76 ns)

 <State 203>: 4.76ns
The critical path consists of the following:
	'sdiv' operation ('sdiv_ln1148_1') [150]  (4.76 ns)

 <State 204>: 4.76ns
The critical path consists of the following:
	'sdiv' operation ('sdiv_ln1148_1') [150]  (4.76 ns)

 <State 205>: 4.76ns
The critical path consists of the following:
	'sdiv' operation ('sdiv_ln1148_1') [150]  (4.76 ns)

 <State 206>: 4.76ns
The critical path consists of the following:
	'sdiv' operation ('sdiv_ln1148_1') [150]  (4.76 ns)

 <State 207>: 4.76ns
The critical path consists of the following:
	'sdiv' operation ('sdiv_ln1148_1') [150]  (4.76 ns)

 <State 208>: 4.76ns
The critical path consists of the following:
	'sdiv' operation ('sdiv_ln1148_1') [150]  (4.76 ns)

 <State 209>: 4.76ns
The critical path consists of the following:
	'sdiv' operation ('sdiv_ln1148_1') [150]  (4.76 ns)

 <State 210>: 4.76ns
The critical path consists of the following:
	'sdiv' operation ('sdiv_ln1148_1') [150]  (4.76 ns)

 <State 211>: 4.76ns
The critical path consists of the following:
	'sdiv' operation ('sdiv_ln1148_1') [150]  (4.76 ns)

 <State 212>: 4.76ns
The critical path consists of the following:
	'sdiv' operation ('sdiv_ln1148_1') [150]  (4.76 ns)

 <State 213>: 4.76ns
The critical path consists of the following:
	'sdiv' operation ('sdiv_ln1148_1') [150]  (4.76 ns)

 <State 214>: 4.76ns
The critical path consists of the following:
	'sdiv' operation ('sdiv_ln1148_1') [150]  (4.76 ns)

 <State 215>: 4.76ns
The critical path consists of the following:
	'sdiv' operation ('sdiv_ln1148_1') [150]  (4.76 ns)

 <State 216>: 4.76ns
The critical path consists of the following:
	'sdiv' operation ('sdiv_ln1148_1') [150]  (4.76 ns)

 <State 217>: 4.76ns
The critical path consists of the following:
	'sdiv' operation ('sdiv_ln1148_1') [150]  (4.76 ns)

 <State 218>: 4.76ns
The critical path consists of the following:
	'sdiv' operation ('sdiv_ln1148_1') [150]  (4.76 ns)

 <State 219>: 4.76ns
The critical path consists of the following:
	'sdiv' operation ('sdiv_ln1148_1') [150]  (4.76 ns)

 <State 220>: 4.76ns
The critical path consists of the following:
	'sdiv' operation ('sdiv_ln1148_1') [150]  (4.76 ns)

 <State 221>: 4.76ns
The critical path consists of the following:
	'sdiv' operation ('sdiv_ln1148_1') [150]  (4.76 ns)

 <State 222>: 4.76ns
The critical path consists of the following:
	'sdiv' operation ('sdiv_ln1148_1') [150]  (4.76 ns)

 <State 223>: 4.76ns
The critical path consists of the following:
	'sdiv' operation ('sdiv_ln1148_1') [150]  (4.76 ns)

 <State 224>: 4.76ns
The critical path consists of the following:
	'sdiv' operation ('sdiv_ln1148_1') [150]  (4.76 ns)

 <State 225>: 4.76ns
The critical path consists of the following:
	'sdiv' operation ('sdiv_ln1148_1') [150]  (4.76 ns)

 <State 226>: 4.76ns
The critical path consists of the following:
	'sdiv' operation ('sdiv_ln1148_1') [150]  (4.76 ns)

 <State 227>: 4.76ns
The critical path consists of the following:
	'sdiv' operation ('sdiv_ln1148_1') [150]  (4.76 ns)

 <State 228>: 4.76ns
The critical path consists of the following:
	'sdiv' operation ('sdiv_ln1148_1') [150]  (4.76 ns)

 <State 229>: 4.76ns
The critical path consists of the following:
	'sdiv' operation ('sdiv_ln1148_1') [150]  (4.76 ns)

 <State 230>: 4.76ns
The critical path consists of the following:
	'sdiv' operation ('sdiv_ln1148_1') [150]  (4.76 ns)

 <State 231>: 1.68ns
The critical path consists of the following:
	'store' operation ('store_ln352', backprop.cpp:352) of variable 'trunc_ln703' on array 'weights1' [152]  (1.68 ns)

 <State 232>: 1.68ns
The critical path consists of the following:
	'store' operation ('store_ln352', backprop.cpp:352) of variable 'trunc_ln703' on array 'weights1' [152]  (1.68 ns)

 <State 233>: 1.46ns
The critical path consists of the following:
	multiplexor before 'phi' operation ('i', backprop.cpp:355) with incoming values : ('add_ln355', backprop.cpp:355) [161]  (1.46 ns)

 <State 234>: 1.92ns
The critical path consists of the following:
	'phi' operation ('i', backprop.cpp:355) with incoming values : ('add_ln355', backprop.cpp:355) [161]  (0 ns)
	'add' operation ('add_ln355', backprop.cpp:355) [162]  (1.92 ns)

 <State 235>: 3.85ns
The critical path consists of the following:
	'add' operation ('add_ln355', backprop.cpp:355) [162]  (1.92 ns)
	'phi' operation ('i', backprop.cpp:355) with incoming values : ('add_ln355', backprop.cpp:355) [161]  (0 ns)
	'add' operation ('add_ln355', backprop.cpp:355) [162]  (1.92 ns)

 <State 236>: 1.68ns
The critical path consists of the following:
	'load' operation ('biases1_load') on array 'biases1' [172]  (1.68 ns)

 <State 237>: 1.68ns
The critical path consists of the following:
	'load' operation ('biases1_load') on array 'biases1' [172]  (1.68 ns)

 <State 238>: 1.68ns
The critical path consists of the following:
	'load' operation ('biases1_load') on array 'biases1' [172]  (1.68 ns)

 <State 239>: 4.76ns
The critical path consists of the following:
	'sdiv' operation ('sdiv_ln1148') [174]  (4.76 ns)

 <State 240>: 4.76ns
The critical path consists of the following:
	'sdiv' operation ('sdiv_ln1148') [174]  (4.76 ns)

 <State 241>: 4.76ns
The critical path consists of the following:
	'sdiv' operation ('sdiv_ln1148') [174]  (4.76 ns)

 <State 242>: 4.76ns
The critical path consists of the following:
	'sdiv' operation ('sdiv_ln1148') [174]  (4.76 ns)

 <State 243>: 4.76ns
The critical path consists of the following:
	'sdiv' operation ('sdiv_ln1148') [174]  (4.76 ns)

 <State 244>: 4.76ns
The critical path consists of the following:
	'sdiv' operation ('sdiv_ln1148') [174]  (4.76 ns)

 <State 245>: 4.76ns
The critical path consists of the following:
	'sdiv' operation ('sdiv_ln1148') [174]  (4.76 ns)

 <State 246>: 4.76ns
The critical path consists of the following:
	'sdiv' operation ('sdiv_ln1148') [174]  (4.76 ns)

 <State 247>: 4.76ns
The critical path consists of the following:
	'sdiv' operation ('sdiv_ln1148') [174]  (4.76 ns)

 <State 248>: 4.76ns
The critical path consists of the following:
	'sdiv' operation ('sdiv_ln1148') [174]  (4.76 ns)

 <State 249>: 4.76ns
The critical path consists of the following:
	'sdiv' operation ('sdiv_ln1148') [174]  (4.76 ns)

 <State 250>: 4.76ns
The critical path consists of the following:
	'sdiv' operation ('sdiv_ln1148') [174]  (4.76 ns)

 <State 251>: 4.76ns
The critical path consists of the following:
	'sdiv' operation ('sdiv_ln1148') [174]  (4.76 ns)

 <State 252>: 4.76ns
The critical path consists of the following:
	'sdiv' operation ('sdiv_ln1148') [174]  (4.76 ns)

 <State 253>: 4.76ns
The critical path consists of the following:
	'sdiv' operation ('sdiv_ln1148') [174]  (4.76 ns)

 <State 254>: 4.76ns
The critical path consists of the following:
	'sdiv' operation ('sdiv_ln1148') [174]  (4.76 ns)

 <State 255>: 4.76ns
The critical path consists of the following:
	'sdiv' operation ('sdiv_ln1148') [174]  (4.76 ns)

 <State 256>: 4.76ns
The critical path consists of the following:
	'sdiv' operation ('sdiv_ln1148') [174]  (4.76 ns)

 <State 257>: 4.76ns
The critical path consists of the following:
	'sdiv' operation ('sdiv_ln1148') [174]  (4.76 ns)

 <State 258>: 4.76ns
The critical path consists of the following:
	'sdiv' operation ('sdiv_ln1148') [174]  (4.76 ns)

 <State 259>: 4.76ns
The critical path consists of the following:
	'sdiv' operation ('sdiv_ln1148') [174]  (4.76 ns)

 <State 260>: 4.76ns
The critical path consists of the following:
	'sdiv' operation ('sdiv_ln1148') [174]  (4.76 ns)

 <State 261>: 4.76ns
The critical path consists of the following:
	'sdiv' operation ('sdiv_ln1148') [174]  (4.76 ns)

 <State 262>: 4.76ns
The critical path consists of the following:
	'sdiv' operation ('sdiv_ln1148') [174]  (4.76 ns)

 <State 263>: 4.76ns
The critical path consists of the following:
	'sdiv' operation ('sdiv_ln1148') [174]  (4.76 ns)

 <State 264>: 4.76ns
The critical path consists of the following:
	'sdiv' operation ('sdiv_ln1148') [174]  (4.76 ns)

 <State 265>: 4.76ns
The critical path consists of the following:
	'sdiv' operation ('sdiv_ln1148') [174]  (4.76 ns)

 <State 266>: 4.76ns
The critical path consists of the following:
	'sdiv' operation ('sdiv_ln1148') [174]  (4.76 ns)

 <State 267>: 4.76ns
The critical path consists of the following:
	'sdiv' operation ('sdiv_ln1148') [174]  (4.76 ns)

 <State 268>: 4.76ns
The critical path consists of the following:
	'sdiv' operation ('sdiv_ln1148') [174]  (4.76 ns)

 <State 269>: 4.76ns
The critical path consists of the following:
	'sdiv' operation ('sdiv_ln1148') [174]  (4.76 ns)

 <State 270>: 4.76ns
The critical path consists of the following:
	'sdiv' operation ('sdiv_ln1148') [174]  (4.76 ns)

 <State 271>: 4.76ns
The critical path consists of the following:
	'sdiv' operation ('sdiv_ln1148') [174]  (4.76 ns)

 <State 272>: 4.76ns
The critical path consists of the following:
	'sdiv' operation ('sdiv_ln1148') [174]  (4.76 ns)

 <State 273>: 4.76ns
The critical path consists of the following:
	'sdiv' operation ('sdiv_ln1148') [174]  (4.76 ns)

 <State 274>: 4.76ns
The critical path consists of the following:
	'sdiv' operation ('sdiv_ln1148') [174]  (4.76 ns)

 <State 275>: 4.76ns
The critical path consists of the following:
	'sdiv' operation ('sdiv_ln1148') [174]  (4.76 ns)

 <State 276>: 4.76ns
The critical path consists of the following:
	'sdiv' operation ('sdiv_ln1148') [174]  (4.76 ns)

 <State 277>: 4.76ns
The critical path consists of the following:
	'sdiv' operation ('sdiv_ln1148') [174]  (4.76 ns)

 <State 278>: 4.76ns
The critical path consists of the following:
	'sdiv' operation ('sdiv_ln1148') [174]  (4.76 ns)

 <State 279>: 4.76ns
The critical path consists of the following:
	'sdiv' operation ('sdiv_ln1148') [174]  (4.76 ns)

 <State 280>: 4.76ns
The critical path consists of the following:
	'sdiv' operation ('sdiv_ln1148') [174]  (4.76 ns)

 <State 281>: 4.76ns
The critical path consists of the following:
	'sdiv' operation ('sdiv_ln1148') [174]  (4.76 ns)

 <State 282>: 4.76ns
The critical path consists of the following:
	'sdiv' operation ('sdiv_ln1148') [174]  (4.76 ns)

 <State 283>: 4.76ns
The critical path consists of the following:
	'sdiv' operation ('sdiv_ln1148') [174]  (4.76 ns)

 <State 284>: 4.76ns
The critical path consists of the following:
	'sdiv' operation ('sdiv_ln1148') [174]  (4.76 ns)

 <State 285>: 4.76ns
The critical path consists of the following:
	'sdiv' operation ('sdiv_ln1148') [174]  (4.76 ns)

 <State 286>: 4.76ns
The critical path consists of the following:
	'sdiv' operation ('sdiv_ln1148') [174]  (4.76 ns)

 <State 287>: 4.76ns
The critical path consists of the following:
	'sdiv' operation ('sdiv_ln1148') [174]  (4.76 ns)

 <State 288>: 4.76ns
The critical path consists of the following:
	'sdiv' operation ('sdiv_ln1148') [174]  (4.76 ns)

 <State 289>: 4.76ns
The critical path consists of the following:
	'sdiv' operation ('sdiv_ln1148') [174]  (4.76 ns)

 <State 290>: 4.76ns
The critical path consists of the following:
	'sdiv' operation ('sdiv_ln1148') [174]  (4.76 ns)

 <State 291>: 1.68ns
The critical path consists of the following:
	'store' operation ('store_ln356', backprop.cpp:356) of variable 'trunc_ln703_1' on array 'biases1' [176]  (1.68 ns)

 <State 292>: 1.68ns
The critical path consists of the following:
	'store' operation ('store_ln356', backprop.cpp:356) of variable 'trunc_ln703_1' on array 'biases1' [176]  (1.68 ns)

 <State 293>: 1.59ns
The critical path consists of the following:
	'store' operation ('store_ln0') of constant 0 on local variable 'reuse_reg74' [179]  (1.59 ns)

 <State 294>: 2.1ns
The critical path consists of the following:
	'phi' operation ('indvar_flatten13', backprop.cpp:362) with incoming values : ('add_ln362', backprop.cpp:362) [183]  (0 ns)
	'icmp' operation ('icmp_ln362', backprop.cpp:362) [189]  (2.1 ns)

 <State 295>: 2ns
The critical path consists of the following:
	'add' operation ('add_ln362', backprop.cpp:362) [187]  (2 ns)

 <State 296>: 0.993ns
The critical path consists of the following:
	'select' operation ('select_ln362', backprop.cpp:362) [195]  (0.993 ns)

 <State 297>: 1.99ns
The critical path consists of the following:
	'add' operation ('add_ln364', backprop.cpp:364) [204]  (1.99 ns)

 <State 298>: 1.99ns
The critical path consists of the following:
	'add' operation ('add_ln364', backprop.cpp:364) [204]  (1.99 ns)

 <State 299>: 1.68ns
The critical path consists of the following:
	'getelementptr' operation ('d_weights2_addr') [206]  (0 ns)
	'load' operation ('r.V') on array 'd_weights2' [207]  (1.68 ns)

 <State 300>: 1.68ns
The critical path consists of the following:
	'load' operation ('r.V') on array 'd_weights2' [207]  (1.68 ns)

 <State 301>: 1.68ns
The critical path consists of the following:
	'load' operation ('r.V') on array 'd_weights2' [207]  (1.68 ns)

 <State 302>: 1.68ns
The critical path consists of the following:
	'load' operation ('r.V') on array 'd_weights2' [207]  (1.68 ns)

 <State 303>: 1.94ns
The critical path consists of the following:
	'mul' operation ('r.V') [209]  (1.94 ns)

 <State 304>: 1.94ns
The critical path consists of the following:
	'mul' operation ('r.V') [209]  (1.94 ns)

 <State 305>: 2.78ns
The critical path consists of the following:
	'icmp' operation ('addr_cmp78') [216]  (2.78 ns)

 <State 306>: 1.94ns
The critical path consists of the following:
	'mul' operation ('r.V') [209]  (1.94 ns)

 <State 307>: 1.94ns
The critical path consists of the following:
	'mul' operation ('r.V') [209]  (1.94 ns)

 <State 308>: 1.94ns
The critical path consists of the following:
	'mul' operation ('r.V') [209]  (1.94 ns)

 <State 309>: 1.94ns
The critical path consists of the following:
	'mul' operation ('r.V') [209]  (1.94 ns)

 <State 310>: 2.44ns
The critical path consists of the following:
	'sub' operation ('ret.V') [220]  (2.44 ns)

 <State 311>: 2.44ns
The critical path consists of the following:
	'sub' operation ('ret.V') [220]  (2.44 ns)

 <State 312>: 1.94ns
The critical path consists of the following:
	'mul' operation ('r.V') [226]  (1.94 ns)

 <State 313>: 1.94ns
The critical path consists of the following:
	'mul' operation ('r.V') [226]  (1.94 ns)

 <State 314>: 1.94ns
The critical path consists of the following:
	'mul' operation ('r.V') [226]  (1.94 ns)

 <State 315>: 1.94ns
The critical path consists of the following:
	'mul' operation ('r.V') [226]  (1.94 ns)

 <State 316>: 1.94ns
The critical path consists of the following:
	'mul' operation ('r.V') [226]  (1.94 ns)

 <State 317>: 1.94ns
The critical path consists of the following:
	'mul' operation ('r.V') [226]  (1.94 ns)

 <State 318>: 1.94ns
The critical path consists of the following:
	'mul' operation ('r.V') [226]  (1.94 ns)

 <State 319>: 2.44ns
The critical path consists of the following:
	'add' operation ('ret.V') [228]  (2.44 ns)

 <State 320>: 2.44ns
The critical path consists of the following:
	'add' operation ('ret.V') [228]  (2.44 ns)

 <State 321>: 1.46ns
The critical path consists of the following:
	multiplexor before 'phi' operation ('i', backprop.cpp:368) with incoming values : ('add_ln368', backprop.cpp:368) [235]  (1.46 ns)

 <State 322>: 1.92ns
The critical path consists of the following:
	'phi' operation ('i', backprop.cpp:368) with incoming values : ('add_ln368', backprop.cpp:368) [235]  (0 ns)
	'add' operation ('add_ln368', backprop.cpp:368) [237]  (1.92 ns)

 <State 323>: 3.85ns
The critical path consists of the following:
	'add' operation ('add_ln368', backprop.cpp:368) [237]  (1.92 ns)
	'phi' operation ('i', backprop.cpp:368) with incoming values : ('add_ln368', backprop.cpp:368) [235]  (0 ns)
	'add' operation ('add_ln368', backprop.cpp:368) [237]  (1.92 ns)

 <State 324>: 1.68ns
The critical path consists of the following:
	'load' operation ('r.V') on array 'd_biases2' [246]  (1.68 ns)

 <State 325>: 1.68ns
The critical path consists of the following:
	'load' operation ('r.V') on array 'd_biases2' [246]  (1.68 ns)

 <State 326>: 1.68ns
The critical path consists of the following:
	'load' operation ('r.V') on array 'd_biases2' [246]  (1.68 ns)

 <State 327>: 1.94ns
The critical path consists of the following:
	'mul' operation ('r.V') [248]  (1.94 ns)

 <State 328>: 1.94ns
The critical path consists of the following:
	'mul' operation ('r.V') [248]  (1.94 ns)

 <State 329>: 1.94ns
The critical path consists of the following:
	'mul' operation ('r.V') [248]  (1.94 ns)

 <State 330>: 1.94ns
The critical path consists of the following:
	'mul' operation ('r.V') [248]  (1.94 ns)

 <State 331>: 1.94ns
The critical path consists of the following:
	'mul' operation ('r.V') [248]  (1.94 ns)

 <State 332>: 1.94ns
The critical path consists of the following:
	'mul' operation ('r.V') [248]  (1.94 ns)

 <State 333>: 1.94ns
The critical path consists of the following:
	'mul' operation ('r.V') [248]  (1.94 ns)

 <State 334>: 2.44ns
The critical path consists of the following:
	'sub' operation ('ret.V') [255]  (2.44 ns)

 <State 335>: 2.44ns
The critical path consists of the following:
	'sub' operation ('ret.V') [255]  (2.44 ns)

 <State 336>: 1.94ns
The critical path consists of the following:
	'mul' operation ('r.V') [259]  (1.94 ns)

 <State 337>: 1.94ns
The critical path consists of the following:
	'mul' operation ('r.V') [259]  (1.94 ns)

 <State 338>: 1.94ns
The critical path consists of the following:
	'mul' operation ('r.V') [259]  (1.94 ns)

 <State 339>: 1.94ns
The critical path consists of the following:
	'mul' operation ('r.V') [259]  (1.94 ns)

 <State 340>: 1.94ns
The critical path consists of the following:
	'mul' operation ('r.V') [259]  (1.94 ns)

 <State 341>: 1.94ns
The critical path consists of the following:
	'mul' operation ('r.V') [259]  (1.94 ns)

 <State 342>: 1.94ns
The critical path consists of the following:
	'mul' operation ('r.V') [259]  (1.94 ns)

 <State 343>: 2.44ns
The critical path consists of the following:
	'add' operation ('ret.V') [261]  (2.44 ns)

 <State 344>: 4.89ns
The critical path consists of the following:
	'add' operation ('ret.V') [261]  (2.44 ns)
	'phi' operation ('bias_norm.V') with incoming values : ('bias_norm.V') [236]  (0 ns)
	'add' operation ('ret.V') [261]  (2.44 ns)

 <State 345>: 1.59ns
The critical path consists of the following:
	'store' operation ('store_ln0') of constant 0 on local variable 'reuse_reg80' [268]  (1.59 ns)

 <State 346>: 1.46ns
The critical path consists of the following:
	'call' operation ('norm.V', backprop.cpp:373) to 'sqrt_fixed<32, 16>' [265]  (1.46 ns)

 <State 347>: 1.46ns
The critical path consists of the following:
	'call' operation ('norm.V', backprop.cpp:373) to 'sqrt_fixed<32, 16>' [265]  (1.46 ns)

 <State 348>: 1.46ns
The critical path consists of the following:
	'call' operation ('norm.V', backprop.cpp:373) to 'sqrt_fixed<32, 16>' [265]  (1.46 ns)

 <State 349>: 1.46ns
The critical path consists of the following:
	'call' operation ('norm.V', backprop.cpp:373) to 'sqrt_fixed<32, 16>' [265]  (1.46 ns)

 <State 350>: 1.46ns
The critical path consists of the following:
	'call' operation ('norm.V', backprop.cpp:373) to 'sqrt_fixed<32, 16>' [265]  (1.46 ns)

 <State 351>: 1.46ns
The critical path consists of the following:
	'call' operation ('norm.V', backprop.cpp:373) to 'sqrt_fixed<32, 16>' [265]  (1.46 ns)

 <State 352>: 1.46ns
The critical path consists of the following:
	'call' operation ('norm.V', backprop.cpp:373) to 'sqrt_fixed<32, 16>' [265]  (1.46 ns)

 <State 353>: 1.46ns
The critical path consists of the following:
	'call' operation ('norm.V', backprop.cpp:373) to 'sqrt_fixed<32, 16>' [265]  (1.46 ns)

 <State 354>: 1.46ns
The critical path consists of the following:
	'call' operation ('norm.V', backprop.cpp:373) to 'sqrt_fixed<32, 16>' [265]  (1.46 ns)

 <State 355>: 1.46ns
The critical path consists of the following:
	'call' operation ('norm.V', backprop.cpp:373) to 'sqrt_fixed<32, 16>' [265]  (1.46 ns)

 <State 356>: 1.46ns
The critical path consists of the following:
	'call' operation ('norm.V', backprop.cpp:373) to 'sqrt_fixed<32, 16>' [265]  (1.46 ns)

 <State 357>: 1.46ns
The critical path consists of the following:
	'call' operation ('norm.V', backprop.cpp:373) to 'sqrt_fixed<32, 16>' [265]  (1.46 ns)

 <State 358>: 1.46ns
The critical path consists of the following:
	'call' operation ('norm.V', backprop.cpp:373) to 'sqrt_fixed<32, 16>' [265]  (1.46 ns)

 <State 359>: 1.46ns
The critical path consists of the following:
	'call' operation ('norm.V', backprop.cpp:373) to 'sqrt_fixed<32, 16>' [265]  (1.46 ns)

 <State 360>: 1.46ns
The critical path consists of the following:
	'call' operation ('norm.V', backprop.cpp:373) to 'sqrt_fixed<32, 16>' [265]  (1.46 ns)

 <State 361>: 1.46ns
The critical path consists of the following:
	'call' operation ('norm.V', backprop.cpp:373) to 'sqrt_fixed<32, 16>' [265]  (1.46 ns)

 <State 362>: 1.46ns
The critical path consists of the following:
	'call' operation ('norm.V', backprop.cpp:373) to 'sqrt_fixed<32, 16>' [265]  (1.46 ns)

 <State 363>: 1.46ns
The critical path consists of the following:
	'call' operation ('norm.V', backprop.cpp:373) to 'sqrt_fixed<32, 16>' [265]  (1.46 ns)

 <State 364>: 1.46ns
The critical path consists of the following:
	'call' operation ('norm.V', backprop.cpp:373) to 'sqrt_fixed<32, 16>' [265]  (1.46 ns)

 <State 365>: 1.46ns
The critical path consists of the following:
	'call' operation ('norm.V', backprop.cpp:373) to 'sqrt_fixed<32, 16>' [265]  (1.46 ns)

 <State 366>: 1.46ns
The critical path consists of the following:
	'call' operation ('norm.V', backprop.cpp:373) to 'sqrt_fixed<32, 16>' [265]  (1.46 ns)

 <State 367>: 1.46ns
The critical path consists of the following:
	'call' operation ('norm.V', backprop.cpp:373) to 'sqrt_fixed<32, 16>' [265]  (1.46 ns)

 <State 368>: 1.46ns
The critical path consists of the following:
	'call' operation ('norm.V', backprop.cpp:373) to 'sqrt_fixed<32, 16>' [265]  (1.46 ns)

 <State 369>: 1.46ns
The critical path consists of the following:
	'call' operation ('norm.V', backprop.cpp:373) to 'sqrt_fixed<32, 16>' [265]  (1.46 ns)

 <State 370>: 1.46ns
The critical path consists of the following:
	'call' operation ('norm.V', backprop.cpp:373) to 'sqrt_fixed<32, 16>' [265]  (1.46 ns)

 <State 371>: 1.46ns
The critical path consists of the following:
	'call' operation ('norm.V', backprop.cpp:373) to 'sqrt_fixed<32, 16>' [265]  (1.46 ns)

 <State 372>: 1.46ns
The critical path consists of the following:
	'call' operation ('norm.V', backprop.cpp:373) to 'sqrt_fixed<32, 16>' [265]  (1.46 ns)

 <State 373>: 1.46ns
The critical path consists of the following:
	'call' operation ('norm.V', backprop.cpp:373) to 'sqrt_fixed<32, 16>' [265]  (1.46 ns)

 <State 374>: 1.46ns
The critical path consists of the following:
	'call' operation ('norm.V', backprop.cpp:373) to 'sqrt_fixed<32, 16>' [265]  (1.46 ns)

 <State 375>: 1.46ns
The critical path consists of the following:
	'call' operation ('norm.V', backprop.cpp:373) to 'sqrt_fixed<32, 16>' [265]  (1.46 ns)

 <State 376>: 1.46ns
The critical path consists of the following:
	'call' operation ('norm.V', backprop.cpp:373) to 'sqrt_fixed<32, 16>' [265]  (1.46 ns)

 <State 377>: 1.46ns
The critical path consists of the following:
	'call' operation ('norm.V', backprop.cpp:373) to 'sqrt_fixed<32, 16>' [265]  (1.46 ns)

 <State 378>: 1.46ns
The critical path consists of the following:
	'call' operation ('norm.V', backprop.cpp:373) to 'sqrt_fixed<32, 16>' [265]  (1.46 ns)

 <State 379>: 1.46ns
The critical path consists of the following:
	'call' operation ('norm.V', backprop.cpp:373) to 'sqrt_fixed<32, 16>' [265]  (1.46 ns)

 <State 380>: 1.46ns
The critical path consists of the following:
	'call' operation ('norm.V', backprop.cpp:373) to 'sqrt_fixed<32, 16>' [265]  (1.46 ns)

 <State 381>: 1.46ns
The critical path consists of the following:
	'call' operation ('norm.V', backprop.cpp:373) to 'sqrt_fixed<32, 16>' [265]  (1.46 ns)

 <State 382>: 1.46ns
The critical path consists of the following:
	'call' operation ('norm.V', backprop.cpp:373) to 'sqrt_fixed<32, 16>' [265]  (1.46 ns)

 <State 383>: 1.46ns
The critical path consists of the following:
	'call' operation ('norm.V', backprop.cpp:373) to 'sqrt_fixed<32, 16>' [265]  (1.46 ns)

 <State 384>: 1.46ns
The critical path consists of the following:
	'call' operation ('norm.V', backprop.cpp:373) to 'sqrt_fixed<32, 16>' [265]  (1.46 ns)

 <State 385>: 1.46ns
The critical path consists of the following:
	'call' operation ('norm.V', backprop.cpp:373) to 'sqrt_fixed<32, 16>' [265]  (1.46 ns)

 <State 386>: 1.46ns
The critical path consists of the following:
	'call' operation ('norm.V', backprop.cpp:373) to 'sqrt_fixed<32, 16>' [265]  (1.46 ns)

 <State 387>: 1.46ns
The critical path consists of the following:
	'call' operation ('norm.V', backprop.cpp:373) to 'sqrt_fixed<32, 16>' [265]  (1.46 ns)

 <State 388>: 1.46ns
The critical path consists of the following:
	'call' operation ('norm.V', backprop.cpp:373) to 'sqrt_fixed<32, 16>' [265]  (1.46 ns)

 <State 389>: 1.46ns
The critical path consists of the following:
	'call' operation ('norm.V', backprop.cpp:373) to 'sqrt_fixed<32, 16>' [265]  (1.46 ns)

 <State 390>: 1.46ns
The critical path consists of the following:
	'call' operation ('norm.V', backprop.cpp:373) to 'sqrt_fixed<32, 16>' [265]  (1.46 ns)

 <State 391>: 1.46ns
The critical path consists of the following:
	'call' operation ('norm.V', backprop.cpp:373) to 'sqrt_fixed<32, 16>' [265]  (1.46 ns)

 <State 392>: 1.46ns
The critical path consists of the following:
	'call' operation ('norm.V', backprop.cpp:373) to 'sqrt_fixed<32, 16>' [265]  (1.46 ns)

 <State 393>: 1.46ns
The critical path consists of the following:
	'call' operation ('norm.V', backprop.cpp:373) to 'sqrt_fixed<32, 16>' [265]  (1.46 ns)

 <State 394>: 1.46ns
The critical path consists of the following:
	'call' operation ('norm.V', backprop.cpp:373) to 'sqrt_fixed<32, 16>' [265]  (1.46 ns)

 <State 395>: 1.46ns
The critical path consists of the following:
	'call' operation ('norm.V', backprop.cpp:373) to 'sqrt_fixed<32, 16>' [265]  (1.46 ns)

 <State 396>: 1.46ns
The critical path consists of the following:
	'call' operation ('norm.V', backprop.cpp:373) to 'sqrt_fixed<32, 16>' [265]  (1.46 ns)

 <State 397>: 1.46ns
The critical path consists of the following:
	'call' operation ('norm.V', backprop.cpp:373) to 'sqrt_fixed<32, 16>' [265]  (1.46 ns)

 <State 398>: 1.46ns
The critical path consists of the following:
	'call' operation ('norm.V', backprop.cpp:373) to 'sqrt_fixed<32, 16>' [265]  (1.46 ns)

 <State 399>: 1.46ns
The critical path consists of the following:
	'call' operation ('norm.V', backprop.cpp:373) to 'sqrt_fixed<32, 16>' [265]  (1.46 ns)

 <State 400>: 1.46ns
The critical path consists of the following:
	'call' operation ('norm.V', backprop.cpp:373) to 'sqrt_fixed<32, 16>' [265]  (1.46 ns)

 <State 401>: 1.46ns
The critical path consists of the following:
	'call' operation ('norm.V', backprop.cpp:373) to 'sqrt_fixed<32, 16>' [265]  (1.46 ns)

 <State 402>: 1.46ns
The critical path consists of the following:
	'call' operation ('norm.V', backprop.cpp:373) to 'sqrt_fixed<32, 16>' [265]  (1.46 ns)

 <State 403>: 1.46ns
The critical path consists of the following:
	'call' operation ('norm.V', backprop.cpp:373) to 'sqrt_fixed<32, 16>' [265]  (1.46 ns)

 <State 404>: 1.46ns
The critical path consists of the following:
	'call' operation ('norm.V', backprop.cpp:373) to 'sqrt_fixed<32, 16>' [265]  (1.46 ns)

 <State 405>: 1.46ns
The critical path consists of the following:
	'call' operation ('norm.V', backprop.cpp:373) to 'sqrt_fixed<32, 16>' [265]  (1.46 ns)

 <State 406>: 1.46ns
The critical path consists of the following:
	'call' operation ('norm.V', backprop.cpp:373) to 'sqrt_fixed<32, 16>' [265]  (1.46 ns)

 <State 407>: 1.46ns
The critical path consists of the following:
	'call' operation ('norm.V', backprop.cpp:373) to 'sqrt_fixed<32, 16>' [265]  (1.46 ns)

 <State 408>: 1.46ns
The critical path consists of the following:
	'call' operation ('norm.V', backprop.cpp:373) to 'sqrt_fixed<32, 16>' [265]  (1.46 ns)

 <State 409>: 1.46ns
The critical path consists of the following:
	'call' operation ('norm.V', backprop.cpp:373) to 'sqrt_fixed<32, 16>' [265]  (1.46 ns)

 <State 410>: 1.46ns
The critical path consists of the following:
	'call' operation ('norm.V', backprop.cpp:373) to 'sqrt_fixed<32, 16>' [265]  (1.46 ns)

 <State 411>: 1.46ns
The critical path consists of the following:
	'call' operation ('norm.V', backprop.cpp:373) to 'sqrt_fixed<32, 16>' [265]  (1.46 ns)

 <State 412>: 1.46ns
The critical path consists of the following:
	'call' operation ('norm.V', backprop.cpp:373) to 'sqrt_fixed<32, 16>' [265]  (1.46 ns)

 <State 413>: 1.46ns
The critical path consists of the following:
	'call' operation ('norm.V', backprop.cpp:373) to 'sqrt_fixed<32, 16>' [265]  (1.46 ns)

 <State 414>: 1.46ns
The critical path consists of the following:
	'call' operation ('norm.V', backprop.cpp:373) to 'sqrt_fixed<32, 16>' [265]  (1.46 ns)

 <State 415>: 1.46ns
The critical path consists of the following:
	'call' operation ('norm.V', backprop.cpp:373) to 'sqrt_fixed<32, 16>' [265]  (1.46 ns)

 <State 416>: 1.46ns
The critical path consists of the following:
	'call' operation ('norm.V', backprop.cpp:373) to 'sqrt_fixed<32, 16>' [265]  (1.46 ns)

 <State 417>: 1.46ns
The critical path consists of the following:
	'call' operation ('norm.V', backprop.cpp:373) to 'sqrt_fixed<32, 16>' [265]  (1.46 ns)

 <State 418>: 1.46ns
The critical path consists of the following:
	'call' operation ('norm.V', backprop.cpp:373) to 'sqrt_fixed<32, 16>' [265]  (1.46 ns)

 <State 419>: 1.46ns
The critical path consists of the following:
	'call' operation ('norm.V', backprop.cpp:373) to 'sqrt_fixed<32, 16>' [265]  (1.46 ns)

 <State 420>: 1.46ns
The critical path consists of the following:
	'call' operation ('norm.V', backprop.cpp:373) to 'sqrt_fixed<32, 16>' [265]  (1.46 ns)

 <State 421>: 1.46ns
The critical path consists of the following:
	'call' operation ('norm.V', backprop.cpp:373) to 'sqrt_fixed<32, 16>' [265]  (1.46 ns)

 <State 422>: 1.46ns
The critical path consists of the following:
	'call' operation ('norm.V', backprop.cpp:373) to 'sqrt_fixed<32, 16>' [265]  (1.46 ns)

 <State 423>: 1.46ns
The critical path consists of the following:
	'call' operation ('norm.V', backprop.cpp:373) to 'sqrt_fixed<32, 16>' [265]  (1.46 ns)

 <State 424>: 1.46ns
The critical path consists of the following:
	'call' operation ('norm.V', backprop.cpp:373) to 'sqrt_fixed<32, 16>' [265]  (1.46 ns)

 <State 425>: 1.46ns
The critical path consists of the following:
	'call' operation ('norm.V', backprop.cpp:373) to 'sqrt_fixed<32, 16>' [265]  (1.46 ns)

 <State 426>: 1.46ns
The critical path consists of the following:
	'call' operation ('norm.V', backprop.cpp:373) to 'sqrt_fixed<32, 16>' [265]  (1.46 ns)

 <State 427>: 1.46ns
The critical path consists of the following:
	'call' operation ('norm.V', backprop.cpp:373) to 'sqrt_fixed<32, 16>' [265]  (1.46 ns)

 <State 428>: 1.46ns
The critical path consists of the following:
	'call' operation ('norm.V', backprop.cpp:373) to 'sqrt_fixed<32, 16>' [265]  (1.46 ns)

 <State 429>: 1.46ns
The critical path consists of the following:
	'call' operation ('norm.V', backprop.cpp:373) to 'sqrt_fixed<32, 16>' [265]  (1.46 ns)

 <State 430>: 1.46ns
The critical path consists of the following:
	'call' operation ('norm.V', backprop.cpp:373) to 'sqrt_fixed<32, 16>' [265]  (1.46 ns)

 <State 431>: 1.46ns
The critical path consists of the following:
	'call' operation ('norm.V', backprop.cpp:373) to 'sqrt_fixed<32, 16>' [265]  (1.46 ns)

 <State 432>: 1.46ns
The critical path consists of the following:
	'call' operation ('norm.V', backprop.cpp:373) to 'sqrt_fixed<32, 16>' [265]  (1.46 ns)

 <State 433>: 1.46ns
The critical path consists of the following:
	'call' operation ('norm.V', backprop.cpp:373) to 'sqrt_fixed<32, 16>' [265]  (1.46 ns)

 <State 434>: 1.46ns
The critical path consists of the following:
	'call' operation ('norm.V', backprop.cpp:373) to 'sqrt_fixed<32, 16>' [265]  (1.46 ns)

 <State 435>: 1.46ns
The critical path consists of the following:
	'call' operation ('norm.V', backprop.cpp:373) to 'sqrt_fixed<32, 16>' [265]  (1.46 ns)

 <State 436>: 1.46ns
The critical path consists of the following:
	'call' operation ('norm.V', backprop.cpp:373) to 'sqrt_fixed<32, 16>' [265]  (1.46 ns)

 <State 437>: 1.46ns
The critical path consists of the following:
	'call' operation ('norm.V', backprop.cpp:373) to 'sqrt_fixed<32, 16>' [265]  (1.46 ns)

 <State 438>: 1.46ns
The critical path consists of the following:
	'call' operation ('norm.V', backprop.cpp:373) to 'sqrt_fixed<32, 16>' [265]  (1.46 ns)

 <State 439>: 1.46ns
The critical path consists of the following:
	'call' operation ('norm.V', backprop.cpp:373) to 'sqrt_fixed<32, 16>' [265]  (1.46 ns)

 <State 440>: 1.46ns
The critical path consists of the following:
	'call' operation ('norm.V', backprop.cpp:373) to 'sqrt_fixed<32, 16>' [265]  (1.46 ns)

 <State 441>: 1.46ns
The critical path consists of the following:
	'call' operation ('norm.V', backprop.cpp:373) to 'sqrt_fixed<32, 16>' [265]  (1.46 ns)

 <State 442>: 1.46ns
The critical path consists of the following:
	'call' operation ('norm.V', backprop.cpp:373) to 'sqrt_fixed<32, 16>' [265]  (1.46 ns)

 <State 443>: 1.46ns
The critical path consists of the following:
	'call' operation ('norm.V', backprop.cpp:373) to 'sqrt_fixed<32, 16>' [265]  (1.46 ns)

 <State 444>: 1.46ns
The critical path consists of the following:
	'call' operation ('norm.V', backprop.cpp:373) to 'sqrt_fixed<32, 16>' [265]  (1.46 ns)

 <State 445>: 1.46ns
The critical path consists of the following:
	'call' operation ('norm.V', backprop.cpp:373) to 'sqrt_fixed<32, 16>' [265]  (1.46 ns)

 <State 446>: 1.46ns
The critical path consists of the following:
	'call' operation ('norm.V', backprop.cpp:373) to 'sqrt_fixed<32, 16>' [265]  (1.46 ns)

 <State 447>: 1.46ns
The critical path consists of the following:
	'call' operation ('norm.V', backprop.cpp:373) to 'sqrt_fixed<32, 16>' [265]  (1.46 ns)

 <State 448>: 1.46ns
The critical path consists of the following:
	'call' operation ('norm.V', backprop.cpp:373) to 'sqrt_fixed<32, 16>' [265]  (1.46 ns)

 <State 449>: 1.46ns
The critical path consists of the following:
	'call' operation ('norm.V', backprop.cpp:373) to 'sqrt_fixed<32, 16>' [265]  (1.46 ns)

 <State 450>: 1.46ns
The critical path consists of the following:
	'call' operation ('norm.V', backprop.cpp:373) to 'sqrt_fixed<32, 16>' [265]  (1.46 ns)

 <State 451>: 1.46ns
The critical path consists of the following:
	'call' operation ('norm.V', backprop.cpp:373) to 'sqrt_fixed<32, 16>' [265]  (1.46 ns)

 <State 452>: 1.46ns
The critical path consists of the following:
	'call' operation ('norm.V', backprop.cpp:373) to 'sqrt_fixed<32, 16>' [265]  (1.46 ns)

 <State 453>: 1.46ns
The critical path consists of the following:
	'call' operation ('norm.V', backprop.cpp:373) to 'sqrt_fixed<32, 16>' [265]  (1.46 ns)

 <State 454>: 1.46ns
The critical path consists of the following:
	'call' operation ('norm.V', backprop.cpp:373) to 'sqrt_fixed<32, 16>' [265]  (1.46 ns)

 <State 455>: 1.46ns
The critical path consists of the following:
	'call' operation ('norm.V', backprop.cpp:373) to 'sqrt_fixed<32, 16>' [265]  (1.46 ns)

 <State 456>: 1.46ns
The critical path consists of the following:
	'call' operation ('norm.V', backprop.cpp:373) to 'sqrt_fixed<32, 16>' [265]  (1.46 ns)

 <State 457>: 1.46ns
The critical path consists of the following:
	'call' operation ('norm.V', backprop.cpp:373) to 'sqrt_fixed<32, 16>' [265]  (1.46 ns)

 <State 458>: 1.46ns
The critical path consists of the following:
	'call' operation ('norm.V', backprop.cpp:373) to 'sqrt_fixed<32, 16>' [265]  (1.46 ns)

 <State 459>: 1.46ns
The critical path consists of the following:
	'call' operation ('norm.V', backprop.cpp:373) to 'sqrt_fixed<32, 16>' [265]  (1.46 ns)

 <State 460>: 1.46ns
The critical path consists of the following:
	'call' operation ('norm.V', backprop.cpp:373) to 'sqrt_fixed<32, 16>' [265]  (1.46 ns)

 <State 461>: 1.46ns
The critical path consists of the following:
	'call' operation ('norm.V', backprop.cpp:373) to 'sqrt_fixed<32, 16>' [265]  (1.46 ns)

 <State 462>: 1.46ns
The critical path consists of the following:
	multiplexor before 'phi' operation ('indvar_flatten20', backprop.cpp:376) with incoming values : ('add_ln376', backprop.cpp:376) [272]  (1.46 ns)

 <State 463>: 2.1ns
The critical path consists of the following:
	'phi' operation ('indvar_flatten20', backprop.cpp:376) with incoming values : ('add_ln376', backprop.cpp:376) [272]  (0 ns)
	'icmp' operation ('icmp_ln376', backprop.cpp:376) [277]  (2.1 ns)

 <State 464>: 2ns
The critical path consists of the following:
	'add' operation ('add_ln376', backprop.cpp:376) [275]  (2 ns)

 <State 465>: 0.993ns
The critical path consists of the following:
	'select' operation ('select_ln331_1', backprop.cpp:331) [283]  (0.993 ns)

 <State 466>: 2.78ns
The critical path consists of the following:
	'icmp' operation ('addr_cmp84') [296]  (2.78 ns)

 <State 467>: 1.68ns
The critical path consists of the following:
	'load' operation ('weights2_load') on array 'weights2' [295]  (1.68 ns)

 <State 468>: 1.68ns
The critical path consists of the following:
	'load' operation ('weights2_load') on array 'weights2' [295]  (1.68 ns)

 <State 469>: 1.68ns
The critical path consists of the following:
	'load' operation ('weights2_load') on array 'weights2' [295]  (1.68 ns)

 <State 470>: 0.698ns
The critical path consists of the following:
	'load' operation ('reuse_reg80_load') on local variable 'reuse_reg80' [293]  (0 ns)
	'select' operation ('reuse_select85') [297]  (0.698 ns)

 <State 471>: 4.76ns
The critical path consists of the following:
	'sdiv' operation ('sdiv_ln1148_3') [299]  (4.76 ns)

 <State 472>: 4.76ns
The critical path consists of the following:
	'sdiv' operation ('sdiv_ln1148_3') [299]  (4.76 ns)

 <State 473>: 4.76ns
The critical path consists of the following:
	'sdiv' operation ('sdiv_ln1148_3') [299]  (4.76 ns)

 <State 474>: 4.76ns
The critical path consists of the following:
	'sdiv' operation ('sdiv_ln1148_3') [299]  (4.76 ns)

 <State 475>: 4.76ns
The critical path consists of the following:
	'sdiv' operation ('sdiv_ln1148_3') [299]  (4.76 ns)

 <State 476>: 4.76ns
The critical path consists of the following:
	'sdiv' operation ('sdiv_ln1148_3') [299]  (4.76 ns)

 <State 477>: 4.76ns
The critical path consists of the following:
	'sdiv' operation ('sdiv_ln1148_3') [299]  (4.76 ns)

 <State 478>: 4.76ns
The critical path consists of the following:
	'sdiv' operation ('sdiv_ln1148_3') [299]  (4.76 ns)

 <State 479>: 4.76ns
The critical path consists of the following:
	'sdiv' operation ('sdiv_ln1148_3') [299]  (4.76 ns)

 <State 480>: 4.76ns
The critical path consists of the following:
	'sdiv' operation ('sdiv_ln1148_3') [299]  (4.76 ns)

 <State 481>: 4.76ns
The critical path consists of the following:
	'sdiv' operation ('sdiv_ln1148_3') [299]  (4.76 ns)

 <State 482>: 4.76ns
The critical path consists of the following:
	'sdiv' operation ('sdiv_ln1148_3') [299]  (4.76 ns)

 <State 483>: 4.76ns
The critical path consists of the following:
	'sdiv' operation ('sdiv_ln1148_3') [299]  (4.76 ns)

 <State 484>: 4.76ns
The critical path consists of the following:
	'sdiv' operation ('sdiv_ln1148_3') [299]  (4.76 ns)

 <State 485>: 4.76ns
The critical path consists of the following:
	'sdiv' operation ('sdiv_ln1148_3') [299]  (4.76 ns)

 <State 486>: 4.76ns
The critical path consists of the following:
	'sdiv' operation ('sdiv_ln1148_3') [299]  (4.76 ns)

 <State 487>: 4.76ns
The critical path consists of the following:
	'sdiv' operation ('sdiv_ln1148_3') [299]  (4.76 ns)

 <State 488>: 4.76ns
The critical path consists of the following:
	'sdiv' operation ('sdiv_ln1148_3') [299]  (4.76 ns)

 <State 489>: 4.76ns
The critical path consists of the following:
	'sdiv' operation ('sdiv_ln1148_3') [299]  (4.76 ns)

 <State 490>: 4.76ns
The critical path consists of the following:
	'sdiv' operation ('sdiv_ln1148_3') [299]  (4.76 ns)

 <State 491>: 4.76ns
The critical path consists of the following:
	'sdiv' operation ('sdiv_ln1148_3') [299]  (4.76 ns)

 <State 492>: 4.76ns
The critical path consists of the following:
	'sdiv' operation ('sdiv_ln1148_3') [299]  (4.76 ns)

 <State 493>: 4.76ns
The critical path consists of the following:
	'sdiv' operation ('sdiv_ln1148_3') [299]  (4.76 ns)

 <State 494>: 4.76ns
The critical path consists of the following:
	'sdiv' operation ('sdiv_ln1148_3') [299]  (4.76 ns)

 <State 495>: 4.76ns
The critical path consists of the following:
	'sdiv' operation ('sdiv_ln1148_3') [299]  (4.76 ns)

 <State 496>: 4.76ns
The critical path consists of the following:
	'sdiv' operation ('sdiv_ln1148_3') [299]  (4.76 ns)

 <State 497>: 4.76ns
The critical path consists of the following:
	'sdiv' operation ('sdiv_ln1148_3') [299]  (4.76 ns)

 <State 498>: 4.76ns
The critical path consists of the following:
	'sdiv' operation ('sdiv_ln1148_3') [299]  (4.76 ns)

 <State 499>: 4.76ns
The critical path consists of the following:
	'sdiv' operation ('sdiv_ln1148_3') [299]  (4.76 ns)

 <State 500>: 4.76ns
The critical path consists of the following:
	'sdiv' operation ('sdiv_ln1148_3') [299]  (4.76 ns)

 <State 501>: 4.76ns
The critical path consists of the following:
	'sdiv' operation ('sdiv_ln1148_3') [299]  (4.76 ns)

 <State 502>: 4.76ns
The critical path consists of the following:
	'sdiv' operation ('sdiv_ln1148_3') [299]  (4.76 ns)

 <State 503>: 4.76ns
The critical path consists of the following:
	'sdiv' operation ('sdiv_ln1148_3') [299]  (4.76 ns)

 <State 504>: 4.76ns
The critical path consists of the following:
	'sdiv' operation ('sdiv_ln1148_3') [299]  (4.76 ns)

 <State 505>: 4.76ns
The critical path consists of the following:
	'sdiv' operation ('sdiv_ln1148_3') [299]  (4.76 ns)

 <State 506>: 4.76ns
The critical path consists of the following:
	'sdiv' operation ('sdiv_ln1148_3') [299]  (4.76 ns)

 <State 507>: 4.76ns
The critical path consists of the following:
	'sdiv' operation ('sdiv_ln1148_3') [299]  (4.76 ns)

 <State 508>: 4.76ns
The critical path consists of the following:
	'sdiv' operation ('sdiv_ln1148_3') [299]  (4.76 ns)

 <State 509>: 4.76ns
The critical path consists of the following:
	'sdiv' operation ('sdiv_ln1148_3') [299]  (4.76 ns)

 <State 510>: 4.76ns
The critical path consists of the following:
	'sdiv' operation ('sdiv_ln1148_3') [299]  (4.76 ns)

 <State 511>: 4.76ns
The critical path consists of the following:
	'sdiv' operation ('sdiv_ln1148_3') [299]  (4.76 ns)

 <State 512>: 4.76ns
The critical path consists of the following:
	'sdiv' operation ('sdiv_ln1148_3') [299]  (4.76 ns)

 <State 513>: 4.76ns
The critical path consists of the following:
	'sdiv' operation ('sdiv_ln1148_3') [299]  (4.76 ns)

 <State 514>: 4.76ns
The critical path consists of the following:
	'sdiv' operation ('sdiv_ln1148_3') [299]  (4.76 ns)

 <State 515>: 4.76ns
The critical path consists of the following:
	'sdiv' operation ('sdiv_ln1148_3') [299]  (4.76 ns)

 <State 516>: 4.76ns
The critical path consists of the following:
	'sdiv' operation ('sdiv_ln1148_3') [299]  (4.76 ns)

 <State 517>: 4.76ns
The critical path consists of the following:
	'sdiv' operation ('sdiv_ln1148_3') [299]  (4.76 ns)

 <State 518>: 4.76ns
The critical path consists of the following:
	'sdiv' operation ('sdiv_ln1148_3') [299]  (4.76 ns)

 <State 519>: 4.76ns
The critical path consists of the following:
	'sdiv' operation ('sdiv_ln1148_3') [299]  (4.76 ns)

 <State 520>: 4.76ns
The critical path consists of the following:
	'sdiv' operation ('sdiv_ln1148_3') [299]  (4.76 ns)

 <State 521>: 4.76ns
The critical path consists of the following:
	'sdiv' operation ('sdiv_ln1148_3') [299]  (4.76 ns)

 <State 522>: 4.76ns
The critical path consists of the following:
	'sdiv' operation ('sdiv_ln1148_3') [299]  (4.76 ns)

 <State 523>: 1.68ns
The critical path consists of the following:
	'store' operation ('store_ln378', backprop.cpp:378) of variable 'trunc_ln703_2' on array 'weights2' [301]  (1.68 ns)

 <State 524>: 1.68ns
The critical path consists of the following:
	'store' operation ('store_ln378', backprop.cpp:378) of variable 'trunc_ln703_2' on array 'weights2' [301]  (1.68 ns)

 <State 525>: 1.46ns
The critical path consists of the following:
	multiplexor before 'phi' operation ('i', backprop.cpp:381) with incoming values : ('add_ln381', backprop.cpp:381) [310]  (1.46 ns)

 <State 526>: 1.92ns
The critical path consists of the following:
	'phi' operation ('i', backprop.cpp:381) with incoming values : ('add_ln381', backprop.cpp:381) [310]  (0 ns)
	'add' operation ('add_ln381', backprop.cpp:381) [311]  (1.92 ns)

 <State 527>: 3.85ns
The critical path consists of the following:
	'add' operation ('add_ln381', backprop.cpp:381) [311]  (1.92 ns)
	'phi' operation ('i', backprop.cpp:381) with incoming values : ('add_ln381', backprop.cpp:381) [310]  (0 ns)
	'add' operation ('add_ln381', backprop.cpp:381) [311]  (1.92 ns)

 <State 528>: 1.68ns
The critical path consists of the following:
	'load' operation ('biases2_load') on array 'biases2' [321]  (1.68 ns)

 <State 529>: 1.68ns
The critical path consists of the following:
	'load' operation ('biases2_load') on array 'biases2' [321]  (1.68 ns)

 <State 530>: 1.68ns
The critical path consists of the following:
	'load' operation ('biases2_load') on array 'biases2' [321]  (1.68 ns)

 <State 531>: 4.76ns
The critical path consists of the following:
	'sdiv' operation ('sdiv_ln1148_2') [323]  (4.76 ns)

 <State 532>: 4.76ns
The critical path consists of the following:
	'sdiv' operation ('sdiv_ln1148_2') [323]  (4.76 ns)

 <State 533>: 4.76ns
The critical path consists of the following:
	'sdiv' operation ('sdiv_ln1148_2') [323]  (4.76 ns)

 <State 534>: 4.76ns
The critical path consists of the following:
	'sdiv' operation ('sdiv_ln1148_2') [323]  (4.76 ns)

 <State 535>: 4.76ns
The critical path consists of the following:
	'sdiv' operation ('sdiv_ln1148_2') [323]  (4.76 ns)

 <State 536>: 4.76ns
The critical path consists of the following:
	'sdiv' operation ('sdiv_ln1148_2') [323]  (4.76 ns)

 <State 537>: 4.76ns
The critical path consists of the following:
	'sdiv' operation ('sdiv_ln1148_2') [323]  (4.76 ns)

 <State 538>: 4.76ns
The critical path consists of the following:
	'sdiv' operation ('sdiv_ln1148_2') [323]  (4.76 ns)

 <State 539>: 4.76ns
The critical path consists of the following:
	'sdiv' operation ('sdiv_ln1148_2') [323]  (4.76 ns)

 <State 540>: 4.76ns
The critical path consists of the following:
	'sdiv' operation ('sdiv_ln1148_2') [323]  (4.76 ns)

 <State 541>: 4.76ns
The critical path consists of the following:
	'sdiv' operation ('sdiv_ln1148_2') [323]  (4.76 ns)

 <State 542>: 4.76ns
The critical path consists of the following:
	'sdiv' operation ('sdiv_ln1148_2') [323]  (4.76 ns)

 <State 543>: 4.76ns
The critical path consists of the following:
	'sdiv' operation ('sdiv_ln1148_2') [323]  (4.76 ns)

 <State 544>: 4.76ns
The critical path consists of the following:
	'sdiv' operation ('sdiv_ln1148_2') [323]  (4.76 ns)

 <State 545>: 4.76ns
The critical path consists of the following:
	'sdiv' operation ('sdiv_ln1148_2') [323]  (4.76 ns)

 <State 546>: 4.76ns
The critical path consists of the following:
	'sdiv' operation ('sdiv_ln1148_2') [323]  (4.76 ns)

 <State 547>: 4.76ns
The critical path consists of the following:
	'sdiv' operation ('sdiv_ln1148_2') [323]  (4.76 ns)

 <State 548>: 4.76ns
The critical path consists of the following:
	'sdiv' operation ('sdiv_ln1148_2') [323]  (4.76 ns)

 <State 549>: 4.76ns
The critical path consists of the following:
	'sdiv' operation ('sdiv_ln1148_2') [323]  (4.76 ns)

 <State 550>: 4.76ns
The critical path consists of the following:
	'sdiv' operation ('sdiv_ln1148_2') [323]  (4.76 ns)

 <State 551>: 4.76ns
The critical path consists of the following:
	'sdiv' operation ('sdiv_ln1148_2') [323]  (4.76 ns)

 <State 552>: 4.76ns
The critical path consists of the following:
	'sdiv' operation ('sdiv_ln1148_2') [323]  (4.76 ns)

 <State 553>: 4.76ns
The critical path consists of the following:
	'sdiv' operation ('sdiv_ln1148_2') [323]  (4.76 ns)

 <State 554>: 4.76ns
The critical path consists of the following:
	'sdiv' operation ('sdiv_ln1148_2') [323]  (4.76 ns)

 <State 555>: 4.76ns
The critical path consists of the following:
	'sdiv' operation ('sdiv_ln1148_2') [323]  (4.76 ns)

 <State 556>: 4.76ns
The critical path consists of the following:
	'sdiv' operation ('sdiv_ln1148_2') [323]  (4.76 ns)

 <State 557>: 4.76ns
The critical path consists of the following:
	'sdiv' operation ('sdiv_ln1148_2') [323]  (4.76 ns)

 <State 558>: 4.76ns
The critical path consists of the following:
	'sdiv' operation ('sdiv_ln1148_2') [323]  (4.76 ns)

 <State 559>: 4.76ns
The critical path consists of the following:
	'sdiv' operation ('sdiv_ln1148_2') [323]  (4.76 ns)

 <State 560>: 4.76ns
The critical path consists of the following:
	'sdiv' operation ('sdiv_ln1148_2') [323]  (4.76 ns)

 <State 561>: 4.76ns
The critical path consists of the following:
	'sdiv' operation ('sdiv_ln1148_2') [323]  (4.76 ns)

 <State 562>: 4.76ns
The critical path consists of the following:
	'sdiv' operation ('sdiv_ln1148_2') [323]  (4.76 ns)

 <State 563>: 4.76ns
The critical path consists of the following:
	'sdiv' operation ('sdiv_ln1148_2') [323]  (4.76 ns)

 <State 564>: 4.76ns
The critical path consists of the following:
	'sdiv' operation ('sdiv_ln1148_2') [323]  (4.76 ns)

 <State 565>: 4.76ns
The critical path consists of the following:
	'sdiv' operation ('sdiv_ln1148_2') [323]  (4.76 ns)

 <State 566>: 4.76ns
The critical path consists of the following:
	'sdiv' operation ('sdiv_ln1148_2') [323]  (4.76 ns)

 <State 567>: 4.76ns
The critical path consists of the following:
	'sdiv' operation ('sdiv_ln1148_2') [323]  (4.76 ns)

 <State 568>: 4.76ns
The critical path consists of the following:
	'sdiv' operation ('sdiv_ln1148_2') [323]  (4.76 ns)

 <State 569>: 4.76ns
The critical path consists of the following:
	'sdiv' operation ('sdiv_ln1148_2') [323]  (4.76 ns)

 <State 570>: 4.76ns
The critical path consists of the following:
	'sdiv' operation ('sdiv_ln1148_2') [323]  (4.76 ns)

 <State 571>: 4.76ns
The critical path consists of the following:
	'sdiv' operation ('sdiv_ln1148_2') [323]  (4.76 ns)

 <State 572>: 4.76ns
The critical path consists of the following:
	'sdiv' operation ('sdiv_ln1148_2') [323]  (4.76 ns)

 <State 573>: 4.76ns
The critical path consists of the following:
	'sdiv' operation ('sdiv_ln1148_2') [323]  (4.76 ns)

 <State 574>: 4.76ns
The critical path consists of the following:
	'sdiv' operation ('sdiv_ln1148_2') [323]  (4.76 ns)

 <State 575>: 4.76ns
The critical path consists of the following:
	'sdiv' operation ('sdiv_ln1148_2') [323]  (4.76 ns)

 <State 576>: 4.76ns
The critical path consists of the following:
	'sdiv' operation ('sdiv_ln1148_2') [323]  (4.76 ns)

 <State 577>: 4.76ns
The critical path consists of the following:
	'sdiv' operation ('sdiv_ln1148_2') [323]  (4.76 ns)

 <State 578>: 4.76ns
The critical path consists of the following:
	'sdiv' operation ('sdiv_ln1148_2') [323]  (4.76 ns)

 <State 579>: 4.76ns
The critical path consists of the following:
	'sdiv' operation ('sdiv_ln1148_2') [323]  (4.76 ns)

 <State 580>: 4.76ns
The critical path consists of the following:
	'sdiv' operation ('sdiv_ln1148_2') [323]  (4.76 ns)

 <State 581>: 4.76ns
The critical path consists of the following:
	'sdiv' operation ('sdiv_ln1148_2') [323]  (4.76 ns)

 <State 582>: 4.76ns
The critical path consists of the following:
	'sdiv' operation ('sdiv_ln1148_2') [323]  (4.76 ns)

 <State 583>: 1.68ns
The critical path consists of the following:
	'store' operation ('store_ln382', backprop.cpp:382) of variable 'trunc_ln703_3' on array 'biases2' [325]  (1.68 ns)

 <State 584>: 1.68ns
The critical path consists of the following:
	'store' operation ('store_ln382', backprop.cpp:382) of variable 'trunc_ln703_3' on array 'biases2' [325]  (1.68 ns)

 <State 585>: 1.46ns
The critical path consists of the following:
	multiplexor before 'phi' operation ('indvar_flatten27', backprop.cpp:388) with incoming values : ('add_ln388', backprop.cpp:388) [330]  (1.46 ns)

 <State 586>: 1.94ns
The critical path consists of the following:
	'phi' operation ('indvar_flatten27', backprop.cpp:388) with incoming values : ('add_ln388', backprop.cpp:388) [330]  (0 ns)
	'add' operation ('add_ln388', backprop.cpp:388) [334]  (1.94 ns)

 <State 587>: 1.94ns
The critical path consists of the following:
	'add' operation ('add_ln388', backprop.cpp:388) [334]  (1.94 ns)

 <State 588>: 1.94ns
The critical path consists of the following:
	'sub' operation ('sub_ln390_1', backprop.cpp:390) [351]  (1.94 ns)

 <State 589>: 1.94ns
The critical path consists of the following:
	'sub' operation ('sub_ln390_1', backprop.cpp:390) [351]  (1.94 ns)

 <State 590>: 1.86ns
The critical path consists of the following:
	'add' operation ('add_ln389', backprop.cpp:389) [375]  (1.86 ns)

 <State 591>: 1.94ns
The critical path consists of the following:
	'add' operation ('add_ln390', backprop.cpp:390) [357]  (1.94 ns)

 <State 592>: 1.94ns
The critical path consists of the following:
	'add' operation ('add_ln390', backprop.cpp:390) [357]  (1.94 ns)

 <State 593>: 1.68ns
The critical path consists of the following:
	'getelementptr' operation ('d_weights3_addr') [359]  (0 ns)
	'load' operation ('r.V') on array 'd_weights3' [360]  (1.68 ns)

 <State 594>: 1.68ns
The critical path consists of the following:
	'load' operation ('r.V') on array 'd_weights3' [360]  (1.68 ns)

 <State 595>: 1.68ns
The critical path consists of the following:
	'load' operation ('r.V') on array 'd_weights3' [360]  (1.68 ns)

 <State 596>: 1.68ns
The critical path consists of the following:
	'load' operation ('r.V') on array 'd_weights3' [360]  (1.68 ns)

 <State 597>: 1.94ns
The critical path consists of the following:
	'mul' operation ('r.V') [362]  (1.94 ns)

 <State 598>: 1.94ns
The critical path consists of the following:
	'mul' operation ('r.V') [362]  (1.94 ns)

 <State 599>: 1.94ns
The critical path consists of the following:
	'mul' operation ('r.V') [362]  (1.94 ns)

 <State 600>: 1.94ns
The critical path consists of the following:
	'mul' operation ('r.V') [362]  (1.94 ns)

 <State 601>: 1.94ns
The critical path consists of the following:
	'mul' operation ('r.V') [362]  (1.94 ns)

 <State 602>: 1.94ns
The critical path consists of the following:
	'mul' operation ('r.V') [362]  (1.94 ns)

 <State 603>: 1.94ns
The critical path consists of the following:
	'mul' operation ('r.V') [362]  (1.94 ns)

 <State 604>: 2.44ns
The critical path consists of the following:
	'sub' operation ('ret.V') [367]  (2.44 ns)

 <State 605>: 2.44ns
The critical path consists of the following:
	'sub' operation ('ret.V') [367]  (2.44 ns)

 <State 606>: 1.94ns
The critical path consists of the following:
	'mul' operation ('r.V') [371]  (1.94 ns)

 <State 607>: 1.94ns
The critical path consists of the following:
	'mul' operation ('r.V') [371]  (1.94 ns)

 <State 608>: 1.94ns
The critical path consists of the following:
	'mul' operation ('r.V') [371]  (1.94 ns)

 <State 609>: 1.94ns
The critical path consists of the following:
	'mul' operation ('r.V') [371]  (1.94 ns)

 <State 610>: 1.94ns
The critical path consists of the following:
	'mul' operation ('r.V') [371]  (1.94 ns)

 <State 611>: 1.94ns
The critical path consists of the following:
	'mul' operation ('r.V') [371]  (1.94 ns)

 <State 612>: 1.94ns
The critical path consists of the following:
	'mul' operation ('r.V') [371]  (1.94 ns)

 <State 613>: 2.44ns
The critical path consists of the following:
	'add' operation ('ret.V') [373]  (2.44 ns)

 <State 614>: 2.44ns
The critical path consists of the following:
	'add' operation ('ret.V') [373]  (2.44 ns)

 <State 615>: 1.46ns
The critical path consists of the following:
	multiplexor before 'phi' operation ('i') with incoming values : ('add_ln394', backprop.cpp:394) [380]  (1.46 ns)

 <State 616>: 1.86ns
The critical path consists of the following:
	'phi' operation ('i') with incoming values : ('add_ln394', backprop.cpp:394) [380]  (0 ns)
	'add' operation ('add_ln394', backprop.cpp:394) [382]  (1.86 ns)

 <State 617>: 1.86ns
The critical path consists of the following:
	'add' operation ('add_ln394', backprop.cpp:394) [382]  (1.86 ns)

 <State 618>: 1.58ns
The critical path consists of the following:
	'mux' operation ('r.V') [389]  (1.58 ns)

 <State 619>: 1.58ns
The critical path consists of the following:
	'mux' operation ('r.V') [389]  (1.58 ns)

 <State 620>: 1.94ns
The critical path consists of the following:
	'mul' operation ('r.V') [391]  (1.94 ns)

 <State 621>: 1.94ns
The critical path consists of the following:
	'mul' operation ('r.V') [391]  (1.94 ns)

 <State 622>: 1.94ns
The critical path consists of the following:
	'mul' operation ('r.V') [391]  (1.94 ns)

 <State 623>: 1.94ns
The critical path consists of the following:
	'mul' operation ('r.V') [391]  (1.94 ns)

 <State 624>: 1.94ns
The critical path consists of the following:
	'mul' operation ('r.V') [391]  (1.94 ns)

 <State 625>: 1.94ns
The critical path consists of the following:
	'mul' operation ('r.V') [391]  (1.94 ns)

 <State 626>: 1.94ns
The critical path consists of the following:
	'mul' operation ('r.V') [391]  (1.94 ns)

 <State 627>: 2.44ns
The critical path consists of the following:
	'sub' operation ('ret.V') [397]  (2.44 ns)

 <State 628>: 2.44ns
The critical path consists of the following:
	'sub' operation ('ret.V') [397]  (2.44 ns)

 <State 629>: 1.94ns
The critical path consists of the following:
	'mul' operation ('r.V') [401]  (1.94 ns)

 <State 630>: 1.94ns
The critical path consists of the following:
	'mul' operation ('r.V') [401]  (1.94 ns)

 <State 631>: 1.94ns
The critical path consists of the following:
	'mul' operation ('r.V') [401]  (1.94 ns)

 <State 632>: 1.94ns
The critical path consists of the following:
	'mul' operation ('r.V') [401]  (1.94 ns)

 <State 633>: 1.94ns
The critical path consists of the following:
	'mul' operation ('r.V') [401]  (1.94 ns)

 <State 634>: 1.94ns
The critical path consists of the following:
	'mul' operation ('r.V') [401]  (1.94 ns)

 <State 635>: 1.94ns
The critical path consists of the following:
	'mul' operation ('r.V') [401]  (1.94 ns)

 <State 636>: 2.44ns
The critical path consists of the following:
	'add' operation ('ret.V') [403]  (2.44 ns)

 <State 637>: 2.44ns
The critical path consists of the following:
	'add' operation ('ret.V') [403]  (2.44 ns)

 <State 638>: 1.46ns
The critical path consists of the following:
	'call' operation ('norm.V', backprop.cpp:399) to 'sqrt_fixed<32, 16>' [407]  (1.46 ns)

 <State 639>: 1.46ns
The critical path consists of the following:
	'call' operation ('norm.V', backprop.cpp:399) to 'sqrt_fixed<32, 16>' [407]  (1.46 ns)

 <State 640>: 1.46ns
The critical path consists of the following:
	'call' operation ('norm.V', backprop.cpp:399) to 'sqrt_fixed<32, 16>' [407]  (1.46 ns)

 <State 641>: 1.46ns
The critical path consists of the following:
	'call' operation ('norm.V', backprop.cpp:399) to 'sqrt_fixed<32, 16>' [407]  (1.46 ns)

 <State 642>: 1.46ns
The critical path consists of the following:
	'call' operation ('norm.V', backprop.cpp:399) to 'sqrt_fixed<32, 16>' [407]  (1.46 ns)

 <State 643>: 1.46ns
The critical path consists of the following:
	'call' operation ('norm.V', backprop.cpp:399) to 'sqrt_fixed<32, 16>' [407]  (1.46 ns)

 <State 644>: 1.46ns
The critical path consists of the following:
	'call' operation ('norm.V', backprop.cpp:399) to 'sqrt_fixed<32, 16>' [407]  (1.46 ns)

 <State 645>: 1.46ns
The critical path consists of the following:
	'call' operation ('norm.V', backprop.cpp:399) to 'sqrt_fixed<32, 16>' [407]  (1.46 ns)

 <State 646>: 1.46ns
The critical path consists of the following:
	'call' operation ('norm.V', backprop.cpp:399) to 'sqrt_fixed<32, 16>' [407]  (1.46 ns)

 <State 647>: 1.46ns
The critical path consists of the following:
	'call' operation ('norm.V', backprop.cpp:399) to 'sqrt_fixed<32, 16>' [407]  (1.46 ns)

 <State 648>: 1.46ns
The critical path consists of the following:
	'call' operation ('norm.V', backprop.cpp:399) to 'sqrt_fixed<32, 16>' [407]  (1.46 ns)

 <State 649>: 1.46ns
The critical path consists of the following:
	'call' operation ('norm.V', backprop.cpp:399) to 'sqrt_fixed<32, 16>' [407]  (1.46 ns)

 <State 650>: 1.46ns
The critical path consists of the following:
	'call' operation ('norm.V', backprop.cpp:399) to 'sqrt_fixed<32, 16>' [407]  (1.46 ns)

 <State 651>: 1.46ns
The critical path consists of the following:
	'call' operation ('norm.V', backprop.cpp:399) to 'sqrt_fixed<32, 16>' [407]  (1.46 ns)

 <State 652>: 1.46ns
The critical path consists of the following:
	'call' operation ('norm.V', backprop.cpp:399) to 'sqrt_fixed<32, 16>' [407]  (1.46 ns)

 <State 653>: 1.46ns
The critical path consists of the following:
	'call' operation ('norm.V', backprop.cpp:399) to 'sqrt_fixed<32, 16>' [407]  (1.46 ns)

 <State 654>: 1.46ns
The critical path consists of the following:
	'call' operation ('norm.V', backprop.cpp:399) to 'sqrt_fixed<32, 16>' [407]  (1.46 ns)

 <State 655>: 1.46ns
The critical path consists of the following:
	'call' operation ('norm.V', backprop.cpp:399) to 'sqrt_fixed<32, 16>' [407]  (1.46 ns)

 <State 656>: 1.46ns
The critical path consists of the following:
	'call' operation ('norm.V', backprop.cpp:399) to 'sqrt_fixed<32, 16>' [407]  (1.46 ns)

 <State 657>: 1.46ns
The critical path consists of the following:
	'call' operation ('norm.V', backprop.cpp:399) to 'sqrt_fixed<32, 16>' [407]  (1.46 ns)

 <State 658>: 1.46ns
The critical path consists of the following:
	'call' operation ('norm.V', backprop.cpp:399) to 'sqrt_fixed<32, 16>' [407]  (1.46 ns)

 <State 659>: 1.46ns
The critical path consists of the following:
	'call' operation ('norm.V', backprop.cpp:399) to 'sqrt_fixed<32, 16>' [407]  (1.46 ns)

 <State 660>: 1.46ns
The critical path consists of the following:
	'call' operation ('norm.V', backprop.cpp:399) to 'sqrt_fixed<32, 16>' [407]  (1.46 ns)

 <State 661>: 1.46ns
The critical path consists of the following:
	'call' operation ('norm.V', backprop.cpp:399) to 'sqrt_fixed<32, 16>' [407]  (1.46 ns)

 <State 662>: 1.46ns
The critical path consists of the following:
	'call' operation ('norm.V', backprop.cpp:399) to 'sqrt_fixed<32, 16>' [407]  (1.46 ns)

 <State 663>: 1.46ns
The critical path consists of the following:
	'call' operation ('norm.V', backprop.cpp:399) to 'sqrt_fixed<32, 16>' [407]  (1.46 ns)

 <State 664>: 1.46ns
The critical path consists of the following:
	'call' operation ('norm.V', backprop.cpp:399) to 'sqrt_fixed<32, 16>' [407]  (1.46 ns)

 <State 665>: 1.46ns
The critical path consists of the following:
	'call' operation ('norm.V', backprop.cpp:399) to 'sqrt_fixed<32, 16>' [407]  (1.46 ns)

 <State 666>: 1.46ns
The critical path consists of the following:
	'call' operation ('norm.V', backprop.cpp:399) to 'sqrt_fixed<32, 16>' [407]  (1.46 ns)

 <State 667>: 1.46ns
The critical path consists of the following:
	'call' operation ('norm.V', backprop.cpp:399) to 'sqrt_fixed<32, 16>' [407]  (1.46 ns)

 <State 668>: 1.46ns
The critical path consists of the following:
	'call' operation ('norm.V', backprop.cpp:399) to 'sqrt_fixed<32, 16>' [407]  (1.46 ns)

 <State 669>: 1.46ns
The critical path consists of the following:
	'call' operation ('norm.V', backprop.cpp:399) to 'sqrt_fixed<32, 16>' [407]  (1.46 ns)

 <State 670>: 1.46ns
The critical path consists of the following:
	'call' operation ('norm.V', backprop.cpp:399) to 'sqrt_fixed<32, 16>' [407]  (1.46 ns)

 <State 671>: 1.46ns
The critical path consists of the following:
	'call' operation ('norm.V', backprop.cpp:399) to 'sqrt_fixed<32, 16>' [407]  (1.46 ns)

 <State 672>: 1.46ns
The critical path consists of the following:
	'call' operation ('norm.V', backprop.cpp:399) to 'sqrt_fixed<32, 16>' [407]  (1.46 ns)

 <State 673>: 1.46ns
The critical path consists of the following:
	'call' operation ('norm.V', backprop.cpp:399) to 'sqrt_fixed<32, 16>' [407]  (1.46 ns)

 <State 674>: 1.46ns
The critical path consists of the following:
	'call' operation ('norm.V', backprop.cpp:399) to 'sqrt_fixed<32, 16>' [407]  (1.46 ns)

 <State 675>: 1.46ns
The critical path consists of the following:
	'call' operation ('norm.V', backprop.cpp:399) to 'sqrt_fixed<32, 16>' [407]  (1.46 ns)

 <State 676>: 1.46ns
The critical path consists of the following:
	'call' operation ('norm.V', backprop.cpp:399) to 'sqrt_fixed<32, 16>' [407]  (1.46 ns)

 <State 677>: 1.46ns
The critical path consists of the following:
	'call' operation ('norm.V', backprop.cpp:399) to 'sqrt_fixed<32, 16>' [407]  (1.46 ns)

 <State 678>: 1.46ns
The critical path consists of the following:
	'call' operation ('norm.V', backprop.cpp:399) to 'sqrt_fixed<32, 16>' [407]  (1.46 ns)

 <State 679>: 1.46ns
The critical path consists of the following:
	'call' operation ('norm.V', backprop.cpp:399) to 'sqrt_fixed<32, 16>' [407]  (1.46 ns)

 <State 680>: 1.46ns
The critical path consists of the following:
	'call' operation ('norm.V', backprop.cpp:399) to 'sqrt_fixed<32, 16>' [407]  (1.46 ns)

 <State 681>: 1.46ns
The critical path consists of the following:
	'call' operation ('norm.V', backprop.cpp:399) to 'sqrt_fixed<32, 16>' [407]  (1.46 ns)

 <State 682>: 1.46ns
The critical path consists of the following:
	'call' operation ('norm.V', backprop.cpp:399) to 'sqrt_fixed<32, 16>' [407]  (1.46 ns)

 <State 683>: 1.46ns
The critical path consists of the following:
	'call' operation ('norm.V', backprop.cpp:399) to 'sqrt_fixed<32, 16>' [407]  (1.46 ns)

 <State 684>: 1.46ns
The critical path consists of the following:
	'call' operation ('norm.V', backprop.cpp:399) to 'sqrt_fixed<32, 16>' [407]  (1.46 ns)

 <State 685>: 1.46ns
The critical path consists of the following:
	'call' operation ('norm.V', backprop.cpp:399) to 'sqrt_fixed<32, 16>' [407]  (1.46 ns)

 <State 686>: 1.46ns
The critical path consists of the following:
	'call' operation ('norm.V', backprop.cpp:399) to 'sqrt_fixed<32, 16>' [407]  (1.46 ns)

 <State 687>: 1.46ns
The critical path consists of the following:
	'call' operation ('norm.V', backprop.cpp:399) to 'sqrt_fixed<32, 16>' [407]  (1.46 ns)

 <State 688>: 1.46ns
The critical path consists of the following:
	'call' operation ('norm.V', backprop.cpp:399) to 'sqrt_fixed<32, 16>' [407]  (1.46 ns)

 <State 689>: 1.46ns
The critical path consists of the following:
	'call' operation ('norm.V', backprop.cpp:399) to 'sqrt_fixed<32, 16>' [407]  (1.46 ns)

 <State 690>: 1.46ns
The critical path consists of the following:
	'call' operation ('norm.V', backprop.cpp:399) to 'sqrt_fixed<32, 16>' [407]  (1.46 ns)

 <State 691>: 1.46ns
The critical path consists of the following:
	'call' operation ('norm.V', backprop.cpp:399) to 'sqrt_fixed<32, 16>' [407]  (1.46 ns)

 <State 692>: 1.46ns
The critical path consists of the following:
	'call' operation ('norm.V', backprop.cpp:399) to 'sqrt_fixed<32, 16>' [407]  (1.46 ns)

 <State 693>: 1.46ns
The critical path consists of the following:
	'call' operation ('norm.V', backprop.cpp:399) to 'sqrt_fixed<32, 16>' [407]  (1.46 ns)

 <State 694>: 1.46ns
The critical path consists of the following:
	'call' operation ('norm.V', backprop.cpp:399) to 'sqrt_fixed<32, 16>' [407]  (1.46 ns)

 <State 695>: 1.46ns
The critical path consists of the following:
	'call' operation ('norm.V', backprop.cpp:399) to 'sqrt_fixed<32, 16>' [407]  (1.46 ns)

 <State 696>: 1.46ns
The critical path consists of the following:
	'call' operation ('norm.V', backprop.cpp:399) to 'sqrt_fixed<32, 16>' [407]  (1.46 ns)

 <State 697>: 1.46ns
The critical path consists of the following:
	'call' operation ('norm.V', backprop.cpp:399) to 'sqrt_fixed<32, 16>' [407]  (1.46 ns)

 <State 698>: 1.46ns
The critical path consists of the following:
	'call' operation ('norm.V', backprop.cpp:399) to 'sqrt_fixed<32, 16>' [407]  (1.46 ns)

 <State 699>: 1.46ns
The critical path consists of the following:
	'call' operation ('norm.V', backprop.cpp:399) to 'sqrt_fixed<32, 16>' [407]  (1.46 ns)

 <State 700>: 1.46ns
The critical path consists of the following:
	'call' operation ('norm.V', backprop.cpp:399) to 'sqrt_fixed<32, 16>' [407]  (1.46 ns)

 <State 701>: 1.46ns
The critical path consists of the following:
	'call' operation ('norm.V', backprop.cpp:399) to 'sqrt_fixed<32, 16>' [407]  (1.46 ns)

 <State 702>: 1.46ns
The critical path consists of the following:
	'call' operation ('norm.V', backprop.cpp:399) to 'sqrt_fixed<32, 16>' [407]  (1.46 ns)

 <State 703>: 1.46ns
The critical path consists of the following:
	'call' operation ('norm.V', backprop.cpp:399) to 'sqrt_fixed<32, 16>' [407]  (1.46 ns)

 <State 704>: 1.46ns
The critical path consists of the following:
	'call' operation ('norm.V', backprop.cpp:399) to 'sqrt_fixed<32, 16>' [407]  (1.46 ns)

 <State 705>: 1.46ns
The critical path consists of the following:
	'call' operation ('norm.V', backprop.cpp:399) to 'sqrt_fixed<32, 16>' [407]  (1.46 ns)

 <State 706>: 1.46ns
The critical path consists of the following:
	'call' operation ('norm.V', backprop.cpp:399) to 'sqrt_fixed<32, 16>' [407]  (1.46 ns)

 <State 707>: 1.46ns
The critical path consists of the following:
	'call' operation ('norm.V', backprop.cpp:399) to 'sqrt_fixed<32, 16>' [407]  (1.46 ns)

 <State 708>: 1.46ns
The critical path consists of the following:
	'call' operation ('norm.V', backprop.cpp:399) to 'sqrt_fixed<32, 16>' [407]  (1.46 ns)

 <State 709>: 1.46ns
The critical path consists of the following:
	'call' operation ('norm.V', backprop.cpp:399) to 'sqrt_fixed<32, 16>' [407]  (1.46 ns)

 <State 710>: 1.46ns
The critical path consists of the following:
	'call' operation ('norm.V', backprop.cpp:399) to 'sqrt_fixed<32, 16>' [407]  (1.46 ns)

 <State 711>: 1.46ns
The critical path consists of the following:
	'call' operation ('norm.V', backprop.cpp:399) to 'sqrt_fixed<32, 16>' [407]  (1.46 ns)

 <State 712>: 1.46ns
The critical path consists of the following:
	'call' operation ('norm.V', backprop.cpp:399) to 'sqrt_fixed<32, 16>' [407]  (1.46 ns)

 <State 713>: 1.46ns
The critical path consists of the following:
	'call' operation ('norm.V', backprop.cpp:399) to 'sqrt_fixed<32, 16>' [407]  (1.46 ns)

 <State 714>: 1.46ns
The critical path consists of the following:
	'call' operation ('norm.V', backprop.cpp:399) to 'sqrt_fixed<32, 16>' [407]  (1.46 ns)

 <State 715>: 1.46ns
The critical path consists of the following:
	'call' operation ('norm.V', backprop.cpp:399) to 'sqrt_fixed<32, 16>' [407]  (1.46 ns)

 <State 716>: 1.46ns
The critical path consists of the following:
	'call' operation ('norm.V', backprop.cpp:399) to 'sqrt_fixed<32, 16>' [407]  (1.46 ns)

 <State 717>: 1.46ns
The critical path consists of the following:
	'call' operation ('norm.V', backprop.cpp:399) to 'sqrt_fixed<32, 16>' [407]  (1.46 ns)

 <State 718>: 1.46ns
The critical path consists of the following:
	'call' operation ('norm.V', backprop.cpp:399) to 'sqrt_fixed<32, 16>' [407]  (1.46 ns)

 <State 719>: 1.46ns
The critical path consists of the following:
	'call' operation ('norm.V', backprop.cpp:399) to 'sqrt_fixed<32, 16>' [407]  (1.46 ns)

 <State 720>: 1.46ns
The critical path consists of the following:
	'call' operation ('norm.V', backprop.cpp:399) to 'sqrt_fixed<32, 16>' [407]  (1.46 ns)

 <State 721>: 1.46ns
The critical path consists of the following:
	'call' operation ('norm.V', backprop.cpp:399) to 'sqrt_fixed<32, 16>' [407]  (1.46 ns)

 <State 722>: 1.46ns
The critical path consists of the following:
	'call' operation ('norm.V', backprop.cpp:399) to 'sqrt_fixed<32, 16>' [407]  (1.46 ns)

 <State 723>: 1.46ns
The critical path consists of the following:
	'call' operation ('norm.V', backprop.cpp:399) to 'sqrt_fixed<32, 16>' [407]  (1.46 ns)

 <State 724>: 1.46ns
The critical path consists of the following:
	'call' operation ('norm.V', backprop.cpp:399) to 'sqrt_fixed<32, 16>' [407]  (1.46 ns)

 <State 725>: 1.46ns
The critical path consists of the following:
	'call' operation ('norm.V', backprop.cpp:399) to 'sqrt_fixed<32, 16>' [407]  (1.46 ns)

 <State 726>: 1.46ns
The critical path consists of the following:
	'call' operation ('norm.V', backprop.cpp:399) to 'sqrt_fixed<32, 16>' [407]  (1.46 ns)

 <State 727>: 1.46ns
The critical path consists of the following:
	'call' operation ('norm.V', backprop.cpp:399) to 'sqrt_fixed<32, 16>' [407]  (1.46 ns)

 <State 728>: 1.46ns
The critical path consists of the following:
	'call' operation ('norm.V', backprop.cpp:399) to 'sqrt_fixed<32, 16>' [407]  (1.46 ns)

 <State 729>: 1.46ns
The critical path consists of the following:
	'call' operation ('norm.V', backprop.cpp:399) to 'sqrt_fixed<32, 16>' [407]  (1.46 ns)

 <State 730>: 1.46ns
The critical path consists of the following:
	'call' operation ('norm.V', backprop.cpp:399) to 'sqrt_fixed<32, 16>' [407]  (1.46 ns)

 <State 731>: 1.46ns
The critical path consists of the following:
	'call' operation ('norm.V', backprop.cpp:399) to 'sqrt_fixed<32, 16>' [407]  (1.46 ns)

 <State 732>: 1.46ns
The critical path consists of the following:
	'call' operation ('norm.V', backprop.cpp:399) to 'sqrt_fixed<32, 16>' [407]  (1.46 ns)

 <State 733>: 1.46ns
The critical path consists of the following:
	'call' operation ('norm.V', backprop.cpp:399) to 'sqrt_fixed<32, 16>' [407]  (1.46 ns)

 <State 734>: 1.46ns
The critical path consists of the following:
	'call' operation ('norm.V', backprop.cpp:399) to 'sqrt_fixed<32, 16>' [407]  (1.46 ns)

 <State 735>: 1.46ns
The critical path consists of the following:
	'call' operation ('norm.V', backprop.cpp:399) to 'sqrt_fixed<32, 16>' [407]  (1.46 ns)

 <State 736>: 1.46ns
The critical path consists of the following:
	'call' operation ('norm.V', backprop.cpp:399) to 'sqrt_fixed<32, 16>' [407]  (1.46 ns)

 <State 737>: 1.46ns
The critical path consists of the following:
	'call' operation ('norm.V', backprop.cpp:399) to 'sqrt_fixed<32, 16>' [407]  (1.46 ns)

 <State 738>: 1.46ns
The critical path consists of the following:
	'call' operation ('norm.V', backprop.cpp:399) to 'sqrt_fixed<32, 16>' [407]  (1.46 ns)

 <State 739>: 1.46ns
The critical path consists of the following:
	'call' operation ('norm.V', backprop.cpp:399) to 'sqrt_fixed<32, 16>' [407]  (1.46 ns)

 <State 740>: 1.46ns
The critical path consists of the following:
	'call' operation ('norm.V', backprop.cpp:399) to 'sqrt_fixed<32, 16>' [407]  (1.46 ns)

 <State 741>: 1.46ns
The critical path consists of the following:
	'call' operation ('norm.V', backprop.cpp:399) to 'sqrt_fixed<32, 16>' [407]  (1.46 ns)

 <State 742>: 1.46ns
The critical path consists of the following:
	'call' operation ('norm.V', backprop.cpp:399) to 'sqrt_fixed<32, 16>' [407]  (1.46 ns)

 <State 743>: 1.46ns
The critical path consists of the following:
	'call' operation ('norm.V', backprop.cpp:399) to 'sqrt_fixed<32, 16>' [407]  (1.46 ns)

 <State 744>: 1.46ns
The critical path consists of the following:
	'call' operation ('norm.V', backprop.cpp:399) to 'sqrt_fixed<32, 16>' [407]  (1.46 ns)

 <State 745>: 1.46ns
The critical path consists of the following:
	'call' operation ('norm.V', backprop.cpp:399) to 'sqrt_fixed<32, 16>' [407]  (1.46 ns)

 <State 746>: 1.46ns
The critical path consists of the following:
	'call' operation ('norm.V', backprop.cpp:399) to 'sqrt_fixed<32, 16>' [407]  (1.46 ns)

 <State 747>: 1.46ns
The critical path consists of the following:
	'call' operation ('norm.V', backprop.cpp:399) to 'sqrt_fixed<32, 16>' [407]  (1.46 ns)

 <State 748>: 1.46ns
The critical path consists of the following:
	'call' operation ('norm.V', backprop.cpp:399) to 'sqrt_fixed<32, 16>' [407]  (1.46 ns)

 <State 749>: 1.46ns
The critical path consists of the following:
	'call' operation ('norm.V', backprop.cpp:399) to 'sqrt_fixed<32, 16>' [407]  (1.46 ns)

 <State 750>: 1.46ns
The critical path consists of the following:
	'call' operation ('norm.V', backprop.cpp:399) to 'sqrt_fixed<32, 16>' [407]  (1.46 ns)

 <State 751>: 1.46ns
The critical path consists of the following:
	'call' operation ('norm.V', backprop.cpp:399) to 'sqrt_fixed<32, 16>' [407]  (1.46 ns)

 <State 752>: 1.46ns
The critical path consists of the following:
	'call' operation ('norm.V', backprop.cpp:399) to 'sqrt_fixed<32, 16>' [407]  (1.46 ns)

 <State 753>: 1.46ns
The critical path consists of the following:
	'call' operation ('norm.V', backprop.cpp:399) to 'sqrt_fixed<32, 16>' [407]  (1.46 ns)

 <State 754>: 1.46ns
The critical path consists of the following:
	'call' operation ('norm.V', backprop.cpp:399) to 'sqrt_fixed<32, 16>' [407]  (1.46 ns)

 <State 755>: 1.46ns
The critical path consists of the following:
	multiplexor before 'phi' operation ('indvar_flatten34', backprop.cpp:402) with incoming values : ('add_ln402', backprop.cpp:402) [412]  (1.46 ns)

 <State 756>: 1.94ns
The critical path consists of the following:
	'phi' operation ('indvar_flatten34', backprop.cpp:402) with incoming values : ('add_ln402', backprop.cpp:402) [412]  (0 ns)
	'add' operation ('add_ln402', backprop.cpp:402) [415]  (1.94 ns)

 <State 757>: 1.94ns
The critical path consists of the following:
	'add' operation ('add_ln402', backprop.cpp:402) [415]  (1.94 ns)

 <State 758>: 1.94ns
The critical path consists of the following:
	'sub' operation ('sub_ln404_1', backprop.cpp:404) [432]  (1.94 ns)

 <State 759>: 1.94ns
The critical path consists of the following:
	'sub' operation ('sub_ln404_1', backprop.cpp:404) [432]  (1.94 ns)

 <State 760>: 1.86ns
The critical path consists of the following:
	'add' operation ('add_ln403', backprop.cpp:403) [446]  (1.86 ns)

 <State 761>: 1.94ns
The critical path consists of the following:
	'add' operation ('add_ln727') [438]  (1.94 ns)

 <State 762>: 1.94ns
The critical path consists of the following:
	'add' operation ('add_ln727') [438]  (1.94 ns)

 <State 763>: 1.68ns
The critical path consists of the following:
	'load' operation ('weights3_load') on array 'weights3' [441]  (1.68 ns)

 <State 764>: 1.68ns
The critical path consists of the following:
	'load' operation ('weights3_load') on array 'weights3' [441]  (1.68 ns)

 <State 765>: 1.68ns
The critical path consists of the following:
	'load' operation ('weights3_load') on array 'weights3' [441]  (1.68 ns)

 <State 766>: 1.68ns
The critical path consists of the following:
	'load' operation ('weights3_load') on array 'weights3' [441]  (1.68 ns)

 <State 767>: 4.76ns
The critical path consists of the following:
	'sdiv' operation ('sdiv_ln1148_5') [443]  (4.76 ns)

 <State 768>: 4.76ns
The critical path consists of the following:
	'sdiv' operation ('sdiv_ln1148_5') [443]  (4.76 ns)

 <State 769>: 4.76ns
The critical path consists of the following:
	'sdiv' operation ('sdiv_ln1148_5') [443]  (4.76 ns)

 <State 770>: 4.76ns
The critical path consists of the following:
	'sdiv' operation ('sdiv_ln1148_5') [443]  (4.76 ns)

 <State 771>: 4.76ns
The critical path consists of the following:
	'sdiv' operation ('sdiv_ln1148_5') [443]  (4.76 ns)

 <State 772>: 4.76ns
The critical path consists of the following:
	'sdiv' operation ('sdiv_ln1148_5') [443]  (4.76 ns)

 <State 773>: 4.76ns
The critical path consists of the following:
	'sdiv' operation ('sdiv_ln1148_5') [443]  (4.76 ns)

 <State 774>: 4.76ns
The critical path consists of the following:
	'sdiv' operation ('sdiv_ln1148_5') [443]  (4.76 ns)

 <State 775>: 4.76ns
The critical path consists of the following:
	'sdiv' operation ('sdiv_ln1148_5') [443]  (4.76 ns)

 <State 776>: 4.76ns
The critical path consists of the following:
	'sdiv' operation ('sdiv_ln1148_5') [443]  (4.76 ns)

 <State 777>: 4.76ns
The critical path consists of the following:
	'sdiv' operation ('sdiv_ln1148_5') [443]  (4.76 ns)

 <State 778>: 4.76ns
The critical path consists of the following:
	'sdiv' operation ('sdiv_ln1148_5') [443]  (4.76 ns)

 <State 779>: 4.76ns
The critical path consists of the following:
	'sdiv' operation ('sdiv_ln1148_5') [443]  (4.76 ns)

 <State 780>: 4.76ns
The critical path consists of the following:
	'sdiv' operation ('sdiv_ln1148_5') [443]  (4.76 ns)

 <State 781>: 4.76ns
The critical path consists of the following:
	'sdiv' operation ('sdiv_ln1148_5') [443]  (4.76 ns)

 <State 782>: 4.76ns
The critical path consists of the following:
	'sdiv' operation ('sdiv_ln1148_5') [443]  (4.76 ns)

 <State 783>: 4.76ns
The critical path consists of the following:
	'sdiv' operation ('sdiv_ln1148_5') [443]  (4.76 ns)

 <State 784>: 4.76ns
The critical path consists of the following:
	'sdiv' operation ('sdiv_ln1148_5') [443]  (4.76 ns)

 <State 785>: 4.76ns
The critical path consists of the following:
	'sdiv' operation ('sdiv_ln1148_5') [443]  (4.76 ns)

 <State 786>: 4.76ns
The critical path consists of the following:
	'sdiv' operation ('sdiv_ln1148_5') [443]  (4.76 ns)

 <State 787>: 4.76ns
The critical path consists of the following:
	'sdiv' operation ('sdiv_ln1148_5') [443]  (4.76 ns)

 <State 788>: 4.76ns
The critical path consists of the following:
	'sdiv' operation ('sdiv_ln1148_5') [443]  (4.76 ns)

 <State 789>: 4.76ns
The critical path consists of the following:
	'sdiv' operation ('sdiv_ln1148_5') [443]  (4.76 ns)

 <State 790>: 4.76ns
The critical path consists of the following:
	'sdiv' operation ('sdiv_ln1148_5') [443]  (4.76 ns)

 <State 791>: 4.76ns
The critical path consists of the following:
	'sdiv' operation ('sdiv_ln1148_5') [443]  (4.76 ns)

 <State 792>: 4.76ns
The critical path consists of the following:
	'sdiv' operation ('sdiv_ln1148_5') [443]  (4.76 ns)

 <State 793>: 4.76ns
The critical path consists of the following:
	'sdiv' operation ('sdiv_ln1148_5') [443]  (4.76 ns)

 <State 794>: 4.76ns
The critical path consists of the following:
	'sdiv' operation ('sdiv_ln1148_5') [443]  (4.76 ns)

 <State 795>: 4.76ns
The critical path consists of the following:
	'sdiv' operation ('sdiv_ln1148_5') [443]  (4.76 ns)

 <State 796>: 4.76ns
The critical path consists of the following:
	'sdiv' operation ('sdiv_ln1148_5') [443]  (4.76 ns)

 <State 797>: 4.76ns
The critical path consists of the following:
	'sdiv' operation ('sdiv_ln1148_5') [443]  (4.76 ns)

 <State 798>: 4.76ns
The critical path consists of the following:
	'sdiv' operation ('sdiv_ln1148_5') [443]  (4.76 ns)

 <State 799>: 4.76ns
The critical path consists of the following:
	'sdiv' operation ('sdiv_ln1148_5') [443]  (4.76 ns)

 <State 800>: 4.76ns
The critical path consists of the following:
	'sdiv' operation ('sdiv_ln1148_5') [443]  (4.76 ns)

 <State 801>: 4.76ns
The critical path consists of the following:
	'sdiv' operation ('sdiv_ln1148_5') [443]  (4.76 ns)

 <State 802>: 4.76ns
The critical path consists of the following:
	'sdiv' operation ('sdiv_ln1148_5') [443]  (4.76 ns)

 <State 803>: 4.76ns
The critical path consists of the following:
	'sdiv' operation ('sdiv_ln1148_5') [443]  (4.76 ns)

 <State 804>: 4.76ns
The critical path consists of the following:
	'sdiv' operation ('sdiv_ln1148_5') [443]  (4.76 ns)

 <State 805>: 4.76ns
The critical path consists of the following:
	'sdiv' operation ('sdiv_ln1148_5') [443]  (4.76 ns)

 <State 806>: 4.76ns
The critical path consists of the following:
	'sdiv' operation ('sdiv_ln1148_5') [443]  (4.76 ns)

 <State 807>: 4.76ns
The critical path consists of the following:
	'sdiv' operation ('sdiv_ln1148_5') [443]  (4.76 ns)

 <State 808>: 4.76ns
The critical path consists of the following:
	'sdiv' operation ('sdiv_ln1148_5') [443]  (4.76 ns)

 <State 809>: 4.76ns
The critical path consists of the following:
	'sdiv' operation ('sdiv_ln1148_5') [443]  (4.76 ns)

 <State 810>: 4.76ns
The critical path consists of the following:
	'sdiv' operation ('sdiv_ln1148_5') [443]  (4.76 ns)

 <State 811>: 4.76ns
The critical path consists of the following:
	'sdiv' operation ('sdiv_ln1148_5') [443]  (4.76 ns)

 <State 812>: 4.76ns
The critical path consists of the following:
	'sdiv' operation ('sdiv_ln1148_5') [443]  (4.76 ns)

 <State 813>: 4.76ns
The critical path consists of the following:
	'sdiv' operation ('sdiv_ln1148_5') [443]  (4.76 ns)

 <State 814>: 4.76ns
The critical path consists of the following:
	'sdiv' operation ('sdiv_ln1148_5') [443]  (4.76 ns)

 <State 815>: 4.76ns
The critical path consists of the following:
	'sdiv' operation ('sdiv_ln1148_5') [443]  (4.76 ns)

 <State 816>: 4.76ns
The critical path consists of the following:
	'sdiv' operation ('sdiv_ln1148_5') [443]  (4.76 ns)

 <State 817>: 4.76ns
The critical path consists of the following:
	'sdiv' operation ('sdiv_ln1148_5') [443]  (4.76 ns)

 <State 818>: 4.76ns
The critical path consists of the following:
	'sdiv' operation ('sdiv_ln1148_5') [443]  (4.76 ns)

 <State 819>: 1.68ns
The critical path consists of the following:
	'store' operation ('store_ln404', backprop.cpp:404) of variable 'trunc_ln703_4' on array 'weights3' [445]  (1.68 ns)

 <State 820>: 1.68ns
The critical path consists of the following:
	'store' operation ('store_ln404', backprop.cpp:404) of variable 'trunc_ln703_4' on array 'weights3' [445]  (1.68 ns)

 <State 821>: 1.46ns
The critical path consists of the following:
	multiplexor before 'phi' operation ('i', backprop.cpp:407) with incoming values : ('add_ln407', backprop.cpp:407) [452]  (1.46 ns)

 <State 822>: 1.87ns
The critical path consists of the following:
	'phi' operation ('i', backprop.cpp:407) with incoming values : ('add_ln407', backprop.cpp:407) [452]  (0 ns)
	'getelementptr' operation ('biases3_addr_1') [461]  (0 ns)
	'load' operation ('biases3_load') on array 'biases3' [462]  (1.87 ns)

 <State 823>: 1.87ns
The critical path consists of the following:
	'load' operation ('biases3_load') on array 'biases3' [462]  (1.87 ns)

 <State 824>: 1.87ns
The critical path consists of the following:
	'load' operation ('biases3_load') on array 'biases3' [462]  (1.87 ns)

 <State 825>: 1.87ns
The critical path consists of the following:
	'load' operation ('biases3_load') on array 'biases3' [462]  (1.87 ns)

 <State 826>: 4.76ns
The critical path consists of the following:
	'sdiv' operation ('sdiv_ln1148_4') [464]  (4.76 ns)

 <State 827>: 4.76ns
The critical path consists of the following:
	'sdiv' operation ('sdiv_ln1148_4') [464]  (4.76 ns)

 <State 828>: 4.76ns
The critical path consists of the following:
	'sdiv' operation ('sdiv_ln1148_4') [464]  (4.76 ns)

 <State 829>: 4.76ns
The critical path consists of the following:
	'sdiv' operation ('sdiv_ln1148_4') [464]  (4.76 ns)

 <State 830>: 4.76ns
The critical path consists of the following:
	'sdiv' operation ('sdiv_ln1148_4') [464]  (4.76 ns)

 <State 831>: 4.76ns
The critical path consists of the following:
	'sdiv' operation ('sdiv_ln1148_4') [464]  (4.76 ns)

 <State 832>: 4.76ns
The critical path consists of the following:
	'sdiv' operation ('sdiv_ln1148_4') [464]  (4.76 ns)

 <State 833>: 4.76ns
The critical path consists of the following:
	'sdiv' operation ('sdiv_ln1148_4') [464]  (4.76 ns)

 <State 834>: 4.76ns
The critical path consists of the following:
	'sdiv' operation ('sdiv_ln1148_4') [464]  (4.76 ns)

 <State 835>: 4.76ns
The critical path consists of the following:
	'sdiv' operation ('sdiv_ln1148_4') [464]  (4.76 ns)

 <State 836>: 4.76ns
The critical path consists of the following:
	'sdiv' operation ('sdiv_ln1148_4') [464]  (4.76 ns)

 <State 837>: 4.76ns
The critical path consists of the following:
	'sdiv' operation ('sdiv_ln1148_4') [464]  (4.76 ns)

 <State 838>: 4.76ns
The critical path consists of the following:
	'sdiv' operation ('sdiv_ln1148_4') [464]  (4.76 ns)

 <State 839>: 4.76ns
The critical path consists of the following:
	'sdiv' operation ('sdiv_ln1148_4') [464]  (4.76 ns)

 <State 840>: 4.76ns
The critical path consists of the following:
	'sdiv' operation ('sdiv_ln1148_4') [464]  (4.76 ns)

 <State 841>: 4.76ns
The critical path consists of the following:
	'sdiv' operation ('sdiv_ln1148_4') [464]  (4.76 ns)

 <State 842>: 4.76ns
The critical path consists of the following:
	'sdiv' operation ('sdiv_ln1148_4') [464]  (4.76 ns)

 <State 843>: 4.76ns
The critical path consists of the following:
	'sdiv' operation ('sdiv_ln1148_4') [464]  (4.76 ns)

 <State 844>: 4.76ns
The critical path consists of the following:
	'sdiv' operation ('sdiv_ln1148_4') [464]  (4.76 ns)

 <State 845>: 4.76ns
The critical path consists of the following:
	'sdiv' operation ('sdiv_ln1148_4') [464]  (4.76 ns)

 <State 846>: 4.76ns
The critical path consists of the following:
	'sdiv' operation ('sdiv_ln1148_4') [464]  (4.76 ns)

 <State 847>: 4.76ns
The critical path consists of the following:
	'sdiv' operation ('sdiv_ln1148_4') [464]  (4.76 ns)

 <State 848>: 4.76ns
The critical path consists of the following:
	'sdiv' operation ('sdiv_ln1148_4') [464]  (4.76 ns)

 <State 849>: 4.76ns
The critical path consists of the following:
	'sdiv' operation ('sdiv_ln1148_4') [464]  (4.76 ns)

 <State 850>: 4.76ns
The critical path consists of the following:
	'sdiv' operation ('sdiv_ln1148_4') [464]  (4.76 ns)

 <State 851>: 4.76ns
The critical path consists of the following:
	'sdiv' operation ('sdiv_ln1148_4') [464]  (4.76 ns)

 <State 852>: 4.76ns
The critical path consists of the following:
	'sdiv' operation ('sdiv_ln1148_4') [464]  (4.76 ns)

 <State 853>: 4.76ns
The critical path consists of the following:
	'sdiv' operation ('sdiv_ln1148_4') [464]  (4.76 ns)

 <State 854>: 4.76ns
The critical path consists of the following:
	'sdiv' operation ('sdiv_ln1148_4') [464]  (4.76 ns)

 <State 855>: 4.76ns
The critical path consists of the following:
	'sdiv' operation ('sdiv_ln1148_4') [464]  (4.76 ns)

 <State 856>: 4.76ns
The critical path consists of the following:
	'sdiv' operation ('sdiv_ln1148_4') [464]  (4.76 ns)

 <State 857>: 4.76ns
The critical path consists of the following:
	'sdiv' operation ('sdiv_ln1148_4') [464]  (4.76 ns)

 <State 858>: 4.76ns
The critical path consists of the following:
	'sdiv' operation ('sdiv_ln1148_4') [464]  (4.76 ns)

 <State 859>: 4.76ns
The critical path consists of the following:
	'sdiv' operation ('sdiv_ln1148_4') [464]  (4.76 ns)

 <State 860>: 4.76ns
The critical path consists of the following:
	'sdiv' operation ('sdiv_ln1148_4') [464]  (4.76 ns)

 <State 861>: 4.76ns
The critical path consists of the following:
	'sdiv' operation ('sdiv_ln1148_4') [464]  (4.76 ns)

 <State 862>: 4.76ns
The critical path consists of the following:
	'sdiv' operation ('sdiv_ln1148_4') [464]  (4.76 ns)

 <State 863>: 4.76ns
The critical path consists of the following:
	'sdiv' operation ('sdiv_ln1148_4') [464]  (4.76 ns)

 <State 864>: 4.76ns
The critical path consists of the following:
	'sdiv' operation ('sdiv_ln1148_4') [464]  (4.76 ns)

 <State 865>: 4.76ns
The critical path consists of the following:
	'sdiv' operation ('sdiv_ln1148_4') [464]  (4.76 ns)

 <State 866>: 4.76ns
The critical path consists of the following:
	'sdiv' operation ('sdiv_ln1148_4') [464]  (4.76 ns)

 <State 867>: 4.76ns
The critical path consists of the following:
	'sdiv' operation ('sdiv_ln1148_4') [464]  (4.76 ns)

 <State 868>: 4.76ns
The critical path consists of the following:
	'sdiv' operation ('sdiv_ln1148_4') [464]  (4.76 ns)

 <State 869>: 4.76ns
The critical path consists of the following:
	'sdiv' operation ('sdiv_ln1148_4') [464]  (4.76 ns)

 <State 870>: 4.76ns
The critical path consists of the following:
	'sdiv' operation ('sdiv_ln1148_4') [464]  (4.76 ns)

 <State 871>: 4.76ns
The critical path consists of the following:
	'sdiv' operation ('sdiv_ln1148_4') [464]  (4.76 ns)

 <State 872>: 4.76ns
The critical path consists of the following:
	'sdiv' operation ('sdiv_ln1148_4') [464]  (4.76 ns)

 <State 873>: 4.76ns
The critical path consists of the following:
	'sdiv' operation ('sdiv_ln1148_4') [464]  (4.76 ns)

 <State 874>: 4.76ns
The critical path consists of the following:
	'sdiv' operation ('sdiv_ln1148_4') [464]  (4.76 ns)

 <State 875>: 4.76ns
The critical path consists of the following:
	'sdiv' operation ('sdiv_ln1148_4') [464]  (4.76 ns)

 <State 876>: 4.76ns
The critical path consists of the following:
	'sdiv' operation ('sdiv_ln1148_4') [464]  (4.76 ns)

 <State 877>: 4.76ns
The critical path consists of the following:
	'sdiv' operation ('sdiv_ln1148_4') [464]  (4.76 ns)

 <State 878>: 1.87ns
The critical path consists of the following:
	'store' operation ('store_ln408', backprop.cpp:408) of variable 'trunc_ln703_5' on array 'biases3' [466]  (1.87 ns)

 <State 879>: 1.87ns
The critical path consists of the following:
	'store' operation ('store_ln408', backprop.cpp:408) of variable 'trunc_ln703_5' on array 'biases3' [466]  (1.87 ns)

 <State 880>: 0ns
The critical path consists of the following:


============================================================
+ Verbose Summary: Binding
============================================================
N/A
* FSMD analyzer results:
  - Output states:
 - Input state : 
  - Chain level:
	State 1
	State 2
	State 3
	State 4
	State 5
	State 6
	State 7
	State 8
	State 9
	State 10
	State 11
	State 12
	State 13
	State 14
	State 15
	State 16
	State 17
	State 18
	State 19
	State 20
	State 21
	State 22
	State 23
	State 24
	State 25
	State 26
	State 27
	State 28
	State 29
	State 30
	State 31
	State 32
	State 33
	State 34
	State 35
	State 36
	State 37
	State 38
	State 39
	State 40
	State 41
	State 42
	State 43
	State 44
	State 45
	State 46
	State 47
	State 48
	State 49
	State 50
	State 51
	State 52
	State 53
	State 54
	State 55
	State 56
	State 57
	State 58
	State 59
	State 60
	State 61
	State 62
	State 63
	State 64
	State 65
	State 66
	State 67
	State 68
	State 69
	State 70
	State 71
	State 72
	State 73
	State 74
	State 75
	State 76
	State 77
	State 78
	State 79
	State 80
	State 81
	State 82
	State 83
	State 84
	State 85
	State 86
	State 87
	State 88
	State 89
	State 90
	State 91
	State 92
	State 93
	State 94
	State 95
	State 96
	State 97
	State 98
	State 99
	State 100
	State 101
	State 102
	State 103
	State 104
	State 105
	State 106
	State 107
	State 108
	State 109
	State 110
	State 111
	State 112
	State 113
	State 114
	State 115
	State 116
	State 117
	State 118
	State 119
	State 120
	State 121
	State 122
	State 123
	State 124
	State 125
	State 126
	State 127
	State 128
	State 129
	State 130
	State 131
	State 132
	State 133
	State 134
	State 135
	State 136
	State 137
	State 138
	State 139
	State 140
	State 141
	State 142
	State 143
	State 144
	State 145
	State 146
	State 147
	State 148
	State 149
	State 150
	State 151
	State 152
	State 153
	State 154
	State 155
	State 156
	State 157
	State 158
	State 159
	State 160
	State 161
	State 162
	State 163
	State 164
	State 165
	State 166
	State 167
	State 168
	State 169
	State 170
	State 171
	State 172
	State 173
	State 174
	State 175
	State 176
	State 177
	State 178
	State 179
	State 180
	State 181
	State 182
	State 183
	State 184
	State 185
	State 186
	State 187
	State 188
	State 189
	State 190
	State 191
	State 192
	State 193
	State 194
	State 195
	State 196
	State 197
	State 198
	State 199
	State 200
	State 201
	State 202
	State 203
	State 204
	State 205
	State 206
	State 207
	State 208
	State 209
	State 210
	State 211
	State 212
	State 213
	State 214
	State 215
	State 216
	State 217
	State 218
	State 219
	State 220
	State 221
	State 222
	State 223
	State 224
	State 225
	State 226
	State 227
	State 228
	State 229
	State 230
	State 231
	State 232
	State 233
	State 234
	State 235
	State 236
	State 237
	State 238
	State 239
	State 240
	State 241
	State 242
	State 243
	State 244
	State 245
	State 246
	State 247
	State 248
	State 249
	State 250
	State 251
	State 252
	State 253
	State 254
	State 255
	State 256
	State 257
	State 258
	State 259
	State 260
	State 261
	State 262
	State 263
	State 264
	State 265
	State 266
	State 267
	State 268
	State 269
	State 270
	State 271
	State 272
	State 273
	State 274
	State 275
	State 276
	State 277
	State 278
	State 279
	State 280
	State 281
	State 282
	State 283
	State 284
	State 285
	State 286
	State 287
	State 288
	State 289
	State 290
	State 291
	State 292
	State 293
	State 294
	State 295
	State 296
	State 297
	State 298
	State 299
	State 300
	State 301
	State 302
	State 303
	State 304
	State 305
	State 306
	State 307
	State 308
	State 309
	State 310
	State 311
	State 312
	State 313
	State 314
	State 315
	State 316
	State 317
	State 318
	State 319
	State 320
	State 321
	State 322
	State 323
	State 324
	State 325
	State 326
	State 327
	State 328
	State 329
	State 330
	State 331
	State 332
	State 333
	State 334
	State 335
	State 336
	State 337
	State 338
	State 339
	State 340
	State 341
	State 342
	State 343
	State 344
	State 345
	State 346
	State 347
	State 348
	State 349
	State 350
	State 351
	State 352
	State 353
	State 354
	State 355
	State 356
	State 357
	State 358
	State 359
	State 360
	State 361
	State 362
	State 363
	State 364
	State 365
	State 366
	State 367
	State 368
	State 369
	State 370
	State 371
	State 372
	State 373
	State 374
	State 375
	State 376
	State 377
	State 378
	State 379
	State 380
	State 381
	State 382
	State 383
	State 384
	State 385
	State 386
	State 387
	State 388
	State 389
	State 390
	State 391
	State 392
	State 393
	State 394
	State 395
	State 396
	State 397
	State 398
	State 399
	State 400
	State 401
	State 402
	State 403
	State 404
	State 405
	State 406
	State 407
	State 408
	State 409
	State 410
	State 411
	State 412
	State 413
	State 414
	State 415
	State 416
	State 417
	State 418
	State 419
	State 420
	State 421
	State 422
	State 423
	State 424
	State 425
	State 426
	State 427
	State 428
	State 429
	State 430
	State 431
	State 432
	State 433
	State 434
	State 435
	State 436
	State 437
	State 438
	State 439
	State 440
	State 441
	State 442
	State 443
	State 444
	State 445
	State 446
	State 447
	State 448
	State 449
	State 450
	State 451
	State 452
	State 453
	State 454
	State 455
	State 456
	State 457
	State 458
	State 459
	State 460
	State 461
	State 462
	State 463
	State 464
	State 465
	State 466
	State 467
	State 468
	State 469
	State 470
	State 471
	State 472
	State 473
	State 474
	State 475
	State 476
	State 477
	State 478
	State 479
	State 480
	State 481
	State 482
	State 483
	State 484
	State 485
	State 486
	State 487
	State 488
	State 489
	State 490
	State 491
	State 492
	State 493
	State 494
	State 495
	State 496
	State 497
	State 498
	State 499
	State 500
	State 501
	State 502
	State 503
	State 504
	State 505
	State 506
	State 507
	State 508
	State 509
	State 510
	State 511
	State 512
	State 513
	State 514
	State 515
	State 516
	State 517
	State 518
	State 519
	State 520
	State 521
	State 522
	State 523
	State 524
	State 525
	State 526
	State 527
	State 528
	State 529
	State 530
	State 531
	State 532
	State 533
	State 534
	State 535
	State 536
	State 537
	State 538
	State 539
	State 540
	State 541
	State 542
	State 543
	State 544
	State 545
	State 546
	State 547
	State 548
	State 549
	State 550
	State 551
	State 552
	State 553
	State 554
	State 555
	State 556
	State 557
	State 558
	State 559
	State 560
	State 561
	State 562
	State 563
	State 564
	State 565
	State 566
	State 567
	State 568
	State 569
	State 570
	State 571
	State 572
	State 573
	State 574
	State 575
	State 576
	State 577
	State 578
	State 579
	State 580
	State 581
	State 582
	State 583
	State 584
	State 585
	State 586
	State 587
	State 588
	State 589
	State 590
	State 591
	State 592
	State 593
	State 594
	State 595
	State 596
	State 597
	State 598
	State 599
	State 600
	State 601
	State 602
	State 603
	State 604
	State 605
	State 606
	State 607
	State 608
	State 609
	State 610
	State 611
	State 612
	State 613
	State 614
	State 615
	State 616
	State 617
	State 618
	State 619
	State 620
	State 621
	State 622
	State 623
	State 624
	State 625
	State 626
	State 627
	State 628
	State 629
	State 630
	State 631
	State 632
	State 633
	State 634
	State 635
	State 636
	State 637
	State 638
	State 639
	State 640
	State 641
	State 642
	State 643
	State 644
	State 645
	State 646
	State 647
	State 648
	State 649
	State 650
	State 651
	State 652
	State 653
	State 654
	State 655
	State 656
	State 657
	State 658
	State 659
	State 660
	State 661
	State 662
	State 663
	State 664
	State 665
	State 666
	State 667
	State 668
	State 669
	State 670
	State 671
	State 672
	State 673
	State 674
	State 675
	State 676
	State 677
	State 678
	State 679
	State 680
	State 681
	State 682
	State 683
	State 684
	State 685
	State 686
	State 687
	State 688
	State 689
	State 690
	State 691
	State 692
	State 693
	State 694
	State 695
	State 696
	State 697
	State 698
	State 699
	State 700
	State 701
	State 702
	State 703
	State 704
	State 705
	State 706
	State 707
	State 708
	State 709
	State 710
	State 711
	State 712
	State 713
	State 714
	State 715
	State 716
	State 717
	State 718
	State 719
	State 720
	State 721
	State 722
	State 723
	State 724
	State 725
	State 726
	State 727
	State 728
	State 729
	State 730
	State 731
	State 732
	State 733
	State 734
	State 735
	State 736
	State 737
	State 738
	State 739
	State 740
	State 741
	State 742
	State 743
	State 744
	State 745
	State 746
	State 747
	State 748
	State 749
	State 750
	State 751
	State 752
	State 753
	State 754
	State 755
	State 756
	State 757
	State 758
	State 759
	State 760
	State 761
	State 762
	State 763
	State 764
	State 765
	State 766
	State 767
	State 768
	State 769
	State 770
	State 771
	State 772
	State 773
	State 774
	State 775
	State 776
	State 777
	State 778
	State 779
	State 780
	State 781
	State 782
	State 783
	State 784
	State 785
	State 786
	State 787
	State 788
	State 789
	State 790
	State 791
	State 792
	State 793
	State 794
	State 795
	State 796
	State 797
	State 798
	State 799
	State 800
	State 801
	State 802
	State 803
	State 804
	State 805
	State 806
	State 807
	State 808
	State 809
	State 810
	State 811
	State 812
	State 813
	State 814
	State 815
	State 816
	State 817
	State 818
	State 819
	State 820
	State 821
	State 822
	State 823
	State 824
	State 825
	State 826
	State 827
	State 828
	State 829
	State 830
	State 831
	State 832
	State 833
	State 834
	State 835
	State 836
	State 837
	State 838
	State 839
	State 840
	State 841
	State 842
	State 843
	State 844
	State 845
	State 846
	State 847
	State 848
	State 849
	State 850
	State 851
	State 852
	State 853
	State 854
	State 855
	State 856
	State 857
	State 858
	State 859
	State 860
	State 861
	State 862
	State 863
	State 864
	State 865
	State 866
	State 867
	State 868
	State 869
	State 870
	State 871
	State 872
	State 873
	State 874
	State 875
	State 876
	State 877
	State 878
	State 879
	State 880


============================================================
+ Verbose Summary: Datapath Resource usage 
============================================================
N/A
